Evaluation,Objective,DataMSE,Penalty
0,0.000970105651632088,0.000970105651632088,0.0
1,0.000970105651632088,0.000970105651632088,0.0
2,0.0009678349101242292,0.0009678349101242292,0.0
3,0.0009714353895118826,0.0009714353895118826,0.0
4,0.000971783560948911,0.000971783560948911,0.0
5,0.0009679576587119142,0.0009679576587119142,0.0
6,0.0009713822710798244,0.0009713822710798244,0.0
7,0.0009715518153024661,0.0009715518153024661,0.0
8,0.000968742218077551,0.000968742218077551,0.0
9,0.0009709103849557943,0.0009709103849557943,0.0
10,0.0009709091886324591,0.0009709091886324591,0.0
11,0.0009683781513526252,0.0009683781513526252,0.0
12,0.0009707222048848588,0.0009707222048848588,0.0
13,0.0009716589285459339,0.0009716589285459339,0.0
14,0.0009689291055541794,0.0009689291055541794,0.0
15,0.0009707983707365001,0.0009707983707365001,0.0
16,0.0009706253636139737,0.0009706253636139737,0.0
17,0.000968126496541527,0.000968126496541527,0.0
18,0.0009706222203966926,0.0009706222203966926,0.0
19,0.0009719884584869429,0.0009719884584869429,0.0
20,0.0009681474884189849,0.0009681474884189849,0.0
21,0.0009689645030018402,0.0009689645030018402,0.0
22,0.0009681074512674425,0.0009681074512674425,0.0
23,0.0009679641454544891,0.0009679641454544891,0.0
24,0.0009673551193869451,0.0009673551193869451,0.0
25,0.0009656661495972416,0.0009656661495972416,0.0
26,0.0009667783277842785,0.0009667783277842785,0.0
27,0.0009666689751906352,0.0009666689751906352,0.0
28,0.0009661704313993143,0.0009661704313993143,0.0
29,0.0009657429646952161,0.0009657429646952161,0.0
30,0.0009653052080524902,0.0009653052080524902,0.0
31,0.0009628028703633093,0.0009628028703633093,0.0
32,0.0009642497707244052,0.0009642497707244052,0.0
33,0.0009638324374454005,0.0009638324374454005,0.0
34,0.0009635453943834772,0.0009635453943834772,0.0
35,0.0009655114484734279,0.0009655114484734279,0.0
36,0.0009639721986664094,0.0009639721986664094,0.0
37,0.0009638133149216417,0.0009638133149216417,0.0
38,0.0009633648441392813,0.0009633648441392813,0.0
39,0.0009630038752502329,0.0009630038752502329,0.0
40,0.0009625123744543946,0.0009625123744543946,0.0
41,0.0009599783789057333,0.0009599783789057333,0.0
42,0.0009620483256482749,0.0009620483256482749,0.0
43,0.0009614715444137521,0.0009614715444137521,0.0
44,0.0009607403574538488,0.0009607403574538488,0.0
45,0.0009602594689784869,0.0009602594689784869,0.0
46,0.0009603024808901722,0.0009603024808901722,0.0
47,0.000959561230020113,0.000959561230020113,0.0
48,0.0009564934804148826,0.0009564934804148826,0.0
49,0.0009593306408642999,0.0009593306408642999,0.0
50,0.0009587440904066225,0.0009587440904066225,0.0
51,0.0009577825904922018,0.0009577825904922018,0.0
52,0.0009578524900867475,0.0009578524900867475,0.0
53,0.0009579680621774968,0.0009579680621774968,0.0
54,0.0009573426618157689,0.0009573426618157689,0.0
55,0.0009569805941320512,0.0009569805941320512,0.0
56,0.0009562816712102821,0.0009562816712102821,0.0
57,0.0009531889390181474,0.0009531889390181474,0.0
58,0.0009554255151864386,0.0009554255151864386,0.0
59,0.0009547260891597498,0.0009547260891597498,0.0
60,0.0009539535786993326,0.0009539535786993326,0.0
61,0.0009534870647312846,0.0009534870647312846,0.0
62,0.0009531391606504704,0.0009531391606504704,0.0
63,0.0009493290718995806,0.0009493290718995806,0.0
64,0.0009526748593587904,0.0009526748593587904,0.0
65,0.0009524354811190832,0.0009524354811190832,0.0
66,0.0009517156588942755,0.0009517156588942755,0.0
67,0.0009509603223598902,0.0009509603223598902,0.0
68,0.0009503281433107479,0.0009503281433107479,0.0
69,0.0009496263417225518,0.0009496263417225518,0.0
70,0.0009490860027382077,0.0009490860027382077,0.0
71,0.0009447789755925101,0.0009447789755925101,0.0
72,0.0009483004006532056,0.0009483004006532056,0.0
73,0.0009491021159344246,0.0009491021159344246,0.0
74,0.0009483038164859582,0.0009483038164859582,0.0
75,0.0009465075229130746,0.0009465075229130746,0.0
76,0.0009454451722209404,0.0009454451722209404,0.0
77,0.000944977275943303,0.000944977275943303,0.0
78,0.000944352575837698,0.000944352575837698,0.0
79,0.0009395630028236179,0.0009395630028236179,0.0
80,0.0009434845058096164,0.0009434845058096164,0.0
81,0.0009431605048027909,0.0009431605048027909,0.0
82,0.0009428998075801139,0.0009428998075801139,0.0
83,0.0009425423201493413,0.0009425423201493413,0.0
84,0.0009414603367914793,0.0009414603367914793,0.0
85,0.0009404791217360967,0.0009404791217360967,0.0
86,0.000940522838824459,0.000940522838824459,0.0
87,0.0009393440203069444,0.0009393440203069444,0.0
88,0.0009350425817395775,0.0009350425817395775,0.0
89,0.000938394016548707,0.000938394016548707,0.0
90,0.0009384219709048505,0.0009384219709048505,0.0
91,0.0009395661290038002,0.0009395661290038002,0.0
92,0.0009361362373802708,0.0009361362373802708,0.0
93,0.0009350202088625848,0.0009350202088625848,0.0
94,0.0009299083271478392,0.0009299083271478392,0.0
95,0.0009348421146702604,0.0009348421146702604,0.0
96,0.0009336953232646439,0.0009336953232646439,0.0
97,0.0009336648766513293,0.0009336648766513293,0.0
98,0.0009338187317402699,0.0009338187317402699,0.0
99,0.0009337125358719281,0.0009337125358719281,0.0
100,0.0009332482375236504,0.0009332482375236504,0.0
101,0.0009319437243018538,0.0009319437243018538,0.0
102,0.0009306940252708048,0.0009306940252708048,0.0
103,0.0009300387178840881,0.0009300387178840881,0.0
104,0.0009317411484446131,0.0009317411484446131,0.0
105,0.0009291266355734728,0.0009291266355734728,0.0
106,0.0009265691936483917,0.0009265691936483917,0.0
107,0.0009289185143525287,0.0009289185143525287,0.0
108,0.0009281378191171602,0.0009281378191171602,0.0
109,0.0009285714355709035,0.0009285714355709035,0.0
110,0.0009275909770757349,0.0009275909770757349,0.0
111,0.0009268864815183238,0.0009268864815183238,0.0
112,0.0009296506871384617,0.0009296506871384617,0.0
113,0.000928935527113485,0.000928935527113485,0.0
114,0.0009267744097020609,0.0009267744097020609,0.0
115,0.0009252395355117409,0.0009252395355117409,0.0
116,0.0009227165131531071,0.0009227165131531071,0.0
117,0.0009251598115990382,0.0009251598115990382,0.0
118,0.0009333323406902561,0.0009333323406902561,0.0
119,0.0009367675013473801,0.0009367675013473801,0.0
120,0.0009299081198098932,0.0009299081198098932,0.0
121,0.0009332095492304402,0.0009332095492304402,0.0
122,0.0009226541384150277,0.0009226541384150277,0.0
123,0.0009204127407786722,0.0009204127407786722,0.0
124,0.0009361432898705098,0.0009361432898705098,0.0
125,0.0009293495752142161,0.0009293495752142161,0.0
126,0.0009244995169596982,0.0009244995169596982,0.0
127,0.0009244191799962746,0.0009244191799962746,0.0
128,0.0009253701376541473,0.0009253701376541473,0.0
129,0.0009279446285866232,0.0009279446285866232,0.0
130,0.0009530797274166717,0.0009530797274166717,0.0
131,0.0009264633517574447,0.0009264633517574447,0.0
132,0.000933409691619438,0.000933409691619438,0.0
133,0.0009271326650622132,0.0009271326650622132,0.0
134,0.000923385583237602,0.000923385583237602,0.0
135,0.0009337631634961844,0.0009337631634961844,0.0
136,0.0009266419345141244,0.0009266419345141244,0.0
137,0.0009229777417791615,0.0009229777417791615,0.0
138,0.0009237856301722048,0.0009237856301722048,0.0
139,0.0009227955964938735,0.0009227955964938735,0.0
140,0.0009224041235749798,0.0009224041235749798,0.0
141,0.0009249317521789505,0.0009249317521789505,0.0
142,0.0009208084348990051,0.0009208084348990051,0.0
143,0.0009225413978352886,0.0009225413978352886,0.0
144,0.0009223353421133166,0.0009223353421133166,0.0
145,0.0009210983468434413,0.0009210983468434413,0.0
146,0.0009249494661828462,0.0009249494661828462,0.0
147,0.000919219950145595,0.000919219950145595,0.0
148,0.0009289304440645085,0.0009289304440645085,0.0
149,0.0009515574687183672,0.0009515574687183672,0.0
150,0.0009235172648673931,0.0009235172648673931,0.0
151,0.0009200722304456078,0.0009200722304456078,0.0
152,0.0009194996997865532,0.0009194996997865532,0.0
153,0.0009238440704132807,0.0009238440704132807,0.0
154,0.0009313897497966005,0.0009313897497966005,0.0
155,0.0009224050562451466,0.0009224050562451466,0.0
156,0.0009212894158871415,0.0009212894158871415,0.0
157,0.000918577646312413,0.000918577646312413,0.0
158,0.0009193660847729326,0.0009193660847729326,0.0
159,0.0009241873703068593,0.0009241873703068593,0.0
160,0.0009218403123551838,0.0009218403123551838,0.0
161,0.000919878625005214,0.000919878625005214,0.0
162,0.000919417470322095,0.000919417470322095,0.0
163,0.0009237873180205605,0.0009237873180205605,0.0
164,0.0009216049586399812,0.0009216049586399812,0.0
165,0.0009204027951888086,0.0009204027951888086,0.0
166,0.0009193113465997002,0.0009193113465997002,0.0
167,0.0009210613403020153,0.0009210613403020153,0.0
168,0.0009197257597727453,0.0009197257597727453,0.0
169,0.0009216959979892449,0.0009216959979892449,0.0
170,0.0009205596283532421,0.0009205596283532421,0.0
171,0.0009175689689678204,0.0009175689689678204,0.0
172,0.0009171563609218665,0.0009171563609218665,0.0
173,0.0009216053978388832,0.0009216053978388832,0.0
174,0.0009208545797552531,0.0009208545797552531,0.0
175,0.0009225122792530505,0.0009225122792530505,0.0
176,0.000918855856765395,0.000918855856765395,0.0
177,0.0009200874127502893,0.0009200874127502893,0.0
178,0.0009225059328004382,0.0009225059328004382,0.0
179,0.0009195926188588894,0.0009195926188588894,0.0
180,0.0009171482935367163,0.0009171482935367163,0.0
181,0.0009171320416533305,0.0009171320416533305,0.0
182,0.0009205228054221631,0.0009205228054221631,0.0
183,0.0009203249503139491,0.0009203249503139491,0.0
184,0.0009217304254839205,0.0009217304254839205,0.0
185,0.0009191332403938361,0.0009191332403938361,0.0
186,0.0009190312558771952,0.0009190312558771952,0.0
187,0.0009217367004790766,0.0009217367004790766,0.0
188,0.0009188247823309376,0.0009188247823309376,0.0
189,0.0009198370190246665,0.0009198370190246665,0.0
190,0.0009178768106888397,0.0009178768106888397,0.0
191,0.0009204985167536176,0.0009204985167536176,0.0
192,0.0009182562990313933,0.0009182562990313933,0.0
193,0.0009200239282584753,0.0009200239282584753,0.0
194,0.0009180709626200116,0.0009180709626200116,0.0
195,0.0009207082453934607,0.0009207082453934607,0.0
196,0.0009187705274205499,0.0009187705274205499,0.0
197,0.0009171315092698206,0.0009171315092698206,0.0
198,0.000920075924459332,0.000920075924459332,0.0
199,0.000920131752571192,0.000920131752571192,0.0
200,0.0009184960725549966,0.0009184960725549966,0.0
201,0.000917737844613016,0.000917737844613016,0.0
202,0.0009193110012497361,0.0009193110012497361,0.0
203,0.000918291789146271,0.000918291789146271,0.0
204,0.0009176788023889305,0.0009176788023889305,0.0
205,0.0009158857162773359,0.0009158857162773359,0.0
206,0.0009148010815354324,0.0009148010815354324,0.0
207,0.0009185083885737105,0.0009185083885737105,0.0
208,0.0009166403280615232,0.0009166403280615232,0.0
209,0.0009167329725133108,0.0009167329725133108,0.0
210,0.00091748676176589,0.00091748676176589,0.0
211,0.0009167028540500658,0.0009167028540500658,0.0
212,0.0009153337955025051,0.0009153337955025051,0.0
213,0.0009158876447213357,0.0009158876447213357,0.0
214,0.0009150485478137161,0.0009150485478137161,0.0
215,0.0009190910868905255,0.0009190910868905255,0.0
216,0.0009169605731502265,0.0009169605731502265,0.0
217,0.0009157309844320101,0.0009157309844320101,0.0
218,0.0009150857912064991,0.0009150857912064991,0.0
219,0.0009150356972120622,0.0009150356972120622,0.0
220,0.0009149792787687415,0.0009149792787687415,0.0
221,0.0009193679585422095,0.0009193679585422095,0.0
222,0.0009164365016364489,0.0009164365016364489,0.0
223,0.0009159472754899519,0.0009159472754899519,0.0
224,0.0009140718042438242,0.0009140718042438242,0.0
225,0.0009136102464085971,0.0009136102464085971,0.0
226,0.0009153585236351136,0.0009153585236351136,0.0
227,0.0009144838257522292,0.0009144838257522292,0.0
228,0.0009144970975913279,0.0009144970975913279,0.0
229,0.0009140258118035655,0.0009140258118035655,0.0
230,0.0009140090131643438,0.0009140090131643438,0.0
231,0.0009136588887820911,0.0009136588887820911,0.0
232,0.0009133362775175308,0.0009133362775175308,0.0
233,0.0009141175914551608,0.0009141175914551608,0.0
234,0.0009128278319297005,0.0009128278319297005,0.0
235,0.000913720652994839,0.000913720652994839,0.0
236,0.0009129765020685712,0.0009129765020685712,0.0
237,0.0009153566458723645,0.0009153566458723645,0.0
238,0.0009127596605502807,0.0009127596605502807,0.0
239,0.0009130069916106328,0.0009130069916106328,0.0
240,0.0009130964180237841,0.0009130964180237841,0.0
241,0.000914278328006986,0.000914278328006986,0.0
242,0.0009151891138601766,0.0009151891138601766,0.0
243,0.000912678009474192,0.000912678009474192,0.0
244,0.0009131217792693513,0.0009131217792693513,0.0
245,0.000914896812371176,0.000914896812371176,0.0
246,0.0009124125876932057,0.0009124125876932057,0.0
247,0.0009129641786408629,0.0009129641786408629,0.0
248,0.0009121487928005293,0.0009121487928005293,0.0
249,0.0009124700404354336,0.0009124700404354336,0.0
250,0.0009125334087578216,0.0009125334087578216,0.0
251,0.0009129538563150997,0.0009129538563150997,0.0
252,0.0009136309567711205,0.0009136309567711205,0.0
253,0.0009129696880031784,0.0009129696880031784,0.0
254,0.0009130452321785694,0.0009130452321785694,0.0
255,0.0009122552278095935,0.0009122552278095935,0.0
256,0.0009125943577964511,0.0009125943577964511,0.0
257,0.0009125135698734134,0.0009125135698734134,0.0
258,0.0009126511348813154,0.0009126511348813154,0.0
259,0.0009120740221532814,0.0009120740221532814,0.0
260,0.0009140250806183669,0.0009140250806183669,0.0
261,0.0009147154469594746,0.0009147154469594746,0.0
262,0.0009126127617723343,0.0009126127617723343,0.0
263,0.0009116260770377795,0.0009116260770377795,0.0
264,0.0009125225449146991,0.0009125225449146991,0.0
265,0.0009114769909220595,0.0009114769909220595,0.0
266,0.0009124897048454993,0.0009124897048454993,0.0
267,0.000911843491354305,0.000911843491354305,0.0
268,0.000912351982639583,0.000912351982639583,0.0
269,0.0009123106251548177,0.0009123106251548177,0.0
270,0.0009124977299950546,0.0009124977299950546,0.0
271,0.0009128070185689717,0.0009128070185689717,0.0
272,0.0009117838923583252,0.0009117838923583252,0.0
273,0.0009125954923657057,0.0009125954923657057,0.0
274,0.0009114243336098458,0.0009114243336098458,0.0
275,0.0009123976942710315,0.0009123976942710315,0.0
276,0.0009115668907655395,0.0009115668907655395,0.0
277,0.0009120425064256652,0.0009120425064256652,0.0
278,0.0009112330723513707,0.0009112330723513707,0.0
279,0.0009135132506332933,0.0009135132506332933,0.0
280,0.0009120931314825245,0.0009120931314825245,0.0
281,0.0009123099695760073,0.0009123099695760073,0.0
282,0.0009122096128323634,0.0009122096128323634,0.0
283,0.0009123335952323967,0.0009123335952323967,0.0
284,0.0009128059978323303,0.0009128059978323303,0.0
285,0.0009115620604083931,0.0009115620604083931,0.0
286,0.0009118675471173422,0.0009118675471173422,0.0
287,0.0009115905125560603,0.0009115905125560603,0.0
288,0.0009123450056700142,0.0009123450056700142,0.0
289,0.0009116457357915405,0.0009116457357915405,0.0
290,0.0009118771434901044,0.0009118771434901044,0.0
291,0.0009128751105441689,0.0009128751105441689,0.0
292,0.0009114186787854324,0.0009114186787854324,0.0
293,0.0009111919794802455,0.0009111919794802455,0.0
294,0.0009157107568406864,0.0009157107568406864,0.0
295,0.000911788148150437,0.000911788148150437,0.0
296,0.0009114096407555227,0.0009114096407555227,0.0
297,0.0009115909892083601,0.0009115909892083601,0.0
298,0.0009122019615130253,0.0009122019615130253,0.0
299,0.0009111445924723284,0.0009111445924723284,0.0
300,0.0009118072778716544,0.0009118072778716544,0.0
301,0.000911861736371318,0.000911861736371318,0.0
302,0.0009119467305444707,0.0009119467305444707,0.0
303,0.0009113009248225887,0.0009113009248225887,0.0
304,0.0009119364445240278,0.0009119364445240278,0.0
305,0.0009112879562268221,0.0009112879562268221,0.0
306,0.000912078392230396,0.000912078392230396,0.0
307,0.00091119910512701,0.00091119910512701,0.0
308,0.0009118114633313385,0.0009118114633313385,0.0
309,0.0009112559371107269,0.0009112559371107269,0.0
310,0.0009119820242974779,0.0009119820242974779,0.0
311,0.0009110673200167171,0.0009110673200167171,0.0
312,0.0009115481833203592,0.0009115481833203592,0.0
313,0.000911507709306202,0.000911507709306202,0.0
314,0.0009117179548651969,0.0009117179548651969,0.0
315,0.0009111031533516892,0.0009111031533516892,0.0
316,0.0009116684241281246,0.0009116684241281246,0.0
317,0.0009110439962909435,0.0009110439962909435,0.0
318,0.0009120819043236382,0.0009120819043236382,0.0
319,0.0009111376755867812,0.0009111376755867812,0.0
320,0.0009115391378348108,0.0009115391378348108,0.0
321,0.0009115815447443696,0.0009115815447443696,0.0
322,0.000911086715700587,0.000911086715700587,0.0
323,0.0009116581322548175,0.0009116581322548175,0.0
324,0.0009110211824770252,0.0009110211824770252,0.0
325,0.0009114958098568372,0.0009114958098568372,0.0
326,0.0009116517507025457,0.0009116517507025457,0.0
327,0.0009109921761629032,0.0009109921761629032,0.0
328,0.000911561301988581,0.000911561301988581,0.0
329,0.0009110487458053937,0.0009110487458053937,0.0
330,0.0009114259695786278,0.0009114259695786278,0.0
331,0.0009110365028474027,0.0009110365028474027,0.0
332,0.0009111141557590584,0.0009111141557590584,0.0
333,0.0009108972318823931,0.0009108972318823931,0.0
334,0.0009115658190978982,0.0009115658190978982,0.0
335,0.0009123416285364222,0.0009123416285364222,0.0
336,0.0009110391403541367,0.0009110391403541367,0.0
337,0.0009111534582904005,0.0009111534582904005,0.0
338,0.0009111756444044654,0.0009111756444044654,0.0
339,0.0009113832870325944,0.0009113832870325944,0.0
340,0.0009109913612389848,0.0009109913612389848,0.0
341,0.0009110944692870053,0.0009110944692870053,0.0
342,0.000911058188583149,0.000911058188583149,0.0
343,0.0009113853148602045,0.0009113853148602045,0.0
344,0.0009109201568852311,0.0009109201568852311,0.0
345,0.0009112920509943156,0.0009112920509943156,0.0
346,0.0009109290029796379,0.0009109290029796379,0.0
347,0.0009111720713686399,0.0009111720713686399,0.0
348,0.0009109452020940243,0.0009109452020940243,0.0
349,0.0009109508108746752,0.0009109508108746752,0.0
350,0.0009113168630125612,0.0009113168630125612,0.0
351,0.0009109448123014373,0.0009109448123014373,0.0
352,0.0009112649449478218,0.0009112649449478218,0.0
353,0.000910919779785198,0.000910919779785198,0.0
354,0.0009111287527570045,0.0009111287527570045,0.0
355,0.0009109368969289039,0.0009109368969289039,0.0
356,0.0009113833161405911,0.0009113833161405911,0.0
357,0.000910921062949479,0.000910921062949479,0.0
358,0.0009108957563549511,0.0009108957563549511,0.0
359,0.0009115535719740258,0.0009115535719740258,0.0
360,0.000910878257745597,0.000910878257745597,0.0
361,0.0009111927733033508,0.0009111927733033508,0.0
362,0.0009111254981088336,0.0009111254981088336,0.0
363,0.0009109064212423733,0.0009109064212423733,0.0
364,0.000910921689203556,0.000910921689203556,0.0
365,0.0009108346868669497,0.0009108346868669497,0.0
366,0.0009109433595663037,0.0009109433595663037,0.0
367,0.0009110775236666146,0.0009110775236666146,0.0
368,0.0009109067125778966,0.0009109067125778966,0.0
369,0.0009108161111934903,0.0009108161111934903,0.0
370,0.0009109972513656134,0.0009109972513656134,0.0
371,0.0009108271166472721,0.0009108271166472721,0.0
372,0.0009109677351302102,0.0009109677351302102,0.0
373,0.000910951520016335,0.000910951520016335,0.0
374,0.0009109648587066953,0.0009109648587066953,0.0
375,0.0009108525539497391,0.0009108525539497391,0.0
376,0.0009110021901579561,0.0009110021901579561,0.0
377,0.0009108336725333592,0.0009108336725333592,0.0
378,0.0009110418774562239,0.0009110418774562239,0.0
379,0.0009108428010027648,0.0009108428010027648,0.0
380,0.0009108227909793191,0.0009108227909793191,0.0
381,0.0009109442676282423,0.0009109442676282423,0.0
382,0.000910839217343294,0.000910839217343294,0.0
383,0.0009109573712279796,0.0009109573712279796,0.0
384,0.0009108829652590227,0.0009108829652590227,0.0
385,0.0009107759955876746,0.0009107759955876746,0.0
386,0.0009108913633398731,0.0009108913633398731,0.0
387,0.0009109516006188664,0.0009109516006188664,0.0
388,0.0009108184257829034,0.0009108184257829034,0.0
389,0.0009110791149034462,0.0009110791149034462,0.0
390,0.0009108232125812585,0.0009108232125812585,0.0
391,0.000910775921427754,0.000910775921427754,0.0
392,0.0009108504304249428,0.0009108504304249428,0.0
393,0.0009108112647798416,0.0009108112647798416,0.0
394,0.0009107579904600498,0.0009107579904600498,0.0
395,0.000910887884993824,0.000910887884993824,0.0
396,0.0009108818350712938,0.0009108818350712938,0.0
397,0.0009107732861637234,0.0009107732861637234,0.0
398,0.0009109825684333606,0.0009109825684333606,0.0
399,0.0009107825512930244,0.0009107825512930244,0.0
400,0.0009108066015869162,0.0009108066015869162,0.0
401,0.0009108644214351268,0.0009108644214351268,0.0
402,0.0009107521756400027,0.0009107521756400027,0.0
403,0.0009108869343070918,0.0009108869343070918,0.0
404,0.0009108650030841544,0.0009108650030841544,0.0
405,0.0009107820297774535,0.0009107820297774535,0.0
406,0.0009107753887300708,0.0009107753887300708,0.0
407,0.0009107512326459633,0.0009107512326459633,0.0
408,0.0009108737417666984,0.0009108737417666984,0.0
409,0.0009107320749346493,0.0009107320749346493,0.0
410,0.0009108128888169581,0.0009108128888169581,0.0
411,0.0009107838571658275,0.0009107838571658275,0.0
412,0.0009107334052923862,0.0009107334052923862,0.0
413,0.0009108712261797755,0.0009108712261797755,0.0
414,0.0009107516307059931,0.0009107516307059931,0.0
415,0.0009108437489844397,0.0009108437489844397,0.0
416,0.0009107537577670023,0.0009107537577670023,0.0
417,0.0009106952490200752,0.0009106952490200752,0.0
418,0.0009107449948435286,0.0009107449948435286,0.0
419,0.0009106681929133213,0.0009106681929133213,0.0
420,0.0009106689625057718,0.0009106689625057718,0.0
421,0.0009107945868246396,0.0009107945868246396,0.0
422,0.0009107532455911338,0.0009107532455911338,0.0
423,0.0009107773003866283,0.0009107773003866283,0.0
424,0.0009108313891039822,0.0009108313891039822,0.0
425,0.0009107258527315483,0.0009107258527315483,0.0
426,0.0009107846454031381,0.0009107846454031381,0.0
427,0.0009107252876324404,0.0009107252876324404,0.0
428,0.000910704949381258,0.000910704949381258,0.0
429,0.0009107106126451657,0.0009107106126451657,0.0
430,0.0009107885385401885,0.0009107885385401885,0.0
431,0.000910720348431558,0.000910720348431558,0.0
432,0.00091066812925667,0.00091066812925667,0.0
433,0.0009106850612007646,0.0009106850612007646,0.0
434,0.0009106872518086685,0.0009106872518086685,0.0
435,0.0009107307698491136,0.0009107307698491136,0.0
436,0.0009106890476530338,0.0009106890476530338,0.0
437,0.0009107377541975004,0.0009107377541975004,0.0
438,0.0009106672910639751,0.0009106672910639751,0.0
439,0.0009107116789280795,0.0009107116789280795,0.0
440,0.0009107212118944551,0.0009107212118944551,0.0
441,0.0009107630109942907,0.0009107630109942907,0.0
442,0.0009106936398745263,0.0009106936398745263,0.0
443,0.0009106784657819045,0.0009106784657819045,0.0
444,0.0009106949339466289,0.0009106949339466289,0.0
445,0.0009107138765868458,0.0009107138765868458,0.0
446,0.0009106631180834014,0.0009106631180834014,0.0
447,0.0009107318343586803,0.0009107318343586803,0.0
448,0.000910650184699022,0.000910650184699022,0.0
449,0.0009106984492424798,0.0009106984492424798,0.0
450,0.0009107314564897322,0.0009107314564897322,0.0
451,0.0009106781872525986,0.0009106781872525986,0.0
452,0.0009106721528985096,0.0009106721528985096,0.0
453,0.0009106335392085899,0.0009106335392085899,0.0
454,0.0009106578465920551,0.0009106578465920551,0.0
455,0.0009107190032837894,0.0009107190032837894,0.0
456,0.0009106452171329101,0.0009106452171329101,0.0
457,0.0009107190087260767,0.0009107190087260767,0.0
458,0.0009106656211085802,0.0009106656211085802,0.0
459,0.0009106805762083785,0.0009106805762083785,0.0
460,0.0009106591866240888,0.0009106591866240888,0.0
461,0.0009106516736421341,0.0009106516736421341,0.0
462,0.0009106521153915381,0.0009106521153915381,0.0
463,0.0009106920216301775,0.0009106920216301775,0.0
464,0.0009106107711515977,0.0009106107711515977,0.0
465,0.0009106168802548236,0.0009106168802548236,0.0
466,0.0009106825116498541,0.0009106825116498541,0.0
467,0.0009106500029147051,0.0009106500029147051,0.0
468,0.0009106187646424456,0.0009106187646424456,0.0
469,0.0009106633646668258,0.0009106633646668258,0.0
470,0.0009106736329716819,0.0009106736329716819,0.0
471,0.0009106729181796762,0.0009106729181796762,0.0
472,0.0009106186612104788,0.0009106186612104788,0.0
473,0.0009106742111944507,0.0009106742111944507,0.0
474,0.0009106335685909175,0.0009106335685909175,0.0
475,0.000910663604664404,0.000910663604664404,0.0
476,0.0009106207647872221,0.0009106207647872221,0.0
477,0.0009106425609160302,0.0009106425609160302,0.0
478,0.000910643206092174,0.000910643206092174,0.0
479,0.0009106395852740496,0.0009106395852740496,0.0
480,0.0009106116671224734,0.0009106116671224734,0.0
481,0.0009106560610138681,0.0009106560610138681,0.0
482,0.0009106276141819367,0.0009106276141819367,0.0
483,0.0009105857829629829,0.0009105857829629829,0.0
484,0.0009105964118415499,0.0009105964118415499,0.0
485,0.0009106161183227881,0.0009106161183227881,0.0
486,0.0009106644836655668,0.0009106644836655668,0.0
487,0.0009106149628450426,0.0009106149628450426,0.0
488,0.0009106585311252515,0.0009106585311252515,0.0
489,0.0009106161181024558,0.0009106161181024558,0.0
490,0.0009105989051861824,0.0009105989051861824,0.0
491,0.0009105971362982293,0.0009105971362982293,0.0
492,0.0009106572667840155,0.0009106572667840155,0.0
493,0.0009106095690229431,0.0009106095690229431,0.0
494,0.000910591729062696,0.000910591729062696,0.0
495,0.000910605995808939,0.000910605995808939,0.0
496,0.0009106102264686656,0.0009106102264686656,0.0
497,0.0009106492962581471,0.0009106492962581471,0.0
498,0.0009106013871459557,0.0009106013871459557,0.0
499,0.0009105876181798803,0.0009105876181798803,0.0
500,0.000910587695837393,0.000910587695837393,0.0
501,0.0009106051951672158,0.0009106051951672158,0.0
502,0.000910617169071732,0.000910617169071732,0.0
503,0.0009105952425205013,0.0009105952425205013,0.0
504,0.0009105982572127214,0.0009105982572127214,0.0
505,0.0009106125058308319,0.0009106125058308319,0.0
506,0.0009105951019254381,0.0009105951019254381,0.0
507,0.0009105575155020403,0.0009105575155020403,0.0
508,0.000910546497683855,0.000910546497683855,0.0
509,0.0009105957761813685,0.0009105957761813685,0.0
510,0.0009106002002895535,0.0009106002002895535,0.0
511,0.0009106080418022973,0.0009106080418022973,0.0
512,0.0009105718302026689,0.0009105718302026689,0.0
513,0.0009105889484983121,0.0009105889484983121,0.0
514,0.0009105444904519205,0.0009105444904519205,0.0
515,0.00091052990515353,0.00091052990515353,0.0
516,0.0009105986271923745,0.0009105986271923745,0.0
517,0.0009105773664351533,0.0009105773664351533,0.0
518,0.0009106031946886601,0.0009106031946886601,0.0
519,0.0009105747933556432,0.0009105747933556432,0.0
520,0.0009105696848888302,0.0009105696848888302,0.0
521,0.0009105718856423542,0.0009105718856423542,0.0
522,0.0009105678729671745,0.0009105678729671745,0.0
523,0.000910609642876925,0.000910609642876925,0.0
524,0.0009105686209173473,0.0009105686209173473,0.0
525,0.0009105397877150318,0.0009105397877150318,0.0
526,0.0009105520642836885,0.0009105520642836885,0.0
527,0.0009105717856615953,0.0009105717856615953,0.0
528,0.0009105900529117671,0.0009105900529117671,0.0
529,0.0009105574164833984,0.0009105574164833984,0.0
530,0.0009105375672437992,0.0009105375672437992,0.0
531,0.0009105907201518045,0.0009105907201518045,0.0
532,0.0009105592632062497,0.0009105592632062497,0.0
533,0.0009105624374843044,0.0009105624374843044,0.0
534,0.0009105441839022699,0.0009105441839022699,0.0
535,0.0009105313545603323,0.0009105313545603323,0.0
536,0.0009105216027658641,0.0009105216027658641,0.0
537,0.0009105263827948486,0.0009105263827948486,0.0
538,0.0009105345221154567,0.0009105345221154567,0.0
539,0.0009105224996326676,0.0009105224996326676,0.0
540,0.0009105502035491249,0.0009105502035491249,0.0
541,0.0009105655899263529,0.0009105655899263529,0.0
542,0.0009105764393520602,0.0009105764393520602,0.0
543,0.0009105407876556204,0.0009105407876556204,0.0
544,0.0009105613458357667,0.0009105613458357667,0.0
545,0.000910509455115512,0.000910509455115512,0.0
546,0.0009105051728557625,0.0009105051728557625,0.0
547,0.0009105116641489063,0.0009105116641489063,0.0
548,0.0009105389894721372,0.0009105389894721372,0.0
549,0.0009105459127173608,0.0009105459127173608,0.0
550,0.0009105529069878816,0.0009105529069878816,0.0
551,0.0009105027160530793,0.0009105027160530793,0.0
552,0.000910506706402076,0.000910506706402076,0.0
553,0.0009105045520272619,0.0009105045520272619,0.0
554,0.0009105522464945867,0.0009105522464945867,0.0
555,0.0009105243903055828,0.0009105243903055828,0.0
556,0.0009105068578084783,0.0009105068578084783,0.0
557,0.0009105060749174127,0.0009105060749174127,0.0
558,0.0009104969103639903,0.0009104969103639903,0.0
559,0.0009105057963074259,0.0009105057963074259,0.0
560,0.0009105318744116577,0.0009105318744116577,0.0
561,0.0009105386028599759,0.0009105386028599759,0.0
562,0.0009104914558118422,0.0009104914558118422,0.0
563,0.0009104950546344329,0.0009104950546344329,0.0
564,0.0009104941588886892,0.0009104941588886892,0.0
565,0.000910534978706606,0.000910534978706606,0.0
566,0.0009105171033019846,0.0009105171033019846,0.0
567,0.0009104841309139191,0.0009104841309139191,0.0
568,0.000910491435420373,0.000910491435420373,0.0
569,0.0009105394682946406,0.0009105394682946406,0.0
570,0.0009105068494534524,0.0009105068494534524,0.0
571,0.0009104864690165133,0.0009104864690165133,0.0
572,0.0009105217684601965,0.0009105217684601965,0.0
573,0.0009104938949645657,0.0009104938949645657,0.0
574,0.0009104615703395118,0.0009104615703395118,0.0
575,0.0009104397225394859,0.0009104397225394859,0.0
576,0.0009104697234574938,0.0009104697234574938,0.0
577,0.0009104645022259018,0.0009104645022259018,0.0
578,0.0009105048132569154,0.0009105048132569154,0.0
579,0.0009104508895487497,0.0009104508895487497,0.0
580,0.0009104894287005485,0.0009104894287005485,0.0
581,0.0009104515956613782,0.0009104515956613782,0.0
582,0.0009104821969989839,0.0009104821969989839,0.0
583,0.0009104553412951974,0.0009104553412951974,0.0
584,0.0009104852880708498,0.0009104852880708498,0.0
585,0.0009104559170658446,0.0009104559170658446,0.0
586,0.000910480311328324,0.000910480311328324,0.0
587,0.0009104653489007114,0.0009104653489007114,0.0
588,0.0009104448047228956,0.0009104448047228956,0.0
589,0.0009104422849236323,0.0009104422849236323,0.0
590,0.0009104321213721635,0.0009104321213721635,0.0
591,0.0009104262651640665,0.0009104262651640665,0.0
592,0.0009104316447454281,0.0009104316447454281,0.0
593,0.0009104241587504938,0.0009104241587504938,0.0
594,0.0009104261281148403,0.0009104261281148403,0.0
595,0.0009104512905077228,0.0009104512905077228,0.0
596,0.0009104201094278691,0.0009104201094278691,0.0
597,0.000910422705873557,0.000910422705873557,0.0
598,0.0009104257049149887,0.0009104257049149887,0.0
599,0.0009104123450565183,0.0009104123450565183,0.0
600,0.0009104239443278012,0.0009104239443278012,0.0
601,0.0009104251280062174,0.0009104251280062174,0.0
602,0.0009104387455525175,0.0009104387455525175,0.0
603,0.0009103911221459759,0.0009103911221459759,0.0
604,0.0009103683870063647,0.0009103683870063647,0.0
605,0.0009104149536791737,0.0009104149536791737,0.0
606,0.0009103736733600276,0.0009103736733600276,0.0
607,0.0009104200961665763,0.0009104200961665763,0.0
608,0.0009103800857173925,0.0009103800857173925,0.0
609,0.0009103711610863521,0.0009103711610863521,0.0
610,0.0009103951125360131,0.0009103951125360131,0.0
611,0.000910372310332771,0.000910372310332771,0.0
612,0.0009103586671775507,0.0009103586671775507,0.0
613,0.0009103430438241821,0.0009103430438241821,0.0
614,0.0009103964575360535,0.0009103964575360535,0.0
615,0.0009103581899218561,0.0009103581899218561,0.0
616,0.0009103871196564918,0.0009103871196564918,0.0
617,0.0009103451619950668,0.0009103451619950668,0.0
618,0.0009103751203626269,0.0009103751203626269,0.0
619,0.000910358583608155,0.000910358583608155,0.0
620,0.0009103693480741495,0.0009103693480741495,0.0
621,0.0009103073828912611,0.0009103073828912611,0.0
622,0.0009102607419819379,0.0009102607419819379,0.0
623,0.0009103344123463912,0.0009103344123463912,0.0
624,0.0009103116120668921,0.0009103116120668921,0.0
625,0.0009103142863595443,0.0009103142863595443,0.0
626,0.0009102948095656126,0.0009102948095656126,0.0
627,0.0009103165912046551,0.0009103165912046551,0.0
628,0.0009103295956791976,0.0009103295956791976,0.0
629,0.0009103226091638429,0.0009103226091638429,0.0
630,0.0009102831145188236,0.0009102831145188236,0.0
631,0.0009103100228227985,0.0009103100228227985,0.0
632,0.0009102906009666671,0.0009102906009666671,0.0
633,0.0009102727256916018,0.0009102727256916018,0.0
634,0.0009102400611690022,0.0009102400611690022,0.0
635,0.0009101906685469888,0.0009101906685469888,0.0
636,0.0009102760265878934,0.0009102760265878934,0.0
637,0.0009102400060267875,0.0009102400060267875,0.0
638,0.0009102479997668141,0.0009102479997668141,0.0
639,0.0009102158277547065,0.0009102158277547065,0.0
640,0.0009102172249448627,0.0009102172249448627,0.0
641,0.0009102065613604608,0.0009102065613604608,0.0
642,0.0009101855636764824,0.0009101855636764824,0.0
643,0.0009101364149764717,0.0009101364149764717,0.0
644,0.0009102013846733999,0.0009102013846733999,0.0
645,0.0009102117551386205,0.0009102117551386205,0.0
646,0.0009102653876655021,0.0009102653876655021,0.0
647,0.000910196048739383,0.000910196048739383,0.0
648,0.0009101627519382418,0.0009101627519382418,0.0
649,0.0009101479865236204,0.0009101479865236204,0.0
650,0.0009101816990753084,0.0009101816990753084,0.0
651,0.0009101212599025768,0.0009101212599025768,0.0
652,0.0009100782289901957,0.0009100782289901957,0.0
653,0.0009101064404791995,0.0009101064404791995,0.0
654,0.0009101040507572172,0.0009101040507572172,0.0
655,0.0009101078040312519,0.0009101078040312519,0.0
656,0.0009101247978237336,0.0009101247978237336,0.0
657,0.0009100795711473407,0.0009100795711473407,0.0
658,0.0009100587684951974,0.0009100587684951974,0.0
659,0.0009100315485172395,0.0009100315485172395,0.0
660,0.0009100156609113859,0.0009100156609113859,0.0
661,0.0009099333568984967,0.0009099333568984967,0.0
662,0.0009100292226074921,0.0009100292226074921,0.0
663,0.000909991833160127,0.000909991833160127,0.0
664,0.0009100469620865028,0.0009100469620865028,0.0
665,0.0009100197355981463,0.0009100197355981463,0.0
666,0.0009101023954325918,0.0009101023954325918,0.0
667,0.0009099709040214006,0.0009099709040214006,0.0
668,0.0009099213561212349,0.0009099213561212349,0.0
669,0.000909863342090646,0.000909863342090646,0.0
670,0.0009099020289416614,0.0009099020289416614,0.0
671,0.0009099024005892559,0.0009099024005892559,0.0
672,0.0009098848177935209,0.0009098848177935209,0.0
673,0.0009099821959671665,0.0009099821959671665,0.0
674,0.0009100358201333279,0.0009100358201333279,0.0
675,0.0009098349480617132,0.0009098349480617132,0.0
676,0.0009097579614615819,0.0009097579614615819,0.0
677,0.0009098412870613381,0.0009098412870613381,0.0
678,0.0009099059445474147,0.0009099059445474147,0.0
679,0.0009098524158577219,0.0009098524158577219,0.0
680,0.000909851615349518,0.000909851615349518,0.0
681,0.0009098109719292676,0.0009098109719292676,0.0
682,0.0009098129010534788,0.0009098129010534788,0.0
683,0.0009099201775614578,0.0009099201775614578,0.0
684,0.0009098182495682571,0.0009098182495682571,0.0
685,0.000909748650447602,0.000909748650447602,0.0
686,0.0009098712326458682,0.0009098712326458682,0.0
687,0.0009097032591441906,0.0009097032591441906,0.0
688,0.0009096926965904191,0.0009096926965904191,0.0
689,0.0009097654613826557,0.0009097654613826557,0.0
690,0.000909845939576333,0.000909845939576333,0.0
691,0.0009097834915954906,0.0009097834915954906,0.0
692,0.0009098795682526149,0.0009098795682526149,0.0
693,0.0009099163494285241,0.0009099163494285241,0.0
694,0.0009097865377555921,0.0009097865377555921,0.0
695,0.0009097534056858228,0.0009097534056858228,0.0
696,0.000909683110748653,0.000909683110748653,0.0
697,0.0009097790012072275,0.0009097790012072275,0.0
698,0.0009098650018110041,0.0009098650018110041,0.0
699,0.000909712435091391,0.000909712435091391,0.0
700,0.0009097738710718205,0.0009097738710718205,0.0
701,0.0009098879709472121,0.0009098879709472121,0.0
702,0.0009097395512194696,0.0009097395512194696,0.0
703,0.0009097443449649909,0.0009097443449649909,0.0
704,0.0009098630311445484,0.0009098630311445484,0.0
705,0.0009097569898270073,0.0009097569898270073,0.0
706,0.0009097452085633131,0.0009097452085633131,0.0
707,0.0009097925879163753,0.0009097925879163753,0.0
708,0.000909721793551969,0.000909721793551969,0.0
709,0.0009097579998089339,0.0009097579998089339,0.0
710,0.00090963528615529,0.00090963528615529,0.0
711,0.0009096651525285855,0.0009096651525285855,0.0
712,0.0009097409103912495,0.0009097409103912495,0.0
713,0.000909856207344459,0.000909856207344459,0.0
714,0.0009096946006474508,0.0009096946006474508,0.0
715,0.000909745895306492,0.000909745895306492,0.0
716,0.0009096181016482128,0.0009096181016482128,0.0
717,0.0009096202983706015,0.0009096202983706015,0.0
718,0.0009098236229718224,0.0009098236229718224,0.0
719,0.0009096928826539373,0.0009096928826539373,0.0
720,0.0009097480054183774,0.0009097480054183774,0.0
721,0.0009097809716887302,0.0009097809716887302,0.0
722,0.0009096815688086002,0.0009096815688086002,0.0
723,0.0009097033141746281,0.0009097033141746281,0.0
724,0.0009097484820615799,0.0009097484820615799,0.0
725,0.0009097508577879053,0.0009097508577879053,0.0
726,0.0009096741771625989,0.0009096741771625989,0.0
727,0.0009098671262265458,0.0009098671262265458,0.0
728,0.0009096724772937912,0.0009096724772937912,0.0
729,0.0009097310201087978,0.0009097310201087978,0.0
730,0.0009097602672131263,0.0009097602672131263,0.0
731,0.0009096808530135221,0.0009096808530135221,0.0
732,0.0009097153661332408,0.0009097153661332408,0.0
733,0.0009096898599759442,0.0009096898599759442,0.0
734,0.0009096683043604586,0.0009096683043604586,0.0
735,0.0009097282423790714,0.0009097282423790714,0.0
736,0.0009096076409394089,0.0009096076409394089,0.0
737,0.0009096318687866505,0.0009096318687866505,0.0
738,0.0009097083516065007,0.0009097083516065007,0.0
739,0.0009097406882138428,0.0009097406882138428,0.0
740,0.0009096611890951522,0.0009096611890951522,0.0
741,0.000909673669533661,0.000909673669533661,0.0
742,0.0009096441728349495,0.0009096441728349495,0.0
743,0.0009096128378468597,0.0009096128378468597,0.0
744,0.0009097240498049796,0.0009097240498049796,0.0
745,0.0009096396317472959,0.0009096396317472959,0.0
746,0.0009096972018481059,0.0009096972018481059,0.0
747,0.0009096472664672738,0.0009096472664672738,0.0
748,0.0009096495355381068,0.0009096495355381068,0.0
749,0.0009096716945353554,0.0009096716945353554,0.0
750,0.0009097028744058945,0.0009097028744058945,0.0
751,0.0009096420187491001,0.0009096420187491001,0.0
752,0.0009096557559924648,0.0009096557559924648,0.0
753,0.0009095980385047152,0.0009095980385047152,0.0
754,0.0009096190773454039,0.0009096190773454039,0.0
755,0.0009095823200800324,0.0009095823200800324,0.0
756,0.0009095817551350049,0.0009095817551350049,0.0
757,0.0009096220779853882,0.0009096220779853882,0.0
758,0.0009096257652135922,0.0009096257652135922,0.0
759,0.0009096558696953327,0.0009096558696953327,0.0
760,0.000909579163346445,0.000909579163346445,0.0
761,0.0009096121867283334,0.0009096121867283334,0.0
762,0.0009096615021345088,0.0009096615021345088,0.0
763,0.0009096996669438082,0.0009096996669438082,0.0
764,0.0009096137200184848,0.0009096137200184848,0.0
765,0.0009096676591123588,0.0009096676591123588,0.0
766,0.0009096166430627557,0.0009096166430627557,0.0
767,0.0009096176015559299,0.0009096176015559299,0.0
768,0.0009096268170810435,0.0009096268170810435,0.0
769,0.0009096300201174428,0.0009096300201174428,0.0
770,0.0009095928259418199,0.0009095928259418199,0.0
771,0.0009095982925632671,0.0009095982925632671,0.0
772,0.0009095925004203229,0.0009095925004203229,0.0
773,0.0009095648994422158,0.0009095648994422158,0.0
774,0.0009095887816003861,0.0009095887816003861,0.0
775,0.0009096257504500877,0.0009096257504500877,0.0
776,0.000909587964954857,0.000909587964954857,0.0
777,0.0009095970111234776,0.0009095970111234776,0.0
778,0.0009095991564291512,0.0009095991564291512,0.0
779,0.0009095711520155644,0.0009095711520155644,0.0
780,0.0009096190350416067,0.0009096190350416067,0.0
781,0.0009096558265336515,0.0009096558265336515,0.0
782,0.0009095792390517339,0.0009095792390517339,0.0
783,0.0009096280936956717,0.0009096280936956717,0.0
784,0.0009095818439288925,0.0009095818439288925,0.0
785,0.0009095558465485545,0.0009095558465485545,0.0
786,0.0009095775195660051,0.0009095775195660051,0.0
787,0.0009095932272744525,0.0009095932272744525,0.0
788,0.000909537615416027,0.000909537615416027,0.0
789,0.0009095386049690381,0.0009095386049690381,0.0
790,0.0009095526720702708,0.0009095526720702708,0.0
791,0.0009095309705933445,0.0009095309705933445,0.0
792,0.0009095352381361237,0.0009095352381361237,0.0
793,0.000909537989989297,0.000909537989989297,0.0
794,0.0009095784907422178,0.0009095784907422178,0.0
795,0.0009095706349579433,0.0009095706349579433,0.0
796,0.000909545473806668,0.000909545473806668,0.0
797,0.0009095931838490121,0.0009095931838490121,0.0
798,0.0009095450286416301,0.0009095450286416301,0.0
799,0.0009095929267376242,0.0009095929267376242,0.0
800,0.0009095563441014991,0.0009095563441014991,0.0
801,0.0009095431820607133,0.0009095431820607133,0.0
802,0.0009095525356104351,0.0009095525356104351,0.0
803,0.00090957237947757,0.00090957237947757,0.0
804,0.0009095252258463889,0.0009095252258463889,0.0
805,0.00090954887061154,0.00090954887061154,0.0
806,0.0009095313732185816,0.0009095313732185816,0.0
807,0.000909511200473409,0.000909511200473409,0.0
808,0.000909524920509097,0.000909524920509097,0.0
809,0.0009095328732270473,0.0009095328732270473,0.0
810,0.000909562343428384,0.000909562343428384,0.0
811,0.0009095670006644429,0.0009095670006644429,0.0
812,0.0009095348018503378,0.0009095348018503378,0.0
813,0.0009095895298808353,0.0009095895298808353,0.0
814,0.0009095336549963866,0.0009095336549963866,0.0
815,0.0009095625948846835,0.0009095625948846835,0.0
816,0.0009095121865120284,0.0009095121865120284,0.0
817,0.0009095594515337856,0.0009095594515337856,0.0
818,0.0009095660298606188,0.0009095660298606188,0.0
819,0.0009095295446867107,0.0009095295446867107,0.0
820,0.0009095628943996666,0.0009095628943996666,0.0
821,0.000909529863775565,0.000909529863775565,0.0
822,0.0009095066456145346,0.0009095066456145346,0.0
823,0.0009095205410107689,0.0009095205410107689,0.0
824,0.000909502234191579,0.000909502234191579,0.0
825,0.0009095130666910352,0.0009095130666910352,0.0
826,0.0009095222828939051,0.0009095222828939051,0.0
827,0.000909537770193149,0.000909537770193149,0.0
828,0.0009095322589566796,0.0009095322589566796,0.0
829,0.0009094982513613963,0.0009094982513613963,0.0
830,0.0009095105831077733,0.0009095105831077733,0.0
831,0.0009095165454072964,0.0009095165454072964,0.0
832,0.0009094855626091244,0.0009094855626091244,0.0
833,0.0009094787020084762,0.0009094787020084762,0.0
834,0.0009095444774697523,0.0009095444774697523,0.0
835,0.0009095116054248989,0.0009095116054248989,0.0
836,0.0009094873709476084,0.0009094873709476084,0.0
837,0.0009095177904295421,0.0009095177904295421,0.0
838,0.0009094970175428182,0.0009094970175428182,0.0
839,0.0009095176496658535,0.0009095176496658535,0.0
840,0.0009094989598710717,0.0009094989598710717,0.0
841,0.0009095229152867118,0.0009095229152867118,0.0
842,0.0009094756258582404,0.0009094756258582404,0.0
843,0.0009094782018926833,0.0009094782018926833,0.0
844,0.0009094747122297829,0.0009094747122297829,0.0
845,0.0009094889866782989,0.0009094889866782989,0.0
846,0.0009094702272841318,0.0009094702272841318,0.0
847,0.0009094803348008872,0.0009094803348008872,0.0
848,0.0009094669427961641,0.0009094669427961641,0.0
849,0.0009094771214175143,0.0009094771214175143,0.0
850,0.0009095102520231735,0.0009095102520231735,0.0
851,0.0009094905609148417,0.0009094905609148417,0.0
852,0.0009094877233977804,0.0009094877233977804,0.0
853,0.0009095045062760222,0.0009095045062760222,0.0
854,0.0009094888653625096,0.0009094888653625096,0.0
855,0.0009094870184988395,0.0009094870184988395,0.0
856,0.0009094614453566521,0.0009094614453566521,0.0
857,0.0009094817065011024,0.0009094817065011024,0.0
858,0.0009094670329069484,0.0009094670329069484,0.0
859,0.0009095054815386363,0.0009095054815386363,0.0
860,0.0009094483177447955,0.0009094483177447955,0.0
861,0.0009094484286811263,0.0009094484286811263,0.0
862,0.0009095073166464622,0.0009095073166464622,0.0
863,0.0009094758445484404,0.0009094758445484404,0.0
864,0.000909491034804973,0.000909491034804973,0.0
865,0.0009094427473724428,0.0009094427473724428,0.0
866,0.0009094404999145835,0.0009094404999145835,0.0
867,0.0009094684834574597,0.0009094684834574597,0.0
868,0.0009094616069168936,0.0009094616069168936,0.0
869,0.0009094329000357235,0.0009094329000357235,0.0
870,0.000909429978065972,0.000909429978065972,0.0
871,0.0009094635049476668,0.0009094635049476668,0.0
872,0.0009094616232261209,0.0009094616232261209,0.0
873,0.0009094686406451749,0.0009094686406451749,0.0
874,0.0009094513442459897,0.0009094513442459897,0.0
875,0.0009094319978774081,0.0009094319978774081,0.0
876,0.0009094406013754602,0.0009094406013754602,0.0
877,0.0009094361765963585,0.0009094361765963585,0.0
878,0.0009094229026453723,0.0009094229026453723,0.0
879,0.0009094388502848553,0.0009094388502848553,0.0
880,0.0009094363974625191,0.0009094363974625191,0.0
881,0.0009094044716512241,0.0009094044716512241,0.0
882,0.00090939508717434,0.00090939508717434,0.0
883,0.0009094216157535591,0.0009094216157535591,0.0
884,0.0009094551464193564,0.0009094551464193564,0.0
885,0.0009094393977243628,0.0009094393977243628,0.0
886,0.000909418315255132,0.000909418315255132,0.0
887,0.0009093824377302916,0.0009093824377302916,0.0
888,0.0009093599481928456,0.0009093599481928456,0.0
889,0.0009094165891083497,0.0009094165891083497,0.0
890,0.0009094487690461325,0.0009094487690461325,0.0
891,0.0009094134692247716,0.0009094134692247716,0.0
892,0.0009093634019790434,0.0009093634019790434,0.0
893,0.0009094196234037769,0.0009094196234037769,0.0
894,0.000909370219835007,0.000909370219835007,0.0
895,0.0009094548089181156,0.0009094548089181156,0.0
896,0.000909407323862818,0.000909407323862818,0.0
897,0.000909375364346438,0.000909375364346438,0.0
898,0.0009094004060783892,0.0009094004060783892,0.0
899,0.0009094070608196013,0.0009094070608196013,0.0
900,0.0009093762678493415,0.0009093762678493415,0.0
901,0.0009093727882433763,0.0009093727882433763,0.0
902,0.0009093969212920385,0.0009093969212920385,0.0
903,0.000909358648507217,0.000909358648507217,0.0
904,0.0009093801264717439,0.0009093801264717439,0.0
905,0.0009094004861267707,0.0009094004861267707,0.0
906,0.0009093480798366436,0.0009093480798366436,0.0
907,0.0009093547628542685,0.0009093547628542685,0.0
908,0.0009093415324058443,0.0009093415324058443,0.0
909,0.0009093460040403437,0.0009093460040403437,0.0
910,0.0009093943801510102,0.0009093943801510102,0.0
911,0.0009093710127492915,0.0009093710127492915,0.0
912,0.0009093775178141532,0.0009093775178141532,0.0
913,0.0009093340580410997,0.0009093340580410997,0.0
914,0.0009093498285408399,0.0009093498285408399,0.0
915,0.0009093328778532587,0.0009093328778532587,0.0
916,0.0009093466412412022,0.0009093466412412022,0.0
917,0.0009093638303291671,0.0009093638303291671,0.0
918,0.0009093941367687808,0.0009093941367687808,0.0
919,0.0009093567893013004,0.0009093567893013004,0.0
920,0.0009093625132174578,0.0009093625132174578,0.0
921,0.0009093166896933022,0.0009093166896933022,0.0
922,0.000909322985546877,0.000909322985546877,0.0
923,0.0009093800077348113,0.0009093800077348113,0.0
924,0.0009093694136998897,0.0009093694136998897,0.0
925,0.0009094015950458036,0.0009094015950458036,0.0
926,0.0009093463650700039,0.0009093463650700039,0.0
927,0.0009093765165467544,0.0009093765165467544,0.0
928,0.0009093471343948893,0.0009093471343948893,0.0
929,0.0009093252960674755,0.0009093252960674755,0.0
930,0.0009093551307776917,0.0009093551307776917,0.0
931,0.0009093267184590001,0.0009093267184590001,0.0
932,0.000909364242965272,0.000909364242965272,0.0
933,0.0009093127606201744,0.0009093127606201744,0.0
934,0.0009093235623953188,0.0009093235623953188,0.0
935,0.0009093655967810456,0.0009093655967810456,0.0
936,0.0009093370584698525,0.0009093370584698525,0.0
937,0.0009093661233398698,0.0009093661233398698,0.0
938,0.0009093363485711474,0.0009093363485711474,0.0
939,0.0009093473482492545,0.0009093473482492545,0.0
940,0.0009093322615507977,0.0009093322615507977,0.0
941,0.0009093433670210807,0.0009093433670210807,0.0
942,0.0009093158710911176,0.0009093158710911176,0.0
943,0.000909305599059849,0.000909305599059849,0.0
944,0.0009093156781288361,0.0009093156781288361,0.0
945,0.000909351167326742,0.000909351167326742,0.0
946,0.0009093339787224074,0.0009093339787224074,0.0
947,0.0009093531070477681,0.0009093531070477681,0.0
948,0.0009093253883871663,0.0009093253883871663,0.0
949,0.0009093022956967607,0.0009093022956967607,0.0
950,0.0009093068974522979,0.0009093068974522979,0.0
951,0.0009093474814991754,0.0009093474814991754,0.0
952,0.0009093235023694689,0.0009093235023694689,0.0
953,0.0009093197982440233,0.0009093197982440233,0.0
954,0.0009093048954366217,0.0009093048954366217,0.0
955,0.000909335249617345,0.000909335249617345,0.0
956,0.0009093000253241042,0.0009093000253241042,0.0
957,0.0009093148385375121,0.0009093148385375121,0.0
958,0.0009093058508808472,0.0009093058508808472,0.0
959,0.0009093095619252832,0.0009093095619252832,0.0
960,0.0009093352092583263,0.0009093352092583263,0.0
961,0.000909312341658163,0.000909312341658163,0.0
962,0.000909311735439775,0.000909311735439775,0.0
963,0.0009093223235728448,0.0009093223235728448,0.0
964,0.0009092946897218358,0.0009092946897218358,0.0
965,0.00090931314839483,0.00090931314839483,0.0
966,0.0009093166304593686,0.0009093166304593686,0.0
967,0.0009092998061318963,0.0009092998061318963,0.0
968,0.0009092860251713358,0.0009092860251713358,0.0
969,0.0009092920921917545,0.0009092920921917545,0.0
970,0.0009092880643886914,0.0009092880643886914,0.0
971,0.0009092957508908973,0.0009092957508908973,0.0
972,0.0009093198166833847,0.0009093198166833847,0.0
973,0.0009092994313638765,0.0009092994313638765,0.0
974,0.0009093092207372394,0.0009093092207372394,0.0
975,0.000909283855457518,0.000909283855457518,0.0
976,0.0009092939875190155,0.0009092939875190155,0.0
977,0.0009093186372894318,0.0009093186372894318,0.0
978,0.0009092971714949706,0.0009092971714949706,0.0
979,0.000909314334030374,0.000909314334030374,0.0
980,0.0009092959815817311,0.0009092959815817311,0.0
981,0.0009092989448907837,0.0009092989448907837,0.0
982,0.000909281569173293,0.000909281569173293,0.0
983,0.0009092906020970919,0.0009092906020970919,0.0
984,0.0009093064538408293,0.0009093064538408293,0.0
985,0.0009093040611067347,0.0009093040611067347,0.0
986,0.0009092967609042966,0.0009092967609042966,0.0
987,0.0009093096413808262,0.0009093096413808262,0.0
988,0.0009092911657861732,0.0009092911657861732,0.0
989,0.0009092850021880113,0.0009092850021880113,0.0
990,0.0009092822775496871,0.0009092822775496871,0.0
991,0.000909272535245288,0.000909272535245288,0.0
992,0.0009092716926573047,0.0009092716926573047,0.0
993,0.0009093080101845767,0.0009093080101845767,0.0
994,0.0009092869368371181,0.0009092869368371181,0.0
995,0.0009092875187265463,0.0009092875187265463,0.0
996,0.0009092847565476909,0.0009092847565476909,0.0
997,0.0009093177841012107,0.0009093177841012107,0.0
998,0.0009092837851646172,0.0009092837851646172,0.0
999,0.0009092762145560961,0.0009092762145560961,0.0
1000,0.0009092904089886512,0.0009092904089886512,0.0
1001,0.0009092840603896969,0.0009092840603896969,0.0
1002,0.0009092902214142647,0.0009092902214142647,0.0
1003,0.0009092769030616973,0.0009092769030616973,0.0
1004,0.0009092656181750122,0.0009092656181750122,0.0
1005,0.0009092646112881624,0.0009092646112881624,0.0
1006,0.0009092641787842123,0.0009092641787842123,0.0
1007,0.0009092667976982385,0.0009092667976982385,0.0
1008,0.000909266099919185,0.000909266099919185,0.0
1009,0.0009092827781139657,0.0009092827781139657,0.0
1010,0.0009092903121533197,0.0009092903121533197,0.0
1011,0.0009092755483786993,0.0009092755483786993,0.0
1012,0.0009092628061130017,0.0009092628061130017,0.0
1013,0.000909265686300727,0.000909265686300727,0.0
1014,0.0009092755638067193,0.0009092755638067193,0.0
1015,0.0009092738194012556,0.0009092738194012556,0.0
1016,0.0009092576562832736,0.0009092576562832736,0.0
1017,0.0009092556298934391,0.0009092556298934391,0.0
1018,0.0009092586674246867,0.0009092586674246867,0.0
1019,0.0009092708073402295,0.0009092708073402295,0.0
1020,0.0009092695867482222,0.0009092695867482222,0.0
1021,0.0009092647963351573,0.0009092647963351573,0.0
1022,0.0009092476241460939,0.0009092476241460939,0.0
1023,0.0009092434765714926,0.0009092434765714926,0.0
1024,0.0009092576612427926,0.0009092576612427926,0.0
1025,0.0009092731229598816,0.0009092731229598816,0.0
1026,0.0009092512706804916,0.0009092512706804916,0.0
1027,0.0009092666561793391,0.0009092666561793391,0.0
1028,0.0009092402176963282,0.0009092402176963282,0.0
1029,0.0009092330616275664,0.0009092330616275664,0.0
1030,0.0009092498013826329,0.0009092498013826329,0.0
1031,0.0009092757962185191,0.0009092757962185191,0.0
1032,0.0009092572668136324,0.0009092572668136324,0.0
1033,0.000909240628949768,0.000909240628949768,0.0
1034,0.0009092542697552736,0.0009092542697552736,0.0
1035,0.0009092494643614205,0.0009092494643614205,0.0
1036,0.0009092442319538037,0.0009092442319538037,0.0
1037,0.0009092469264551033,0.0009092469264551033,0.0
1038,0.0009092574330115583,0.0009092574330115583,0.0
1039,0.0009092244745481927,0.0009092244745481927,0.0
1040,0.0009092100105400567,0.0009092100105400567,0.0
1041,0.0009092405297246477,0.0009092405297246477,0.0
1042,0.0009092536350295836,0.0009092536350295836,0.0
1043,0.0009092231615397462,0.0009092231615397462,0.0
1044,0.0009092145659290237,0.0009092145659290237,0.0
1045,0.0009092196910859021,0.0009092196910859021,0.0
1046,0.0009092251977449699,0.0009092251977449699,0.0
1047,0.000909239033643862,0.000909239033643862,0.0
1048,0.0009092116452531933,0.0009092116452531933,0.0
1049,0.000909204295071559,0.000909204295071559,0.0
1050,0.0009091921911631704,0.0009091921911631704,0.0
1051,0.0009092213892805659,0.0009092213892805659,0.0
1052,0.0009092244721871188,0.0009092244721871188,0.0
1053,0.0009092088689763968,0.0009092088689763968,0.0
1054,0.0009091942243797165,0.0009091942243797165,0.0
1055,0.0009092076593190875,0.0009092076593190875,0.0
1056,0.0009091992597575191,0.0009091992597575191,0.0
1057,0.0009092060218375563,0.0009092060218375563,0.0
1058,0.000909202737531217,0.000909202737531217,0.0
1059,0.0009091810110935714,0.0009091810110935714,0.0
1060,0.000909172945290841,0.000909172945290841,0.0
1061,0.0009092030359863716,0.0009092030359863716,0.0
1062,0.0009091738594879488,0.0009091738594879488,0.0
1063,0.0009091908076304609,0.0009091908076304609,0.0
1064,0.000909189886732893,0.000909189886732893,0.0
1065,0.0009091884112078498,0.0009091884112078498,0.0
1066,0.000909165288979632,0.000909165288979632,0.0
1067,0.0009091575311462549,0.0009091575311462549,0.0
1068,0.0009091636914736403,0.0009091636914736403,0.0
1069,0.0009091630014528079,0.0009091630014528079,0.0
1070,0.0009091569432262529,0.0009091569432262529,0.0
1071,0.0009091546944888021,0.0009091546944888021,0.0
1072,0.0009091521568852288,0.0009091521568852288,0.0
1073,0.0009091490778829018,0.0009091490778829018,0.0
1074,0.0009091366080399605,0.0009091366080399605,0.0
1075,0.0009091187055362293,0.0009091187055362293,0.0
1076,0.0009091262591032728,0.0009091262591032728,0.0
1077,0.0009091392995511474,0.0009091392995511474,0.0
1078,0.0009091255681241289,0.0009091255681241289,0.0
1079,0.0009091456912238677,0.0009091456912238677,0.0
1080,0.0009091628784215117,0.0009091628784215117,0.0
1081,0.0009091444026376657,0.0009091444026376657,0.0
1082,0.0009091257951804478,0.0009091257951804478,0.0
1083,0.0009091236779117191,0.0009091236779117191,0.0
1084,0.0009091067449945791,0.0009091067449945791,0.0
1085,0.0009091103681258385,0.0009091103681258385,0.0
1086,0.0009091496042693986,0.0009091496042693986,0.0
1087,0.0009091019170169003,0.0009091019170169003,0.0
1088,0.000909116803002537,0.000909116803002537,0.0
1089,0.0009091241841127997,0.0009091241841127997,0.0
1090,0.0009091210940818705,0.0009091210940818705,0.0
1091,0.0009091444141802813,0.0009091444141802813,0.0
1092,0.0009091073284561017,0.0009091073284561017,0.0
1093,0.0009091049286372181,0.0009091049286372181,0.0
1094,0.0009090784062619947,0.0009090784062619947,0.0
1095,0.0009090692358360548,0.0009090692358360548,0.0
1096,0.0009091059800378978,0.0009091059800378978,0.0
1097,0.0009091238424750892,0.0009091238424750892,0.0
1098,0.0009090928032180143,0.0009090928032180143,0.0
1099,0.0009091278208552089,0.0009091278208552089,0.0
1100,0.0009091082045631315,0.0009091082045631315,0.0
1101,0.0009090915209147626,0.0009090915209147626,0.0
1102,0.000909078624506317,0.000909078624506317,0.0
1103,0.0009091361122261511,0.0009091361122261511,0.0
1104,0.0009090960857754659,0.0009090960857754659,0.0
1105,0.0009090974492852711,0.0009090974492852711,0.0
1106,0.0009090698276583447,0.0009090698276583447,0.0
1107,0.0009091001985661235,0.0009091001985661235,0.0
1108,0.0009090755396815117,0.0009090755396815117,0.0
1109,0.0009090964947325582,0.0009090964947325582,0.0
1110,0.0009090645214259477,0.0009090645214259477,0.0
1111,0.0009090889112995737,0.0009090889112995737,0.0
1112,0.0009090692562847148,0.0009090692562847148,0.0
1113,0.0009090564932484567,0.0009090564932484567,0.0
1114,0.0009090752890487194,0.0009090752890487194,0.0
1115,0.0009091265455122318,0.0009091265455122318,0.0
1116,0.0009090788859682634,0.0009090788859682634,0.0
1117,0.0009090775607496727,0.0009090775607496727,0.0
1118,0.0009090545976139699,0.0009090545976139699,0.0
1119,0.0009090750701745576,0.0009090750701745576,0.0
1120,0.0009091034065369261,0.0009091034065369261,0.0
1121,0.0009090541286279421,0.0009090541286279421,0.0
1122,0.0009090840241281917,0.0009090840241281917,0.0
1123,0.000909104915525856,0.000909104915525856,0.0
1124,0.000909073138425717,0.000909073138425717,0.0
1125,0.0009090691830515572,0.0009090691830515572,0.0
1126,0.0009090620063238565,0.0009090620063238565,0.0
1127,0.0009090492532914047,0.0009090492532914047,0.0
1128,0.00090906843206803,0.00090906843206803,0.0
1129,0.0009090812527581681,0.0009090812527581681,0.0
1130,0.000909050483512288,0.000909050483512288,0.0
1131,0.0009090607125551114,0.0009090607125551114,0.0
1132,0.0009090438834059604,0.0009090438834059604,0.0
1133,0.0009090740787866431,0.0009090740787866431,0.0
1134,0.0009090693668657,0.0009090693668657,0.0
1135,0.0009090452235930096,0.0009090452235930096,0.0
1136,0.0009090294403945163,0.0009090294403945163,0.0
1137,0.0009090315513570753,0.0009090315513570753,0.0
1138,0.0009090443723083506,0.0009090443723083506,0.0
1139,0.0009090571307903862,0.0009090571307903862,0.0
1140,0.0009090315156490664,0.0009090315156490664,0.0
1141,0.0009090714746414506,0.0009090714746414506,0.0
1142,0.00090904683329688,0.00090904683329688,0.0
1143,0.0009090502057082501,0.0009090502057082501,0.0
1144,0.0009090473189499252,0.0009090473189499252,0.0
1145,0.0009090162686595911,0.0009090162686595911,0.0
1146,0.0009090124924765776,0.0009090124924765776,0.0
1147,0.0009090343740807592,0.0009090343740807592,0.0
1148,0.0009090065506634525,0.0009090065506634525,0.0
1149,0.0009089976344647585,0.0009089976344647585,0.0
1150,0.0009090551104087938,0.0009090551104087938,0.0
1151,0.0009090511710743704,0.0009090511710743704,0.0
1152,0.0009090495424991215,0.0009090495424991215,0.0
1153,0.0009090257216296314,0.0009090257216296314,0.0
1154,0.0009090566290611267,0.0009090566290611267,0.0
1155,0.0009090309598215529,0.0009090309598215529,0.0
1156,0.0009090055567942629,0.0009090055567942629,0.0
1157,0.0009090193639795831,0.0009090193639795831,0.0
1158,0.0009090565842518009,0.0009090565842518009,0.0
1159,0.0009090245878627009,0.0009090245878627009,0.0
1160,0.0009090225378663392,0.0009090225378663392,0.0
1161,0.0009090090799390385,0.0009090090799390385,0.0
1162,0.0009090299786641627,0.0009090299786641627,0.0
1163,0.0009090220935515336,0.0009090220935515336,0.0
1164,0.0009090268593627861,0.0009090268593627861,0.0
1165,0.0009089975381069501,0.0009089975381069501,0.0
1166,0.0009090099207482814,0.0009090099207482814,0.0
1167,0.0009090023248892005,0.0009090023248892005,0.0
1168,0.0009089878708892987,0.0009089878708892987,0.0
1169,0.0009089929770521521,0.0009089929770521521,0.0
1170,0.0009089934455860119,0.0009089934455860119,0.0
1171,0.0009090036257602379,0.0009090036257602379,0.0
1172,0.0009089980065197439,0.0009089980065197439,0.0
1173,0.0009089892853216469,0.0009089892853216469,0.0
1174,0.0009090116655351823,0.0009090116655351823,0.0
1175,0.0009089672384361392,0.0009089672384361392,0.0
1176,0.0009089543585619559,0.0009089543585619559,0.0
1177,0.0009089788834870996,0.0009089788834870996,0.0
1178,0.0009089988894219738,0.0009089988894219738,0.0
1179,0.00090896306500359,0.00090896306500359,0.0
1180,0.000908970233735805,0.000908970233735805,0.0
1181,0.0009090079224542218,0.0009090079224542218,0.0
1182,0.0009089798964213534,0.0009089798964213534,0.0
1183,0.0009089678274196262,0.0009089678274196262,0.0
1184,0.0009089856107950771,0.0009089856107950771,0.0
1185,0.0009089771888147747,0.0009089771888147747,0.0
1186,0.0009090137604988778,0.0009090137604988778,0.0
1187,0.0009089806060722115,0.0009089806060722115,0.0
1188,0.0009089625689885326,0.0009089625689885326,0.0
1189,0.0009089721928462139,0.0009089721928462139,0.0
1190,0.0009089869938437385,0.0009089869938437385,0.0
1191,0.0009089741209142658,0.0009089741209142658,0.0
1192,0.0009089436282593853,0.0009089436282593853,0.0
1193,0.0009089384461876391,0.0009089384461876391,0.0
1194,0.0009089509447650667,0.0009089509447650667,0.0
1195,0.0009089560959164963,0.0009089560959164963,0.0
1196,0.0009089274205774707,0.0009089274205774707,0.0
1197,0.000908912346973107,0.000908912346973107,0.0
1198,0.000908929835164319,0.000908929835164319,0.0
1199,0.000908940065511011,0.000908940065511011,0.0
1200,0.0009089458777728928,0.0009089458777728928,0.0
1201,0.000908942312141968,0.000908942312141968,0.0
1202,0.0009089207784070639,0.0009089207784070639,0.0
1203,0.0009089328564621023,0.0009089328564621023,0.0
1204,0.0009089460461761541,0.0009089460461761541,0.0
1205,0.0009089114218583071,0.0009089114218583071,0.0
1206,0.0009089168838844995,0.0009089168838844995,0.0
1207,0.0009089248121802726,0.0009089248121802726,0.0
1208,0.0009089272264646216,0.0009089272264646216,0.0
1209,0.000908913399675014,0.000908913399675014,0.0
1210,0.0009089063741765556,0.0009089063741765556,0.0
1211,0.0009089245588300649,0.0009089245588300649,0.0
1212,0.0009088979299730425,0.0009088979299730425,0.0
1213,0.0009089126889814162,0.0009089126889814162,0.0
1214,0.0009088873575125645,0.0009088873575125645,0.0
1215,0.0009088860572745732,0.0009088860572745732,0.0
1216,0.0009089120107649162,0.0009089120107649162,0.0
1217,0.0009088936343572649,0.0009088936343572649,0.0
1218,0.0009088745095666168,0.0009088745095666168,0.0
1219,0.0009088685280109518,0.0009088685280109518,0.0
1220,0.000908908181614095,0.000908908181614095,0.0
1221,0.0009088934744884689,0.0009088934744884689,0.0
1222,0.0009089099189741638,0.0009089099189741638,0.0
1223,0.0009088732919709482,0.0009088732919709482,0.0
1224,0.0009088859630654493,0.0009088859630654493,0.0
1225,0.0009088925210740856,0.0009088925210740856,0.0
1226,0.000908862041355531,0.000908862041355531,0.0
1227,0.0009088788010810318,0.0009088788010810318,0.0
1228,0.0009088527113110352,0.0009088527113110352,0.0
1229,0.0009088537070876634,0.0009088537070876634,0.0
1230,0.0009089063100930452,0.0009089063100930452,0.0
1231,0.0009088368756250921,0.0009088368756250921,0.0
1232,0.0009088184111662564,0.0009088184111662564,0.0
1233,0.0009088663603308596,0.0009088663603308596,0.0
1234,0.0009088385313740874,0.0009088385313740874,0.0
1235,0.0009088503494098777,0.0009088503494098777,0.0
1236,0.0009088513605287841,0.0009088513605287841,0.0
1237,0.0009088468208537461,0.0009088468208537461,0.0
1238,0.0009088571141131746,0.0009088571141131746,0.0
1239,0.0009088606380785321,0.0009088606380785321,0.0
1240,0.0009088414671917641,0.0009088414671917641,0.0
1241,0.0009088302632671991,0.0009088302632671991,0.0
1242,0.0009088237682877008,0.0009088237682877008,0.0
1243,0.0009088153871982012,0.0009088153871982012,0.0
1244,0.0009088442408045854,0.0009088442408045854,0.0
1245,0.0009088636289390107,0.0009088636289390107,0.0
1246,0.0009088134074423221,0.0009088134074423221,0.0
1247,0.0009088588824836378,0.0009088588824836378,0.0
1248,0.000908809506381481,0.000908809506381481,0.0
1249,0.0009088506222251832,0.0009088506222251832,0.0
1250,0.0009088253231255379,0.0009088253231255379,0.0
1251,0.0009088419478096039,0.0009088419478096039,0.0
1252,0.0009088166953061225,0.0009088166953061225,0.0
1253,0.0009088687508793334,0.0009088687508793334,0.0
1254,0.000908828008815228,0.000908828008815228,0.0
1255,0.0009088048352068417,0.0009088048352068417,0.0
1256,0.0009088387492841361,0.0009088387492841361,0.0
1257,0.0009088306968708648,0.0009088306968708648,0.0
1258,0.0009088168611325078,0.0009088168611325078,0.0
1259,0.0009088097170294745,0.0009088097170294745,0.0
1260,0.000908793664583646,0.000908793664583646,0.0
1261,0.0009088152763967704,0.0009088152763967704,0.0
1262,0.0009087893918840466,0.0009087893918840466,0.0
1263,0.0009088082894068067,0.0009088082894068067,0.0
1264,0.0009087900356497985,0.0009087900356497985,0.0
1265,0.0009088190568922487,0.0009088190568922487,0.0
1266,0.0009088291097402102,0.0009088291097402102,0.0
1267,0.0009088250255075752,0.0009088250255075752,0.0
1268,0.0009088666261616787,0.0009088666261616787,0.0
1269,0.000908800839747286,0.000908800839747286,0.0
1270,0.0009087765075239619,0.0009087765075239619,0.0
1271,0.000908786310155269,0.000908786310155269,0.0
1272,0.0009088238430115356,0.0009088238430115356,0.0
1273,0.0009087767599826045,0.0009087767599826045,0.0
1274,0.0009087785972854895,0.0009087785972854895,0.0
1275,0.0009088347879717628,0.0009088347879717628,0.0
1276,0.0009087939764284244,0.0009087939764284244,0.0
1277,0.000908812962995966,0.000908812962995966,0.0
1278,0.0009087843673113997,0.0009087843673113997,0.0
1279,0.0009088189030771334,0.0009088189030771334,0.0
1280,0.00090879143238372,0.00090879143238372,0.0
1281,0.0009087587952670791,0.0009087587952670791,0.0
1282,0.0009087500524204287,0.0009087500524204287,0.0
1283,0.0009087970706981162,0.0009087970706981162,0.0
1284,0.0009087650163708091,0.0009087650163708091,0.0
1285,0.0009087696263952358,0.0009087696263952358,0.0
1286,0.0009087983231365263,0.0009087983231365263,0.0
1287,0.0009087957981645612,0.0009087957981645612,0.0
1288,0.0009087643288892269,0.0009087643288892269,0.0
1289,0.0009087848918864833,0.0009087848918864833,0.0
1290,0.0009087625180754024,0.0009087625180754024,0.0
1291,0.0009087440920324444,0.0009087440920324444,0.0
1292,0.0009087460172919589,0.0009087460172919589,0.0
1293,0.0009087936640175653,0.0009087936640175653,0.0
1294,0.0009087863960458759,0.0009087863960458759,0.0
1295,0.0009087905304521105,0.0009087905304521105,0.0
1296,0.0009087526233688762,0.0009087526233688762,0.0
1297,0.0009087466836943435,0.0009087466836943435,0.0
1298,0.0009087854044779881,0.0009087854044779881,0.0
1299,0.0009087377054776015,0.0009087377054776015,0.0
1300,0.0009087426899531064,0.0009087426899531064,0.0
1301,0.0009087729946635639,0.0009087729946635639,0.0
1302,0.0009087498218094826,0.0009087498218094826,0.0
1303,0.0009087379788884512,0.0009087379788884512,0.0
1304,0.0009087626387908055,0.0009087626387908055,0.0
1305,0.0009087833350265941,0.0009087833350265941,0.0
1306,0.000908760006892315,0.000908760006892315,0.0
1307,0.000908746908082226,0.000908746908082226,0.0
1308,0.0009087699668911024,0.0009087699668911024,0.0
1309,0.0009087523549285488,0.0009087523549285488,0.0
1310,0.0009087210074952349,0.0009087210074952349,0.0
1311,0.0009087255787425337,0.0009087255787425337,0.0
1312,0.0009087189652332454,0.0009087189652332454,0.0
1313,0.0009087268905239559,0.0009087268905239559,0.0
1314,0.000908748838847235,0.000908748838847235,0.0
1315,0.0009087568494311939,0.0009087568494311939,0.0
1316,0.0009087352998865937,0.0009087352998865937,0.0
1317,0.0009087692520208744,0.0009087692520208744,0.0
1318,0.0009087373282897857,0.0009087373282897857,0.0
1319,0.0009087187544422053,0.0009087187544422053,0.0
1320,0.0009087393652047386,0.0009087393652047386,0.0
1321,0.0009087446950769935,0.0009087446950769935,0.0
1322,0.0009087036211232537,0.0009087036211232537,0.0
1323,0.0009086992649615051,0.0009086992649615051,0.0
1324,0.0009087494743282349,0.0009087494743282349,0.0
1325,0.0009087523907425505,0.0009087523907425505,0.0
1326,0.0009087134048072915,0.0009087134048072915,0.0
1327,0.0009087502988316005,0.0009087502988316005,0.0
1328,0.0009087312144493718,0.0009087312144493718,0.0
1329,0.0009087543794735486,0.0009087543794735486,0.0
1330,0.0009087253675088852,0.0009087253675088852,0.0
1331,0.0009087035086279186,0.0009087035086279186,0.0
1332,0.0009087478013714617,0.0009087478013714617,0.0
1333,0.0009087516303676958,0.0009087516303676958,0.0
1334,0.000908723773046972,0.000908723773046972,0.0
1335,0.0009087156490320981,0.0009087156490320981,0.0
1336,0.0009087530905546367,0.0009087530905546367,0.0
1337,0.0009087200842908826,0.0009087200842908826,0.0
1338,0.0009087297173499936,0.0009087297173499936,0.0
1339,0.0009087044003165587,0.0009087044003165587,0.0
1340,0.0009087192906033103,0.0009087192906033103,0.0
1341,0.0009086906093001886,0.0009086906093001886,0.0
1342,0.0009086920959412255,0.0009086920959412255,0.0
1343,0.0009086939005013043,0.0009086939005013043,0.0
1344,0.0009086859513170047,0.0009086859513170047,0.0
1345,0.0009086896447028236,0.0009086896447028236,0.0
1346,0.0009086777151800249,0.0009086777151800249,0.0
1347,0.0009086718653012396,0.0009086718653012396,0.0
1348,0.0009087137427161513,0.0009087137427161513,0.0
1349,0.0009087107980272405,0.0009087107980272405,0.0
1350,0.0009087140626641106,0.0009087140626641106,0.0
1351,0.0009086802967609115,0.0009086802967609115,0.0
1352,0.0009086662808255437,0.0009086662808255437,0.0
1353,0.00090865643330106,0.00090865643330106,0.0
1354,0.0009086802125896707,0.0009086802125896707,0.0
1355,0.0009086653510420393,0.0009086653510420393,0.0
1356,0.000908673935645075,0.000908673935645075,0.0
1357,0.0009086561354768028,0.0009086561354768028,0.0
1358,0.0009086547340794282,0.0009086547340794282,0.0
1359,0.0009086584944621447,0.0009086584944621447,0.0
1360,0.0009086654764836558,0.0009086654764836558,0.0
1361,0.0009086780457613102,0.0009086780457613102,0.0
1362,0.0009086542823210171,0.0009086542823210171,0.0
1363,0.0009086853039868833,0.0009086853039868833,0.0
1364,0.0009086266646915568,0.0009086266646915568,0.0
1365,0.0009086115927587449,0.0009086115927587449,0.0
1366,0.0009086544452892764,0.0009086544452892764,0.0
1367,0.0009086438843505109,0.0009086438843505109,0.0
1368,0.0009086404888532652,0.0009086404888532652,0.0
1369,0.0009086270327814461,0.0009086270327814461,0.0
1370,0.0009086211748398893,0.0009086211748398893,0.0
1371,0.0009086069908841221,0.0009086069908841221,0.0
1372,0.0009086033229348957,0.0009086033229348957,0.0
1373,0.0009086050760178134,0.0009086050760178134,0.0
1374,0.0009085897882515797,0.0009085897882515797,0.0
1375,0.000908578250670824,0.000908578250670824,0.0
1376,0.0009085869777385782,0.0009085869777385782,0.0
1377,0.0009086147444387796,0.0009086147444387796,0.0
1378,0.000908567486132773,0.000908567486132773,0.0
1379,0.0009085465177814027,0.0009085465177814027,0.0
1380,0.0009085651148009857,0.0009085651148009857,0.0
1381,0.000908560329257592,0.000908560329257592,0.0
1382,0.0009085593074405955,0.0009085593074405955,0.0
1383,0.0009085705938957682,0.0009085705938957682,0.0
1384,0.0009085825106784981,0.0009085825106784981,0.0
1385,0.0009085816234724572,0.0009085816234724572,0.0
1386,0.0009085822684843728,0.0009085822684843728,0.0
1387,0.0009085471150415296,0.0009085471150415296,0.0
1388,0.0009085258364574117,0.0009085258364574117,0.0
1389,0.0009085381935869195,0.0009085381935869195,0.0
1390,0.0009085459188100406,0.0009085459188100406,0.0
1391,0.0009085250059031283,0.0009085250059031283,0.0
1392,0.000908568254074938,0.000908568254074938,0.0
1393,0.0009085046880726252,0.0009085046880726252,0.0
1394,0.0009085049928724316,0.0009085049928724316,0.0
1395,0.000908521861054386,0.000908521861054386,0.0
1396,0.0009085249937810963,0.0009085249937810963,0.0
1397,0.0009084968820983749,0.0009084968820983749,0.0
1398,0.000908520463944466,0.000908520463944466,0.0
1399,0.0009085323185704215,0.0009085323185704215,0.0
1400,0.0009085259174248236,0.0009085259174248236,0.0
1401,0.0009085250881948781,0.0009085250881948781,0.0
1402,0.000908516903180409,0.000908516903180409,0.0
1403,0.0009085301997178548,0.0009085301997178548,0.0
1404,0.0009084981032273487,0.0009084981032273487,0.0
1405,0.000908461439249532,0.000908461439249532,0.0
1406,0.0009084536600278914,0.0009084536600278914,0.0
1407,0.0009084809420027262,0.0009084809420027262,0.0
1408,0.0009085479893544844,0.0009085479893544844,0.0
1409,0.0009084568496973936,0.0009084568496973936,0.0
1410,0.0009085451869431545,0.0009085451869431545,0.0
1411,0.0009084797048388115,0.0009084797048388115,0.0
1412,0.0009085043029511294,0.0009085043029511294,0.0
1413,0.000908454662392496,0.000908454662392496,0.0
1414,0.0009085355799336512,0.0009085355799336512,0.0
1415,0.0009084829270194206,0.0009084829270194206,0.0
1416,0.0009084984060055273,0.0009084984060055273,0.0
1417,0.0009085098821994995,0.0009085098821994995,0.0
1418,0.0009084929497532104,0.0009084929497532104,0.0
1419,0.0009084578857600966,0.0009084578857600966,0.0
1420,0.0009084708526356424,0.0009084708526356424,0.0
1421,0.0009084857286936545,0.0009084857286936545,0.0
1422,0.000908470002088026,0.000908470002088026,0.0
1423,0.0009084267096295872,0.0009084267096295872,0.0
1424,0.0009084504107629294,0.0009084504107629294,0.0
1425,0.0009084969929356439,0.0009084969929356439,0.0
1426,0.0009084589550447837,0.0009084589550447837,0.0
1427,0.000908443420142188,0.000908443420142188,0.0
1428,0.0009085028802365339,0.0009085028802365339,0.0
1429,0.0009084574423091161,0.0009084574423091161,0.0
1430,0.000908445538622641,0.000908445538622641,0.0
1431,0.000908423777819553,0.000908423777819553,0.0
1432,0.000908455571185714,0.000908455571185714,0.0
1433,0.0009084789163426027,0.0009084789163426027,0.0
1434,0.0009083958100930767,0.0009083958100930767,0.0
1435,0.0009083839603626875,0.0009083839603626875,0.0
1436,0.0009084647527960734,0.0009084647527960734,0.0
1437,0.0009084752065260339,0.0009084752065260339,0.0
1438,0.000908399351709514,0.000908399351709514,0.0
1439,0.0009083885737774834,0.0009083885737774834,0.0
1440,0.0009084505142859177,0.0009084505142859177,0.0
1441,0.0009084959828281962,0.0009084959828281962,0.0
1442,0.0009084316663975562,0.0009084316663975562,0.0
1443,0.0009084702438670074,0.0009084702438670074,0.0
1444,0.0009084171830469705,0.0009084171830469705,0.0
1445,0.0009084680067807722,0.0009084680067807722,0.0
1446,0.0009084698581689419,0.0009084698581689419,0.0
1447,0.0009084244836475262,0.0009084244836475262,0.0
1448,0.0009084591725981531,0.0009084591725981531,0.0
1449,0.0009084671477131464,0.0009084671477131464,0.0
1450,0.0009084203005079237,0.0009084203005079237,0.0
1451,0.0009084630277503822,0.0009084630277503822,0.0
1452,0.00090842190233182,0.00090842190233182,0.0
1453,0.0009084428019790498,0.0009084428019790498,0.0
1454,0.0009084294130451637,0.0009084294130451637,0.0
1455,0.0009084130819878551,0.0009084130819878551,0.0
1456,0.0009083882214002931,0.0009083882214002931,0.0
1457,0.0009084068816268524,0.0009084068816268524,0.0
1458,0.0009084156894245378,0.0009084156894245378,0.0
1459,0.0009084362133568066,0.0009084362133568066,0.0
1460,0.0009083762578109134,0.0009083762578109134,0.0
1461,0.000908392510912673,0.000908392510912673,0.0
1462,0.000908397771740031,0.000908397771740031,0.0
1463,0.0009084163746476823,0.0009084163746476823,0.0
1464,0.0009084373621272714,0.0009084373621272714,0.0
1465,0.0009084011124892562,0.0009084011124892562,0.0
1466,0.0009083922473019842,0.0009083922473019842,0.0
1467,0.0009084053208361726,0.0009084053208361726,0.0
1468,0.0009083586117869147,0.0009083586117869147,0.0
1469,0.0009083532719600798,0.0009083532719600798,0.0
1470,0.0009083988442294946,0.0009083988442294946,0.0
1471,0.0009083472711574289,0.0009083472711574289,0.0
1472,0.0009083394910491459,0.0009083394910491459,0.0
1473,0.0009083702344032683,0.0009083702344032683,0.0
1474,0.0009083587458940456,0.0009083587458940456,0.0
1475,0.0009084011717447076,0.0009084011717447076,0.0
1476,0.0009084129857505134,0.0009084129857505134,0.0
1477,0.0009083773050237009,0.0009083773050237009,0.0
1478,0.0009083468075539129,0.0009083468075539129,0.0
1479,0.0009083882795206403,0.0009083882795206403,0.0
1480,0.0009083441599814734,0.0009083441599814734,0.0
1481,0.0009084020117468104,0.0009084020117468104,0.0
1482,0.0009083664607399275,0.0009083664607399275,0.0
1483,0.0009083911038912273,0.0009083911038912273,0.0
1484,0.0009083467987523901,0.0009083467987523901,0.0
1485,0.0009083303618387243,0.0009083303618387243,0.0
1486,0.000908357341322013,0.000908357341322013,0.0
1487,0.0009083642166012616,0.0009083642166012616,0.0
1488,0.0009083626242389235,0.0009083626242389235,0.0
1489,0.0009083454256741997,0.0009083454256741997,0.0
1490,0.000908371212530786,0.000908371212530786,0.0
1491,0.000908343561418172,0.000908343561418172,0.0
1492,0.0009084211778829934,0.0009084211778829934,0.0
1493,0.0009083462993723498,0.0009083462993723498,0.0
1494,0.0009083106147390854,0.0009083106147390854,0.0
1495,0.0009083112173415563,0.0009083112173415563,0.0
1496,0.0009083163524464733,0.0009083163524464733,0.0
1497,0.0009083323255067417,0.0009083323255067417,0.0
1498,0.0009083092361363054,0.0009083092361363054,0.0
1499,0.0009083349887539965,0.0009083349887539965,0.0
1500,0.0009083478971535412,0.0009083478971535412,0.0
1501,0.0009083712380942941,0.0009083712380942941,0.0
1502,0.0009083345671167477,0.0009083345671167477,0.0
1503,0.0009083125031928338,0.0009083125031928338,0.0
1504,0.0009083667765209932,0.0009083667765209932,0.0
1505,0.000908331004526501,0.000908331004526501,0.0
1506,0.0009083377407729939,0.0009083377407729939,0.0
1507,0.0009083089710861531,0.0009083089710861531,0.0
1508,0.0009083339041904885,0.0009083339041904885,0.0
1509,0.0009082983599994292,0.0009082983599994292,0.0
1510,0.0009083068980185459,0.0009083068980185459,0.0
1511,0.0009083508944603591,0.0009083508944603591,0.0
1512,0.0009083210978421809,0.0009083210978421809,0.0
1513,0.0009083079335968158,0.0009083079335968158,0.0
1514,0.0009083152906696157,0.0009083152906696157,0.0
1515,0.0009082937488683104,0.0009082937488683104,0.0
1516,0.0009083042756215475,0.0009083042756215475,0.0
1517,0.000908341299970379,0.000908341299970379,0.0
1518,0.0009083531260331473,0.0009083531260331473,0.0
1519,0.0009083169687656029,0.0009083169687656029,0.0
1520,0.0009083391575378126,0.0009083391575378126,0.0
1521,0.0009083471202730447,0.0009083471202730447,0.0
1522,0.0009083122535008095,0.0009083122535008095,0.0
1523,0.0009083087440993411,0.0009083087440993411,0.0
1524,0.0009083453052883292,0.0009083453052883292,0.0
1525,0.0009083114014328153,0.0009083114014328153,0.0
1526,0.0009083297561646768,0.0009083297561646768,0.0
1527,0.0009082908623160317,0.0009082908623160317,0.0
1528,0.0009082996250297373,0.0009082996250297373,0.0
1529,0.0009082984780315654,0.0009082984780315654,0.0
1530,0.000908300268725132,0.000908300268725132,0.0
1531,0.0009082852766447413,0.0009082852766447413,0.0
1532,0.0009082989251624285,0.0009082989251624285,0.0
1533,0.0009083175713954074,0.0009083175713954074,0.0
1534,0.0009082897862148774,0.0009082897862148774,0.0
1535,0.0009083228005928462,0.0009083228005928462,0.0
1536,0.0009082983455994917,0.0009082983455994917,0.0
1537,0.0009082916226833652,0.0009082916226833652,0.0
1538,0.0009083002755425916,0.0009083002755425916,0.0
1539,0.0009082947459104762,0.0009082947459104762,0.0
1540,0.0009082836376093905,0.0009082836376093905,0.0
1541,0.0009082989332919492,0.0009082989332919492,0.0
1542,0.0009082861136696881,0.0009082861136696881,0.0
1543,0.0009082781758505526,0.0009082781758505526,0.0
1544,0.0009082899753176377,0.0009082899753176377,0.0
1545,0.0009082880459461535,0.0009082880459461535,0.0
1546,0.0009082882512725151,0.0009082882512725151,0.0
1547,0.0009082782156313558,0.0009082782156313558,0.0
1548,0.0009082921339877303,0.0009082921339877303,0.0
1549,0.0009082754626085298,0.0009082754626085298,0.0
1550,0.0009082994296166903,0.0009082994296166903,0.0
1551,0.0009083025589464298,0.0009083025589464298,0.0
1552,0.000908282898579385,0.000908282898579385,0.0
1553,0.0009082877763320735,0.0009082877763320735,0.0
1554,0.0009082876541988726,0.0009082876541988726,0.0
1555,0.000908277047782054,0.000908277047782054,0.0
1556,0.0009082712030640917,0.0009082712030640917,0.0
1557,0.0009082890563430283,0.0009082890563430283,0.0
1558,0.000908279243274195,0.000908279243274195,0.0
1559,0.0009082760163831393,0.0009082760163831393,0.0
1560,0.0009082945702080542,0.0009082945702080542,0.0
1561,0.0009082766781369801,0.0009082766781369801,0.0
1562,0.0009082784626191726,0.0009082784626191726,0.0
1563,0.0009082708376981741,0.0009082708376981741,0.0
1564,0.0009082907487868884,0.0009082907487868884,0.0
1565,0.0009082663613232203,0.0009082663613232203,0.0
1566,0.000908280139473559,0.000908280139473559,0.0
1567,0.0009082792973954217,0.0009082792973954217,0.0
1568,0.0009082702294151341,0.0009082702294151341,0.0
1569,0.0009082864130321296,0.0009082864130321296,0.0
1570,0.0009082748648158213,0.0009082748648158213,0.0
1571,0.0009082918484425482,0.0009082918484425482,0.0
1572,0.0009082705864825369,0.0009082705864825369,0.0
1573,0.0009082610126607806,0.0009082610126607806,0.0
1574,0.0009082735609602734,0.0009082735609602734,0.0
1575,0.0009082691391841833,0.0009082691391841833,0.0
1576,0.0009082700507547093,0.0009082700507547093,0.0
1577,0.0009082626110967899,0.0009082626110967899,0.0
1578,0.0009082689133029999,0.0009082689133029999,0.0
1579,0.000908271926782117,0.000908271926782117,0.0
1580,0.0009082733363645252,0.0009082733363645252,0.0
1581,0.0009082672987799279,0.0009082672987799279,0.0
1582,0.0009082741346407859,0.0009082741346407859,0.0
1583,0.0009082585339453879,0.0009082585339453879,0.0
1584,0.0009082725294744535,0.0009082725294744535,0.0
1585,0.0009082532950421602,0.0009082532950421602,0.0
1586,0.0009082597744906898,0.0009082597744906898,0.0
1587,0.0009082649228020954,0.0009082649228020954,0.0
1588,0.0009082550365049482,0.0009082550365049482,0.0
1589,0.000908274568105916,0.000908274568105916,0.0
1590,0.0009082605210556928,0.0009082605210556928,0.0
1591,0.0009082700471030428,0.0009082700471030428,0.0
1592,0.0009082697729705764,0.0009082697729705764,0.0
1593,0.0009082657257207143,0.0009082657257207143,0.0
1594,0.0009082550429398223,0.0009082550429398223,0.0
1595,0.0009082652716058614,0.0009082652716058614,0.0
1596,0.0009082522668099316,0.0009082522668099316,0.0
1597,0.0009082641688942262,0.0009082641688942262,0.0
1598,0.0009082584376418071,0.0009082584376418071,0.0
1599,0.0009082572596695149,0.0009082572596695149,0.0
1600,0.0009082667128476952,0.0009082667128476952,0.0
1601,0.0009082653659579037,0.0009082653659579037,0.0
1602,0.0009082709807657021,0.0009082709807657021,0.0
1603,0.000908256067106567,0.000908256067106567,0.0
1604,0.0009082499940210366,0.0009082499940210366,0.0
1605,0.0009082653587874863,0.0009082653587874863,0.0
1606,0.000908258305475268,0.000908258305475268,0.0
1607,0.0009082666736776254,0.0009082666736776254,0.0
1608,0.0009082546863964433,0.0009082546863964433,0.0
1609,0.0009082574047875274,0.0009082574047875274,0.0
1610,0.00090825686124932,0.00090825686124932,0.0
1611,0.0009082609545939778,0.0009082609545939778,0.0
1612,0.0009082671818097116,0.0009082671818097116,0.0
1613,0.0009082530352197875,0.0009082530352197875,0.0
1614,0.0009082587894811492,0.0009082587894811492,0.0
1615,0.0009082567095929097,0.0009082567095929097,0.0
1616,0.0009082466185360939,0.0009082466185360939,0.0
1617,0.0009082563049524158,0.0009082563049524158,0.0
1618,0.0009082596777425826,0.0009082596777425826,0.0
1619,0.0009082479464614608,0.0009082479464614608,0.0
1620,0.0009082619266513766,0.0009082619266513766,0.0
1621,0.0009082497029110002,0.0009082497029110002,0.0
1622,0.0009082588118910802,0.0009082588118910802,0.0
1623,0.0009082499510875911,0.0009082499510875911,0.0
1624,0.000908261465617393,0.000908261465617393,0.0
1625,0.0009082496755427563,0.0009082496755427563,0.0
1626,0.0009082558840268339,0.0009082558840268339,0.0
1627,0.0009082632044105253,0.0009082632044105253,0.0
1628,0.000908249341237937,0.000908249341237937,0.0
1629,0.0009082642365459359,0.0009082642365459359,0.0
1630,0.000908248478500478,0.000908248478500478,0.0
1631,0.000908251829784394,0.000908251829784394,0.0
1632,0.0009082566959653126,0.0009082566959653126,0.0
1633,0.0009082617315193994,0.0009082617315193994,0.0
1634,0.0009082486844032258,0.0009082486844032258,0.0
1635,0.0009082572151936413,0.0009082572151936413,0.0
1636,0.0009082492667315283,0.0009082492667315283,0.0
1637,0.0009082401750661775,0.0009082401750661775,0.0
1638,0.0009082374587070616,0.0009082374587070616,0.0
1639,0.0009082574448207787,0.0009082574448207787,0.0
1640,0.0009082480677042943,0.0009082480677042943,0.0
1641,0.0009082492811525308,0.0009082492811525308,0.0
1642,0.0009082469259124462,0.0009082469259124462,0.0
1643,0.0009082415682708564,0.0009082415682708564,0.0
1644,0.000908244115813076,0.000908244115813076,0.0
1645,0.0009082423197621326,0.0009082423197621326,0.0
1646,0.0009082539305405617,0.0009082539305405617,0.0
1647,0.0009082451659073474,0.0009082451659073474,0.0
1648,0.0009082476238824232,0.0009082476238824232,0.0
1649,0.0009082488417008987,0.0009082488417008987,0.0
1650,0.0009082416039258703,0.0009082416039258703,0.0
1651,0.0009082430220433913,0.0009082430220433913,0.0
1652,0.0009082392364050689,0.0009082392364050689,0.0
1653,0.0009082406945199545,0.0009082406945199545,0.0
1654,0.0009082485303912789,0.0009082485303912789,0.0
1655,0.0009082427557716181,0.0009082427557716181,0.0
1656,0.000908244798768106,0.000908244798768106,0.0
1657,0.0009082419740413267,0.0009082419740413267,0.0
1658,0.0009082460257037062,0.0009082460257037062,0.0
1659,0.0009082452270998356,0.0009082452270998356,0.0
1660,0.0009082386243057433,0.0009082386243057433,0.0
1661,0.0009082384281912543,0.0009082384281912543,0.0
1662,0.0009082399750890894,0.0009082399750890894,0.0
1663,0.0009082420195650053,0.0009082420195650053,0.0
1664,0.0009082352376721543,0.0009082352376721543,0.0
1665,0.0009082389571701778,0.0009082389571701778,0.0
1666,0.0009082425560433535,0.0009082425560433535,0.0
1667,0.0009082400170720813,0.0009082400170720813,0.0
1668,0.0009082326904247451,0.0009082326904247451,0.0
1669,0.0009082330586273716,0.0009082330586273716,0.0
1670,0.0009082398215228461,0.0009082398215228461,0.0
1671,0.0009082444816929471,0.0009082444816929471,0.0
1672,0.0009082381135243239,0.0009082381135243239,0.0
1673,0.0009082327361311343,0.0009082327361311343,0.0
1674,0.000908236878516844,0.000908236878516844,0.0
1675,0.0009082439736214456,0.0009082439736214456,0.0
1676,0.0009082370253580084,0.0009082370253580084,0.0
1677,0.0009082421218678938,0.0009082421218678938,0.0
1678,0.0009082369409707643,0.0009082369409707643,0.0
1679,0.0009082437454175015,0.0009082437454175015,0.0
1680,0.0009082367633435215,0.0009082367633435215,0.0
1681,0.0009082388098405867,0.0009082388098405867,0.0
1682,0.0009082330396635927,0.0009082330396635927,0.0
1683,0.000908231893981038,0.000908231893981038,0.0
1684,0.0009082341277776505,0.0009082341277776505,0.0
1685,0.0009082345519195496,0.0009082345519195496,0.0
1686,0.0009082382776047204,0.0009082382776047204,0.0
1687,0.0009082396056689245,0.0009082396056689245,0.0
1688,0.0009082356394151093,0.0009082356394151093,0.0
1689,0.0009082414350145116,0.0009082414350145116,0.0
1690,0.0009082348179390151,0.0009082348179390151,0.0
1691,0.0009082354589262882,0.0009082354589262882,0.0
1692,0.0009082397474383245,0.0009082397474383245,0.0
1693,0.0009082345292006554,0.0009082345292006554,0.0
1694,0.0009082330229031241,0.0009082330229031241,0.0
1695,0.0009082333190865525,0.0009082333190865525,0.0
1696,0.0009082378055216555,0.0009082378055216555,0.0
1697,0.0009082300287170995,0.0009082300287170995,0.0
1698,0.0009082307914673721,0.0009082307914673721,0.0
1699,0.0009082380645121074,0.0009082380645121074,0.0
1700,0.0009082336004488692,0.0009082336004488692,0.0
1701,0.0009082316493001894,0.0009082316493001894,0.0
1702,0.000908232397564737,0.000908232397564737,0.0
1703,0.0009082312130649692,0.0009082312130649692,0.0
1704,0.0009082323741318471,0.0009082323741318471,0.0
1705,0.0009082312012525898,0.0009082312012525898,0.0
1706,0.0009082326272808922,0.0009082326272808922,0.0
1707,0.0009082354101548303,0.0009082354101548303,0.0
1708,0.0009082318272672005,0.0009082318272672005,0.0
1709,0.0009082290539180166,0.0009082290539180166,0.0
1710,0.0009082311797441417,0.0009082311797441417,0.0
1711,0.0009082302723518246,0.0009082302723518246,0.0
1712,0.0009082288975759029,0.0009082288975759029,0.0
1713,0.0009082314396090536,0.0009082314396090536,0.0
1714,0.0009082283031173462,0.0009082283031173462,0.0
1715,0.0009082306529091433,0.0009082306529091433,0.0
1716,0.0009082273667334326,0.0009082273667334326,0.0
1717,0.0009082277713534074,0.0009082277713534074,0.0
1718,0.0009082303507447199,0.0009082303507447199,0.0
1719,0.000908231475938304,0.000908231475938304,0.0
1720,0.0009082305640740802,0.0009082305640740802,0.0
1721,0.000908226369040799,0.000908226369040799,0.0
1722,0.0009082260665632687,0.0009082260665632687,0.0
1723,0.0009082278839855629,0.0009082278839855629,0.0
1724,0.0009082325071549822,0.0009082325071549822,0.0
1725,0.0009082290782635765,0.0009082290782635765,0.0
1726,0.0009082286048947009,0.0009082286048947009,0.0
1727,0.0009082292568676329,0.0009082292568676329,0.0
1728,0.0009082316479713526,0.0009082316479713526,0.0
1729,0.0009082253085055952,0.0009082253085055952,0.0
1730,0.0009082255476614188,0.0009082255476614188,0.0
1731,0.0009082251976651371,0.0009082251976651371,0.0
1732,0.0009082260895821851,0.0009082260895821851,0.0
1733,0.0009082297452241347,0.0009082297452241347,0.0
1734,0.0009082289147013825,0.0009082289147013825,0.0
1735,0.00090822600986139,0.00090822600986139,0.0
1736,0.0009082263608130935,0.0009082263608130935,0.0
1737,0.0009082274178355804,0.0009082274178355804,0.0
1738,0.0009082265803965721,0.0009082265803965721,0.0
1739,0.0009082264205474312,0.0009082264205474312,0.0
1740,0.0009082245216794538,0.0009082245216794538,0.0
1741,0.0009082274210719306,0.0009082274210719306,0.0
1742,0.0009082278064897832,0.0009082278064897832,0.0
1743,0.0009082284149276081,0.0009082284149276081,0.0
1744,0.0009082252049950343,0.0009082252049950343,0.0
1745,0.00090822527847804,0.00090822527847804,0.0
1746,0.0009082260003474723,0.0009082260003474723,0.0
1747,0.0009082243755117546,0.0009082243755117546,0.0
1748,0.0009082286613525007,0.0009082286613525007,0.0
1749,0.0009082221357811292,0.0009082221357811292,0.0
1750,0.0009082226856765438,0.0009082226856765438,0.0
1751,0.0009082256994418457,0.0009082256994418457,0.0
1752,0.0009082217343670462,0.0009082217343670462,0.0
1753,0.0009082224819474764,0.0009082224819474764,0.0
1754,0.0009082272608405008,0.0009082272608405008,0.0
1755,0.0009082270689878066,0.0009082270689878066,0.0
1756,0.0009082289011019105,0.0009082289011019105,0.0
1757,0.0009082242847734633,0.0009082242847734633,0.0
1758,0.0009082204371636364,0.0009082204371636364,0.0
1759,0.0009082188873930429,0.0009082188873930429,0.0
1760,0.0009082259910973721,0.0009082259910973721,0.0
1761,0.0009082267946898499,0.0009082267946898499,0.0
1762,0.0009082237335498009,0.0009082237335498009,0.0
1763,0.0009082237841247017,0.0009082237841247017,0.0
1764,0.0009082239064898981,0.0009082239064898981,0.0
1765,0.0009082264956534035,0.0009082264956534035,0.0
1766,0.0009082234814861808,0.0009082234814861808,0.0
1767,0.0009082230776002189,0.0009082230776002189,0.0
1768,0.0009082222622947892,0.0009082222622947892,0.0
1769,0.0009082244894204756,0.0009082244894204756,0.0
1770,0.0009082244685731455,0.0009082244685731455,0.0
1771,0.0009082228779658297,0.0009082228779658297,0.0
1772,0.0009082221896948124,0.0009082221896948124,0.0
1773,0.0009082224126025695,0.0009082224126025695,0.0
1774,0.00090822319277766,0.00090822319277766,0.0
1775,0.000908218972962758,0.000908218972962758,0.0
1776,0.0009082217129026952,0.0009082217129026952,0.0
1777,0.0009082226132351672,0.0009082226132351672,0.0
1778,0.0009082231900250958,0.0009082231900250958,0.0
1779,0.0009082211390858614,0.0009082211390858614,0.0
1780,0.0009082194017503758,0.0009082194017503758,0.0
1781,0.0009082208582940608,0.0009082208582940608,0.0
1782,0.0009082193606100799,0.0009082193606100799,0.0
1783,0.0009082172141152727,0.0009082172141152727,0.0
1784,0.0009082160567004231,0.0009082160567004231,0.0
1785,0.0009082180925607669,0.0009082180925607669,0.0
1786,0.0009082215202572623,0.0009082215202572623,0.0
1787,0.0009082210667532601,0.0009082210667532601,0.0
1788,0.0009082197723535364,0.0009082197723535364,0.0
1789,0.0009082182453403647,0.0009082182453403647,0.0
1790,0.0009082205816792213,0.0009082205816792213,0.0
1791,0.0009082202401615253,0.0009082202401615253,0.0
1792,0.0009082192750267589,0.0009082192750267589,0.0
1793,0.0009082160226881155,0.0009082160226881155,0.0
1794,0.0009082163734983723,0.0009082163734983723,0.0
1795,0.0009082171160480157,0.0009082171160480157,0.0
1796,0.0009082145008947722,0.0009082145008947722,0.0
1797,0.0009082132941187067,0.0009082132941187067,0.0
1798,0.0009082175475884766,0.0009082175475884766,0.0
1799,0.0009082172022418111,0.0009082172022418111,0.0
1800,0.0009082165622619564,0.0009082165622619564,0.0
1801,0.0009082164777359326,0.0009082164777359326,0.0
1802,0.0009082135438933242,0.0009082135438933242,0.0
1803,0.0009082182817953728,0.0009082182817953728,0.0
1804,0.0009082154272770344,0.0009082154272770344,0.0
1805,0.0009082152562144164,0.0009082152562144164,0.0
1806,0.0009082125637739648,0.0009082125637739648,0.0
1807,0.0009082124945187515,0.0009082124945187515,0.0
1808,0.0009082158627500334,0.0009082158627500334,0.0
1809,0.0009082150474469998,0.0009082150474469998,0.0
1810,0.0009082114975932602,0.0009082114975932602,0.0
1811,0.0009082117300643414,0.0009082117300643414,0.0
1812,0.0009082124534391017,0.0009082124534391017,0.0
1813,0.0009082173235611885,0.0009082173235611885,0.0
1814,0.0009082114592000464,0.0009082114592000464,0.0
1815,0.0009082132233110465,0.0009082132233110465,0.0
1816,0.0009082097282911665,0.0009082097282911665,0.0
1817,0.0009082090541253699,0.0009082090541253699,0.0
1818,0.0009082135506550072,0.0009082135506550072,0.0
1819,0.000908216139168602,0.000908216139168602,0.0
1820,0.0009082085292165115,0.0009082085292165115,0.0
1821,0.0009082073892131247,0.0009082073892131247,0.0
1822,0.0009082087699338122,0.0009082087699338122,0.0
1823,0.0009082121069540754,0.0009082121069540754,0.0
1824,0.0009082086122427956,0.0009082086122427956,0.0
1825,0.0009082139913804399,0.0009082139913804399,0.0
1826,0.0009082110880236784,0.0009082110880236784,0.0
1827,0.0009082107688333804,0.0009082107688333804,0.0
1828,0.0009082068044668381,0.0009082068044668381,0.0
1829,0.0009082083300996776,0.0009082083300996776,0.0
1830,0.0009082064035659695,0.0009082064035659695,0.0
1831,0.000908207882498161,0.000908207882498161,0.0
1832,0.0009082053073984767,0.0009082053073984767,0.0
1833,0.0009082059718629091,0.0009082059718629091,0.0
1834,0.0009082082662009188,0.0009082082662009188,0.0
1835,0.0009082116212261758,0.0009082116212261758,0.0
1836,0.0009082084717421448,0.0009082084717421448,0.0
1837,0.0009082046569801065,0.0009082046569801065,0.0
1838,0.0009082059860352233,0.0009082059860352233,0.0
1839,0.0009082022391473022,0.0009082022391473022,0.0
1840,0.0009082001934283396,0.0009082001934283396,0.0
1841,0.0009082069827138256,0.0009082069827138256,0.0
1842,0.0009082044925523084,0.0009082044925523084,0.0
1843,0.0009082078374839941,0.0009082078374839941,0.0
1844,0.0009082057850485679,0.0009082057850485679,0.0
1845,0.0009081995529153615,0.0009081995529153615,0.0
1846,0.0009081968121024037,0.0009081968121024037,0.0
1847,0.000908197503575939,0.000908197503575939,0.0
1848,0.0009082037331413884,0.0009082037331413884,0.0
1849,0.0009082005856344635,0.0009082005856344635,0.0
1850,0.0009081997151812613,0.0009081997151812613,0.0
1851,0.0009082045447162606,0.0009082045447162606,0.0
1852,0.0009081999194579864,0.0009081999194579864,0.0
1853,0.0009081967936681254,0.0009081967936681254,0.0
1854,0.0009081972938035733,0.0009081972938035733,0.0
1855,0.0009081957263220695,0.0009081957263220695,0.0
1856,0.0009081953681117613,0.0009081953681117613,0.0
1857,0.0009082000838474092,0.0009082000838474092,0.0
1858,0.0009081982274219268,0.0009081982274219268,0.0
1859,0.0009082002648869588,0.0009082002648869588,0.0
1860,0.000908201482267428,0.000908201482267428,0.0
1861,0.0009081902122619558,0.0009081902122619558,0.0
1862,0.0009081846020434724,0.0009081846020434724,0.0
1863,0.0009081955210238422,0.0009081955210238422,0.0
1864,0.0009081888131880789,0.0009081888131880789,0.0
1865,0.0009081868440723424,0.0009081868440723424,0.0
1866,0.0009081919648408932,0.0009081919648408932,0.0
1867,0.0009081900308842998,0.0009081900308842998,0.0
1868,0.0009081863641197447,0.0009081863641197447,0.0
1869,0.0009081927771881271,0.0009081927771881271,0.0
1870,0.0009081881053994424,0.0009081881053994424,0.0
1871,0.0009081958122889322,0.0009081958122889322,0.0
1872,0.0009081859416570489,0.0009081859416570489,0.0
1873,0.0009081863176479228,0.0009081863176479228,0.0
1874,0.0009081820707415123,0.0009081820707415123,0.0
1875,0.0009081806714290487,0.0009081806714290487,0.0
1876,0.000908185058644117,0.000908185058644117,0.0
1877,0.0009081813258455177,0.0009081813258455177,0.0
1878,0.0009081758615635153,0.0009081758615635153,0.0
1879,0.0009081687222429708,0.0009081687222429708,0.0
1880,0.0009081778376279892,0.0009081778376279892,0.0
1881,0.0009081798473079625,0.0009081798473079625,0.0
1882,0.0009081810544611945,0.0009081810544611945,0.0
1883,0.0009081817204073524,0.0009081817204073524,0.0
1884,0.0009081764039182619,0.0009081764039182619,0.0
1885,0.0009081752677397648,0.0009081752677397648,0.0
1886,0.0009081710363167322,0.0009081710363167322,0.0
1887,0.0009081710968069606,0.0009081710968069606,0.0
1888,0.0009081703363148037,0.0009081703363148037,0.0
1889,0.0009081699656416374,0.0009081699656416374,0.0
1890,0.0009081677965401266,0.0009081677965401266,0.0
1891,0.0009081682866772816,0.0009081682866772816,0.0
1892,0.0009081647322595132,0.0009081647322595132,0.0
1893,0.0009081601055642667,0.0009081601055642667,0.0
1894,0.0009081652315470946,0.0009081652315470946,0.0
1895,0.0009081625871825069,0.0009081625871825069,0.0
1896,0.0009081579728171314,0.0009081579728171314,0.0
1897,0.0009081514561132909,0.0009081514561132909,0.0
1898,0.0009081568252008014,0.0009081568252008014,0.0
1899,0.0009081623987126742,0.0009081623987126742,0.0
1900,0.0009081533947252994,0.0009081533947252994,0.0
1901,0.0009081655941075684,0.0009081655941075684,0.0
1902,0.0009081694846439021,0.0009081694846439021,0.0
1903,0.000908147710031569,0.000908147710031569,0.0
1904,0.0009081394547395613,0.0009081394547395613,0.0
1905,0.0009081514415140406,0.0009081514415140406,0.0
1906,0.0009081512820887842,0.0009081512820887842,0.0
1907,0.0009081470445258451,0.0009081470445258451,0.0
1908,0.0009081482726546416,0.0009081482726546416,0.0
1909,0.0009081478657607704,0.0009081478657607704,0.0
1910,0.0009081402770299143,0.0009081402770299143,0.0
1911,0.0009081381227107638,0.0009081381227107638,0.0
1912,0.0009081341711934162,0.0009081341711934162,0.0
1913,0.0009081515746239713,0.0009081515746239713,0.0
1914,0.0009081302133038369,0.0009081302133038369,0.0
1915,0.0009081190482351137,0.0009081190482351137,0.0
1916,0.0009081258508129041,0.0009081258508129041,0.0
1917,0.000908135717785987,0.000908135717785987,0.0
1918,0.0009081222556358642,0.0009081222556358642,0.0
1919,0.0009081191773106332,0.0009081191773106332,0.0
1920,0.0009081284828305902,0.0009081284828305902,0.0
1921,0.00090811928577466,0.00090811928577466,0.0
1922,0.0009081096600585167,0.0009081096600585167,0.0
1923,0.0009080912921372707,0.0009080912921372707,0.0
1924,0.0009081106867283481,0.0009081106867283481,0.0
1925,0.0009081190176559188,0.0009081190176559188,0.0
1926,0.0009081273264686157,0.0009081273264686157,0.0
1927,0.0009081052029326374,0.0009081052029326374,0.0
1928,0.0009081042357099881,0.0009081042357099881,0.0
1929,0.0009080970934116694,0.0009080970934116694,0.0
1930,0.0009080918377565266,0.0009080918377565266,0.0
1931,0.0009080844047349639,0.0009080844047349639,0.0
1932,0.0009080741231371365,0.0009080741231371365,0.0
1933,0.0009080865116925976,0.0009080865116925976,0.0
1934,0.0009080906259076085,0.0009080906259076085,0.0
1935,0.0009081161590335815,0.0009081161590335815,0.0
1936,0.0009080857277167576,0.0009080857277167576,0.0
1937,0.0009080767200691108,0.0009080767200691108,0.0
1938,0.0009080875632086846,0.0009080875632086846,0.0
1939,0.0009080740706876617,0.0009080740706876617,0.0
1940,0.0009080871614894114,0.0009080871614894114,0.0
1941,0.0009080731452078525,0.0009080731452078525,0.0
1942,0.000908082124944031,0.000908082124944031,0.0
1943,0.00090806307258468,0.00090806307258468,0.0
1944,0.0009080526940917245,0.0009080526940917245,0.0
1945,0.0009080501235573436,0.0009080501235573436,0.0
1946,0.000908029498587834,0.000908029498587834,0.0
1947,0.0009080466298677543,0.0009080466298677543,0.0
1948,0.0009080794967742379,0.0009080794967742379,0.0
1949,0.0009080767074959897,0.0009080767074959897,0.0
1950,0.0009080502660796672,0.0009080502660796672,0.0
1951,0.000908074431959272,0.000908074431959272,0.0
1952,0.0009080309401990893,0.0009080309401990893,0.0
1953,0.0009080312198370416,0.0009080312198370416,0.0
1954,0.0009080269266785937,0.0009080269266785937,0.0
1955,0.0009080129844829215,0.0009080129844829215,0.0
1956,0.0009080393626607099,0.0009080393626607099,0.0
1957,0.0009080581591374976,0.0009080581591374976,0.0
1958,0.000908098926330117,0.000908098926330117,0.0
1959,0.0009080591377904338,0.0009080591377904338,0.0
1960,0.0009080169645787304,0.0009080169645787304,0.0
1961,0.0009080576309898347,0.0009080576309898347,0.0
1962,0.0009080272183463587,0.0009080272183463587,0.0
1963,0.0009080395573985219,0.0009080395573985219,0.0
1964,0.0009081531064637567,0.0009081531064637567,0.0
1965,0.0009080437958165741,0.0009080437958165741,0.0
1966,0.0009080207990938237,0.0009080207990938237,0.0
1967,0.0009080045817135169,0.0009080045817135169,0.0
1968,0.0009079996139788683,0.0009079996139788683,0.0
1969,0.0009079907055534877,0.0009079907055534877,0.0
1970,0.0009079785873495991,0.0009079785873495991,0.0
1971,0.0009079926537750048,0.0009079926537750048,0.0
1972,0.0009080365056167098,0.0009080365056167098,0.0
1973,0.0009080160922617381,0.0009080160922617381,0.0
1974,0.0009080167419627153,0.0009080167419627153,0.0
1975,0.0009079874243512779,0.0009079874243512779,0.0
1976,0.0009079687067208505,0.0009079687067208505,0.0
1977,0.0009079448005043845,0.0009079448005043845,0.0
1978,0.0009079805881314314,0.0009079805881314314,0.0
1979,0.0009080143862449884,0.0009080143862449884,0.0
1980,0.00090798214778061,0.00090798214778061,0.0
1981,0.000907963450678441,0.000907963450678441,0.0
1982,0.000908013467007545,0.000908013467007545,0.0
1983,0.000907952673724411,0.000907952673724411,0.0
1984,0.0009079536168285815,0.0009079536168285815,0.0
1985,0.0009079424503431739,0.0009079424503431739,0.0
1986,0.000907932676709847,0.000907932676709847,0.0
1987,0.0009079631592653324,0.0009079631592653324,0.0
1988,0.0009079683184596836,0.0009079683184596836,0.0
1989,0.000907928503110227,0.000907928503110227,0.0
1990,0.0009079221644975233,0.0009079221644975233,0.0
1991,0.0009079905328073577,0.0009079905328073577,0.0
1992,0.0009079469192397885,0.0009079469192397885,0.0
1993,0.0009079616808789662,0.0009079616808789662,0.0
1994,0.0009080705827572346,0.0009080705827572346,0.0
1995,0.0009079689440919847,0.0009079689440919847,0.0
1996,0.0009079054500490524,0.0009079054500490524,0.0
1997,0.0009079087051099304,0.0009079087051099304,0.0
1998,0.000907941346989628,0.000907941346989628,0.0
1999,0.0009079208910471125,0.0009079208910471125,0.0
2000,0.0009079754713059689,0.0009079754713059689,0.0
2001,0.0009079343275902195,0.0009079343275902195,0.0
2002,0.0009079494959851666,0.0009079494959851666,0.0
2003,0.0009079187180185326,0.0009079187180185326,0.0
2004,0.000907925526016977,0.000907925526016977,0.0
2005,0.0009079818596350102,0.0009079818596350102,0.0
2006,0.0009079388699222166,0.0009079388699222166,0.0
2007,0.0009079407078244352,0.0009079407078244352,0.0
2008,0.0009079268533991433,0.0009079268533991433,0.0
2009,0.0009079166479148953,0.0009079166479148953,0.0
2010,0.000907903920476339,0.000907903920476339,0.0
2011,0.0009079382749954357,0.0009079382749954357,0.0
2012,0.0009079508125184216,0.0009079508125184216,0.0
2013,0.0009078856757292629,0.0009078856757292629,0.0
2014,0.000907893724514345,0.000907893724514345,0.0
2015,0.0009079116705468453,0.0009079116705468453,0.0
2016,0.0009079446741117564,0.0009079446741117564,0.0
2017,0.0009079343194287016,0.0009079343194287016,0.0
2018,0.0009079623488820525,0.0009079623488820525,0.0
2019,0.0009079096296151723,0.0009079096296151723,0.0
2020,0.0009079098088583463,0.0009079098088583463,0.0
2021,0.0009079271367728009,0.0009079271367728009,0.0
2022,0.0009079761476331332,0.0009079761476331332,0.0
2023,0.0009079058919282307,0.0009079058919282307,0.0
2024,0.0009079329428384834,0.0009079329428384834,0.0
2025,0.0009079097692145158,0.0009079097692145158,0.0
2026,0.0009078852458951043,0.0009078852458951043,0.0
2027,0.0009079063894153404,0.0009079063894153404,0.0
2028,0.0009079447555127322,0.0009079447555127322,0.0
2029,0.0009079054174408173,0.0009079054174408173,0.0
2030,0.0009079502120415318,0.0009079502120415318,0.0
2031,0.000907904872818224,0.000907904872818224,0.0
2032,0.0009078943726348695,0.0009078943726348695,0.0
2033,0.0009079302238751443,0.0009079302238751443,0.0
2034,0.0009078975926963622,0.0009078975926963622,0.0
2035,0.0009079194826718005,0.0009079194826718005,0.0
2036,0.0009079079265937912,0.0009079079265937912,0.0
2037,0.0009079060287283196,0.0009079060287283196,0.0
2038,0.0009078864898822885,0.0009078864898822885,0.0
2039,0.0009079105701730716,0.0009079105701730716,0.0
2040,0.0009078912131058709,0.0009078912131058709,0.0
2041,0.0009078835290226814,0.0009078835290226814,0.0
2042,0.0009079149866277255,0.0009079149866277255,0.0
2043,0.0009079052756612958,0.0009079052756612958,0.0
2044,0.0009079044782008485,0.0009079044782008485,0.0
2045,0.0009078966800607143,0.0009078966800607143,0.0
2046,0.0009079018364380636,0.0009079018364380636,0.0
2047,0.0009078731241654957,0.0009078731241654957,0.0
2048,0.0009078828466093332,0.0009078828466093332,0.0
2049,0.0009079084863484944,0.0009079084863484944,0.0
2050,0.0009078860437265218,0.0009078860437265218,0.0
2051,0.0009079031649851413,0.0009079031649851413,0.0
2052,0.0009078754312357695,0.0009078754312357695,0.0
2053,0.0009078703950249682,0.0009078703950249682,0.0
2054,0.0009078810017205884,0.0009078810017205884,0.0
2055,0.0009078722951994469,0.0009078722951994469,0.0
2056,0.0009078965158738246,0.0009078965158738246,0.0
2057,0.0009078837206710292,0.0009078837206710292,0.0
2058,0.0009078891332828277,0.0009078891332828277,0.0
2059,0.0009078911118804003,0.0009078911118804003,0.0
2060,0.0009079019550379821,0.0009079019550379821,0.0
2061,0.0009078759255040613,0.0009078759255040613,0.0
2062,0.0009079339924850671,0.0009079339924850671,0.0
2063,0.0009078776573299354,0.0009078776573299354,0.0
2064,0.0009078540456810951,0.0009078540456810951,0.0
2065,0.0009078537017577887,0.0009078537017577887,0.0
2066,0.0009078796457791393,0.0009078796457791393,0.0
2067,0.0009078812614736737,0.0009078812614736737,0.0
2068,0.0009078867479673714,0.0009078867479673714,0.0
2069,0.000907879381441569,0.000907879381441569,0.0
2070,0.0009079165344529109,0.0009079165344529109,0.0
2071,0.0009078674976681416,0.0009078674976681416,0.0
2072,0.0009078927647571285,0.0009078927647571285,0.0
2073,0.0009078710567138443,0.0009078710567138443,0.0
2074,0.000907891176558448,0.000907891176558448,0.0
2075,0.0009078692604269043,0.0009078692604269043,0.0
2076,0.0009078779128543273,0.0009078779128543273,0.0
2077,0.0009078591932439944,0.0009078591932439944,0.0
2078,0.0009078661665403528,0.0009078661665403528,0.0
2079,0.0009078561546721111,0.0009078561546721111,0.0
2080,0.0009079081548932847,0.0009079081548932847,0.0
2081,0.0009078616358523993,0.0009078616358523993,0.0
2082,0.0009078610647390757,0.0009078610647390757,0.0
2083,0.0009078657579484566,0.0009078657579484566,0.0
2084,0.0009078834945118919,0.0009078834945118919,0.0
2085,0.0009078627188286763,0.0009078627188286763,0.0
2086,0.0009078741365368035,0.0009078741365368035,0.0
2087,0.000907876853173293,0.000907876853173293,0.0
2088,0.000907864597614165,0.000907864597614165,0.0
2089,0.0009078734601459111,0.0009078734601459111,0.0
2090,0.0009078539040726604,0.0009078539040726604,0.0
2091,0.0009078571575027816,0.0009078571575027816,0.0
2092,0.0009078713028505699,0.0009078713028505699,0.0
2093,0.0009078643624963688,0.0009078643624963688,0.0
2094,0.0009078458081373849,0.0009078458081373849,0.0
2095,0.0009078553606751052,0.0009078553606751052,0.0
2096,0.0009078594439243153,0.0009078594439243153,0.0
2097,0.0009078706984682432,0.0009078706984682432,0.0
2098,0.0009078528681475054,0.0009078528681475054,0.0
2099,0.0009078647272602747,0.0009078647272602747,0.0
2100,0.0009078556192190986,0.0009078556192190986,0.0
2101,0.0009078476041280522,0.0009078476041280522,0.0
2102,0.0009078486372862781,0.0009078486372862781,0.0
2103,0.0009078626902654542,0.0009078626902654542,0.0
2104,0.0009078523716222871,0.0009078523716222871,0.0
2105,0.0009078669844531611,0.0009078669844531611,0.0
2106,0.0009078510485187475,0.0009078510485187475,0.0
2107,0.0009078463032020739,0.0009078463032020739,0.0
2108,0.0009078528617806097,0.0009078528617806097,0.0
2109,0.0009078371351809875,0.0009078371351809875,0.0
2110,0.0009078426769197097,0.0009078426769197097,0.0
2111,0.0009078742039121542,0.0009078742039121542,0.0
2112,0.0009078463776257314,0.0009078463776257314,0.0
2113,0.0009078482158818449,0.0009078482158818449,0.0
2114,0.0009078466480261849,0.0009078466480261849,0.0
2115,0.0009078394364659001,0.0009078394364659001,0.0
2116,0.0009078453945544171,0.0009078453945544171,0.0
2117,0.0009078439584965288,0.0009078439584965288,0.0
2118,0.0009078473622381032,0.0009078473622381032,0.0
2119,0.0009078533228780463,0.0009078533228780463,0.0
2120,0.0009078487761559695,0.0009078487761559695,0.0
2121,0.0009078360061074318,0.0009078360061074318,0.0
2122,0.0009078482912909701,0.0009078482912909701,0.0
2123,0.0009078586170449066,0.0009078586170449066,0.0
2124,0.0009078415268195357,0.0009078415268195357,0.0
2125,0.0009078569679351287,0.0009078569679351287,0.0
2126,0.0009078405412027036,0.0009078405412027036,0.0
2127,0.000907845050228164,0.000907845050228164,0.0
2128,0.000907838417167628,0.000907838417167628,0.0
2129,0.0009078320987414649,0.0009078320987414649,0.0
2130,0.0009078444646633985,0.0009078444646633985,0.0
2131,0.000907843698830133,0.000907843698830133,0.0
2132,0.0009078311416420658,0.0009078311416420658,0.0
2133,0.0009078381309912688,0.0009078381309912688,0.0
2134,0.0009078472437943328,0.0009078472437943328,0.0
2135,0.0009078387577075821,0.0009078387577075821,0.0
2136,0.000907853602983408,0.000907853602983408,0.0
2137,0.0009078364579433844,0.0009078364579433844,0.0
2138,0.0009078465236587126,0.0009078465236587126,0.0
2139,0.0009078487360080528,0.0009078487360080528,0.0
2140,0.0009078366829491294,0.0009078366829491294,0.0
2141,0.0009078483190960548,0.0009078483190960548,0.0
2142,0.0009078366887371789,0.0009078366887371789,0.0
2143,0.0009078322878821992,0.0009078322878821992,0.0
2144,0.0009078423911327222,0.0009078423911327222,0.0
2145,0.0009078313895758916,0.0009078313895758916,0.0
2146,0.0009078365010119096,0.0009078365010119096,0.0
2147,0.0009078406033619965,0.0009078406033619965,0.0
2148,0.0009078407246263138,0.0009078407246263138,0.0
2149,0.0009078391463784468,0.0009078391463784468,0.0
2150,0.0009078443605635168,0.0009078443605635168,0.0
2151,0.0009078329843510103,0.0009078329843510103,0.0
2152,0.0009078358932271336,0.0009078358932271336,0.0
2153,0.0009078412909225168,0.0009078412909225168,0.0
2154,0.000907832888094609,0.000907832888094609,0.0
2155,0.0009078517286572729,0.0009078517286572729,0.0
2156,0.0009078322746602136,0.0009078322746602136,0.0
2157,0.000907826044357645,0.000907826044357645,0.0
2158,0.0009078282421443171,0.0009078282421443171,0.0
2159,0.0009078324599290363,0.0009078324599290363,0.0
2160,0.0009078378936107508,0.0009078378936107508,0.0
2161,0.0009078420295800532,0.0009078420295800532,0.0
2162,0.0009078313234504175,0.0009078313234504175,0.0
2163,0.0009078352091592509,0.0009078352091592509,0.0
2164,0.0009078383091674964,0.0009078383091674964,0.0
2165,0.0009078314690190884,0.0009078314690190884,0.0
2166,0.0009078255762097593,0.0009078255762097593,0.0
2167,0.0009078271636875141,0.0009078271636875141,0.0
2168,0.0009078237630694555,0.0009078237630694555,0.0
2169,0.000907823385799475,0.000907823385799475,0.0
2170,0.0009078257265876811,0.0009078257265876811,0.0
2171,0.0009078388662228857,0.0009078388662228857,0.0
2172,0.0009078293240077384,0.0009078293240077384,0.0
2173,0.0009078216358061203,0.0009078216358061203,0.0
2174,0.0009078215406800315,0.0009078215406800315,0.0
2175,0.0009078309465099397,0.0009078309465099397,0.0
2176,0.000907831185203422,0.000907831185203422,0.0
2177,0.0009078322052106514,0.0009078322052106514,0.0
2178,0.0009078223761842389,0.0009078223761842389,0.0
2179,0.000907822641145665,0.000907822641145665,0.0
2180,0.0009078276471722789,0.0009078276471722789,0.0
2181,0.0009078236677803485,0.0009078236677803485,0.0
2182,0.0009078195955594659,0.0009078195955594659,0.0
2183,0.0009078228052365741,0.0009078228052365741,0.0
2184,0.0009078288288249382,0.0009078288288249382,0.0
2185,0.0009078232720387055,0.0009078232720387055,0.0
2186,0.0009078159518429716,0.0009078159518429716,0.0
2187,0.0009078145827225299,0.0009078145827225299,0.0
2188,0.0009078192784593876,0.0009078192784593876,0.0
2189,0.0009078144886268499,0.0009078144886268499,0.0
2190,0.0009078152899087705,0.0009078152899087705,0.0
2191,0.0009078282634450238,0.0009078282634450238,0.0
2192,0.0009078221620717309,0.0009078221620717309,0.0
2193,0.0009078214416019742,0.0009078214416019742,0.0
2194,0.0009078155459659685,0.0009078155459659685,0.0
2195,0.0009078275296663618,0.0009078275296663618,0.0
2196,0.000907823026023442,0.000907823026023442,0.0
2197,0.0009078137764453079,0.0009078137764453079,0.0
2198,0.0009078181861207234,0.0009078181861207234,0.0
2199,0.0009078311786538387,0.0009078311786538387,0.0
2200,0.0009078183454607115,0.0009078183454607115,0.0
2201,0.0009078169204978883,0.0009078169204978883,0.0
2202,0.0009078161064589859,0.0009078161064589859,0.0
2203,0.0009078101580497874,0.0009078101580497874,0.0
2204,0.0009078109240251813,0.0009078109240251813,0.0
2205,0.0009078120192752932,0.0009078120192752932,0.0
2206,0.0009078139461432718,0.0009078139461432718,0.0
2207,0.000907816241936048,0.000907816241936048,0.0
2208,0.0009078199051382766,0.0009078199051382766,0.0
2209,0.000907815240664791,0.000907815240664791,0.0
2210,0.0009078209715603593,0.0009078209715603593,0.0
2211,0.0009078155180549102,0.0009078155180549102,0.0
2212,0.0009078065384291215,0.0009078065384291215,0.0
2213,0.0009078066334126519,0.0009078066334126519,0.0
2214,0.0009078192779099578,0.0009078192779099578,0.0
2215,0.00090781899262312,0.00090781899262312,0.0
2216,0.0009078142512175421,0.0009078142512175421,0.0
2217,0.0009078046848211724,0.0009078046848211724,0.0
2218,0.0009078027087546696,0.0009078027087546696,0.0
2219,0.0009078101886968784,0.0009078101886968784,0.0
2220,0.0009078188790106014,0.0009078188790106014,0.0
2221,0.0009078155464561463,0.0009078155464561463,0.0
2222,0.0009078187188036881,0.0009078187188036881,0.0
2223,0.0009078107904000967,0.0009078107904000967,0.0
2224,0.0009078056596984736,0.0009078056596984736,0.0
2225,0.0009078088421367698,0.0009078088421367698,0.0
2226,0.0009078090963802708,0.0009078090963802708,0.0
2227,0.0009078087206059887,0.0009078087206059887,0.0
2228,0.000907818123208392,0.000907818123208392,0.0
2229,0.0009078084999541496,0.0009078084999541496,0.0
2230,0.0009078046809119371,0.0009078046809119371,0.0
2231,0.0009078221402662014,0.0009078221402662014,0.0
2232,0.0009078079426407901,0.0009078079426407901,0.0
2233,0.0009078134705681363,0.0009078134705681363,0.0
2234,0.0009078109892616975,0.0009078109892616975,0.0
2235,0.0009078040804320049,0.0009078040804320049,0.0
2236,0.0009078050493605149,0.0009078050493605149,0.0
2237,0.0009078069446662167,0.0009078069446662167,0.0
2238,0.0009078038722614247,0.0009078038722614247,0.0
2239,0.0009078142231224241,0.0009078142231224241,0.0
2240,0.0009078066386250102,0.0009078066386250102,0.0
2241,0.0009077993973155813,0.0009077993973155813,0.0
2242,0.0009077985950716372,0.0009077985950716372,0.0
2243,0.0009078114560252061,0.0009078114560252061,0.0
2244,0.0009078053109033736,0.0009078053109033736,0.0
2245,0.0009078011094436315,0.0009078011094436315,0.0
2246,0.0009078018361181318,0.0009078018361181318,0.0
2247,0.0009077965877982251,0.0009077965877982251,0.0
2248,0.0009077939595322274,0.0009077939595322274,0.0
2249,0.0009078027766538009,0.0009078027766538009,0.0
2250,0.0009078004541867221,0.0009078004541867221,0.0
2251,0.0009078004314721967,0.0009078004314721967,0.0
2252,0.0009077981683484161,0.0009077981683484161,0.0
2253,0.000907802140920113,0.000907802140920113,0.0
2254,0.0009078009298196596,0.0009078009298196596,0.0
2255,0.0009077960514959084,0.0009077960514959084,0.0
2256,0.0009078037285949495,0.0009078037285949495,0.0
2257,0.0009077956452464271,0.0009077956452464271,0.0
2258,0.0009077931885486885,0.0009077931885486885,0.0
2259,0.0009077928644143491,0.0009077928644143491,0.0
2260,0.0009077951346748926,0.0009077951346748926,0.0
2261,0.0009077954377863017,0.0009077954377863017,0.0
2262,0.0009077965791697936,0.0009077965791697936,0.0
2263,0.0009077942011479001,0.0009077942011479001,0.0
2264,0.000907796863052687,0.000907796863052687,0.0
2265,0.0009077997463512782,0.0009077997463512782,0.0
2266,0.0009077897705881801,0.0009077897705881801,0.0
2267,0.0009077899019622127,0.0009077899019622127,0.0
2268,0.0009077928447027144,0.0009077928447027144,0.0
2269,0.0009077953122677016,0.0009077953122677016,0.0
2270,0.0009077904957319494,0.0009077904957319494,0.0
2271,0.0009077952897197844,0.0009077952897197844,0.0
2272,0.0009077887553706556,0.0009077887553706556,0.0
2273,0.0009077913305088022,0.0009077913305088022,0.0
2274,0.0009077942684902951,0.0009077942684902951,0.0
2275,0.0009077986722442261,0.0009077986722442261,0.0
2276,0.0009077923532329497,0.0009077923532329497,0.0
2277,0.0009077892546465076,0.0009077892546465076,0.0
2278,0.0009077907069367441,0.0009077907069367441,0.0
2279,0.0009077988209938414,0.0009077988209938414,0.0
2280,0.0009077915207152681,0.0009077915207152681,0.0
2281,0.0009077883289188708,0.0009077883289188708,0.0
2282,0.0009077921338212493,0.0009077921338212493,0.0
2283,0.0009077865603637169,0.0009077865603637169,0.0
2284,0.0009077873934121555,0.0009077873934121555,0.0
2285,0.0009077893586619275,0.0009077893586619275,0.0
2286,0.0009077862586716475,0.0009077862586716475,0.0
2287,0.0009077883196961263,0.0009077883196961263,0.0
2288,0.0009077914492012391,0.0009077914492012391,0.0
2289,0.0009077897267625569,0.0009077897267625569,0.0
2290,0.0009077889083723131,0.0009077889083723131,0.0
2291,0.0009077900016305029,0.0009077900016305029,0.0
2292,0.0009077896343950362,0.0009077896343950362,0.0
2293,0.0009077877610776831,0.0009077877610776831,0.0
2294,0.0009077863787364527,0.0009077863787364527,0.0
2295,0.0009077934711126043,0.0009077934711126043,0.0
2296,0.0009077879248290336,0.0009077879248290336,0.0
2297,0.0009077843791374645,0.0009077843791374645,0.0
2298,0.0009077864512726005,0.0009077864512726005,0.0
2299,0.0009077859252054065,0.0009077859252054065,0.0
2300,0.00090779157276706,0.00090779157276706,0.0
2301,0.0009077870458602719,0.0009077870458602719,0.0
2302,0.0009077893827962362,0.0009077893827962362,0.0
2303,0.0009077845720158951,0.0009077845720158951,0.0
2304,0.0009077901448975954,0.0009077901448975954,0.0
2305,0.0009077864271410718,0.0009077864271410718,0.0
2306,0.0009077824396583335,0.0009077824396583335,0.0
2307,0.0009077818721187606,0.0009077818721187606,0.0
2308,0.000907786653443565,0.000907786653443565,0.0
2309,0.0009077887121822671,0.0009077887121822671,0.0
2310,0.0009077876694674625,0.0009077876694674625,0.0
2311,0.0009077844117144827,0.0009077844117144827,0.0
2312,0.0009077837343343954,0.0009077837343343954,0.0
2313,0.0009077861111738657,0.0009077861111738657,0.0
2314,0.0009077828733634858,0.0009077828733634858,0.0
2315,0.0009077861925175139,0.0009077861925175139,0.0
2316,0.0009077821976476029,0.0009077821976476029,0.0
2317,0.0009077819434004706,0.0009077819434004706,0.0
2318,0.0009077842190618025,0.0009077842190618025,0.0
2319,0.0009077860921775508,0.0009077860921775508,0.0
2320,0.0009077794656950462,0.0009077794656950462,0.0
2321,0.0009077787922519714,0.0009077787922519714,0.0
2322,0.000907786094037648,0.000907786094037648,0.0
2323,0.0009077805293198735,0.0009077805293198735,0.0
2324,0.0009077801792269248,0.0009077801792269248,0.0
2325,0.000907781578406864,0.000907781578406864,0.0
2326,0.0009077782723501036,0.0009077782723501036,0.0
2327,0.000907779164165294,0.000907779164165294,0.0
2328,0.0009077872534238819,0.0009077872534238819,0.0
2329,0.0009077816871004715,0.0009077816871004715,0.0
2330,0.0009077830929255843,0.0009077830929255843,0.0
2331,0.0009077840396036419,0.0009077840396036419,0.0
2332,0.0009077817837808568,0.0009077817837808568,0.0
2333,0.0009077773005564375,0.0009077773005564375,0.0
2334,0.0009077788332327985,0.0009077788332327985,0.0
2335,0.0009077781249242024,0.0009077781249242024,0.0
2336,0.0009077826725728108,0.0009077826725728108,0.0
2337,0.0009077778262345997,0.0009077778262345997,0.0
2338,0.0009077816923188395,0.0009077816923188395,0.0
2339,0.000907779315981939,0.000907779315981939,0.0
2340,0.0009077778465695518,0.0009077778465695518,0.0
2341,0.0009077783276716144,0.0009077783276716144,0.0
2342,0.0009077762136787441,0.0009077762136787441,0.0
2343,0.0009077784372140079,0.0009077784372140079,0.0
2344,0.0009077805617476407,0.0009077805617476407,0.0
2345,0.0009077779504582858,0.0009077779504582858,0.0
2346,0.0009077737155099766,0.0009077737155099766,0.0
2347,0.0009077724026630652,0.0009077724026630652,0.0
2348,0.0009077769855529704,0.0009077769855529704,0.0
2349,0.0009077790402211493,0.0009077790402211493,0.0
2350,0.0009077818330972573,0.0009077818330972573,0.0
2351,0.000907777489895546,0.000907777489895546,0.0
2352,0.000907773866462796,0.000907773866462796,0.0
2353,0.000907774226730339,0.000907774226730339,0.0
2354,0.0009077787211273207,0.0009077787211273207,0.0
2355,0.0009077731791819287,0.0009077731791819287,0.0
2356,0.0009077721617820675,0.0009077721617820675,0.0
2357,0.0009077728339839643,0.0009077728339839643,0.0
2358,0.0009077738422179379,0.0009077738422179379,0.0
2359,0.0009077786478136075,0.0009077786478136075,0.0
2360,0.0009077769585228072,0.0009077769585228072,0.0
2361,0.000907777350121597,0.000907777350121597,0.0
2362,0.0009077794389541233,0.0009077794389541233,0.0
2363,0.0009077749387887079,0.0009077749387887079,0.0
2364,0.0009077760089378772,0.0009077760089378772,0.0
2365,0.0009077713891688822,0.0009077713891688822,0.0
2366,0.0009077716248726608,0.0009077716248726608,0.0
2367,0.0009077711958955225,0.0009077711958955225,0.0
2368,0.0009077719180234275,0.0009077719180234275,0.0
2369,0.0009077739023743432,0.0009077739023743432,0.0
2370,0.0009077720396172352,0.0009077720396172352,0.0
2371,0.0009077719467370984,0.0009077719467370984,0.0
2372,0.0009077675084460271,0.0009077675084460271,0.0
2373,0.0009077641346488825,0.0009077641346488825,0.0
2374,0.0009077740846182487,0.0009077740846182487,0.0
2375,0.0009077704120974216,0.0009077704120974216,0.0
2376,0.0009077704839568287,0.0009077704839568287,0.0
2377,0.0009077701639625621,0.0009077701639625621,0.0
2378,0.0009077689363607437,0.0009077689363607437,0.0
2379,0.0009077708388554102,0.0009077708388554102,0.0
2380,0.0009077676700607862,0.0009077676700607862,0.0
2381,0.0009077673801055622,0.0009077673801055622,0.0
2382,0.0009077704795491347,0.0009077704795491347,0.0
2383,0.0009077687096989378,0.0009077687096989378,0.0
2384,0.0009077658404382394,0.0009077658404382394,0.0
2385,0.0009077662360535767,0.0009077662360535767,0.0
2386,0.0009077665405618068,0.0009077665405618068,0.0
2387,0.0009077656104610079,0.0009077656104610079,0.0
2388,0.000907764033120929,0.000907764033120929,0.0
2389,0.0009077643893557016,0.0009077643893557016,0.0
2390,0.0009077654884324179,0.0009077654884324179,0.0
2391,0.0009077635218537881,0.0009077635218537881,0.0
2392,0.0009077650189944351,0.0009077650189944351,0.0
2393,0.000907763525888922,0.000907763525888922,0.0
2394,0.000907761965896412,0.000907761965896412,0.0
2395,0.0009077621408000915,0.0009077621408000915,0.0
2396,0.0009077668713573198,0.0009077668713573198,0.0
2397,0.0009077658400480556,0.0009077658400480556,0.0
2398,0.0009077675571912073,0.0009077675571912073,0.0
2399,0.0009077637458896262,0.0009077637458896262,0.0
2400,0.0009077624168532949,0.0009077624168532949,0.0
2401,0.0009077621040177591,0.0009077621040177591,0.0
2402,0.0009077613702908947,0.0009077613702908947,0.0
2403,0.0009077643858529028,0.0009077643858529028,0.0
2404,0.0009077588819580806,0.0009077588819580806,0.0
2405,0.0009077570842945811,0.0009077570842945811,0.0
2406,0.0009077660379383685,0.0009077660379383685,0.0
2407,0.0009077595079505637,0.0009077595079505637,0.0
2408,0.0009077655716179251,0.0009077655716179251,0.0
2409,0.0009077606658307925,0.0009077606658307925,0.0
2410,0.0009077588935117316,0.0009077588935117316,0.0
2411,0.0009077638986245224,0.0009077638986245224,0.0
2412,0.0009077614403072059,0.0009077614403072059,0.0
2413,0.0009077611167988153,0.0009077611167988153,0.0
2414,0.0009077596853215153,0.0009077596853215153,0.0
2415,0.0009077637941049753,0.0009077637941049753,0.0
2416,0.0009077573569072064,0.0009077573569072064,0.0
2417,0.0009077559903682631,0.0009077559903682631,0.0
2418,0.0009077548998753263,0.0009077548998753263,0.0
2419,0.0009077560620552235,0.0009077560620552235,0.0
2420,0.0009077599588118825,0.0009077599588118825,0.0
2421,0.0009077610731494087,0.0009077610731494087,0.0
2422,0.0009077569271751584,0.0009077569271751584,0.0
2423,0.0009077546285374837,0.0009077546285374837,0.0
2424,0.0009077555256996607,0.0009077555256996607,0.0
2425,0.0009077551625114092,0.0009077551625114092,0.0
2426,0.0009077551418186664,0.0009077551418186664,0.0
2427,0.0009077559014410201,0.0009077559014410201,0.0
2428,0.0009077529947044843,0.0009077529947044843,0.0
2429,0.0009077538463768918,0.0009077538463768918,0.0
2430,0.0009077562363746241,0.0009077562363746241,0.0
2431,0.0009077511701028572,0.0009077511701028572,0.0
2432,0.0009077502476889563,0.0009077502476889563,0.0
2433,0.0009077526434105572,0.0009077526434105572,0.0
2434,0.0009077544273653843,0.0009077544273653843,0.0
2435,0.0009077512004806907,0.0009077512004806907,0.0
2436,0.0009077534992675609,0.0009077534992675609,0.0
2437,0.0009077516939471255,0.0009077516939471255,0.0
2438,0.0009077503346229555,0.0009077503346229555,0.0
2439,0.0009077478939302192,0.0009077478939302192,0.0
2440,0.0009077477695560205,0.0009077477695560205,0.0
2441,0.0009077511989685086,0.0009077511989685086,0.0
2442,0.0009077500796336108,0.0009077500796336108,0.0
2443,0.0009077468717813424,0.0009077468717813424,0.0
2444,0.0009077475785458915,0.0009077475785458915,0.0
2445,0.0009077518423533307,0.0009077518423533307,0.0
2446,0.0009077470474896472,0.0009077470474896472,0.0
2447,0.0009077511532607924,0.0009077511532607924,0.0
2448,0.0009077495832597772,0.0009077495832597772,0.0
2449,0.0009077483798051225,0.0009077483798051225,0.0
2450,0.0009077448934205313,0.0009077448934205313,0.0
2451,0.0009077457833230327,0.0009077457833230327,0.0
2452,0.0009077478010990701,0.0009077478010990701,0.0
2453,0.000907745703413819,0.000907745703413819,0.0
2454,0.0009077469867235698,0.0009077469867235698,0.0
2455,0.0009077463346517894,0.0009077463346517894,0.0
2456,0.0009077481531696399,0.0009077481531696399,0.0
2457,0.0009077473145396961,0.0009077473145396961,0.0
2458,0.0009077456938372845,0.0009077456938372845,0.0
2459,0.0009077474173240808,0.0009077474173240808,0.0
2460,0.0009077430500024544,0.0009077430500024544,0.0
2461,0.0009077457443956278,0.0009077457443956278,0.0
2462,0.0009077428972885291,0.0009077428972885291,0.0
2463,0.0009077465492450471,0.0009077465492450471,0.0
2464,0.000907742735132426,0.000907742735132426,0.0
2465,0.0009077462975047144,0.0009077462975047144,0.0
2466,0.000907746017027382,0.000907746017027382,0.0
2467,0.0009077481366193985,0.0009077481366193985,0.0
2468,0.0009077429896281373,0.0009077429896281373,0.0
2469,0.000907743534279012,0.000907743534279012,0.0
2470,0.0009077463278432432,0.0009077463278432432,0.0
2471,0.0009077499459024624,0.0009077499459024624,0.0
2472,0.0009077439416175275,0.0009077439416175275,0.0
2473,0.0009077432154635045,0.0009077432154635045,0.0
2474,0.0009077433817111113,0.0009077433817111113,0.0
2475,0.0009077468206371107,0.0009077468206371107,0.0
2476,0.0009077472845855424,0.0009077472845855424,0.0
2477,0.0009077436728669381,0.0009077436728669381,0.0
2478,0.0009077439706303387,0.0009077439706303387,0.0
2479,0.0009077464212259318,0.0009077464212259318,0.0
2480,0.0009077418192271738,0.0009077418192271738,0.0
2481,0.0009077465699578478,0.0009077465699578478,0.0
2482,0.000907746467770313,0.000907746467770313,0.0
2483,0.0009077429630639083,0.0009077429630639083,0.0
2484,0.0009077464521704732,0.0009077464521704732,0.0
2485,0.0009077430368053132,0.0009077430368053132,0.0
2486,0.0009077439284481187,0.0009077439284481187,0.0
2487,0.0009077429714017071,0.0009077429714017071,0.0
2488,0.0009077458722330436,0.0009077458722330436,0.0
2489,0.000907742585335935,0.000907742585335935,0.0
2490,0.0009077412669906757,0.0009077412669906757,0.0
2491,0.0009077456462126025,0.0009077456462126025,0.0
2492,0.0009077419055574464,0.0009077419055574464,0.0
2493,0.0009077425588862805,0.0009077425588862805,0.0
2494,0.0009077437380137972,0.0009077437380137972,0.0
2495,0.0009077429299138985,0.0009077429299138985,0.0
2496,0.0009077436283282338,0.0009077436283282338,0.0
2497,0.0009077430287060369,0.0009077430287060369,0.0
2498,0.0009077406160529843,0.0009077406160529843,0.0
2499,0.0009077435286277408,0.0009077435286277408,0.0
2500,0.0009077435816931542,0.0009077435816931542,0.0
2501,0.0009077413899377613,0.0009077413899377613,0.0
2502,0.0009077419528758504,0.0009077419528758504,0.0
2503,0.0009077442147463377,0.0009077442147463377,0.0
2504,0.0009077411869627971,0.0009077411869627971,0.0
2505,0.0009077425545726192,0.0009077425545726192,0.0
2506,0.0009077417060241844,0.0009077417060241844,0.0
2507,0.000907741701639171,0.000907741701639171,0.0
2508,0.00090774232101361,0.00090774232101361,0.0
2509,0.0009077423219328651,0.0009077423219328651,0.0
2510,0.0009077425362194495,0.0009077425362194495,0.0
2511,0.0009077414612535221,0.0009077414612535221,0.0
2512,0.0009077423183714016,0.0009077423183714016,0.0
2513,0.0009077427266546888,0.0009077427266546888,0.0
2514,0.0009077405623132819,0.0009077405623132819,0.0
2515,0.000907743932049272,0.000907743932049272,0.0
2516,0.0009077426401181201,0.0009077426401181201,0.0
2517,0.0009077407043353837,0.0009077407043353837,0.0
2518,0.0009077417058594858,0.0009077417058594858,0.0
2519,0.0009077427519579589,0.0009077427519579589,0.0
2520,0.0009077406575766475,0.0009077406575766475,0.0
2521,0.0009077432979595361,0.0009077432979595361,0.0
2522,0.0009077405999437536,0.0009077405999437536,0.0
2523,0.0009077431908322061,0.0009077431908322061,0.0
2524,0.0009077405931503684,0.0009077405931503684,0.0
2525,0.0009077425999245058,0.0009077425999245058,0.0
2526,0.0009077406043966487,0.0009077406043966487,0.0
2527,0.0009077417307970395,0.0009077417307970395,0.0
2528,0.0009077419737434984,0.0009077419737434984,0.0
2529,0.0009077404390622283,0.0009077404390622283,0.0
2530,0.0009077421370888615,0.0009077421370888615,0.0
2531,0.0009077404441946948,0.0009077404441946948,0.0
2532,0.0009077434067226387,0.0009077434067226387,0.0
2533,0.0009077403081204238,0.0009077403081204238,0.0
2534,0.0009077421644562962,0.0009077421644562962,0.0
2535,0.0009077404260009151,0.0009077404260009151,0.0
2536,0.0009077426107539296,0.0009077426107539296,0.0
2537,0.0009077403256095574,0.0009077403256095574,0.0
2538,0.0009077413449425817,0.0009077413449425817,0.0
2539,0.0009077425747512741,0.0009077425747512741,0.0
2540,0.0009077403078983947,0.0009077403078983947,0.0
2541,0.0009077415125857983,0.0009077415125857983,0.0
2542,0.0009077403421147089,0.0009077403421147089,0.0
2543,0.0009077418329977121,0.0009077418329977121,0.0
2544,0.0009077403058434761,0.0009077403058434761,0.0
2545,0.0009077404736692281,0.0009077404736692281,0.0
2546,0.0009077415819752702,0.0009077415819752702,0.0
2547,0.0009077402626904438,0.0009077402626904438,0.0
2548,0.0009077418809728839,0.0009077418809728839,0.0
2549,0.0009077401963353821,0.0009077401963353821,0.0
2550,0.0009077403354120296,0.0009077403354120296,0.0
2551,0.0009077404008867295,0.0009077404008867295,0.0
2552,0.0009077402328669496,0.0009077402328669496,0.0
2553,0.0009077404885371489,0.0009077404885371489,0.0
2554,0.0009077402123802221,0.0009077402123802221,0.0
2555,0.0009077406516570165,0.0009077406516570165,0.0
2556,0.000907740015492025,0.000907740015492025,0.0
2557,0.0009077402646922534,0.0009077402646922534,0.0
2558,0.0009077413367242597,0.0009077413367242597,0.0
2559,0.0009077399117715383,0.0009077399117715383,0.0
2560,0.0009077406126995793,0.0009077406126995793,0.0
2561,0.000907739971101887,0.000907739971101887,0.0
2562,0.0009077408927731216,0.0009077408927731216,0.0
2563,0.0009077399326627323,0.0009077399326627323,0.0
2564,0.0009077399805072973,0.0009077399805072973,0.0
2565,0.0009077404137927471,0.0009077404137927471,0.0
2566,0.0009077403226949233,0.0009077403226949233,0.0
2567,0.0009077404339286611,0.0009077404339286611,0.0
2568,0.0009077399385018218,0.0009077399385018218,0.0
2569,0.0009077402698629229,0.0009077402698629229,0.0
2570,0.0009077403235539557,0.0009077403235539557,0.0
2571,0.0009077407279251132,0.0009077407279251132,0.0
2572,0.0009077398735479817,0.0009077398735479817,0.0
2573,0.0009077403424763658,0.0009077403424763658,0.0
2574,0.000907739912761396,0.000907739912761396,0.0
2575,0.0009077403238427782,0.0009077403238427782,0.0
2576,0.0009077399102692983,0.0009077399102692983,0.0
2577,0.0009077402907301126,0.0009077402907301126,0.0
2578,0.0009077407173494848,0.0009077407173494848,0.0
2579,0.0009077398659158239,0.0009077398659158239,0.0
2580,0.000907739753191192,0.000907739753191192,0.0
2581,0.0009077402701387158,0.0009077402701387158,0.0
2582,0.0009077400915825134,0.0009077400915825134,0.0
2583,0.0009077402305253665,0.0009077402305253665,0.0
2584,0.0009077404648209902,0.0009077404648209902,0.0
2585,0.0009077398462883388,0.0009077398462883388,0.0
2586,0.0009077401392690999,0.0009077401392690999,0.0
2587,0.0009077398998469295,0.0009077398998469295,0.0
2588,0.0009077401734032589,0.0009077401734032589,0.0
2589,0.0009077405605571163,0.0009077405605571163,0.0
2590,0.0009077397987534451,0.0009077397987534451,0.0
2591,0.0009077404733375922,0.0009077404733375922,0.0
2592,0.0009077398051220685,0.0009077398051220685,0.0
2593,0.000907740057345556,0.000907740057345556,0.0
2594,0.000907740184705638,0.000907740184705638,0.0
2595,0.0009077398231610933,0.0009077398231610933,0.0
2596,0.0009077401712752031,0.0009077401712752031,0.0
2597,0.0009077398105313131,0.0009077398105313131,0.0
2598,0.0009077402565291684,0.0009077402565291684,0.0
2599,0.0009077397826773306,0.0009077397826773306,0.0
2600,0.0009077401991091816,0.0009077401991091816,0.0
2601,0.0009077397785293939,0.0009077397785293939,0.0
2602,0.0009077398116144366,0.0009077398116144366,0.0
2603,0.0009077399646774131,0.0009077399646774131,0.0
2604,0.0009077399811341346,0.0009077399811341346,0.0
2605,0.0009077397635428485,0.0009077397635428485,0.0
2606,0.0009077399841429374,0.0009077399841429374,0.0
2607,0.0009077397595821707,0.0009077397595821707,0.0
2608,0.0009077396910926642,0.0009077396910926642,0.0
2609,0.0009077399449761927,0.0009077399449761927,0.0
2610,0.0009077396813927189,0.0009077396813927189,0.0
2611,0.0009077399502837465,0.0009077399502837465,0.0
2612,0.0009077396477727856,0.0009077396477727856,0.0
2613,0.0009077398702089153,0.0009077398702089153,0.0
2614,0.0009077397417174084,0.0009077397417174084,0.0
2615,0.0009077397809849797,0.0009077397809849797,0.0
2616,0.0009077400604996663,0.0009077400604996663,0.0
2617,0.0009077396849402304,0.0009077396849402304,0.0
2618,0.000907739733089032,0.000907739733089032,0.0
2619,0.0009077396378808968,0.0009077396378808968,0.0
2620,0.0009077398986692948,0.0009077398986692948,0.0
2621,0.0009077397889574793,0.0009077397889574793,0.0
2622,0.0009077396750631217,0.0009077396750631217,0.0
2623,0.0009077398305616135,0.0009077398305616135,0.0
2624,0.0009077396579508288,0.0009077396579508288,0.0
2625,0.0009077395339837459,0.0009077395339837459,0.0
2626,0.0009077396042867154,0.0009077396042867154,0.0
2627,0.0009077396138332267,0.0009077396138332267,0.0
2628,0.0009077396816655968,0.0009077396816655968,0.0
2629,0.0009077398019922544,0.0009077398019922544,0.0
2630,0.0009077396303214663,0.0009077396303214663,0.0
2631,0.0009077397920181314,0.0009077397920181314,0.0
2632,0.0009077396286492716,0.0009077396286492716,0.0
2633,0.0009077397363274723,0.0009077397363274723,0.0
2634,0.0009077395474651984,0.0009077395474651984,0.0
2635,0.0009077394705965772,0.0009077394705965772,0.0
2636,0.0009077395060935683,0.0009077395060935683,0.0
2637,0.0009077395573187251,0.0009077395573187251,0.0
2638,0.0009077398195395414,0.0009077398195395414,0.0
2639,0.0009077395850287017,0.0009077395850287017,0.0
2640,0.0009077397784119667,0.0009077397784119667,0.0
2641,0.000907739585222609,0.000907739585222609,0.0
2642,0.000907739688816686,0.000907739688816686,0.0
2643,0.0009077396438508009,0.0009077396438508009,0.0
2644,0.0009077395889758635,0.0009077395889758635,0.0
2645,0.0009077397304353456,0.0009077397304353456,0.0
2646,0.0009077395628947159,0.0009077395628947159,0.0
2647,0.0009077395025308824,0.0009077395025308824,0.0
2648,0.0009077397528403501,0.0009077397528403501,0.0
2649,0.0009077395511488278,0.0009077395511488278,0.0
2650,0.0009077395323505103,0.0009077395323505103,0.0
2651,0.0009077395276126453,0.0009077395276126453,0.0
2652,0.0009077393969424909,0.0009077393969424909,0.0
2653,0.0009077393631451596,0.0009077393631451596,0.0
2654,0.0009077396317304999,0.0009077396317304999,0.0
2655,0.0009077396500631448,0.0009077396500631448,0.0
2656,0.0009077395208036755,0.0009077395208036755,0.0
2657,0.0009077395344363749,0.0009077395344363749,0.0
2658,0.000907739641996736,0.000907739641996736,0.0
2659,0.0009077395128210572,0.0009077395128210572,0.0
2660,0.000907739427925123,0.000907739427925123,0.0
2661,0.0009077393986564777,0.0009077393986564777,0.0
2662,0.0009077394202888615,0.0009077394202888615,0.0
2663,0.0009077394561789575,0.0009077394561789575,0.0
2664,0.0009077393550914626,0.0009077393550914626,0.0
2665,0.0009077393634865206,0.0009077393634865206,0.0
2666,0.0009077393318853064,0.0009077393318853064,0.0
2667,0.0009077393325108913,0.0009077393325108913,0.0
2668,0.0009077393237525321,0.0009077393237525321,0.0
2669,0.0009077393247975344,0.0009077393247975344,0.0
2670,0.0009077394422182791,0.0009077394422182791,0.0
2671,0.0009077393397358294,0.0009077393397358294,0.0
2672,0.0009077393584673276,0.0009077393584673276,0.0
2673,0.000907739449548187,0.000907739449548187,0.0
2674,0.000907739355447991,0.000907739355447991,0.0
2675,0.0009077394312097478,0.0009077394312097478,0.0
2676,0.0009077393819464433,0.0009077393819464433,0.0
2677,0.0009077392755672524,0.0009077392755672524,0.0
2678,0.0009077393399917628,0.0009077393399917628,0.0
2679,0.0009077391978885425,0.0009077391978885425,0.0
2680,0.0009077391415802915,0.0009077391415802915,0.0
2681,0.000907739198918446,0.000907739198918446,0.0
2682,0.0009077391867195563,0.0009077391867195563,0.0
2683,0.0009077393105532848,0.0009077393105532848,0.0
2684,0.0009077393733288097,0.0009077393733288097,0.0
2685,0.0009077393079722159,0.0009077393079722159,0.0
2686,0.0009077393197118412,0.0009077393197118412,0.0
2687,0.0009077391505400797,0.0009077391505400797,0.0
2688,0.0009077392196652091,0.0009077392196652091,0.0
2689,0.0009077391238861443,0.0009077391238861443,0.0
2690,0.0009077391178162239,0.0009077391178162239,0.0
2691,0.0009077392045730121,0.0009077392045730121,0.0
2692,0.0009077392995725566,0.0009077392995725566,0.0
2693,0.0009077391905642451,0.0009077391905642451,0.0
2694,0.0009077391566046316,0.0009077391566046316,0.0
2695,0.0009077391079508262,0.0009077391079508262,0.0
2696,0.000907739189923866,0.000907739189923866,0.0
2697,0.0009077389914742735,0.0009077389914742735,0.0
2698,0.0009077388862383335,0.0009077388862383335,0.0
2699,0.000907739033728646,0.000907739033728646,0.0
2700,0.0009077390588393359,0.0009077390588393359,0.0
2701,0.0009077389309459767,0.0009077389309459767,0.0
2702,0.0009077390151682479,0.0009077390151682479,0.0
2703,0.0009077390020939609,0.0009077390020939609,0.0
2704,0.0009077390253071023,0.0009077390253071023,0.0
2705,0.0009077389887074109,0.0009077389887074109,0.0
2706,0.0009077388776837406,0.0009077388776837406,0.0
2707,0.0009077389001867062,0.0009077389001867062,0.0
2708,0.0009077390276502783,0.0009077390276502783,0.0
2709,0.0009077389855167705,0.0009077389855167705,0.0
2710,0.0009077388209439852,0.0009077388209439852,0.0
2711,0.0009077387766113375,0.0009077387766113375,0.0
2712,0.0009077389036368811,0.0009077389036368811,0.0
2713,0.0009077389045450304,0.0009077389045450304,0.0
2714,0.0009077387945958464,0.0009077387945958464,0.0
2715,0.0009077388277678594,0.0009077388277678594,0.0
2716,0.0009077388181377705,0.0009077388181377705,0.0
2717,0.0009077387329020575,0.0009077387329020575,0.0
2718,0.0009077387690380745,0.0009077387690380745,0.0
2719,0.0009077386500835331,0.0009077386500835331,0.0
2720,0.0009077385774260406,0.0009077385774260406,0.0
2721,0.000907738670964068,0.000907738670964068,0.0
2722,0.0009077386883809967,0.0009077386883809967,0.0
2723,0.0009077387185694797,0.0009077387185694797,0.0
2724,0.0009077386585207334,0.0009077386585207334,0.0
2725,0.0009077387073596295,0.0009077387073596295,0.0
2726,0.0009077386064375285,0.0009077386064375285,0.0
2727,0.0009077387015331066,0.0009077387015331066,0.0
2728,0.0009077385382279653,0.0009077385382279653,0.0
2729,0.0009077386027526402,0.0009077386027526402,0.0
2730,0.0009077385166989573,0.0009077385166989573,0.0
2731,0.0009077385543845974,0.0009077385543845974,0.0
2732,0.000907738523285325,0.000907738523285325,0.0
2733,0.0009077385152298683,0.0009077385152298683,0.0
2734,0.0009077386453903057,0.0009077386453903057,0.0
2735,0.0009077385022864481,0.0009077385022864481,0.0
2736,0.000907738649486901,0.000907738649486901,0.0
2737,0.0009077384816202486,0.0009077384816202486,0.0
2738,0.0009077386445136134,0.0009077386445136134,0.0
2739,0.0009077383863701084,0.0009077383863701084,0.0
2740,0.0009077383707849458,0.0009077383707849458,0.0
2741,0.0009077384802924236,0.0009077384802924236,0.0
2742,0.0009077384175145456,0.0009077384175145456,0.0
2743,0.0009077383418160128,0.0009077383418160128,0.0
2744,0.0009077384006662922,0.0009077384006662922,0.0
2745,0.0009077383798911823,0.0009077383798911823,0.0
2746,0.0009077383526472044,0.0009077383526472044,0.0
2747,0.000907738338266912,0.000907738338266912,0.0
2748,0.0009077384956129988,0.0009077384956129988,0.0
2749,0.0009077384123212602,0.0009077384123212602,0.0
2750,0.0009077382547090741,0.0009077382547090741,0.0
2751,0.0009077383341256176,0.0009077383341256176,0.0
2752,0.0009077383447878603,0.0009077383447878603,0.0
2753,0.0009077382375949933,0.0009077382375949933,0.0
2754,0.0009077383763981062,0.0009077383763981062,0.0
2755,0.0009077382122938054,0.0009077382122938054,0.0
2756,0.0009077383069352095,0.0009077383069352095,0.0
2757,0.0009077382189112049,0.0009077382189112049,0.0
2758,0.0009077382405503931,0.0009077382405503931,0.0
2759,0.000907738261373253,0.000907738261373253,0.0
2760,0.0009077381777115245,0.0009077381777115245,0.0
2761,0.0009077383185502602,0.0009077383185502602,0.0
2762,0.000907738302526391,0.000907738302526391,0.0
2763,0.0009077381737781556,0.0009077381737781556,0.0
2764,0.0009077383814017294,0.0009077383814017294,0.0
2765,0.0009077380150575563,0.0009077380150575563,0.0
2766,0.0009077379442841029,0.0009077379442841029,0.0
2767,0.0009077381893232887,0.0009077381893232887,0.0
2768,0.0009077381064369115,0.0009077381064369115,0.0
2769,0.000907738144081272,0.000907738144081272,0.0
2770,0.0009077380794848191,0.0009077380794848191,0.0
2771,0.0009077381547079103,0.0009077381547079103,0.0
2772,0.0009077380482661266,0.0009077380482661266,0.0
2773,0.0009077380582396417,0.0009077380582396417,0.0
2774,0.0009077380191107068,0.0009077380191107068,0.0
2775,0.0009077380495391879,0.0009077380495391879,0.0
2776,0.000907738049011142,0.000907738049011142,0.0
2777,0.0009077380369265382,0.0009077380369265382,0.0
2778,0.0009077378958764702,0.0009077378958764702,0.0
2779,0.000907737945970946,0.000907737945970946,0.0
2780,0.0009077380560820096,0.0009077380560820096,0.0
2781,0.0009077380307378433,0.0009077380307378433,0.0
2782,0.0009077381012339204,0.0009077381012339204,0.0
2783,0.0009077379157741363,0.0009077379157741363,0.0
2784,0.0009077379426278832,0.0009077379426278832,0.0
2785,0.0009077378871725319,0.0009077378871725319,0.0
2786,0.0009077380585696561,0.0009077380585696561,0.0
2787,0.0009077378795762569,0.0009077378795762569,0.0
2788,0.0009077380790642454,0.0009077380790642454,0.0
2789,0.0009077382080657831,0.0009077382080657831,0.0
2790,0.0009077379603195207,0.0009077379603195207,0.0
2791,0.0009077379403838765,0.0009077379403838765,0.0
2792,0.0009077378109178013,0.0009077378109178013,0.0
2793,0.0009077378829404326,0.0009077378829404326,0.0
2794,0.0009077380113192141,0.0009077380113192141,0.0
2795,0.0009077378528191881,0.0009077378528191881,0.0
2796,0.0009077379121181777,0.0009077379121181777,0.0
2797,0.0009077379125792366,0.0009077379125792366,0.0
2798,0.0009077379059406233,0.0009077379059406233,0.0
2799,0.0009077379229944923,0.0009077379229944923,0.0
2800,0.0009077378551438185,0.0009077378551438185,0.0
2801,0.0009077378360730071,0.0009077378360730071,0.0
2802,0.0009077377883985861,0.0009077377883985861,0.0
2803,0.0009077379826358129,0.0009077379826358129,0.0
2804,0.0009077377471632315,0.0009077377471632315,0.0
2805,0.0009077378873093125,0.0009077378873093125,0.0
2806,0.0009077378817608822,0.0009077378817608822,0.0
2807,0.0009077377939207891,0.0009077377939207891,0.0
2808,0.0009077377799105152,0.0009077377799105152,0.0
2809,0.0009077377875078992,0.0009077377875078992,0.0
2810,0.0009077378416225362,0.0009077378416225362,0.0
2811,0.000907737901995479,0.000907737901995479,0.0
2812,0.000907737757584591,0.000907737757584591,0.0
2813,0.000907737943233535,0.000907737943233535,0.0
2814,0.0009077377772192126,0.0009077377772192126,0.0
2815,0.0009077378550748251,0.0009077378550748251,0.0
2816,0.0009077378446478366,0.0009077378446478366,0.0
2817,0.0009077378585956257,0.0009077378585956257,0.0
2818,0.0009077377606762513,0.0009077377606762513,0.0
2819,0.0009077377316129183,0.0009077377316129183,0.0
2820,0.0009077379306983975,0.0009077379306983975,0.0
2821,0.0009077379005412447,0.0009077379005412447,0.0
2822,0.0009077377529338246,0.0009077377529338246,0.0
2823,0.0009077377835953466,0.0009077377835953466,0.0
2824,0.000907737863281455,0.000907737863281455,0.0
2825,0.0009077377452652042,0.0009077377452652042,0.0
2826,0.000907737734015196,0.000907737734015196,0.0
2827,0.000907737974797193,0.000907737974797193,0.0
2828,0.0009077377264452852,0.0009077377264452852,0.0
2829,0.0009077377299787542,0.0009077377299787542,0.0
2830,0.0009077378124243298,0.0009077378124243298,0.0
2831,0.000907737859704031,0.000907737859704031,0.0
2832,0.0009077377291734952,0.0009077377291734952,0.0
2833,0.0009077377342856577,0.0009077377342856577,0.0
2834,0.0009077378060539351,0.0009077378060539351,0.0
2835,0.0009077376539669578,0.0009077376539669578,0.0
2836,0.0009077377202436301,0.0009077377202436301,0.0
2837,0.0009077377830256945,0.0009077377830256945,0.0
2838,0.0009077377731732444,0.0009077377731732444,0.0
2839,0.0009077377507797895,0.0009077377507797895,0.0
2840,0.0009077377913938317,0.0009077377913938317,0.0
2841,0.000907737703467985,0.000907737703467985,0.0
2842,0.0009077377540000451,0.0009077377540000451,0.0
2843,0.0009077378165020308,0.0009077378165020308,0.0
2844,0.0009077376978339839,0.0009077376978339839,0.0
2845,0.0009077377123806214,0.0009077377123806214,0.0
2846,0.0009077376713374106,0.0009077376713374106,0.0
2847,0.0009077378159162006,0.0009077378159162006,0.0
2848,0.0009077376876313777,0.0009077376876313777,0.0
2849,0.0009077377529069091,0.0009077377529069091,0.0
2850,0.0009077377586517902,0.0009077377586517902,0.0
2851,0.0009077376880921599,0.0009077376880921599,0.0
2852,0.0009077377545766149,0.0009077377545766149,0.0
2853,0.0009077376871165494,0.0009077376871165494,0.0
2854,0.0009077376617674353,0.0009077376617674353,0.0
2855,0.0009077377377558598,0.0009077377377558598,0.0
2856,0.0009077377375416668,0.0009077377375416668,0.0
2857,0.0009077377306681621,0.0009077377306681621,0.0
2858,0.0009077376312908458,0.0009077376312908458,0.0
2859,0.000907737675259387,0.000907737675259387,0.0
2860,0.000907737750191543,0.000907737750191543,0.0
2861,0.0009077376719345572,0.0009077376719345572,0.0
2862,0.0009077377355068557,0.0009077377355068557,0.0
2863,0.0009077376724374379,0.0009077376724374379,0.0
2864,0.0009077377694143913,0.0009077377694143913,0.0
2865,0.0009077376683481615,0.0009077376683481615,0.0
2866,0.0009077377676415987,0.0009077377676415987,0.0
2867,0.0009077376687866106,0.0009077376687866106,0.0
2868,0.0009077377531437415,0.0009077377531437415,0.0
2869,0.0009077376694293096,0.0009077376694293096,0.0
2870,0.0009077377401471744,0.0009077377401471744,0.0
2871,0.0009077376706264561,0.0009077376706264561,0.0
2872,0.0009077377609585771,0.0009077377609585771,0.0
2873,0.0009077376682346221,0.0009077376682346221,0.0
2874,0.0009077376450061365,0.0009077376450061365,0.0
2875,0.0009077376489606232,0.0009077376489606232,0.0
2876,0.0009077377158001016,0.0009077377158001016,0.0
2877,0.0009077376604862769,0.0009077376604862769,0.0
2878,0.0009077376372660922,0.0009077376372660922,0.0
2879,0.0009077376469707252,0.0009077376469707252,0.0
2880,0.0009077376291347598,0.0009077376291347598,0.0
2881,0.0009077376672760261,0.0009077376672760261,0.0
2882,0.0009077376387312473,0.0009077376387312473,0.0
2883,0.000907737645432777,0.000907737645432777,0.0
2884,0.0009077376201624661,0.0009077376201624661,0.0
2885,0.0009077376479066293,0.0009077376479066293,0.0
2886,0.0009077376129014819,0.0009077376129014819,0.0
2887,0.0009077376344213791,0.0009077376344213791,0.0
2888,0.0009077376608953275,0.0009077376608953275,0.0
2889,0.0009077376083994466,0.0009077376083994466,0.0
2890,0.0009077376308231129,0.0009077376308231129,0.0
2891,0.000907737606736112,0.000907737606736112,0.0
2892,0.0009077376342446333,0.0009077376342446333,0.0
2893,0.0009077376253272757,0.0009077376253272757,0.0
2894,0.0009077376252591092,0.0009077376252591092,0.0
2895,0.0009077376307964085,0.0009077376307964085,0.0
2896,0.0009077376264644489,0.0009077376264644489,0.0
2897,0.0009077376798103267,0.0009077376798103267,0.0
2898,0.0009077376193221976,0.0009077376193221976,0.0
2899,0.000907737611736904,0.000907737611736904,0.0
2900,0.0009077376435660743,0.0009077376435660743,0.0
2901,0.0009077376292501579,0.0009077376292501579,0.0
2902,0.0009077376256179297,0.0009077376256179297,0.0
2903,0.000907737601801269,0.000907737601801269,0.0
2904,0.0009077376449012783,0.0009077376449012783,0.0
2905,0.0009077376150888179,0.0009077376150888179,0.0
2906,0.0009077376449733125,0.0009077376449733125,0.0
2907,0.0009077376101749865,0.0009077376101749865,0.0
2908,0.0009077376278998349,0.0009077376278998349,0.0
2909,0.0009077376061902302,0.0009077376061902302,0.0
2910,0.0009077376102253546,0.0009077376102253546,0.0
2911,0.000907737604497476,0.000907737604497476,0.0
2912,0.0009077376197918583,0.0009077376197918583,0.0
2913,0.000907737602626701,0.000907737602626701,0.0
2914,0.0009077376294462379,0.0009077376294462379,0.0
2915,0.0009077376012589983,0.0009077376012589983,0.0
2916,0.0009077376515288641,0.0009077376515288641,0.0
2917,0.0009077375983994934,0.0009077375983994934,0.0
2918,0.0009077376168514472,0.0009077376168514472,0.0
2919,0.0009077376062885567,0.0009077376062885567,0.0
2920,0.000907737603397434,0.000907737603397434,0.0
2921,0.0009077375826589819,0.0009077375826589819,0.0
2922,0.0009077376003431495,0.0009077376003431495,0.0
2923,0.0009077376135891082,0.0009077376135891082,0.0
2924,0.0009077375949474594,0.0009077375949474594,0.0
2925,0.0009077376138308815,0.0009077376138308815,0.0
2926,0.0009077376183535636,0.0009077376183535636,0.0
2927,0.0009077375932891896,0.0009077375932891896,0.0
2928,0.0009077376162701976,0.0009077376162701976,0.0
2929,0.0009077375930126872,0.0009077375930126872,0.0
2930,0.0009077376167519975,0.0009077376167519975,0.0
2931,0.0009077375928557146,0.0009077375928557146,0.0
2932,0.0009077375928675083,0.0009077375928675083,0.0
2933,0.0009077376052134022,0.0009077376052134022,0.0
2934,0.00090773760772653,0.00090773760772653,0.0
2935,0.0009077375849515267,0.0009077375849515267,0.0
2936,0.000907737575811544,0.000907737575811544,0.0
2937,0.0009077375876680524,0.0009077375876680524,0.0
2938,0.0009077376024225058,0.0009077376024225058,0.0
2939,0.0009077375784729193,0.0009077375784729193,0.0
2940,0.0009077376245722569,0.0009077376245722569,0.0
2941,0.0009077375846543226,0.0009077375846543226,0.0
2942,0.0009077375872925574,0.0009077375872925574,0.0
2943,0.0009077376050392822,0.0009077376050392822,0.0
2944,0.0009077375856433649,0.0009077375856433649,0.0
2945,0.0009077376092574459,0.0009077376092574459,0.0
2946,0.000907737584991025,0.000907737584991025,0.0
2947,0.0009077376113493022,0.0009077376113493022,0.0
2948,0.0009077375843816558,0.0009077375843816558,0.0
2949,0.0009077375971417623,0.0009077375971417623,0.0
2950,0.0009077375957832521,0.0009077375957832521,0.0
2951,0.0009077376147543508,0.0009077376147543508,0.0
2952,0.0009077375829928827,0.0009077375829928827,0.0
2953,0.0009077375644970265,0.0009077375644970265,0.0
2954,0.0009077375614206266,0.0009077375614206266,0.0
2955,0.0009077375774860396,0.0009077375774860396,0.0
2956,0.0009077375926393818,0.0009077375926393818,0.0
2957,0.0009077375931133471,0.0009077375931133471,0.0
2958,0.0009077375820215485,0.0009077375820215485,0.0
2959,0.0009077375625764544,0.0009077375625764544,0.0
2960,0.0009077375913579513,0.0009077375913579513,0.0
2961,0.0009077375620685515,0.0009077375620685515,0.0
2962,0.0009077375808849089,0.0009077375808849089,0.0
2963,0.0009077375548837491,0.0009077375548837491,0.0
2964,0.0009077375512655611,0.0009077375512655611,0.0
2965,0.0009077375883009874,0.0009077375883009874,0.0
2966,0.0009077375805064428,0.0009077375805064428,0.0
2967,0.0009077375897639207,0.0009077375897639207,0.0
2968,0.0009077375713727312,0.0009077375713727312,0.0
2969,0.0009077375796251437,0.0009077375796251437,0.0
2970,0.0009077375591941272,0.0009077375591941272,0.0
2971,0.0009077375491423554,0.0009077375491423554,0.0
2972,0.000907737542719606,0.000907737542719606,0.0
2973,0.0009077375730242442,0.0009077375730242442,0.0
2974,0.0009077375468735364,0.0009077375468735364,0.0
2975,0.000907737543994651,0.000907737543994651,0.0
2976,0.0009077375524677751,0.0009077375524677751,0.0
2977,0.0009077375371515297,0.0009077375371515297,0.0
2978,0.0009077375327078646,0.0009077375327078646,0.0
2979,0.0009077375519821271,0.0009077375519821271,0.0
2980,0.0009077375575506573,0.0009077375575506573,0.0
2981,0.0009077375489898594,0.0009077375489898594,0.0
2982,0.0009077375366785791,0.0009077375366785791,0.0
2983,0.000907737534541477,0.000907737534541477,0.0
2984,0.0009077375419853928,0.0009077375419853928,0.0
2985,0.000907737523111192,0.000907737523111192,0.0
2986,0.0009077375276412483,0.0009077375276412483,0.0
2987,0.0009077375308881467,0.0009077375308881467,0.0
2988,0.0009077375038892036,0.0009077375038892036,0.0
2989,0.0009077374815885768,0.0009077374815885768,0.0
2990,0.0009077375175978225,0.0009077375175978225,0.0
2991,0.0009077375328779618,0.0009077375328779618,0.0
2992,0.0009077375208383973,0.0009077375208383973,0.0
2993,0.0009077375055320201,0.0009077375055320201,0.0
2994,0.000907737513289944,0.000907737513289944,0.0
2995,0.0009077375154022975,0.0009077375154022975,0.0
2996,0.0009077375107674376,0.0009077375107674376,0.0
2997,0.0009077374926922324,0.0009077374926922324,0.0
2998,0.0009077374983360372,0.0009077374983360372,0.0
2999,0.0009077374843936976,0.0009077374843936976,0.0
3000,0.0009077374858895369,0.0009077374858895369,0.0
3001,0.0009077374817378018,0.0009077374817378018,0.0
3002,0.0009077374907519825,0.0009077374907519825,0.0
3003,0.0009077374964967667,0.0009077374964967667,0.0
3004,0.0009077374846422361,0.0009077374846422361,0.0
3005,0.0009077374870473727,0.0009077374870473727,0.0
3006,0.0009077374713214437,0.0009077374713214437,0.0
3007,0.0009077374820686502,0.0009077374820686502,0.0
3008,0.0009077374703073965,0.0009077374703073965,0.0
3009,0.0009077374869306757,0.0009077374869306757,0.0
3010,0.0009077374657221439,0.0009077374657221439,0.0
3011,0.0009077374746911229,0.0009077374746911229,0.0
3012,0.0009077374631595101,0.0009077374631595101,0.0
3013,0.0009077374737640773,0.0009077374737640773,0.0
3014,0.0009077374467144486,0.0009077374467144486,0.0
3015,0.0009077374313329453,0.0009077374313329453,0.0
3016,0.0009077374392354488,0.0009077374392354488,0.0
3017,0.000907737465267181,0.000907737465267181,0.0
3018,0.0009077374502013891,0.0009077374502013891,0.0
3019,0.0009077374356331995,0.0009077374356331995,0.0
3020,0.0009077374594353087,0.0009077374594353087,0.0
3021,0.0009077374567848087,0.0009077374567848087,0.0
3022,0.0009077374277182648,0.0009077374277182648,0.0
3023,0.0009077374181590132,0.0009077374181590132,0.0
3024,0.0009077374380887062,0.0009077374380887062,0.0
3025,0.0009077374562744462,0.0009077374562744462,0.0
3026,0.000907737418311633,0.000907737418311633,0.0
3027,0.0009077374085418248,0.0009077374085418248,0.0
3028,0.0009077373924673709,0.0009077373924673709,0.0
3029,0.0009077373980155388,0.0009077373980155388,0.0
3030,0.0009077374117498082,0.0009077374117498082,0.0
3031,0.0009077373864079777,0.0009077373864079777,0.0
3032,0.0009077373672227038,0.0009077373672227038,0.0
3033,0.0009077373907141326,0.0009077373907141326,0.0
3034,0.0009077373819594264,0.0009077373819594264,0.0
3035,0.0009077373887043808,0.0009077373887043808,0.0
3036,0.0009077373667116384,0.0009077373667116384,0.0
3037,0.0009077373531445626,0.0009077373531445626,0.0
3038,0.0009077373580862035,0.0009077373580862035,0.0
3039,0.0009077373715266699,0.0009077373715266699,0.0
3040,0.0009077373623056577,0.0009077373623056577,0.0
3041,0.0009077373407597451,0.0009077373407597451,0.0
3042,0.0009077373362408876,0.0009077373362408876,0.0
3043,0.0009077373533895979,0.0009077373533895979,0.0
3044,0.0009077373290210576,0.0009077373290210576,0.0
3045,0.0009077373255602286,0.0009077373255602286,0.0
3046,0.000907737315867653,0.000907737315867653,0.0
3047,0.0009077373116949181,0.0009077373116949181,0.0
3048,0.0009077372719102268,0.0009077372719102268,0.0
3049,0.0009077372089725836,0.0009077372089725836,0.0
3050,0.0009077372728827705,0.0009077372728827705,0.0
3051,0.0009077372673033188,0.0009077372673033188,0.0
3052,0.0009077372505199619,0.0009077372505199619,0.0
3053,0.0009077372582432697,0.0009077372582432697,0.0
3054,0.0009077372293781546,0.0009077372293781546,0.0
3055,0.0009077372880247391,0.0009077372880247391,0.0
3056,0.0009077372124896131,0.0009077372124896131,0.0
3057,0.0009077372153638228,0.0009077372153638228,0.0
3058,0.0009077372240820973,0.0009077372240820973,0.0
3059,0.0009077372250752532,0.0009077372250752532,0.0
3060,0.0009077372047742588,0.0009077372047742588,0.0
3061,0.0009077372246600719,0.0009077372246600719,0.0
3062,0.000907737211970792,0.000907737211970792,0.0
3063,0.0009077371586554841,0.0009077371586554841,0.0
3064,0.0009077371288706513,0.0009077371288706513,0.0
3065,0.0009077371121519394,0.0009077371121519394,0.0
3066,0.0009077370346207117,0.0009077370346207117,0.0
3067,0.0009077371166278111,0.0009077371166278111,0.0
3068,0.0009077371859014302,0.0009077371859014302,0.0
3069,0.0009077371243440567,0.0009077371243440567,0.0
3070,0.0009077370932838569,0.0009077370932838569,0.0
3071,0.0009077371044430038,0.0009077371044430038,0.0
3072,0.0009077371198085022,0.0009077371198085022,0.0
3073,0.0009077370343578685,0.0009077370343578685,0.0
3074,0.0009077369517229017,0.0009077369517229017,0.0
3075,0.000907737011012746,0.000907737011012746,0.0
3076,0.0009077370615185351,0.0009077370615185351,0.0
3077,0.0009077370020554249,0.0009077370020554249,0.0
3078,0.0009077370143748293,0.0009077370143748293,0.0
3079,0.0009077369671998736,0.0009077369671998736,0.0
3080,0.0009077369602686302,0.0009077369602686302,0.0
3081,0.0009077369273322715,0.0009077369273322715,0.0
3082,0.000907736853636482,0.000907736853636482,0.0
3083,0.0009077368913601974,0.0009077368913601974,0.0
3084,0.0009077369799081474,0.0009077369799081474,0.0
3085,0.0009077368545900986,0.0009077368545900986,0.0
3086,0.000907736900142448,0.000907736900142448,0.0
3087,0.000907736884301287,0.000907736884301287,0.0
3088,0.0009077368762078741,0.0009077368762078741,0.0
3089,0.0009077367912528358,0.0009077367912528358,0.0
3090,0.0009077366880640704,0.0009077366880640704,0.0
3091,0.0009077367831175075,0.0009077367831175075,0.0
3092,0.0009077367806483585,0.0009077367806483585,0.0
3093,0.0009077368438714323,0.0009077368438714323,0.0
3094,0.0009077367408188292,0.0009077367408188292,0.0
3095,0.0009077367785206915,0.0009077367785206915,0.0
3096,0.0009077367354808576,0.0009077367354808576,0.0
3097,0.0009077366937962641,0.0009077366937962641,0.0
3098,0.0009077366090558738,0.0009077366090558738,0.0
3099,0.0009077364346560078,0.0009077364346560078,0.0
3100,0.000907736653582554,0.000907736653582554,0.0
3101,0.0009077365918312287,0.0009077365918312287,0.0
3102,0.0009077365568619242,0.0009077365568619242,0.0
3103,0.0009077365303367594,0.0009077365303367594,0.0
3104,0.0009077366524748517,0.0009077366524748517,0.0
3105,0.0009077365863787589,0.0009077365863787589,0.0
3106,0.000907736609353398,0.000907736609353398,0.0
3107,0.0009077364832660865,0.0009077364832660865,0.0
3108,0.0009077364715278693,0.0009077364715278693,0.0
3109,0.0009077364013748798,0.0009077364013748798,0.0
3110,0.0009077362549416382,0.0009077362549416382,0.0
3111,0.0009077363760055598,0.0009077363760055598,0.0
3112,0.000907736441690782,0.000907736441690782,0.0
3113,0.0009077363598275149,0.0009077363598275149,0.0
3114,0.0009077363261410016,0.0009077363261410016,0.0
3115,0.0009077363339502334,0.0009077363339502334,0.0
3116,0.0009077362567639452,0.0009077362567639452,0.0
3117,0.0009077362225051028,0.0009077362225051028,0.0
3118,0.000907736071997595,0.000907736071997595,0.0
3119,0.0009077362806903003,0.0009077362806903003,0.0
3120,0.000907736261426081,0.000907736261426081,0.0
3121,0.000907736185589759,0.000907736185589759,0.0
3122,0.0009077361608695438,0.0009077361608695438,0.0
3123,0.0009077360583147109,0.0009077360583147109,0.0
3124,0.0009077358641896715,0.0009077358641896715,0.0
3125,0.0009077360028562659,0.0009077360028562659,0.0
3126,0.0009077359697743974,0.0009077359697743974,0.0
3127,0.0009077359510516981,0.0009077359510516981,0.0
3128,0.0009077359562393448,0.0009077359562393448,0.0
3129,0.000907735894645558,0.000907735894645558,0.0
3130,0.0009077358737529463,0.0009077358737529463,0.0
3131,0.0009077358192074904,0.0009077358192074904,0.0
3132,0.0009077356624652205,0.0009077356624652205,0.0
3133,0.0009077358576259644,0.0009077358576259644,0.0
3134,0.000907735706558135,0.000907735706558135,0.0
3135,0.0009077357225546564,0.0009077357225546564,0.0
3136,0.00090773564717853,0.00090773564717853,0.0
3137,0.00090773546879787,0.00090773546879787,0.0
3138,0.0009077357100427884,0.0009077357100427884,0.0
3139,0.0009077356671699177,0.0009077356671699177,0.0
3140,0.0009077354406664978,0.0009077354406664978,0.0
3141,0.0009077351348307822,0.0009077351348307822,0.0
3142,0.0009077354399503648,0.0009077354399503648,0.0
3143,0.0009077355819665566,0.0009077355819665566,0.0
3144,0.0009077353760164946,0.0009077353760164946,0.0
3145,0.0009077353816530412,0.0009077353816530412,0.0
3146,0.0009077353538582526,0.0009077353538582526,0.0
3147,0.0009077352532526479,0.0009077352532526479,0.0
3148,0.0009077352175296328,0.0009077352175296328,0.0
3149,0.000907735125826093,0.000907735125826093,0.0
3150,0.0009077348650701352,0.0009077348650701352,0.0
3151,0.0009077351501919292,0.0009077351501919292,0.0
3152,0.0009077351752465259,0.0009077351752465259,0.0
3153,0.0009077350700076531,0.0009077350700076531,0.0
3154,0.0009077349377020516,0.0009077349377020516,0.0
3155,0.000907735057345844,0.000907735057345844,0.0
3156,0.0009077348801225453,0.0009077348801225453,0.0
3157,0.000907735003290599,0.000907735003290599,0.0
3158,0.0009077349762227684,0.0009077349762227684,0.0
3159,0.0009077346064862937,0.0009077346064862937,0.0
3160,0.000907734188212643,0.000907734188212643,0.0
3161,0.0009077346585245949,0.0009077346585245949,0.0
3162,0.0009077349360083844,0.0009077349360083844,0.0
3163,0.000907734774427945,0.000907734774427945,0.0
3164,0.0009077347570396872,0.0009077347570396872,0.0
3165,0.0009077345558995509,0.0009077345558995509,0.0
3166,0.000907734465335001,0.000907734465335001,0.0
3167,0.0009077344873481792,0.0009077344873481792,0.0
3168,0.000907734532583613,0.000907734532583613,0.0
3169,0.0009077343565834229,0.0009077343565834229,0.0
3170,0.000907734340311554,0.000907734340311554,0.0
3171,0.0009077345650567328,0.0009077345650567328,0.0
3172,0.0009077343305612609,0.0009077343305612609,0.0
3173,0.0009077342442433078,0.0009077342442433078,0.0
3174,0.0009077341983626514,0.0009077341983626514,0.0
3175,0.0009077341617782605,0.0009077341617782605,0.0
3176,0.0009077340511455341,0.0009077340511455341,0.0
3177,0.0009077342779970109,0.0009077342779970109,0.0
3178,0.0009077340392247049,0.0009077340392247049,0.0
3179,0.0009077339403555203,0.0009077339403555203,0.0
3180,0.0009077340231039656,0.0009077340231039656,0.0
3181,0.0009077339850901795,0.0009077339850901795,0.0
3182,0.0009077338647299758,0.0009077338647299758,0.0
3183,0.0009077337422737898,0.0009077337422737898,0.0
3184,0.0009077336501965836,0.0009077336501965836,0.0
3185,0.0009077333161493864,0.0009077333161493864,0.0
3186,0.0009077340147779284,0.0009077340147779284,0.0
3187,0.000907733724236334,0.000907733724236334,0.0
3188,0.0009077335326618693,0.0009077335326618693,0.0
3189,0.0009077333696343726,0.0009077333696343726,0.0
3190,0.0009077333650111967,0.0009077333650111967,0.0
3191,0.0009077333394914425,0.0009077333394914425,0.0
3192,0.0009077334178796271,0.0009077334178796271,0.0
3193,0.0009077332816451166,0.0009077332816451166,0.0
3194,0.0009077331209960702,0.0009077331209960702,0.0
3195,0.0009077330729752947,0.0009077330729752947,0.0
3196,0.0009077327482730518,0.0009077327482730518,0.0
3197,0.000907732964884747,0.000907732964884747,0.0
3198,0.0009077327750786876,0.0009077327750786876,0.0
3199,0.0009077329188192148,0.0009077329188192148,0.0
3200,0.0009077328924047487,0.0009077328924047487,0.0
3201,0.0009077332816962789,0.0009077332816962789,0.0
3202,0.0009077325812468159,0.0009077325812468159,0.0
3203,0.0009077322457794998,0.0009077322457794998,0.0
3204,0.0009077325802124451,0.0009077325802124451,0.0
3205,0.0009077323537093121,0.0009077323537093121,0.0
3206,0.0009077329121393304,0.0009077329121393304,0.0
3207,0.0009077326981423536,0.0009077326981423536,0.0
3208,0.0009077325436509881,0.0009077325436509881,0.0
3209,0.0009077323006838913,0.0009077323006838913,0.0
3210,0.0009077322327520868,0.0009077322327520868,0.0
3211,0.0009077320976514504,0.0009077320976514504,0.0
3212,0.0009077323645030238,0.0009077323645030238,0.0
3213,0.000907732109075783,0.000907732109075783,0.0
3214,0.0009077319127906988,0.0009077319127906988,0.0
3215,0.0009077316951089161,0.0009077316951089161,0.0
3216,0.0009077321926307536,0.0009077321926307536,0.0
3217,0.0009077320473719004,0.0009077320473719004,0.0
3218,0.0009077316468624507,0.0009077316468624507,0.0
3219,0.0009077313994313256,0.0009077313994313256,0.0
3220,0.0009077320476144712,0.0009077320476144712,0.0
3221,0.0009077316840908974,0.0009077316840908974,0.0
3222,0.0009077324153210066,0.0009077324153210066,0.0
3223,0.000907731966449385,0.000907731966449385,0.0
3224,0.000907732046014824,0.000907732046014824,0.0
3225,0.0009077314811135939,0.0009077314811135939,0.0
3226,0.0009077318818550517,0.0009077318818550517,0.0
3227,0.0009077320068376249,0.0009077320068376249,0.0
3228,0.0009077314976249789,0.0009077314976249789,0.0
3229,0.0009077320372943767,0.0009077320372943767,0.0
3230,0.0009077312266509639,0.0009077312266509639,0.0
3231,0.0009077310186021432,0.0009077310186021432,0.0
3232,0.0009077318867738312,0.0009077318867738312,0.0
3233,0.0009077313550472774,0.0009077313550472774,0.0
3234,0.0009077317640650819,0.0009077317640650819,0.0
3235,0.0009077313954235964,0.0009077313954235964,0.0
3236,0.0009077314052046286,0.0009077314052046286,0.0
3237,0.0009077315127047441,0.0009077315127047441,0.0
3238,0.0009077312488987132,0.0009077312488987132,0.0
3239,0.0009077322220424725,0.0009077322220424725,0.0
3240,0.0009077315144373868,0.0009077315144373868,0.0
3241,0.0009077308375845642,0.0009077308375845642,0.0
3242,0.0009077305379851565,0.0009077305379851565,0.0
3243,0.0009077319732036858,0.0009077319732036858,0.0
3244,0.0009077310429347629,0.0009077310429347629,0.0
3245,0.0009077319313523883,0.0009077319313523883,0.0
3246,0.0009077307639548238,0.0009077307639548238,0.0
3247,0.0009077318327725433,0.0009077318327725433,0.0
3248,0.000907730863912218,0.000907730863912218,0.0
3249,0.0009077307883639967,0.0009077307883639967,0.0
3250,0.0009077317512395147,0.0009077317512395147,0.0
3251,0.0009077309438447876,0.0009077309438447876,0.0
3252,0.0009077316268183652,0.0009077316268183652,0.0
3253,0.0009077307387990887,0.0009077307387990887,0.0
3254,0.0009077307555022558,0.0009077307555022558,0.0
3255,0.0009077313642919605,0.0009077313642919605,0.0
3256,0.00090773058445447,0.00090773058445447,0.0
3257,0.000907730986196935,0.000907730986196935,0.0
3258,0.0009077302006579066,0.0009077302006579066,0.0
3259,0.0009077298020604698,0.0009077298020604698,0.0
3260,0.0009077306630389046,0.0009077306630389046,0.0
3261,0.0009077301770499506,0.0009077301770499506,0.0
3262,0.0009077312152469427,0.0009077312152469427,0.0
3263,0.0009077303559389762,0.0009077303559389762,0.0
3264,0.0009077310063496633,0.0009077310063496633,0.0
3265,0.0009077302277378866,0.0009077302277378866,0.0
3266,0.000907729831395321,0.000907729831395321,0.0
3267,0.0009077310398257363,0.0009077310398257363,0.0
3268,0.0009077300054767243,0.0009077300054767243,0.0
3269,0.0009077310406037696,0.0009077310406037696,0.0
3270,0.0009077304894551037,0.0009077304894551037,0.0
3271,0.0009077298579662891,0.0009077298579662891,0.0
3272,0.0009077308324311714,0.0009077308324311714,0.0
3273,0.0009077301368920894,0.0009077301368920894,0.0
3274,0.0009077302839687959,0.0009077302839687959,0.0
3275,0.0009077297368858879,0.0009077297368858879,0.0
3276,0.0009077296755282747,0.0009077296755282747,0.0
3277,0.0009077308765526138,0.0009077308765526138,0.0
3278,0.0009077302479882754,0.0009077302479882754,0.0
3279,0.0009077303074405359,0.0009077303074405359,0.0
3280,0.0009077300763695375,0.0009077300763695375,0.0
3281,0.0009077298652880113,0.0009077298652880113,0.0
3282,0.0009077295511138298,0.0009077295511138298,0.0
3283,0.0009077295939757027,0.0009077295939757027,0.0
3284,0.0009077294020006821,0.0009077294020006821,0.0
3285,0.000907729268633085,0.000907729268633085,0.0
3286,0.000907729885537223,0.000907729885537223,0.0
3287,0.0009077293843510126,0.0009077293843510126,0.0
3288,0.0009077292985356708,0.0009077292985356708,0.0
3289,0.0009077292128842725,0.0009077292128842725,0.0
3290,0.000907729146479549,0.000907729146479549,0.0
3291,0.0009077294615010855,0.0009077294615010855,0.0
3292,0.0009077294989796622,0.0009077294989796622,0.0
3293,0.000907729032520152,0.000907729032520152,0.0
3294,0.0009077290435296608,0.0009077290435296608,0.0
3295,0.0009077290725943942,0.0009077290725943942,0.0
3296,0.0009077290003950578,0.0009077290003950578,0.0
3297,0.0009077291987739928,0.0009077291987739928,0.0
3298,0.0009077293068215507,0.0009077293068215507,0.0
3299,0.000907729072879611,0.000907729072879611,0.0
3300,0.0009077288358965674,0.0009077288358965674,0.0
3301,0.0009077290673206821,0.0009077290673206821,0.0
3302,0.0009077291230651575,0.0009077291230651575,0.0
3303,0.0009077286462265107,0.0009077286462265107,0.0
3304,0.0009077286424293617,0.0009077286424293617,0.0
3305,0.0009077283938040188,0.0009077283938040188,0.0
3306,0.0009077282000787984,0.0009077282000787984,0.0
3307,0.0009077284998294635,0.0009077284998294635,0.0
3308,0.0009077281053536403,0.0009077281053536403,0.0
3309,0.0009077278593454136,0.0009077278593454136,0.0
3310,0.0009077289102313686,0.0009077289102313686,0.0
3311,0.0009077282625017627,0.0009077282625017627,0.0
3312,0.0009077285919214754,0.0009077285919214754,0.0
3313,0.000907728715044345,0.000907728715044345,0.0
3314,0.0009077280267785349,0.0009077280267785349,0.0
3315,0.0009077285061001309,0.0009077285061001309,0.0
3316,0.0009077287099731842,0.0009077287099731842,0.0
3317,0.0009077288209446455,0.0009077288209446455,0.0
3318,0.0009077277395002433,0.0009077277395002433,0.0
3319,0.0009077275492746165,0.0009077275492746165,0.0
3320,0.0009077283796304758,0.0009077283796304758,0.0
3321,0.0009077280310064327,0.0009077280310064327,0.0
3322,0.0009077278085883899,0.0009077278085883899,0.0
3323,0.0009077280905057211,0.0009077280905057211,0.0
3324,0.0009077278617998063,0.0009077278617998063,0.0
3325,0.0009077287908121471,0.0009077287908121471,0.0
3326,0.0009077279124009218,0.0009077279124009218,0.0
3327,0.0009077279189145634,0.0009077279189145634,0.0
3328,0.0009077286095096553,0.0009077286095096553,0.0
3329,0.0009077274652717499,0.0009077274652717499,0.0
3330,0.000907727749596971,0.000907727749596971,0.0
3331,0.0009077275092148045,0.0009077275092148045,0.0
3332,0.000907728684707705,0.000907728684707705,0.0
3333,0.0009077279280252167,0.0009077279280252167,0.0
3334,0.0009077285345171734,0.0009077285345171734,0.0
3335,0.0009077274254441802,0.0009077274254441802,0.0
3336,0.0009077279516867549,0.0009077279516867549,0.0
3337,0.0009077285398962682,0.0009077285398962682,0.0
3338,0.0009077278665704889,0.0009077278665704889,0.0
3339,0.000907727663857952,0.000907727663857952,0.0
3340,0.00090772710027275,0.00090772710027275,0.0
3341,0.0009077272133170413,0.0009077272133170413,0.0
3342,0.0009077273150203553,0.0009077273150203553,0.0
3343,0.0009077274346958704,0.0009077274346958704,0.0
3344,0.00090772725896095,0.00090772725896095,0.0
3345,0.0009077270616980572,0.0009077270616980572,0.0
3346,0.0009077273043515669,0.0009077273043515669,0.0
3347,0.0009077272905717273,0.0009077272905717273,0.0
3348,0.0009077267798501884,0.0009077267798501884,0.0
3349,0.0009077266962848733,0.0009077266962848733,0.0
3350,0.0009077273393566209,0.0009077273393566209,0.0
3351,0.0009077272408124366,0.0009077272408124366,0.0
3352,0.0009077270019968924,0.0009077270019968924,0.0
3353,0.0009077265961152078,0.0009077265961152078,0.0
3354,0.0009077266511422689,0.0009077266511422689,0.0
3355,0.0009077267932468149,0.0009077267932468149,0.0
3356,0.0009077270070020546,0.0009077270070020546,0.0
3357,0.0009077263929138203,0.0009077263929138203,0.0
3358,0.0009077264756117822,0.0009077264756117822,0.0
3359,0.0009077268386028602,0.0009077268386028602,0.0
3360,0.0009077265730719229,0.0009077265730719229,0.0
3361,0.0009077268490685126,0.0009077268490685126,0.0
3362,0.0009077274937566664,0.0009077274937566664,0.0
3363,0.0009077268774457652,0.0009077268774457652,0.0
3364,0.0009077262032116933,0.0009077262032116933,0.0
3365,0.0009077261559877764,0.0009077261559877764,0.0
3366,0.0009077261527512504,0.0009077261527512504,0.0
3367,0.0009077262449258047,0.0009077262449258047,0.0
3368,0.0009077263808552172,0.0009077263808552172,0.0
3369,0.0009077265720190937,0.0009077265720190937,0.0
3370,0.0009077262748480692,0.0009077262748480692,0.0
3371,0.0009077260581147712,0.0009077260581147712,0.0
3372,0.0009077264396975535,0.0009077264396975535,0.0
3373,0.0009077262697018431,0.0009077262697018431,0.0
3374,0.0009077255853107181,0.0009077255853107181,0.0
3375,0.0009077252388248605,0.0009077252388248605,0.0
3376,0.000907725934748664,0.000907725934748664,0.0
3377,0.000907725955651288,0.000907725955651288,0.0
3378,0.0009077256073511382,0.0009077256073511382,0.0
3379,0.00090772547345702,0.00090772547345702,0.0
3380,0.0009077260050529949,0.0009077260050529949,0.0
3381,0.0009077259734334588,0.0009077259734334588,0.0
3382,0.0009077254597151742,0.0009077254597151742,0.0
3383,0.0009077254990093128,0.0009077254990093128,0.0
3384,0.0009077251882480012,0.0009077251882480012,0.0
3385,0.0009077253465802164,0.0009077253465802164,0.0
3386,0.0009077252034083759,0.0009077252034083759,0.0
3387,0.0009077254443103992,0.0009077254443103992,0.0
3388,0.0009077251334304627,0.0009077251334304627,0.0
3389,0.000907725588347221,0.000907725588347221,0.0
3390,0.0009077251083598677,0.0009077251083598677,0.0
3391,0.0009077257782432938,0.0009077257782432938,0.0
3392,0.0009077251343586282,0.0009077251343586282,0.0
3393,0.0009077252894239673,0.0009077252894239673,0.0
3394,0.000907725322303106,0.000907725322303106,0.0
3395,0.0009077247019816046,0.0009077247019816046,0.0
3396,0.0009077249726728325,0.0009077249726728325,0.0
3397,0.0009077247292900903,0.0009077247292900903,0.0
3398,0.000907724964497188,0.000907724964497188,0.0
3399,0.0009077249838071241,0.0009077249838071241,0.0
3400,0.0009077247163587165,0.0009077247163587165,0.0
3401,0.0009077246040492813,0.0009077246040492813,0.0
3402,0.000907725428848343,0.000907725428848343,0.0
3403,0.0009077251205429358,0.0009077251205429358,0.0
3404,0.0009077247980114148,0.0009077247980114148,0.0
3405,0.0009077245663669473,0.0009077245663669473,0.0
3406,0.0009077251753514022,0.0009077251753514022,0.0
3407,0.0009077249474171619,0.0009077249474171619,0.0
3408,0.0009077247543027272,0.0009077247543027272,0.0
3409,0.000907725210188102,0.000907725210188102,0.0
3410,0.0009077250519713229,0.0009077250519713229,0.0
3411,0.0009077241600367776,0.0009077241600367776,0.0
3412,0.0009077241524259829,0.0009077241524259829,0.0
3413,0.0009077249835215104,0.0009077249835215104,0.0
3414,0.0009077242551255949,0.0009077242551255949,0.0
3415,0.0009077240086412036,0.0009077240086412036,0.0
3416,0.000907724106756299,0.000907724106756299,0.0
3417,0.0009077244102329137,0.0009077244102329137,0.0
3418,0.0009077244112842215,0.0009077244112842215,0.0
3419,0.000907724466359021,0.000907724466359021,0.0
3420,0.000907724075361363,0.000907724075361363,0.0
3421,0.0009077245934415875,0.0009077245934415875,0.0
3422,0.0009077245378327014,0.0009077245378327014,0.0
3423,0.0009077245254687122,0.0009077245254687122,0.0
3424,0.0009077244468209691,0.0009077244468209691,0.0
3425,0.0009077244626185357,0.0009077244626185357,0.0
3426,0.0009077238057181676,0.0009077238057181676,0.0
3427,0.0009077241303108694,0.0009077241303108694,0.0
3428,0.0009077242652373362,0.0009077242652373362,0.0
3429,0.0009077238949243239,0.0009077238949243239,0.0
3430,0.0009077239969971026,0.0009077239969971026,0.0
3431,0.0009077238199510688,0.0009077238199510688,0.0
3432,0.00090772438048367,0.00090772438048367,0.0
3433,0.0009077242255941516,0.0009077242255941516,0.0
3434,0.000907724003086844,0.000907724003086844,0.0
3435,0.0009077243479629901,0.0009077243479629901,0.0
3436,0.0009077237933446165,0.0009077237933446165,0.0
3437,0.000907724601954678,0.000907724601954678,0.0
3438,0.0009077243595390136,0.0009077243595390136,0.0
3439,0.0009077242586954526,0.0009077242586954526,0.0
3440,0.0009077244350611269,0.0009077244350611269,0.0
3441,0.0009077238883488238,0.0009077238883488238,0.0
3442,0.000907724032437381,0.000907724032437381,0.0
3443,0.0009077240902607787,0.0009077240902607787,0.0
3444,0.0009077242502725572,0.0009077242502725572,0.0
3445,0.0009077239978833854,0.0009077239978833854,0.0
3446,0.0009077240703612476,0.0009077240703612476,0.0
3447,0.00090772384246272,0.00090772384246272,0.0
3448,0.0009077243721411681,0.0009077243721411681,0.0
3449,0.0009077237591147454,0.0009077237591147454,0.0
3450,0.0009077233873233151,0.0009077233873233151,0.0
3451,0.0009077236616923381,0.0009077236616923381,0.0
3452,0.0009077242044525102,0.0009077242044525102,0.0
3453,0.0009077238569656745,0.0009077238569656745,0.0
3454,0.0009077240940057409,0.0009077240940057409,0.0
3455,0.0009077235176454571,0.0009077235176454571,0.0
3456,0.0009077240664717664,0.0009077240664717664,0.0
3457,0.0009077244136522828,0.0009077244136522828,0.0
3458,0.000907723616631159,0.000907723616631159,0.0
3459,0.0009077237325176641,0.0009077237325176641,0.0
3460,0.000907723766178374,0.000907723766178374,0.0
3461,0.0009077238680674994,0.0009077238680674994,0.0
3462,0.0009077242164737111,0.0009077242164737111,0.0
3463,0.0009077235863418037,0.0009077235863418037,0.0
3464,0.0009077234745474348,0.0009077234745474348,0.0
3465,0.0009077239059512047,0.0009077239059512047,0.0
3466,0.0009077238964129059,0.0009077238964129059,0.0
3467,0.0009077238522782308,0.0009077238522782308,0.0
3468,0.0009077239858899064,0.0009077239858899064,0.0
3469,0.0009077235386552216,0.0009077235386552216,0.0
3470,0.0009077240948657205,0.0009077240948657205,0.0
3471,0.0009077235149713261,0.0009077235149713261,0.0
3472,0.0009077234088400705,0.0009077234088400705,0.0
3473,0.0009077233238283937,0.0009077233238283937,0.0
3474,0.000907723718442612,0.000907723718442612,0.0
3475,0.0009077238188256614,0.0009077238188256614,0.0
3476,0.0009077238675512277,0.0009077238675512277,0.0
3477,0.0009077234840458658,0.0009077234840458658,0.0
3478,0.0009077238570251543,0.0009077238570251543,0.0
3479,0.0009077234795101671,0.0009077234795101671,0.0
3480,0.000907723483780587,0.000907723483780587,0.0
3481,0.0009077236028500715,0.0009077236028500715,0.0
3482,0.000907723929169663,0.000907723929169663,0.0
3483,0.0009077234401892203,0.0009077234401892203,0.0
3484,0.0009077233192625603,0.0009077233192625603,0.0
3485,0.0009077238503107332,0.0009077238503107332,0.0
3486,0.0009077236163665005,0.0009077236163665005,0.0
3487,0.0009077236907614805,0.0009077236907614805,0.0
3488,0.0009077231347603327,0.0009077231347603327,0.0
3489,0.000907723342447899,0.000907723342447899,0.0
3490,0.0009077238383381095,0.0009077238383381095,0.0
3491,0.0009077233611307583,0.0009077233611307583,0.0
3492,0.000907723686693824,0.000907723686693824,0.0
3493,0.0009077233602722328,0.0009077233602722328,0.0
3494,0.0009077230484884008,0.0009077230484884008,0.0
3495,0.0009077230363000376,0.0009077230363000376,0.0
3496,0.0009077236606693686,0.0009077236606693686,0.0
3497,0.0009077233044670486,0.0009077233044670486,0.0
3498,0.0009077237085141446,0.0009077237085141446,0.0
3499,0.0009077232953293908,0.0009077232953293908,0.0
3500,0.0009077231140319033,0.0009077231140319033,0.0
3501,0.0009077231326925393,0.0009077231326925393,0.0
3502,0.0009077235307962025,0.0009077235307962025,0.0
3503,0.0009077232553101462,0.0009077232553101462,0.0
3504,0.0009077230606460921,0.0009077230606460921,0.0
3505,0.000907722994922451,0.000907722994922451,0.0
3506,0.0009077230804137635,0.0009077230804137635,0.0
3507,0.0009077234917690106,0.0009077234917690106,0.0
3508,0.0009077232066061182,0.0009077232066061182,0.0
3509,0.000907722959144886,0.000907722959144886,0.0
3510,0.0009077230477100193,0.0009077230477100193,0.0
3511,0.0009077231429940753,0.0009077231429940753,0.0
3512,0.0009077228800502569,0.0009077228800502569,0.0
3513,0.0009077229160413018,0.0009077229160413018,0.0
3514,0.000907723134175075,0.000907723134175075,0.0
3515,0.000907723284216356,0.000907723284216356,0.0
3516,0.0009077229144449889,0.0009077229144449889,0.0
3517,0.0009077229199097373,0.0009077229199097373,0.0
3518,0.000907722959696998,0.000907722959696998,0.0
3519,0.0009077229283718486,0.0009077229283718486,0.0
3520,0.0009077228722023148,0.0009077228722023148,0.0
3521,0.0009077231361065077,0.0009077231361065077,0.0
3522,0.0009077228117273025,0.0009077228117273025,0.0
3523,0.0009077230100113426,0.0009077230100113426,0.0
3524,0.0009077229854035747,0.0009077229854035747,0.0
3525,0.00090772259033306,0.00090772259033306,0.0
3526,0.0009077224744603311,0.0009077224744603311,0.0
3527,0.0009077227366312654,0.0009077227366312654,0.0
3528,0.0009077229699864153,0.0009077229699864153,0.0
3529,0.000907722819668779,0.000907722819668779,0.0
3530,0.0009077228662519924,0.0009077228662519924,0.0
3531,0.000907722570503544,0.000907722570503544,0.0
3532,0.0009077224911092825,0.0009077224911092825,0.0
3533,0.0009077226733994198,0.0009077226733994198,0.0
3534,0.0009077227072541857,0.0009077227072541857,0.0
3535,0.0009077225548001703,0.0009077225548001703,0.0
3536,0.0009077228213720744,0.0009077228213720744,0.0
3537,0.0009077228589020706,0.0009077228589020706,0.0
3538,0.0009077228724624924,0.0009077228724624924,0.0
3539,0.0009077224065374101,0.0009077224065374101,0.0
3540,0.0009077223710236294,0.0009077223710236294,0.0
3541,0.000907722622311526,0.000907722622311526,0.0
3542,0.0009077223853726701,0.0009077223853726701,0.0
3543,0.0009077224255688649,0.0009077224255688649,0.0
3544,0.0009077225258548417,0.0009077225258548417,0.0
3545,0.0009077226705113763,0.0009077226705113763,0.0
3546,0.0009077222721004976,0.0009077222721004976,0.0
3547,0.0009077223226064104,0.0009077223226064104,0.0
3548,0.0009077224256222832,0.0009077224256222832,0.0
3549,0.0009077226997951322,0.0009077226997951322,0.0
3550,0.0009077223897495871,0.0009077223897495871,0.0
3551,0.0009077221973091327,0.0009077221973091327,0.0
3552,0.0009077223101738773,0.0009077223101738773,0.0
3553,0.0009077221326324401,0.0009077221326324401,0.0
3554,0.0009077222153999991,0.0009077222153999991,0.0
3555,0.000907722021918609,0.000907722021918609,0.0
3556,0.0009077219134159249,0.0009077219134159249,0.0
3557,0.0009077223916490332,0.0009077223916490332,0.0
3558,0.0009077224702109133,0.0009077224702109133,0.0
3559,0.0009077221382232852,0.0009077221382232852,0.0
3560,0.0009077222198682241,0.0009077222198682241,0.0
3561,0.0009077220162762817,0.0009077220162762817,0.0
3562,0.0009077221229540458,0.0009077221229540458,0.0
3563,0.0009077219099558726,0.0009077219099558726,0.0
3564,0.0009077219634342597,0.0009077219634342597,0.0
3565,0.0009077220492961847,0.0009077220492961847,0.0
3566,0.0009077219478414242,0.0009077219478414242,0.0
3567,0.0009077220756739163,0.0009077220756739163,0.0
3568,0.0009077221726490174,0.0009077221726490174,0.0
3569,0.0009077219517696765,0.0009077219517696765,0.0
3570,0.0009077218124819729,0.0009077218124819729,0.0
3571,0.0009077220031825856,0.0009077220031825856,0.0
3572,0.0009077222729126136,0.0009077222729126136,0.0
3573,0.0009077217437885499,0.0009077217437885499,0.0
3574,0.0009077218548692288,0.0009077218548692288,0.0
3575,0.0009077216534455541,0.0009077216534455541,0.0
3576,0.0009077216980684054,0.0009077216980684054,0.0
3577,0.0009077218285127524,0.0009077218285127524,0.0
3578,0.0009077222729857658,0.0009077222729857658,0.0
3579,0.0009077219449513865,0.0009077219449513865,0.0
3580,0.0009077216707094834,0.0009077216707094834,0.0
3581,0.0009077221043329774,0.0009077221043329774,0.0
3582,0.0009077217131282352,0.0009077217131282352,0.0
3583,0.0009077218546226734,0.0009077218546226734,0.0
3584,0.0009077217219743367,0.0009077217219743367,0.0
3585,0.0009077215123312956,0.0009077215123312956,0.0
3586,0.0009077215229110513,0.0009077215229110513,0.0
3587,0.0009077217458363318,0.0009077217458363318,0.0
3588,0.0009077221084007085,0.0009077221084007085,0.0
3589,0.0009077217775438209,0.0009077217775438209,0.0
3590,0.0009077219572438904,0.0009077219572438904,0.0
3591,0.0009077216640016541,0.0009077216640016541,0.0
3592,0.0009077217559544917,0.0009077217559544917,0.0
3593,0.0009077219777295738,0.0009077219777295738,0.0
3594,0.0009077217116589838,0.0009077217116589838,0.0
3595,0.0009077217381774241,0.0009077217381774241,0.0
3596,0.0009077216323750011,0.0009077216323750011,0.0
3597,0.0009077214458927234,0.0009077214458927234,0.0
3598,0.0009077215084159577,0.0009077215084159577,0.0
3599,0.000907721609818632,0.000907721609818632,0.0
3600,0.0009077213511588473,0.0009077213511588473,0.0
3601,0.00090772130869688,0.00090772130869688,0.0
3602,0.0009077218868294104,0.0009077218868294104,0.0
3603,0.0009077216031528297,0.0009077216031528297,0.0
3604,0.0009077216744249377,0.0009077216744249377,0.0
3605,0.0009077213505179758,0.0009077213505179758,0.0
3606,0.0009077213569217463,0.0009077213569217463,0.0
3607,0.0009077216017300053,0.0009077216017300053,0.0
3608,0.0009077216595075111,0.0009077216595075111,0.0
3609,0.0009077215284376349,0.0009077215284376349,0.0
3610,0.0009077214793440847,0.0009077214793440847,0.0
3611,0.0009077215637733701,0.0009077215637733701,0.0
3612,0.0009077214580627873,0.0009077214580627873,0.0
3613,0.0009077213336016937,0.0009077213336016937,0.0
3614,0.0009077215173360143,0.0009077215173360143,0.0
3615,0.0009077213015213744,0.0009077213015213744,0.0
3616,0.0009077214661533606,0.0009077214661533606,0.0
3617,0.0009077214252999071,0.0009077214252999071,0.0
3618,0.0009077215646173869,0.0009077215646173869,0.0
3619,0.0009077212848944774,0.0009077212848944774,0.0
3620,0.0009077215062586172,0.0009077215062586172,0.0
3621,0.0009077213544000987,0.0009077213544000987,0.0
3622,0.0009077214100650733,0.0009077214100650733,0.0
3623,0.0009077212835864455,0.0009077212835864455,0.0
3624,0.0009077215692099236,0.0009077215692099236,0.0
3625,0.0009077212929523587,0.0009077212929523587,0.0
3626,0.0009077215199785553,0.0009077215199785553,0.0
3627,0.0009077214210249332,0.0009077214210249332,0.0
3628,0.0009077213324551496,0.0009077213324551496,0.0
3629,0.0009077215480986269,0.0009077215480986269,0.0
3630,0.000907721306273486,0.000907721306273486,0.0
3631,0.0009077213690384374,0.0009077213690384374,0.0
3632,0.0009077211540002367,0.0009077211540002367,0.0
3633,0.0009077212920027447,0.0009077212920027447,0.0
3634,0.0009077214099110632,0.0009077214099110632,0.0
3635,0.0009077212581821582,0.0009077212581821582,0.0
3636,0.000907721275966184,0.000907721275966184,0.0
3637,0.0009077212776843342,0.0009077212776843342,0.0
3638,0.0009077214528053578,0.0009077214528053578,0.0
3639,0.0009077212397310283,0.0009077212397310283,0.0
3640,0.0009077213420784924,0.0009077213420784924,0.0
3641,0.0009077214774550149,0.0009077214774550149,0.0
3642,0.0009077212317925292,0.0009077212317925292,0.0
3643,0.0009077213354034933,0.0009077213354034933,0.0
3644,0.0009077212724483523,0.0009077212724483523,0.0
3645,0.0009077213452114764,0.0009077213452114764,0.0
3646,0.0009077212142822873,0.0009077212142822873,0.0
3647,0.0009077213073306672,0.0009077213073306672,0.0
3648,0.0009077214177602156,0.0009077214177602156,0.0
3649,0.0009077212027499455,0.0009077212027499455,0.0
3650,0.000907721344784003,0.000907721344784003,0.0
3651,0.0009077212087428122,0.0009077212087428122,0.0
3652,0.0009077212740979399,0.0009077212740979399,0.0
3653,0.0009077213961177085,0.0009077213961177085,0.0
3654,0.0009077211993929066,0.0009077211993929066,0.0
3655,0.0009077211610046112,0.0009077211610046112,0.0
3656,0.0009077213565942971,0.0009077213565942971,0.0
3657,0.0009077211900817986,0.0009077211900817986,0.0
3658,0.0009077212300563663,0.0009077212300563663,0.0
3659,0.0009077211738144089,0.0009077211738144089,0.0
3660,0.0009077213289047526,0.0009077213289047526,0.0
3661,0.0009077211781171244,0.0009077211781171244,0.0
3662,0.000907721330274497,0.000907721330274497,0.0
3663,0.0009077211770385621,0.0009077211770385621,0.0
3664,0.0009077211736814363,0.0009077211736814363,0.0
3665,0.0009077212857644344,0.0009077212857644344,0.0
3666,0.0009077211751393336,0.0009077211751393336,0.0
3667,0.0009077212288873386,0.0009077212288873386,0.0
3668,0.0009077212445244519,0.0009077212445244519,0.0
3669,0.0009077212331740535,0.0009077212331740535,0.0
3670,0.0009077212424523169,0.0009077212424523169,0.0
3671,0.0009077212366504959,0.0009077212366504959,0.0
3672,0.0009077212634340423,0.0009077212634340423,0.0
3673,0.0009077211587604529,0.0009077211587604529,0.0
3674,0.0009077211831214354,0.0009077211831214354,0.0
3675,0.0009077212323204581,0.0009077212323204581,0.0
3676,0.0009077213006683538,0.0009077213006683538,0.0
3677,0.0009077211494752011,0.0009077211494752011,0.0
3678,0.0009077212442704378,0.0009077212442704378,0.0
3679,0.000907721155534835,0.000907721155534835,0.0
3680,0.0009077211766514548,0.0009077211766514548,0.0
3681,0.0009077212868514029,0.0009077212868514029,0.0
3682,0.0009077211476849011,0.0009077211476849011,0.0
3683,0.0009077212738680764,0.0009077212738680764,0.0
3684,0.0009077211487561283,0.0009077211487561283,0.0
3685,0.0009077212947655878,0.0009077212947655878,0.0
3686,0.0009077211421942944,0.0009077211421942944,0.0
3687,0.0009077211504107959,0.0009077211504107959,0.0
3688,0.0009077211019707146,0.0009077211019707146,0.0
3689,0.0009077211347305403,0.0009077211347305403,0.0
3690,0.0009077211784578212,0.0009077211784578212,0.0
3691,0.000907721118289025,0.000907721118289025,0.0
3692,0.0009077211691819957,0.0009077211691819957,0.0
3693,0.0009077211827685966,0.0009077211827685966,0.0
3694,0.0009077211315202658,0.0009077211315202658,0.0
3695,0.00090772114369302,0.00090772114369302,0.0
3696,0.0009077211627703762,0.0009077211627703762,0.0
3697,0.0009077211715075223,0.0009077211715075223,0.0
3698,0.0009077211019853733,0.0009077211019853733,0.0
3699,0.0009077211711042605,0.0009077211711042605,0.0
3700,0.0009077211767682618,0.0009077211767682618,0.0
3701,0.000907721124988533,0.000907721124988533,0.0
3702,0.0009077211632399393,0.0009077211632399393,0.0
3703,0.0009077211722908469,0.0009077211722908469,0.0
3704,0.0009077211244620983,0.0009077211244620983,0.0
3705,0.0009077211536458964,0.0009077211536458964,0.0
3706,0.0009077211698412435,0.0009077211698412435,0.0
3707,0.0009077211212088784,0.0009077211212088784,0.0
3708,0.000907721154810595,0.000907721154810595,0.0
3709,0.0009077211841712252,0.0009077211841712252,0.0
3710,0.0009077211185033378,0.0009077211185033378,0.0
3711,0.0009077211227678378,0.0009077211227678378,0.0
3712,0.0009077211128665818,0.0009077211128665818,0.0
3713,0.0009077211563368162,0.0009077211563368162,0.0
3714,0.0009077211162348899,0.0009077211162348899,0.0
3715,0.0009077211312800331,0.0009077211312800331,0.0
3716,0.0009077211628353959,0.0009077211628353959,0.0
3717,0.0009077211142386843,0.0009077211142386843,0.0
3718,0.0009077211406064632,0.0009077211406064632,0.0
3719,0.0009077211337845216,0.0009077211337845216,0.0
3720,0.0009077211628428167,0.0009077211628428167,0.0
3721,0.0009077211113720245,0.0009077211113720245,0.0
3722,0.0009077210784656116,0.0009077210784656116,0.0
3723,0.0009077210853895477,0.0009077210853895477,0.0
3724,0.0009077211348268183,0.0009077211348268183,0.0
3725,0.0009077211044227998,0.0009077211044227998,0.0
3726,0.0009077211290993947,0.0009077211290993947,0.0
3727,0.0009077211432677949,0.0009077211432677949,0.0
3728,0.0009077211033979775,0.0009077211033979775,0.0
3729,0.0009077211359197219,0.0009077211359197219,0.0
3730,0.000907721104021493,0.000907721104021493,0.0
3731,0.0009077210735699968,0.0009077210735699968,0.0
3732,0.0009077210736022826,0.0009077210736022826,0.0
3733,0.0009077211167827159,0.0009077211167827159,0.0
3734,0.0009077211366985811,0.0009077211366985811,0.0
3735,0.0009077210994835393,0.0009077210994835393,0.0
3736,0.0009077210783870642,0.0009077210783870642,0.0
3737,0.0009077211117524054,0.0009077211117524054,0.0
3738,0.000907721111453398,0.000907721111453398,0.0
3739,0.0009077210898260264,0.0009077210898260264,0.0
3740,0.0009077210939510277,0.0009077210939510277,0.0
3741,0.0009077210976244747,0.0009077210976244747,0.0
3742,0.0009077211085785496,0.0009077211085785496,0.0
3743,0.0009077210850048208,0.0009077210850048208,0.0
3744,0.0009077210674921155,0.0009077210674921155,0.0
3745,0.0009077210785118371,0.0009077210785118371,0.0
3746,0.0009077210835147803,0.0009077210835147803,0.0
3747,0.0009077210845915846,0.0009077210845915846,0.0
3748,0.0009077210993666365,0.0009077210993666365,0.0
3749,0.0009077210586516064,0.0009077210586516064,0.0
3750,0.0009077210670347043,0.0009077210670347043,0.0
3751,0.0009077210928847771,0.0009077210928847771,0.0
3752,0.0009077211042573047,0.0009077211042573047,0.0
3753,0.0009077210793645456,0.0009077210793645456,0.0
3754,0.0009077210496675429,0.0009077210496675429,0.0
3755,0.0009077210442591497,0.0009077210442591497,0.0
3756,0.0009077210555216965,0.0009077210555216965,0.0
3757,0.0009077210894165421,0.0009077210894165421,0.0
3758,0.0009077210645386936,0.0009077210645386936,0.0
3759,0.0009077210507775828,0.0009077210507775828,0.0
3760,0.0009077210765121987,0.0009077210765121987,0.0
3761,0.0009077210597023835,0.0009077210597023835,0.0
3762,0.0009077210736772953,0.0009077210736772953,0.0
3763,0.000907721075199733,0.000907721075199733,0.0
3764,0.0009077210515689429,0.0009077210515689429,0.0
3765,0.0009077210661550593,0.0009077210661550593,0.0
3766,0.0009077210562955615,0.0009077210562955615,0.0
3767,0.0009077210593006353,0.0009077210593006353,0.0
3768,0.0009077210349895164,0.0009077210349895164,0.0
3769,0.0009077210490469023,0.0009077210490469023,0.0
3770,0.0009077210241840283,0.0009077210241840283,0.0
3771,0.0009077210205374667,0.0009077210205374667,0.0
3772,0.0009077210187163165,0.0009077210187163165,0.0
3773,0.0009077210164350215,0.0009077210164350215,0.0
3774,0.0009077210112000275,0.0009077210112000275,0.0
3775,0.0009077210082060306,0.0009077210082060306,0.0
3776,0.0009077210610434096,0.0009077210610434096,0.0
3777,0.0009077210691327277,0.0009077210691327277,0.0
3778,0.0009077210301498683,0.0009077210301498683,0.0
3779,0.0009077210110000643,0.0009077210110000643,0.0
3780,0.0009077210599054709,0.0009077210599054709,0.0
3781,0.0009077210119505037,0.0009077210119505037,0.0
3782,0.0009077210198169053,0.0009077210198169053,0.0
3783,0.0009077210067338435,0.0009077210067338435,0.0
3784,0.0009077210335845766,0.0009077210335845766,0.0
3785,0.0009077210343454484,0.0009077210343454484,0.0
3786,0.0009077210363754177,0.0009077210363754177,0.0
3787,0.0009077210282782396,0.0009077210282782396,0.0
3788,0.0009077210023773583,0.0009077210023773583,0.0
3789,0.0009077210367129132,0.0009077210367129132,0.0
3790,0.0009077209938827321,0.0009077209938827321,0.0
3791,0.0009077210214256149,0.0009077210214256149,0.0
3792,0.0009077209977706945,0.0009077209977706945,0.0
3793,0.0009077209658726878,0.0009077209658726878,0.0
3794,0.0009077209550193005,0.0009077209550193005,0.0
3795,0.0009077209981782192,0.0009077209981782192,0.0
3796,0.0009077209465287727,0.0009077209465287727,0.0
3797,0.0009077209226924175,0.0009077209226924175,0.0
3798,0.0009077209628896189,0.0009077209628896189,0.0
3799,0.0009077209642671254,0.0009077209642671254,0.0
3800,0.000907720945401049,0.000907720945401049,0.0
3801,0.0009077210061412315,0.0009077210061412315,0.0
3802,0.0009077209633035668,0.0009077209633035668,0.0
3803,0.0009077209455399254,0.0009077209455399254,0.0
3804,0.000907720978417144,0.000907720978417144,0.0
3805,0.0009077209617713911,0.0009077209617713911,0.0
3806,0.0009077209573384729,0.0009077209573384729,0.0
3807,0.0009077209387312932,0.0009077209387312932,0.0
3808,0.0009077209233473553,0.0009077209233473553,0.0
3809,0.0009077209078793555,0.0009077209078793555,0.0
3810,0.0009077209058556961,0.0009077209058556961,0.0
3811,0.0009077209291143543,0.0009077209291143543,0.0
3812,0.0009077209231814045,0.0009077209231814045,0.0
3813,0.0009077209122289089,0.0009077209122289089,0.0
3814,0.0009077208880655649,0.0009077208880655649,0.0
3815,0.000907720899803855,0.000907720899803855,0.0
3816,0.0009077208822213023,0.0009077208822213023,0.0
3817,0.0009077208999092507,0.0009077208999092507,0.0
3818,0.0009077208680926226,0.0009077208680926226,0.0
3819,0.0009077208716838736,0.0009077208716838736,0.0
3820,0.0009077209016857073,0.0009077209016857073,0.0
3821,0.0009077209000664078,0.0009077209000664078,0.0
3822,0.0009077208658492854,0.0009077208658492854,0.0
3823,0.0009077208749757687,0.0009077208749757687,0.0
3824,0.0009077208841032587,0.0009077208841032587,0.0
3825,0.0009077208807231573,0.0009077208807231573,0.0
3826,0.0009077208663641732,0.0009077208663641732,0.0
3827,0.0009077208313926536,0.0009077208313926536,0.0
3828,0.0009077208206596428,0.0009077208206596428,0.0
3829,0.0009077208511100455,0.0009077208511100455,0.0
3830,0.0009077207983953649,0.0009077207983953649,0.0
3831,0.0009077207576900759,0.0009077207576900759,0.0
3832,0.0009077207971655996,0.0009077207971655996,0.0
3833,0.000907720817026012,0.000907720817026012,0.0
3834,0.0009077208033213899,0.0009077208033213899,0.0
3835,0.0009077208464988541,0.0009077208464988541,0.0
3836,0.0009077208142167402,0.0009077208142167402,0.0
3837,0.0009077207729097972,0.0009077207729097972,0.0
3838,0.0009077208258571039,0.0009077208258571039,0.0
3839,0.0009077208279412793,0.0009077208279412793,0.0
3840,0.0009077207926400888,0.0009077207926400888,0.0
3841,0.0009077207867237925,0.0009077207867237925,0.0
3842,0.0009077207648121906,0.0009077207648121906,0.0
3843,0.0009077207652075486,0.0009077207652075486,0.0
3844,0.0009077207550731332,0.0009077207550731332,0.0
3845,0.0009077207999581944,0.0009077207999581944,0.0
3846,0.0009077207094473954,0.0009077207094473954,0.0
3847,0.000907720674057082,0.000907720674057082,0.0
3848,0.0009077207110109499,0.0009077207110109499,0.0
3849,0.0009077206961105913,0.0009077206961105913,0.0
3850,0.0009077207183107129,0.0009077207183107129,0.0
3851,0.0009077207120186229,0.0009077207120186229,0.0
3852,0.000907720686810601,0.000907720686810601,0.0
3853,0.0009077208313260425,0.0009077208313260425,0.0
3854,0.0009077207515153952,0.0009077207515153952,0.0
3855,0.0009077207217730424,0.0009077207217730424,0.0
3856,0.0009077206747910452,0.0009077206747910452,0.0
3857,0.0009077207184058491,0.0009077207184058491,0.0
3858,0.0009077206571820891,0.0009077206571820891,0.0
3859,0.0009077206575258934,0.0009077206575258934,0.0
3860,0.0009077206569325218,0.0009077206569325218,0.0
3861,0.0009077206739887003,0.0009077206739887003,0.0
3862,0.0009077206525300606,0.0009077206525300606,0.0
3863,0.0009077206763019359,0.0009077206763019359,0.0
3864,0.0009077206258575263,0.0009077206258575263,0.0
3865,0.0009077206157539614,0.0009077206157539614,0.0
3866,0.0009077206242918409,0.0009077206242918409,0.0
3867,0.0009077206157101661,0.0009077206157101661,0.0
3868,0.0009077206234392686,0.0009077206234392686,0.0
3869,0.0009077206045321807,0.0009077206045321807,0.0
3870,0.0009077206150059179,0.0009077206150059179,0.0
3871,0.0009077205870738552,0.0009077205870738552,0.0
3872,0.0009077205804346342,0.0009077205804346342,0.0
3873,0.0009077205650089246,0.0009077205650089246,0.0
3874,0.000907720554157067,0.000907720554157067,0.0
3875,0.0009077205491113124,0.0009077205491113124,0.0
3876,0.0009077205488577196,0.0009077205488577196,0.0
3877,0.0009077206202025147,0.0009077206202025147,0.0
3878,0.0009077205400983874,0.0009077205400983874,0.0
3879,0.0009077205492189023,0.0009077205492189023,0.0
3880,0.000907720540095894,0.000907720540095894,0.0
3881,0.0009077205765163972,0.0009077205765163972,0.0
3882,0.0009077205673496538,0.0009077205673496538,0.0
3883,0.0009077204700722482,0.0009077204700722482,0.0
3884,0.0009077204163052665,0.0009077204163052665,0.0
3885,0.0009077204220185113,0.0009077204220185113,0.0
3886,0.0009077205183701105,0.0009077205183701105,0.0
3887,0.0009077204630960625,0.0009077204630960625,0.0
3888,0.0009077204369061327,0.0009077204369061327,0.0
3889,0.0009077204027573077,0.0009077204027573077,0.0
3890,0.0009077203574890388,0.0009077203574890388,0.0
3891,0.000907720416266994,0.000907720416266994,0.0
3892,0.0009077203846844594,0.0009077203846844594,0.0
3893,0.0009077204017303866,0.0009077204017303866,0.0
3894,0.000907720376171133,0.000907720376171133,0.0
3895,0.000907720449670493,0.000907720449670493,0.0
3896,0.000907720340323704,0.000907720340323704,0.0
3897,0.0009077203692315433,0.0009077203692315433,0.0
3898,0.0009077203138638156,0.0009077203138638156,0.0
3899,0.0009077203240027085,0.0009077203240027085,0.0
3900,0.0009077203227839831,0.0009077203227839831,0.0
3901,0.0009077203346948798,0.0009077203346948798,0.0
3902,0.0009077204024102134,0.0009077204024102134,0.0
3903,0.0009077203287381315,0.0009077203287381315,0.0
3904,0.0009077203409494223,0.0009077203409494223,0.0
3905,0.0009077202614938799,0.0009077202614938799,0.0
3906,0.0009077203169841983,0.0009077203169841983,0.0
3907,0.0009077202242368163,0.0009077202242368163,0.0
3908,0.000907720227746167,0.000907720227746167,0.0
3909,0.0009077201923895682,0.0009077201923895682,0.0
3910,0.0009077201217734599,0.0009077201217734599,0.0
3911,0.0009077203197085909,0.0009077203197085909,0.0
3912,0.0009077202697081828,0.0009077202697081828,0.0
3913,0.0009077203043412513,0.0009077203043412513,0.0
3914,0.0009077202367406801,0.0009077202367406801,0.0
3915,0.0009077201956520818,0.0009077201956520818,0.0
3916,0.0009077203483341764,0.0009077203483341764,0.0
3917,0.0009077201576661316,0.0009077201576661316,0.0
3918,0.0009077201067107749,0.0009077201067107749,0.0
3919,0.0009077200261087436,0.0009077200261087436,0.0
3920,0.0009077202101760666,0.0009077202101760666,0.0
3921,0.0009077202019312316,0.0009077202019312316,0.0
3922,0.0009077202897330705,0.0009077202897330705,0.0
3923,0.0009077201214360257,0.0009077201214360257,0.0
3924,0.000907720081909981,0.000907720081909981,0.0
3925,0.0009077201145301981,0.0009077201145301981,0.0
3926,0.0009077202085281033,0.0009077202085281033,0.0
3927,0.0009077202328167445,0.0009077202328167445,0.0
3928,0.0009077202263088938,0.0009077202263088938,0.0
3929,0.0009077200575796986,0.0009077200575796986,0.0
3930,0.0009077199747112805,0.0009077199747112805,0.0
3931,0.0009077198783453165,0.0009077198783453165,0.0
3932,0.0009077202048195924,0.0009077202048195924,0.0
3933,0.0009077200164338098,0.0009077200164338098,0.0
3934,0.000907719975987347,0.000907719975987347,0.0
3935,0.0009077200558813827,0.0009077200558813827,0.0
3936,0.0009077201172141468,0.0009077201172141468,0.0
3937,0.0009077201462599223,0.0009077201462599223,0.0
3938,0.0009077199766555947,0.0009077199766555947,0.0
3939,0.0009077200506869236,0.0009077200506869236,0.0
3940,0.0009077200482372609,0.0009077200482372609,0.0
3941,0.0009077200728684306,0.0009077200728684306,0.0
3942,0.0009077199377897584,0.0009077199377897584,0.0
3943,0.0009077198492876079,0.0009077198492876079,0.0
3944,0.0009077197870210506,0.0009077197870210506,0.0
3945,0.0009077198609841998,0.0009077198609841998,0.0
3946,0.0009077200041799303,0.0009077200041799303,0.0
3947,0.0009077198179840126,0.0009077198179840126,0.0
3948,0.0009077198895044218,0.0009077198895044218,0.0
3949,0.0009077199175942435,0.0009077199175942435,0.0
3950,0.0009077198196679173,0.0009077198196679173,0.0
3951,0.00090771982692884,0.00090771982692884,0.0
3952,0.0009077199688339349,0.0009077199688339349,0.0
3953,0.0009077197812781547,0.0009077197812781547,0.0
3954,0.00090771981085319,0.00090771981085319,0.0
3955,0.0009077198009655301,0.0009077198009655301,0.0
3956,0.0009077198361695947,0.0009077198361695947,0.0
3957,0.000907719837207195,0.000907719837207195,0.0
3958,0.0009077197139632325,0.0009077197139632325,0.0
3959,0.0009077197387660487,0.0009077197387660487,0.0
3960,0.000907719689350374,0.000907719689350374,0.0
3961,0.0009077196980750811,0.0009077196980750811,0.0
3962,0.0009077197995496627,0.0009077197995496627,0.0
3963,0.0009077196880533146,0.0009077196880533146,0.0
3964,0.0009077197308018496,0.0009077197308018496,0.0
3965,0.0009077196416123947,0.0009077196416123947,0.0
3966,0.0009077196482564345,0.0009077196482564345,0.0
3967,0.000907719792698277,0.000907719792698277,0.0
3968,0.000907719603505681,0.000907719603505681,0.0
3969,0.000907719572342341,0.000907719572342341,0.0
3970,0.0009077197060808564,0.0009077197060808564,0.0
3971,0.000907719576936815,0.000907719576936815,0.0
3972,0.0009077197699049491,0.0009077197699049491,0.0
3973,0.0009077195669724154,0.0009077195669724154,0.0
3974,0.0009077195646325278,0.0009077195646325278,0.0
3975,0.0009077197670966003,0.0009077197670966003,0.0
3976,0.0009077197121749899,0.0009077197121749899,0.0
3977,0.0009077195274743824,0.0009077195274743824,0.0
3978,0.000907719506002478,0.000907719506002478,0.0
3979,0.0009077196210737007,0.0009077196210737007,0.0
3980,0.0009077197029297176,0.0009077197029297176,0.0
3981,0.0009077195398899954,0.0009077195398899954,0.0
3982,0.0009077195050687169,0.0009077195050687169,0.0
3983,0.0009077195747685399,0.0009077195747685399,0.0
3984,0.0009077197762355423,0.0009077197762355423,0.0
3985,0.0009077194269240037,0.0009077194269240037,0.0
3986,0.0009077193873431734,0.0009077193873431734,0.0
3987,0.0009077194232454369,0.0009077194232454369,0.0
3988,0.0009077196620327213,0.0009077196620327213,0.0
3989,0.0009077194715031385,0.0009077194715031385,0.0
3990,0.0009077194328750074,0.0009077194328750074,0.0
3991,0.0009077193451914516,0.0009077193451914516,0.0
3992,0.0009077193267236374,0.0009077193267236374,0.0
3993,0.0009077194101664595,0.0009077194101664595,0.0
3994,0.000907719326508009,0.000907719326508009,0.0
3995,0.0009077193944591969,0.0009077193944591969,0.0
3996,0.0009077193500551317,0.0009077193500551317,0.0
3997,0.0009077192868144666,0.0009077192868144666,0.0
3998,0.0009077193754165557,0.0009077193754165557,0.0
3999,0.0009077192093875686,0.0009077192093875686,0.0
4000,0.0009077192203238389,0.0009077192203238389,0.0
4001,0.0009077193898001419,0.0009077193898001419,0.0
4002,0.00090771912850084,0.00090771912850084,0.0
4003,0.0009077190465613125,0.0009077190465613125,0.0
4004,0.0009077192164065135,0.0009077192164065135,0.0
4005,0.0009077192058855122,0.0009077192058855122,0.0
4006,0.0009077192447637766,0.0009077192447637766,0.0
4007,0.0009077191661284083,0.0009077191661284083,0.0
4008,0.0009077189227321853,0.0009077189227321853,0.0
4009,0.0009077186938590176,0.0009077186938590176,0.0
4010,0.0009077192128084964,0.0009077192128084964,0.0
4011,0.0009077190695590346,0.0009077190695590346,0.0
4012,0.0009077191732218525,0.0009077191732218525,0.0
4013,0.0009077190398244466,0.0009077190398244466,0.0
4014,0.0009077188438899985,0.0009077188438899985,0.0
4015,0.0009077190090960273,0.0009077190090960273,0.0
4016,0.0009077190358295656,0.0009077190358295656,0.0
4017,0.0009077189144493109,0.0009077189144493109,0.0
4018,0.0009077192281755647,0.0009077192281755647,0.0
4019,0.0009077189213235168,0.0009077189213235168,0.0
4020,0.0009077188976708217,0.0009077188976708217,0.0
4021,0.000907718797241435,0.000907718797241435,0.0
4022,0.0009077189591977452,0.0009077189591977452,0.0
4023,0.0009077191193573192,0.0009077191193573192,0.0
4024,0.0009077188076864525,0.0009077188076864525,0.0
4025,0.000907718980272887,0.000907718980272887,0.0
4026,0.0009077187268246751,0.0009077187268246751,0.0
4027,0.0009077185388200975,0.0009077185388200975,0.0
4028,0.0009077183381898424,0.0009077183381898424,0.0
4029,0.0009077186801592574,0.0009077186801592574,0.0
4030,0.000907718623123665,0.000907718623123665,0.0
4031,0.0009077190247828792,0.0009077190247828792,0.0
4032,0.0009077185064559725,0.0009077185064559725,0.0
4033,0.0009077185531951579,0.0009077185531951579,0.0
4034,0.000907718425820769,0.000907718425820769,0.0
4035,0.0009077185675349202,0.0009077185675349202,0.0
4036,0.0009077188453635557,0.0009077188453635557,0.0
4037,0.0009077185309894379,0.0009077185309894379,0.0
4038,0.0009077185107665958,0.0009077185107665958,0.0
4039,0.000907718418298194,0.000907718418298194,0.0
4040,0.0009077184593082797,0.0009077184593082797,0.0
4041,0.0009077183016766025,0.0009077183016766025,0.0
4042,0.0009077183433587133,0.0009077183433587133,0.0
4043,0.0009077182862052689,0.0009077182862052689,0.0
4044,0.0009077183606191756,0.0009077183606191756,0.0
4045,0.0009077186920412508,0.0009077186920412508,0.0
4046,0.0009077181768612218,0.0009077181768612218,0.0
4047,0.0009077181183320141,0.0009077181183320141,0.0
4048,0.0009077181053572693,0.0009077181053572693,0.0
4049,0.0009077180244529544,0.0009077180244529544,0.0
4050,0.0009077180417002005,0.0009077180417002005,0.0
4051,0.0009077179635832618,0.0009077179635832618,0.0
4052,0.0009077178068515397,0.0009077178068515397,0.0
4053,0.0009077181744177354,0.0009077181744177354,0.0
4054,0.0009077182654597209,0.0009077182654597209,0.0
4055,0.0009077179475241178,0.0009077179475241178,0.0
4056,0.0009077178737813046,0.0009077178737813046,0.0
4057,0.0009077181737782311,0.0009077181737782311,0.0
4058,0.0009077178346896124,0.0009077178346896124,0.0
4059,0.0009077176969353264,0.0009077176969353264,0.0
4060,0.0009077175520199556,0.0009077175520199556,0.0
4061,0.0009077179891153135,0.0009077179891153135,0.0
4062,0.0009077175793310751,0.0009077175793310751,0.0
4063,0.0009077174878619279,0.0009077174878619279,0.0
4064,0.0009077172810468343,0.0009077172810468343,0.0
4065,0.0009077174028513523,0.0009077174028513523,0.0
4066,0.0009077174066552446,0.0009077174066552446,0.0
4067,0.0009077172995280505,0.0009077172995280505,0.0
4068,0.0009077174543172296,0.0009077174543172296,0.0
4069,0.0009077173185316277,0.0009077173185316277,0.0
4070,0.0009077174897374499,0.0009077174897374499,0.0
4071,0.0009077171894203194,0.0009077171894203194,0.0
4072,0.0009077172111487014,0.0009077172111487014,0.0
4073,0.0009077171977754018,0.0009077171977754018,0.0
4074,0.0009077174670046168,0.0009077174670046168,0.0
4075,0.000907716974153035,0.000907716974153035,0.0
4076,0.0009077168750884043,0.0009077168750884043,0.0
4077,0.0009077167992995955,0.0009077167992995955,0.0
4078,0.0009077165787088829,0.0009077165787088829,0.0
4079,0.0009077168891257691,0.0009077168891257691,0.0
4080,0.0009077169806928532,0.0009077169806928532,0.0
4081,0.0009077166468430148,0.0009077166468430148,0.0
4082,0.0009077163925096637,0.0009077163925096637,0.0
4083,0.00090771600644162,0.00090771600644162,0.0
4084,0.0009077164475558142,0.0009077164475558142,0.0
4085,0.0009077163208056475,0.0009077163208056475,0.0
4086,0.0009077168260732112,0.0009077168260732112,0.0
4087,0.0009077166907259854,0.0009077166907259854,0.0
4088,0.0009077164554631339,0.0009077164554631339,0.0
4089,0.0009077162146289223,0.0009077162146289223,0.0
4090,0.000907716081133391,0.000907716081133391,0.0
4091,0.0009077159635624983,0.0009077159635624983,0.0
4092,0.0009077158453725467,0.0009077158453725467,0.0
4093,0.0009077156255433425,0.0009077156255433425,0.0
4094,0.000907715093862339,0.000907715093862339,0.0
4095,0.0009077154321712167,0.0009077154321712167,0.0
4096,0.0009077158532040295,0.0009077158532040295,0.0
4097,0.0009077158163778912,0.0009077158163778912,0.0
4098,0.0009077154937312591,0.0009077154937312591,0.0
4099,0.0009077154243567455,0.0009077154243567455,0.0
4100,0.0009077152447148792,0.0009077152447148792,0.0
4101,0.0009077151781587097,0.0009077151781587097,0.0
4102,0.0009077151440181361,0.0009077151440181361,0.0
4103,0.0009077152163402515,0.0009077152163402515,0.0
4104,0.0009077145933109352,0.0009077145933109352,0.0
4105,0.0009077140464434478,0.0009077140464434478,0.0
4106,0.000907715662820249,0.000907715662820249,0.0
4107,0.0009077149473358918,0.0009077149473358918,0.0
4108,0.0009077148583711356,0.0009077148583711356,0.0
4109,0.000907714295064286,0.000907714295064286,0.0
4110,0.0009077142686890547,0.0009077142686890547,0.0
4111,0.0009077142092846797,0.0009077142092846797,0.0
4112,0.0009077144621784473,0.0009077144621784473,0.0
4113,0.0009077143176651928,0.0009077143176651928,0.0
4114,0.000907713872971184,0.000907713872971184,0.0
4115,0.0009077135938393921,0.0009077135938393921,0.0
4116,0.0009077137038752222,0.0009077137038752222,0.0
4117,0.0009077143060434626,0.0009077143060434626,0.0
4118,0.0009077133747532079,0.0009077133747532079,0.0
4119,0.000907712762841249,0.000907712762841249,0.0
4120,0.000907713309122485,0.000907713309122485,0.0
4121,0.0009077133873699876,0.0009077133873699876,0.0
4122,0.0009077131787871129,0.0009077131787871129,0.0
4123,0.000907713320982381,0.000907713320982381,0.0
4124,0.0009077132548953384,0.0009077132548953384,0.0
4125,0.0009077130164912956,0.0009077130164912956,0.0
4126,0.0009077133703487942,0.0009077133703487942,0.0
4127,0.000907712603878992,0.000907712603878992,0.0
4128,0.0009077126517952882,0.0009077126517952882,0.0
4129,0.0009077120920983724,0.0009077120920983724,0.0
4130,0.0009077114314593938,0.0009077114314593938,0.0
4131,0.0009077121349155836,0.0009077121349155836,0.0
4132,0.0009077129555715873,0.0009077129555715873,0.0
4133,0.0009077129213561497,0.0009077129213561497,0.0
4134,0.0009077118598816514,0.0009077118598816514,0.0
4135,0.0009077118170451966,0.0009077118170451966,0.0
4136,0.0009077113026133788,0.0009077113026133788,0.0
4137,0.0009077106147564971,0.0009077106147564971,0.0
4138,0.0009077110538733165,0.0009077110538733165,0.0
4139,0.0009077121521333081,0.0009077121521333081,0.0
4140,0.000907712152734724,0.000907712152734724,0.0
4141,0.0009077114150980235,0.0009077114150980235,0.0
4142,0.0009077117747207201,0.0009077117747207201,0.0
4143,0.0009077115906771051,0.0009077115906771051,0.0
4144,0.0009077106374730158,0.0009077106374730158,0.0
4145,0.0009077109606674447,0.0009077109606674447,0.0
4146,0.000907711255867203,0.000907711255867203,0.0
4147,0.0009077106852812275,0.0009077106852812275,0.0
4148,0.0009077099817096551,0.0009077099817096551,0.0
4149,0.0009077093559230825,0.0009077093559230825,0.0
4150,0.0009077110311763956,0.0009077110311763956,0.0
4151,0.0009077098986484003,0.0009077098986484003,0.0
4152,0.0009077097505277293,0.0009077097505277293,0.0
4153,0.0009077113205884485,0.0009077113205884485,0.0
4154,0.0009077100122221318,0.0009077100122221318,0.0
4155,0.0009077108188052697,0.0009077108188052697,0.0
4156,0.0009077094138363168,0.0009077094138363168,0.0
4157,0.0009077093957649417,0.0009077093957649417,0.0
4158,0.0009077094243383303,0.0009077094243383303,0.0
4159,0.0009077091447512041,0.0009077091447512041,0.0
4160,0.0009077091021722016,0.0009077091021722016,0.0
4161,0.0009077096240583502,0.0009077096240583502,0.0
4162,0.0009077092650351342,0.0009077092650351342,0.0
4163,0.0009077095208637712,0.0009077095208637712,0.0
4164,0.0009077088219905002,0.0009077088219905002,0.0
4165,0.0009077093045422682,0.0009077093045422682,0.0
4166,0.0009077095449647496,0.0009077095449647496,0.0
4167,0.0009077088704883802,0.0009077088704883802,0.0
4168,0.0009077082930358223,0.0009077082930358223,0.0
4169,0.0009077084548556615,0.0009077084548556615,0.0
4170,0.0009077081684810988,0.0009077081684810988,0.0
4171,0.0009077082840281055,0.0009077082840281055,0.0
4172,0.0009077082191339528,0.0009077082191339528,0.0
4173,0.0009077073900195891,0.0009077073900195891,0.0
4174,0.0009077066858233543,0.0009077066858233543,0.0
4175,0.000907707350764724,0.000907707350764724,0.0
4176,0.0009077086032511425,0.0009077086032511425,0.0
4177,0.0009077076703809526,0.0009077076703809526,0.0
4178,0.0009077074317796502,0.0009077074317796502,0.0
4179,0.00090770730905707,0.00090770730905707,0.0
4180,0.0009077079758158036,0.0009077079758158036,0.0
4181,0.000907707829840716,0.000907707829840716,0.0
4182,0.0009077081348201402,0.0009077081348201402,0.0
4183,0.0009077065111209212,0.0009077065111209212,0.0
4184,0.0009077060268383757,0.0009077060268383757,0.0
4185,0.0009077068451857688,0.0009077068451857688,0.0
4186,0.0009077072216768662,0.0009077072216768662,0.0
4187,0.000907707016786478,0.000907707016786478,0.0
4188,0.0009077064997020112,0.0009077064997020112,0.0
4189,0.0009077068569283506,0.0009077068569283506,0.0
4190,0.0009077062172994328,0.0009077062172994328,0.0
4191,0.0009077064607155753,0.0009077064607155753,0.0
4192,0.0009077057495458741,0.0009077057495458741,0.0
4193,0.0009077058638987547,0.0009077058638987547,0.0
4194,0.0009077051681355592,0.0009077051681355592,0.0
4195,0.0009077045388450742,0.0009077045388450742,0.0
4196,0.0009077081763363807,0.0009077081763363807,0.0
4197,0.000907706716901934,0.000907706716901934,0.0
4198,0.0009077052859000753,0.0009077052859000753,0.0
4199,0.0009077064554933328,0.0009077064554933328,0.0
4200,0.00090770561771563,0.00090770561771563,0.0
4201,0.0009077048425020883,0.0009077048425020883,0.0
4202,0.00090770470397675,0.00090770470397675,0.0
4203,0.0009077050571918128,0.0009077050571918128,0.0
4204,0.0009077051163399789,0.0009077051163399789,0.0
4205,0.0009077060003832065,0.0009077060003832065,0.0
4206,0.0009077048366197744,0.0009077048366197744,0.0
4207,0.0009077045565778767,0.0009077045565778767,0.0
4208,0.0009077036501027844,0.0009077036501027844,0.0
4209,0.0009077028858238702,0.0009077028858238702,0.0
4210,0.000907704775444925,0.000907704775444925,0.0
4211,0.0009077035364679952,0.0009077035364679952,0.0
4212,0.0009077046358257069,0.0009077046358257069,0.0
4213,0.0009077040529630019,0.0009077040529630019,0.0
4214,0.0009077040892706234,0.0009077040892706234,0.0
4215,0.000907704155183391,0.000907704155183391,0.0
4216,0.0009077030376821335,0.0009077030376821335,0.0
4217,0.0009077040712290469,0.0009077040712290469,0.0
4218,0.0009077034080882286,0.0009077034080882286,0.0
4219,0.0009077035640922609,0.0009077035640922609,0.0
4220,0.0009077038945463708,0.0009077038945463708,0.0
4221,0.0009077028156527371,0.0009077028156527371,0.0
4222,0.000907703216349968,0.000907703216349968,0.0
4223,0.0009077022759459791,0.0009077022759459791,0.0
4224,0.0009077019676022576,0.0009077019676022576,0.0
4225,0.0009077022873768685,0.0009077022873768685,0.0
4226,0.0009077026207765672,0.0009077026207765672,0.0
4227,0.0009077020611255483,0.0009077020611255483,0.0
4228,0.0009077014177086192,0.0009077014177086192,0.0
4229,0.0009077009637041849,0.0009077009637041849,0.0
4230,0.0009077021276164491,0.0009077021276164491,0.0
4231,0.0009077015787798533,0.0009077015787798533,0.0
4232,0.00090770104715866,0.00090770104715866,0.0
4233,0.0009077020546080023,0.0009077020546080023,0.0
4234,0.0009077030795299407,0.0009077030795299407,0.0
4235,0.0009077019917988415,0.0009077019917988415,0.0
4236,0.0009077015179093656,0.0009077015179093656,0.0
4237,0.000907701213092953,0.000907701213092953,0.0
4238,0.0009077003162618724,0.0009077003162618724,0.0
4239,0.0009077004295951447,0.0009077004295951447,0.0
4240,0.0009077008695647045,0.0009077008695647045,0.0
4241,0.0009076995882081388,0.0009076995882081388,0.0
4242,0.0009076989746949329,0.0009076989746949329,0.0
4243,0.0009077015769367275,0.0009077015769367275,0.0
4244,0.0009076994778832691,0.0009076994778832691,0.0
4245,0.0009077008453557021,0.0009077008453557021,0.0
4246,0.000907699141138068,0.000907699141138068,0.0
4247,0.0009076993232124756,0.0009076993232124756,0.0
4248,0.0009076993965698827,0.0009076993965698827,0.0
4249,0.0009076990823175372,0.0009076990823175372,0.0
4250,0.0009077008790822508,0.0009077008790822508,0.0
4251,0.0009077003392643852,0.0009077003392643852,0.0
4252,0.0009076987459776503,0.0009076987459776503,0.0
4253,0.0009076994994736605,0.0009076994994736605,0.0
4254,0.000907698596788739,0.000907698596788739,0.0
4255,0.0009076997165480633,0.0009076997165480633,0.0
4256,0.00090769950215134,0.00090769950215134,0.0
4257,0.0009077010086636388,0.0009077010086636388,0.0
4258,0.000907697941769616,0.000907697941769616,0.0
4259,0.000907698230996091,0.000907698230996091,0.0
4260,0.0009076987254003663,0.0009076987254003663,0.0
4261,0.0009076980492563573,0.0009076980492563573,0.0
4262,0.0009076999297222648,0.0009076999297222648,0.0
4263,0.0009076979238510943,0.0009076979238510943,0.0
4264,0.0009076991852511708,0.0009076991852511708,0.0
4265,0.0009076981551016935,0.0009076981551016935,0.0
4266,0.0009076968565656529,0.0009076968565656529,0.0
4267,0.0009076968084938147,0.0009076968084938147,0.0
4268,0.0009076979100609803,0.0009076979100609803,0.0
4269,0.0009076978467982486,0.0009076978467982486,0.0
4270,0.0009076967270955899,0.0009076967270955899,0.0
4271,0.0009076977078201549,0.0009076977078201549,0.0
4272,0.0009076982287257048,0.0009076982287257048,0.0
4273,0.0009076975090946139,0.0009076975090946139,0.0
4274,0.0009076961889586488,0.0009076961889586488,0.0
4275,0.0009076964034904953,0.0009076964034904953,0.0
4276,0.0009076962888115606,0.0009076962888115606,0.0
4277,0.0009076956163576043,0.0009076956163576043,0.0
4278,0.0009076954951187685,0.0009076954951187685,0.0
4279,0.0009076959793249612,0.0009076959793249612,0.0
4280,0.0009076948568055054,0.0009076948568055054,0.0
4281,0.0009076944853595093,0.0009076944853595093,0.0
4282,0.0009076950384776045,0.0009076950384776045,0.0
4283,0.000907694810814578,0.000907694810814578,0.0
4284,0.0009076950911513762,0.0009076950911513762,0.0
4285,0.0009076943751083972,0.0009076943751083972,0.0
4286,0.0009076952758598318,0.0009076952758598318,0.0
4287,0.0009076955749664506,0.0009076955749664506,0.0
4288,0.0009076956818908935,0.0009076956818908935,0.0
4289,0.0009076946123883288,0.0009076946123883288,0.0
4290,0.0009076943754705995,0.0009076943754705995,0.0
4291,0.0009076931395664321,0.0009076931395664321,0.0
4292,0.0009076933738153082,0.0009076933738153082,0.0
4293,0.0009076931398496157,0.0009076931398496157,0.0
4294,0.0009076935790491163,0.0009076935790491163,0.0
4295,0.0009076931851264604,0.0009076931851264604,0.0
4296,0.0009076948370854535,0.0009076948370854535,0.0
4297,0.0009076916754879976,0.0009076916754879976,0.0
4298,0.0009076910909005473,0.0009076910909005473,0.0
4299,0.0009076928269517074,0.0009076928269517074,0.0
4300,0.0009076917021451367,0.0009076917021451367,0.0
4301,0.0009076918651415982,0.0009076918651415982,0.0
4302,0.0009076919701543211,0.0009076919701543211,0.0
4303,0.0009076918490357617,0.0009076918490357617,0.0
4304,0.0009076919293866592,0.0009076919293866592,0.0
4305,0.000907691735726196,0.000907691735726196,0.0
4306,0.0009076925483134799,0.0009076925483134799,0.0
4307,0.0009076938031978092,0.0009076938031978092,0.0
4308,0.0009076901648467469,0.0009076901648467469,0.0
4309,0.0009076905661669219,0.0009076905661669219,0.0
4310,0.0009076902704990508,0.0009076902704990508,0.0
4311,0.0009076918326552756,0.0009076918326552756,0.0
4312,0.000907689260087087,0.000907689260087087,0.0
4313,0.0009076895055853218,0.0009076895055853218,0.0
4314,0.0009076913088465969,0.0009076913088465969,0.0
4315,0.0009076915157570651,0.0009076915157570651,0.0
4316,0.0009076902905196568,0.0009076902905196568,0.0
4317,0.000907689201712301,0.000907689201712301,0.0
4318,0.0009076899550651471,0.0009076899550651471,0.0
4319,0.0009076905161982743,0.0009076905161982743,0.0
4320,0.0009076896300929504,0.0009076896300929504,0.0
4321,0.0009076880149728669,0.0009076880149728669,0.0
4322,0.0009076877264240007,0.0009076877264240007,0.0
4323,0.000907688913814124,0.000907688913814124,0.0
4324,0.0009076913733230921,0.0009076913733230921,0.0
4325,0.0009076925466330347,0.0009076925466330347,0.0
4326,0.0009076898314442967,0.0009076898314442967,0.0
4327,0.0009076878862300456,0.0009076878862300456,0.0
4328,0.000907688978452256,0.000907688978452256,0.0
4329,0.0009076905972673863,0.0009076905972673863,0.0
4330,0.0009076872852015264,0.0009076872852015264,0.0
4331,0.0009076875278544071,0.0009076875278544071,0.0
4332,0.0009076868386556091,0.0009076868386556091,0.0
4333,0.0009076872829159561,0.0009076872829159561,0.0
4334,0.0009076892248515611,0.0009076892248515611,0.0
4335,0.0009076897396887192,0.0009076897396887192,0.0
4336,0.0009076882581950478,0.0009076882581950478,0.0
4337,0.0009076870046191724,0.0009076870046191724,0.0
4338,0.0009076895007712598,0.0009076895007712598,0.0
4339,0.0009076874853870736,0.0009076874853870736,0.0
4340,0.0009076865145918832,0.0009076865145918832,0.0
4341,0.0009076875648055335,0.0009076875648055335,0.0
4342,0.0009076879072940974,0.0009076879072940974,0.0
4343,0.0009076856204202613,0.0009076856204202613,0.0
4344,0.0009076858419789388,0.0009076858419789388,0.0
4345,0.0009076855494352012,0.0009076855494352012,0.0
4346,0.0009076859244992491,0.0009076859244992491,0.0
4347,0.0009076874858836145,0.0009076874858836145,0.0
4348,0.0009076872724038144,0.0009076872724038144,0.0
4349,0.0009076879487490979,0.0009076879487490979,0.0
4350,0.0009076850111332288,0.0009076850111332288,0.0
4351,0.0009076853715741972,0.0009076853715741972,0.0
4352,0.0009076873096013062,0.0009076873096013062,0.0
4353,0.0009076839467477256,0.0009076839467477256,0.0
4354,0.0009076834051573974,0.0009076834051573974,0.0
4355,0.0009076854829288515,0.0009076854829288515,0.0
4356,0.0009076850225529767,0.0009076850225529767,0.0
4357,0.0009076861120259493,0.0009076861120259493,0.0
4358,0.0009076861746342243,0.0009076861746342243,0.0
4359,0.000907686220403929,0.000907686220403929,0.0
4360,0.0009076834055829619,0.0009076834055829619,0.0
4361,0.0009076835556100586,0.0009076835556100586,0.0
4362,0.0009076853244829085,0.0009076853244829085,0.0
4363,0.0009076851061234442,0.0009076851061234442,0.0
4364,0.0009076853311021532,0.0009076853311021532,0.0
4365,0.0009076828909313159,0.0009076828909313159,0.0
4366,0.0009076838816836212,0.0009076838816836212,0.0
4367,0.000907683902785777,0.000907683902785777,0.0
4368,0.0009076838179140604,0.0009076838179140604,0.0
4369,0.0009076822740351024,0.0009076822740351024,0.0
4370,0.0009076831466281592,0.0009076831466281592,0.0
4371,0.0009076820133180175,0.0009076820133180175,0.0
4372,0.0009076829692550893,0.0009076829692550893,0.0
4373,0.0009076848902636452,0.0009076848902636452,0.0
4374,0.0009076846856809073,0.0009076846856809073,0.0
4375,0.0009076829767392976,0.0009076829767392976,0.0
4376,0.0009076822305581512,0.0009076822305581512,0.0
4377,0.0009076829045906341,0.0009076829045906341,0.0
4378,0.0009076840429176288,0.0009076840429176288,0.0
4379,0.0009076824018465695,0.0009076824018465695,0.0
4380,0.0009076837045497203,0.0009076837045497203,0.0
4381,0.0009076815220968353,0.0009076815220968353,0.0
4382,0.000907683369628177,0.000907683369628177,0.0
4383,0.000907681145953206,0.000907681145953206,0.0
4384,0.0009076834497582533,0.0009076834497582533,0.0
4385,0.0009076802869324332,0.0009076802869324332,0.0
4386,0.0009076815832286553,0.0009076815832286553,0.0
4387,0.0009076831397596772,0.0009076831397596772,0.0
4388,0.0009076813613773092,0.0009076813613773092,0.0
4389,0.0009076840031143351,0.0009076840031143351,0.0
4390,0.0009076818398770654,0.0009076818398770654,0.0
4391,0.0009076820030777825,0.0009076820030777825,0.0
4392,0.0009076821401779941,0.0009076821401779941,0.0
4393,0.0009076837247401239,0.0009076837247401239,0.0
4394,0.0009076815768576554,0.0009076815768576554,0.0
4395,0.0009076813822142063,0.0009076813822142063,0.0
4396,0.0009076808707723682,0.0009076808707723682,0.0
4397,0.0009076801197472128,0.0009076801197472128,0.0
4398,0.0009076818508126406,0.0009076818508126406,0.0
4399,0.0009076831109189941,0.0009076831109189941,0.0
4400,0.00090768124725208,0.00090768124725208,0.0
4401,0.0009076817264841153,0.0009076817264841153,0.0
4402,0.0009076807016738196,0.0009076807016738196,0.0
4403,0.0009076803014299842,0.0009076803014299842,0.0
4404,0.0009076805947922492,0.0009076805947922492,0.0
4405,0.0009076808002228142,0.0009076808002228142,0.0
4406,0.0009076795338416312,0.0009076795338416312,0.0
4407,0.0009076809427094189,0.0009076809427094189,0.0
4408,0.0009076814545743281,0.0009076814545743281,0.0
4409,0.0009076785482877194,0.0009076785482877194,0.0
4410,0.0009076783054871316,0.0009076783054871316,0.0
4411,0.000907679978335869,0.000907679978335869,0.0
4412,0.000907679283889685,0.000907679283889685,0.0
4413,0.0009076812893708923,0.0009076812893708923,0.0
4414,0.000907678853653449,0.000907678853653449,0.0
4415,0.0009076786724945139,0.0009076786724945139,0.0
4416,0.000907680705869565,0.000907680705869565,0.0
4417,0.0009076803830690524,0.0009076803830690524,0.0
4418,0.0009076807450093216,0.0009076807450093216,0.0
4419,0.0009076804157862369,0.0009076804157862369,0.0
4420,0.0009076785062204243,0.0009076785062204243,0.0
4421,0.0009076781218456842,0.0009076781218456842,0.0
4422,0.0009076795586753091,0.0009076795586753091,0.0
4423,0.0009076789286328574,0.0009076789286328574,0.0
4424,0.0009076787372232195,0.0009076787372232195,0.0
4425,0.0009076804020259908,0.0009076804020259908,0.0
4426,0.0009076798269821802,0.0009076798269821802,0.0
4427,0.0009076782480312033,0.0009076782480312033,0.0
4428,0.0009076771231301985,0.0009076771231301985,0.0
4429,0.0009076778405485077,0.0009076778405485077,0.0
4430,0.0009076792789460413,0.0009076792789460413,0.0
4431,0.000907679846113016,0.000907679846113016,0.0
4432,0.0009076796258064978,0.0009076796258064978,0.0
4433,0.000907678325736203,0.000907678325736203,0.0
4434,0.0009076772919753072,0.0009076772919753072,0.0
4435,0.000907678519722502,0.000907678519722502,0.0
4436,0.000907677983763014,0.000907677983763014,0.0
4437,0.0009076789683220122,0.0009076789683220122,0.0
4438,0.000907678239586317,0.000907678239586317,0.0
4439,0.0009076797506979634,0.0009076797506979634,0.0
4440,0.0009076778220000153,0.0009076778220000153,0.0
4441,0.0009076773676973294,0.0009076773676973294,0.0
4442,0.0009076768116602411,0.0009076768116602411,0.0
4443,0.0009076786970950297,0.0009076786970950297,0.0
4444,0.0009076793551325683,0.0009076793551325683,0.0
4445,0.0009076775877880287,0.0009076775877880287,0.0
4446,0.0009076795660642765,0.0009076795660642765,0.0
4447,0.0009076774367511826,0.0009076774367511826,0.0
4448,0.000907678823635373,0.000907678823635373,0.0
4449,0.0009076767151767661,0.0009076767151767661,0.0
4450,0.0009076786524439115,0.0009076786524439115,0.0
4451,0.0009076784279453855,0.0009076784279453855,0.0
4452,0.0009076781117890051,0.0009076781117890051,0.0
4453,0.0009076767552283023,0.0009076767552283023,0.0
4454,0.0009076779562850617,0.0009076779562850617,0.0
4455,0.0009076774597262641,0.0009076774597262641,0.0
4456,0.0009076788443486707,0.0009076788443486707,0.0
4457,0.0009076770336866664,0.0009076770336866664,0.0
4458,0.0009076784471880552,0.0009076784471880552,0.0
4459,0.0009076769941299707,0.0009076769941299707,0.0
4460,0.0009076765019675021,0.0009076765019675021,0.0
4461,0.0009076780848053888,0.0009076780848053888,0.0
4462,0.0009076766948360151,0.0009076766948360151,0.0
4463,0.0009076781575821852,0.0009076781575821852,0.0
4464,0.0009076768670114078,0.0009076768670114078,0.0
4465,0.0009076773113296797,0.0009076773113296797,0.0
4466,0.0009076790863429029,0.0009076790863429029,0.0
4467,0.0009076766636304197,0.0009076766636304197,0.0
4468,0.0009076774796027099,0.0009076774796027099,0.0
4469,0.0009076769151787979,0.0009076769151787979,0.0
4470,0.0009076760529952166,0.0009076760529952166,0.0
4471,0.0009076772385006811,0.0009076772385006811,0.0
4472,0.0009076761296199653,0.0009076761296199653,0.0
4473,0.0009076774733678994,0.0009076774733678994,0.0
4474,0.0009076764706048242,0.0009076764706048242,0.0
4475,0.0009076772356787433,0.0009076772356787433,0.0
4476,0.0009076758117554099,0.0009076758117554099,0.0
4477,0.0009076767333375283,0.0009076767333375283,0.0
4478,0.0009076775619054053,0.0009076775619054053,0.0
4479,0.0009076763457829359,0.0009076763457829359,0.0
4480,0.0009076773538778361,0.0009076773538778361,0.0
4481,0.0009076763555250705,0.0009076763555250705,0.0
4482,0.0009076768597979244,0.0009076768597979244,0.0
4483,0.0009076768725578528,0.0009076768725578528,0.0
4484,0.0009076759900567689,0.0009076759900567689,0.0
4485,0.0009076759445848965,0.0009076759445848965,0.0
4486,0.0009076752867248586,0.0009076752867248586,0.0
4487,0.0009076753766720446,0.0009076753766720446,0.0
4488,0.0009076765177954936,0.0009076765177954936,0.0
4489,0.0009076764796435619,0.0009076764796435619,0.0
4490,0.0009076761707642217,0.0009076761707642217,0.0
4491,0.0009076764865273413,0.0009076764865273413,0.0
4492,0.0009076757782070893,0.0009076757782070893,0.0
4493,0.000907675885733868,0.000907675885733868,0.0
4494,0.0009076767287801439,0.0009076767287801439,0.0
4495,0.0009076758457718933,0.0009076758457718933,0.0
4496,0.000907676614383936,0.000907676614383936,0.0
4497,0.0009076753940830841,0.0009076753940830841,0.0
4498,0.0009076765791715458,0.0009076765791715458,0.0
4499,0.0009076757869816443,0.0009076757869816443,0.0
4500,0.0009076767398675493,0.0009076767398675493,0.0
4501,0.0009076757418454866,0.0009076757418454866,0.0
4502,0.0009076768214683508,0.0009076768214683508,0.0
4503,0.0009076757243251071,0.0009076757243251071,0.0
4504,0.0009076762996089641,0.0009076762996089641,0.0
4505,0.0009076762360499868,0.0009076762360499868,0.0
4506,0.0009076753077560985,0.0009076753077560985,0.0
4507,0.0009076752344121351,0.0009076752344121351,0.0
4508,0.0009076759381959085,0.0009076759381959085,0.0
4509,0.0009076749289773534,0.0009076749289773534,0.0
4510,0.0009076751936093852,0.0009076751936093852,0.0
4511,0.0009076761314180491,0.0009076761314180491,0.0
4512,0.0009076761647440446,0.0009076761647440446,0.0
4513,0.0009076762138529945,0.0009076762138529945,0.0
4514,0.0009076754798127122,0.0009076754798127122,0.0
4515,0.0009076762685994784,0.0009076762685994784,0.0
4516,0.0009076754623161485,0.0009076754623161485,0.0
4517,0.000907676371245217,0.000907676371245217,0.0
4518,0.0009076754712466019,0.0009076754712466019,0.0
4519,0.0009076753729745035,0.0009076753729745035,0.0
4520,0.0009076760510006909,0.0009076760510006909,0.0
4521,0.0009076754347719746,0.0009076754347719746,0.0
4522,0.0009076756898773452,0.0009076756898773452,0.0
4523,0.0009076752350833063,0.0009076752350833063,0.0
4524,0.0009076758094728682,0.0009076758094728682,0.0
4525,0.0009076751309320133,0.0009076751309320133,0.0
4526,0.0009076752250904385,0.0009076752250904385,0.0
4527,0.0009076756168480276,0.0009076756168480276,0.0
4528,0.0009076751663487518,0.0009076751663487518,0.0
4529,0.0009076756913510405,0.0009076756913510405,0.0
4530,0.0009076749924310825,0.0009076749924310825,0.0
4531,0.0009076748495291514,0.0009076748495291514,0.0
4532,0.0009076753214237754,0.0009076753214237754,0.0
4533,0.0009076755184386462,0.0009076755184386462,0.0
4534,0.0009076755527130302,0.0009076755527130302,0.0
4535,0.0009076758856051939,0.0009076758856051939,0.0
4536,0.000907675089310892,0.000907675089310892,0.0
4537,0.0009076756365556548,0.0009076756365556548,0.0
4538,0.0009076750855941222,0.0009076750855941222,0.0
4539,0.0009076755583334704,0.0009076755583334704,0.0
4540,0.0009076750918681212,0.0009076750918681212,0.0
4541,0.0009076748547074753,0.0009076748547074753,0.0
4542,0.0009076749239305351,0.0009076749239305351,0.0
4543,0.000907674703896077,0.000907674703896077,0.0
4544,0.0009076749625654877,0.0009076749625654877,0.0
4545,0.0009076747879859631,0.0009076747879859631,0.0
4546,0.0009076752783780047,0.0009076752783780047,0.0
4547,0.0009076751658634012,0.0009076751658634012,0.0
4548,0.0009076748303034376,0.0009076748303034376,0.0
4549,0.0009076748123404702,0.0009076748123404702,0.0
4550,0.0009076753210142356,0.0009076753210142356,0.0
4551,0.0009076748733814971,0.0009076748733814971,0.0
4552,0.0009076751745696734,0.0009076751745696734,0.0
4553,0.000907674614849269,0.000907674614849269,0.0
4554,0.0009076749018667716,0.0009076749018667716,0.0
4555,0.0009076749770425182,0.0009076749770425182,0.0
4556,0.0009076751198676046,0.0009076751198676046,0.0
4557,0.0009076747612249017,0.0009076747612249017,0.0
4558,0.0009076751649818129,0.0009076751649818129,0.0
4559,0.0009076747939311537,0.0009076747939311537,0.0
4560,0.0009076747024338584,0.0009076747024338584,0.0
4561,0.0009076750451473885,0.0009076750451473885,0.0
4562,0.0009076745158895361,0.0009076745158895361,0.0
4563,0.0009076747738191362,0.0009076747738191362,0.0
4564,0.0009076747430276907,0.0009076747430276907,0.0
4565,0.0009076745356377808,0.0009076745356377808,0.0
4566,0.000907674870617542,0.000907674870617542,0.0
4567,0.0009076744391365943,0.0009076744391365943,0.0
4568,0.0009076746801943665,0.0009076746801943665,0.0
4569,0.000907674778947054,0.000907674778947054,0.0
4570,0.0009076746792040566,0.0009076746792040566,0.0
4571,0.0009076747084070333,0.0009076747084070333,0.0
4572,0.0009076744507776789,0.0009076744507776789,0.0
4573,0.0009076749147568905,0.0009076749147568905,0.0
4574,0.0009076745660001034,0.0009076745660001034,0.0
4575,0.0009076743711090136,0.0009076743711090136,0.0
4576,0.0009076746088460399,0.0009076746088460399,0.0
4577,0.0009076747666206148,0.0009076747666206148,0.0
4578,0.0009076744746615002,0.0009076744746615002,0.0
4579,0.0009076745677572705,0.0009076745677572705,0.0
4580,0.0009076743811019031,0.0009076743811019031,0.0
4581,0.0009076744272391641,0.0009076744272391641,0.0
4582,0.0009076744852432862,0.0009076744852432862,0.0
4583,0.0009076747396836375,0.0009076747396836375,0.0
4584,0.0009076744809876846,0.0009076744809876846,0.0
4585,0.0009076744473473786,0.0009076744473473786,0.0
4586,0.0009076746264787918,0.0009076746264787918,0.0
4587,0.0009076744910968713,0.0009076744910968713,0.0
4588,0.0009076743731328167,0.0009076743731328167,0.0
4589,0.0009076746576219276,0.0009076746576219276,0.0
4590,0.00090767453891824,0.00090767453891824,0.0
4591,0.0009076746597002006,0.0009076746597002006,0.0
4592,0.0009076743720106813,0.0009076743720106813,0.0
4593,0.0009076748322415569,0.0009076748322415569,0.0
4594,0.0009076743429396103,0.0009076743429396103,0.0
4595,0.0009076742191250112,0.0009076742191250112,0.0
4596,0.0009076744875760837,0.0009076744875760837,0.0
4597,0.0009076747051216662,0.0009076747051216662,0.0
4598,0.0009076743222740033,0.0009076743222740033,0.0
4599,0.000907674249425618,0.000907674249425618,0.0
4600,0.0009076745857009852,0.0009076745857009852,0.0
4601,0.0009076743087964875,0.0009076743087964875,0.0
4602,0.0009076742012043926,0.0009076742012043926,0.0
4603,0.0009076744461806832,0.0009076744461806832,0.0
4604,0.0009076741223894592,0.0009076741223894592,0.0
4605,0.0009076742453941473,0.0009076742453941473,0.0
4606,0.0009076745449063921,0.0009076745449063921,0.0
4607,0.0009076742654522019,0.0009076742654522019,0.0
4608,0.0009076743870831205,0.0009076743870831205,0.0
4609,0.0009076745571000696,0.0009076745571000696,0.0
4610,0.0009076742581293136,0.0009076742581293136,0.0
4611,0.0009076743278556899,0.0009076743278556899,0.0
4612,0.0009076742861676015,0.0009076742861676015,0.0
4613,0.0009076744761007708,0.0009076744761007708,0.0
4614,0.0009076742457713933,0.0009076742457713933,0.0
4615,0.0009076741834839598,0.0009076741834839598,0.0
4616,0.0009076742911161997,0.0009076742911161997,0.0
4617,0.0009076744186180414,0.0009076744186180414,0.0
4618,0.0009076742136753041,0.0009076742136753041,0.0
4619,0.0009076742869558862,0.0009076742869558862,0.0
4620,0.0009076743916317158,0.0009076743916317158,0.0
4621,0.0009076742048510618,0.0009076742048510618,0.0
4622,0.0009076740917119757,0.0009076740917119757,0.0
4623,0.0009076742102999126,0.0009076742102999126,0.0
4624,0.0009076740879086213,0.0009076740879086213,0.0
4625,0.0009076742367714572,0.0009076742367714572,0.0
4626,0.0009076741929717783,0.0009076741929717783,0.0
4627,0.0009076744610809563,0.0009076744610809563,0.0
4628,0.0009076741570369997,0.0009076741570369997,0.0
4629,0.0009076740974765921,0.0009076740974765921,0.0
4630,0.0009076740421746159,0.0009076740421746159,0.0
4631,0.0009076741394890009,0.0009076741394890009,0.0
4632,0.0009076742869679011,0.0009076742869679011,0.0
4633,0.0009076741402933367,0.0009076741402933367,0.0
4634,0.0009076742270352091,0.0009076742270352091,0.0
4635,0.000907674144556237,0.000907674144556237,0.0
4636,0.0009076740349597283,0.0009076740349597283,0.0
4637,0.0009076741465706726,0.0009076741465706726,0.0
4638,0.0009076739590746423,0.0009076739590746423,0.0
4639,0.0009076739540496669,0.0009076739540496669,0.0
4640,0.00090767410947152,0.00090767410947152,0.0
4641,0.0009076740006234818,0.0009076740006234818,0.0
4642,0.000907674112496508,0.000907674112496508,0.0
4643,0.0009076740662963748,0.0009076740662963748,0.0
4644,0.0009076739454068062,0.0009076739454068062,0.0
4645,0.0009076740452104042,0.0009076740452104042,0.0
4646,0.0009076738501449836,0.0009076738501449836,0.0
4647,0.0009076737930361188,0.0009076737930361188,0.0
4648,0.0009076740247160175,0.0009076740247160175,0.0
4649,0.000907674105826375,0.000907674105826375,0.0
4650,0.0009076739580243771,0.0009076739580243771,0.0
4651,0.0009076738347368134,0.0009076738347368134,0.0
4652,0.0009076739653621433,0.0009076739653621433,0.0
4653,0.0009076737759394103,0.0009076737759394103,0.0
4654,0.0009076737456333532,0.0009076737456333532,0.0
4655,0.000907673888219585,0.000907673888219585,0.0
4656,0.0009076739598309979,0.0009076739598309979,0.0
4657,0.0009076738885098808,0.0009076738885098808,0.0
4658,0.0009076740451672017,0.0009076740451672017,0.0
4659,0.0009076737827818648,0.0009076737827818648,0.0
4660,0.0009076738723430222,0.0009076738723430222,0.0
4661,0.0009076736957527367,0.0009076736957527367,0.0
4662,0.0009076737354170362,0.0009076737354170362,0.0
4663,0.0009076738591689915,0.0009076738591689915,0.0
4664,0.0009076739958518768,0.0009076739958518768,0.0
4665,0.0009076738060960032,0.0009076738060960032,0.0
4666,0.000907673631100002,0.000907673631100002,0.0
4667,0.0009076736261194064,0.0009076736261194064,0.0
4668,0.0009076737273550417,0.0009076737273550417,0.0
4669,0.0009076737249237098,0.0009076737249237098,0.0
4670,0.000907673837559744,0.000907673837559744,0.0
4671,0.0009076737263874504,0.0009076737263874504,0.0
4672,0.0009076737744107406,0.0009076737744107406,0.0
4673,0.0009076736748859989,0.0009076736748859989,0.0
4674,0.0009076735869423299,0.0009076735869423299,0.0
4675,0.0009076737391575269,0.0009076737391575269,0.0
4676,0.0009076736178748224,0.0009076736178748224,0.0
4677,0.0009076736361847553,0.0009076736361847553,0.0
4678,0.0009076737088828114,0.0009076737088828114,0.0
4679,0.0009076735713048926,0.0009076735713048926,0.0
4680,0.0009076737801083193,0.0009076737801083193,0.0
4681,0.0009076738138470494,0.0009076738138470494,0.0
4682,0.0009076738405389516,0.0009076738405389516,0.0
4683,0.0009076736527335849,0.0009076736527335849,0.0
4684,0.0009076736207715567,0.0009076736207715567,0.0
4685,0.0009076737931443056,0.0009076737931443056,0.0
4686,0.0009076735925995513,0.0009076735925995513,0.0
4687,0.0009076737839302005,0.0009076737839302005,0.0
4688,0.0009076736355182579,0.0009076736355182579,0.0
4689,0.0009076737643784339,0.0009076737643784339,0.0
4690,0.0009076735352269546,0.0009076735352269546,0.0
4691,0.0009076737445708564,0.0009076737445708564,0.0
4692,0.0009076736365995898,0.0009076736365995898,0.0
4693,0.0009076737330947454,0.0009076737330947454,0.0
4694,0.0009076735256637831,0.0009076735256637831,0.0
4695,0.0009076737295744971,0.0009076737295744971,0.0
4696,0.0009076737588189895,0.0009076737588189895,0.0
4697,0.0009076735771435483,0.0009076735771435483,0.0
4698,0.000907673495620154,0.000907673495620154,0.0
4699,0.0009076736581832351,0.0009076736581832351,0.0
4700,0.0009076735532319421,0.0009076735532319421,0.0
4701,0.0009076736743522265,0.0009076736743522265,0.0
4702,0.0009076736826168144,0.0009076736826168144,0.0
4703,0.0009076734420640738,0.0009076734420640738,0.0
4704,0.0009076735420550239,0.0009076735420550239,0.0
4705,0.0009076736854864784,0.0009076736854864784,0.0
4706,0.0009076735345217229,0.0009076735345217229,0.0
4707,0.0009076735443188202,0.0009076735443188202,0.0
4708,0.0009076736737633028,0.0009076736737633028,0.0
4709,0.000907673529482,0.000907673529482,0.0
4710,0.0009076734910446499,0.0009076734910446499,0.0
4711,0.0009076736944005375,0.0009076736944005375,0.0
4712,0.000907673506301162,0.000907673506301162,0.0
4713,0.0009076735518258691,0.0009076735518258691,0.0
4714,0.0009076735694738947,0.0009076735694738947,0.0
4715,0.0009076736248172904,0.0009076736248172904,0.0
4716,0.0009076735035924207,0.0009076735035924207,0.0
4717,0.0009076736148842983,0.0009076736148842983,0.0
4718,0.0009076736085675793,0.0009076736085675793,0.0
4719,0.0009076735879163767,0.0009076735879163767,0.0
4720,0.0009076736466708885,0.0009076736466708885,0.0
4721,0.000907673492389318,0.000907673492389318,0.0
4722,0.0009076735340905721,0.0009076735340905721,0.0
4723,0.0009076735945491348,0.0009076735945491348,0.0
4724,0.0009076734898191205,0.0009076734898191205,0.0
4725,0.0009076735495580764,0.0009076735495580764,0.0
4726,0.000907673613062915,0.000907673613062915,0.0
4727,0.000907673482172163,0.000907673482172163,0.0
4728,0.0009076735452696882,0.0009076735452696882,0.0
4729,0.000907673621227716,0.000907673621227716,0.0
4730,0.0009076734774481552,0.0009076734774481552,0.0
4731,0.0009076735072604726,0.0009076735072604726,0.0
4732,0.0009076735835270822,0.0009076735835270822,0.0
4733,0.0009076734726208375,0.0009076734726208375,0.0
4734,0.0009076735604678352,0.0009076735604678352,0.0
4735,0.0009076734755810695,0.0009076734755810695,0.0
4736,0.0009076735654576307,0.0009076735654576307,0.0
4737,0.0009076734731920376,0.0009076734731920376,0.0
4738,0.0009076735353909612,0.0009076735353909612,0.0
4739,0.0009076734716541326,0.0009076734716541326,0.0
4740,0.0009076734737479033,0.0009076734737479033,0.0
4741,0.0009076735371217869,0.0009076735371217869,0.0
4742,0.0009076734694596246,0.0009076734694596246,0.0
4743,0.0009076735258745541,0.0009076735258745541,0.0
4744,0.000907673494339641,0.000907673494339641,0.0
4745,0.0009076735244819102,0.0009076735244819102,0.0
4746,0.0009076734579767386,0.0009076734579767386,0.0
4747,0.0009076735338282247,0.0009076735338282247,0.0
4748,0.0009076734617439595,0.0009076734617439595,0.0
4749,0.0009076735223146778,0.0009076735223146778,0.0
4750,0.0009076734569568951,0.0009076734569568951,0.0
4751,0.0009076734854290317,0.0009076734854290317,0.0
4752,0.0009076734670030785,0.0009076734670030785,0.0
4753,0.0009076734773194845,0.0009076734773194845,0.0
4754,0.0009076735062703539,0.0009076735062703539,0.0
4755,0.0009076734509484682,0.0009076734509484682,0.0
4756,0.0009076735007451241,0.0009076735007451241,0.0
4757,0.000907673450976201,0.000907673450976201,0.0
4758,0.0009076735098480862,0.0009076735098480862,0.0
4759,0.0009076734497038357,0.0009076734497038357,0.0
4760,0.0009076734542918357,0.0009076734542918357,0.0
4761,0.0009076734870701561,0.0009076734870701561,0.0
4762,0.0009076734485945313,0.0009076734485945313,0.0
4763,0.0009076734783382091,0.0009076734783382091,0.0
4764,0.0009076734464599727,0.0009076734464599727,0.0
4765,0.0009076734844860283,0.0009076734844860283,0.0
4766,0.0009076734458730019,0.0009076734458730019,0.0
4767,0.0009076735054745913,0.0009076735054745913,0.0
4768,0.000907673443773385,0.000907673443773385,0.0
4769,0.000907673450111275,0.000907673450111275,0.0
4770,0.0009076735359768563,0.0009076735359768563,0.0
4771,0.0009076734387328667,0.0009076734387328667,0.0
4772,0.0009076734368607406,0.0009076734368607406,0.0
4773,0.000907673478815181,0.000907673478815181,0.0
4774,0.000907673437102603,0.000907673437102603,0.0
4775,0.0009076734545489505,0.0009076734545489505,0.0
4776,0.0009076734483867025,0.0009076734483867025,0.0
4777,0.0009076734672247527,0.0009076734672247527,0.0
4778,0.0009076734392560659,0.0009076734392560659,0.0
4779,0.0009076734436582674,0.0009076734436582674,0.0
4780,0.0009076734887764969,0.0009076734887764969,0.0
4781,0.0009076734331194265,0.0009076734331194265,0.0
4782,0.0009076734642941051,0.0009076734642941051,0.0
4783,0.0009076734355779563,0.0009076734355779563,0.0
4784,0.0009076734527314383,0.0009076734527314383,0.0
4785,0.0009076734508345797,0.0009076734508345797,0.0
4786,0.0009076734531618632,0.0009076734531618632,0.0
4787,0.0009076734351071236,0.0009076734351071236,0.0
4788,0.0009076734343985741,0.0009076734343985741,0.0
4789,0.0009076734289718536,0.0009076734289718536,0.0
4790,0.000907673454082913,0.000907673454082913,0.0
4791,0.0009076734525412471,0.0009076734525412471,0.0
4792,0.0009076734329696121,0.0009076734329696121,0.0
4793,0.0009076734690175055,0.0009076734690175055,0.0
4794,0.0009076734308446821,0.0009076734308446821,0.0
4795,0.0009076734220804975,0.0009076734220804975,0.0
4796,0.000907673436047354,0.000907673436047354,0.0
4797,0.0009076734299643857,0.0009076734299643857,0.0
4798,0.000907673457847166,0.000907673457847166,0.0
4799,0.0009076734298355384,0.0009076734298355384,0.0
4800,0.0009076734258829369,0.0009076734258829369,0.0
4801,0.0009076734313600282,0.0009076734313600282,0.0
4802,0.0009076734260039083,0.0009076734260039083,0.0
4803,0.0009076734452731407,0.0009076734452731407,0.0
4804,0.0009076734274177022,0.0009076734274177022,0.0
4805,0.0009076734293467434,0.0009076734293467434,0.0
4806,0.0009076734352080621,0.0009076734352080621,0.0
4807,0.0009076734341419859,0.0009076734341419859,0.0
4808,0.000907673434277905,0.000907673434277905,0.0
4809,0.0009076734479120373,0.0009076734479120373,0.0
4810,0.0009076734237305092,0.0009076734237305092,0.0
4811,0.0009076734229820478,0.0009076734229820478,0.0
4812,0.0009076734350886378,0.0009076734350886378,0.0
4813,0.0009076734214150439,0.0009076734214150439,0.0
4814,0.0009076734392252753,0.0009076734392252753,0.0
4815,0.000907673434832467,0.000907673434832467,0.0
4816,0.000907673423451904,0.000907673423451904,0.0
4817,0.0009076734280413929,0.0009076734280413929,0.0
4818,0.0009076734345746549,0.0009076734345746549,0.0
4819,0.0009076734229930338,0.0009076734229930338,0.0
4820,0.000907673431642232,0.000907673431642232,0.0
4821,0.0009076734166621026,0.0009076734166621026,0.0
4822,0.0009076734268912521,0.0009076734268912521,0.0
4823,0.0009076734263429004,0.0009076734263429004,0.0
4824,0.0009076734315965547,0.0009076734315965547,0.0
4825,0.0009076734213204014,0.0009076734213204014,0.0
4826,0.0009076734335039354,0.0009076734335039354,0.0
4827,0.0009076734210579005,0.0009076734210579005,0.0
4828,0.0009076734202106385,0.0009076734202106385,0.0
4829,0.0009076734189827257,0.0009076734189827257,0.0
4830,0.0009076734297769723,0.0009076734297769723,0.0
4831,0.0009076734200033737,0.0009076734200033737,0.0
4832,0.0009076734302306748,0.0009076734302306748,0.0
4833,0.0009076734197915124,0.0009076734197915124,0.0
4834,0.0009076734325340801,0.0009076734325340801,0.0
4835,0.0009076734194176491,0.0009076734194176491,0.0
4836,0.0009076734236956104,0.0009076734236956104,0.0
4837,0.0009076734105489818,0.0009076734105489818,0.0
4838,0.0009076734108083911,0.0009076734108083911,0.0
4839,0.0009076734230097487,0.0009076734230097487,0.0
4840,0.000907673421998532,0.000907673421998532,0.0
4841,0.0009076734226438669,0.0009076734226438669,0.0
4842,0.0009076734176381076,0.0009076734176381076,0.0
4843,0.0009076734218173481,0.0009076734218173481,0.0
4844,0.000907673415181251,0.000907673415181251,0.0
4845,0.0009076734257109386,0.0009076734257109386,0.0
4846,0.0009076734161257305,0.0009076734161257305,0.0
4847,0.0009076734143503209,0.0009076734143503209,0.0
4848,0.0009076734160949158,0.0009076734160949158,0.0
4849,0.0009076734221876385,0.0009076734221876385,0.0
4850,0.0009076734155425135,0.0009076734155425135,0.0
4851,0.0009076734360100571,0.0009076734360100571,0.0
4852,0.0009076734140525551,0.0009076734140525551,0.0
4853,0.0009076734205896595,0.0009076734205896595,0.0
4854,0.0009076734194367807,0.0009076734194367807,0.0
4855,0.0009076734145919683,0.0009076734145919683,0.0
4856,0.0009076734154008223,0.0009076734154008223,0.0
4857,0.0009076734138639026,0.0009076734138639026,0.0
4858,0.0009076734187223669,0.0009076734187223669,0.0
4859,0.0009076734202671391,0.0009076734202671391,0.0
4860,0.0009076734141881968,0.0009076734141881968,0.0
4861,0.0009076734164129814,0.0009076734164129814,0.0
4862,0.0009076734132769428,0.0009076734132769428,0.0
4863,0.0009076734201023648,0.0009076734201023648,0.0
4864,0.0009076734135163169,0.0009076734135163169,0.0
4865,0.0009076734066410574,0.0009076734066410574,0.0
4866,0.0009076734054182089,0.0009076734054182089,0.0
4867,0.0009076734152444622,0.0009076734152444622,0.0
4868,0.0009076734142607437,0.0009076734142607437,0.0
4869,0.0009076734161790291,0.0009076734161790291,0.0
4870,0.0009076734092003948,0.0009076734092003948,0.0
4871,0.0009076734147345144,0.0009076734147345144,0.0
4872,0.0009076734168079404,0.0009076734168079404,0.0
4873,0.000907673411212617,0.000907673411212617,0.0
4874,0.0009076734110440144,0.0009076734110440144,0.0
4875,0.0009076734123878595,0.0009076734123878595,0.0
4876,0.0009076734112268428,0.0009076734112268428,0.0
4877,0.0009076734081725561,0.0009076734081725561,0.0
4878,0.0009076734184372303,0.0009076734184372303,0.0
4879,0.000907673409916117,0.000907673409916117,0.0
4880,0.0009076734108313053,0.0009076734108313053,0.0
4881,0.0009076734123508665,0.0009076734123508665,0.0
4882,0.0009076734116096811,0.0009076734116096811,0.0
4883,0.0009076734106378461,0.0009076734106378461,0.0
4884,0.0009076734087552147,0.0009076734087552147,0.0
4885,0.000907673407626149,0.000907673407626149,0.0
4886,0.0009076734078216048,0.0009076734078216048,0.0
4887,0.0009076734082149578,0.0009076734082149578,0.0
4888,0.0009076734036035531,0.0009076734036035531,0.0
4889,0.0009076734051824616,0.0009076734051824616,0.0
4890,0.0009076734064470595,0.0009076734064470595,0.0
4891,0.0009076734085782637,0.0009076734085782637,0.0
4892,0.0009076734078602384,0.0009076734078602384,0.0
4893,0.0009076734101889531,0.0009076734101889531,0.0
4894,0.0009076734073332113,0.0009076734073332113,0.0
4895,0.0009076734054395284,0.0009076734054395284,0.0
4896,0.000907673404703453,0.000907673404703453,0.0
4897,0.0009076734040268132,0.0009076734040268132,0.0
4898,0.0009076734045209877,0.0009076734045209877,0.0
4899,0.0009076734023916774,0.0009076734023916774,0.0
4900,0.0009076734071802909,0.0009076734071802909,0.0
4901,0.0009076734080939496,0.0009076734080939496,0.0
4902,0.0009076734023308934,0.0009076734023308934,0.0
4903,0.000907673407993089,0.000907673407993089,0.0
4904,0.0009076734017486982,0.0009076734017486982,0.0
4905,0.0009076734066448455,0.0009076734066448455,0.0
4906,0.0009076734029731803,0.0009076734029731803,0.0
4907,0.0009076734038917464,0.0009076734038917464,0.0
4908,0.0009076734045893579,0.0009076734045893579,0.0
4909,0.000907673403781487,0.000907673403781487,0.0
4910,0.0009076734082243768,0.0009076734082243768,0.0
4911,0.0009076734030687314,0.0009076734030687314,0.0
4912,0.0009076734029470745,0.0009076734029470745,0.0
4913,0.0009076734023720156,0.0009076734023720156,0.0
4914,0.0009076734042782394,0.0009076734042782394,0.0
4915,0.0009076734019476817,0.0009076734019476817,0.0
4916,0.0009076734032967787,0.0009076734032967787,0.0
4917,0.000907673402610056,0.000907673402610056,0.0
4918,0.0009076734003600327,0.0009076734003600327,0.0
4919,0.0009076734066153585,0.0009076734066153585,0.0
4920,0.0009076734053840632,0.0009076734053840632,0.0
4921,0.0009076734009661542,0.0009076734009661542,0.0
4922,0.0009076734036907574,0.0009076734036907574,0.0
4923,0.0009076734025306202,0.0009076734025306202,0.0
4924,0.0009076734071448449,0.0009076734071448449,0.0
4925,0.000907673400515372,0.000907673400515372,0.0
4926,0.0009076734009646379,0.0009076734009646379,0.0
4927,0.0009076734068298948,0.0009076734068298948,0.0
4928,0.000907673400307559,0.000907673400307559,0.0
4929,0.0009076734025499837,0.0009076734025499837,0.0
4930,0.0009076734035643216,0.0009076734035643216,0.0
4931,0.0009076734014200537,0.0009076734014200537,0.0
4932,0.0009076734040339801,0.0009076734040339801,0.0
4933,0.0009076734003641217,0.0009076734003641217,0.0
4934,0.0009076734028865983,0.0009076734028865983,0.0
4935,0.0009076733997336537,0.0009076733997336537,0.0
4936,0.0009076734044866712,0.0009076734044866712,0.0
4937,0.0009076734020541649,0.0009076734020541649,0.0
4938,0.0009076734029792773,0.0009076734029792773,0.0
4939,0.0009076734000758022,0.0009076734000758022,0.0
4940,0.0009076734039902988,0.0009076734039902988,0.0
4941,0.0009076733999384641,0.0009076733999384641,0.0
4942,0.0009076734044189386,0.0009076734044189386,0.0
4943,0.0009076733998010492,0.0009076733998010492,0.0
4944,0.0009076734035563436,0.0009076734035563436,0.0
4945,0.0009076733998798107,0.0009076733998798107,0.0
4946,0.0009076734027931397,0.0009076734027931397,0.0
4947,0.0009076733999596294,0.0009076733999596294,0.0
4948,0.0009076734003181837,0.0009076734003181837,0.0
4949,0.0009076734022360247,0.0009076734022360247,0.0
4950,0.0009076733986603915,0.0009076733986603915,0.0
4951,0.0009076734015159225,0.0009076734015159225,0.0
4952,0.000907673401680866,0.000907673401680866,0.0
4953,0.0009076734028351176,0.0009076734028351176,0.0
4954,0.0009076733995320009,0.0009076733995320009,0.0
4955,0.0009076734020489292,0.0009076734020489292,0.0
4956,0.0009076733995776016,0.0009076733995776016,0.0
4957,0.000907673399355634,0.000907673399355634,0.0
4958,0.0009076734016898559,0.0009076734016898559,0.0
4959,0.0009076733994212413,0.0009076733994212413,0.0
4960,0.0009076734012684633,0.0009076734012684633,0.0
4961,0.000907673399295639,0.000907673399295639,0.0
4962,0.0009076733989851379,0.0009076733989851379,0.0
4963,0.0009076734014739139,0.0009076734014739139,0.0
4964,0.0009076733991020375,0.0009076733991020375,0.0
4965,0.0009076733992596219,0.0009076733992596219,0.0
4966,0.0009076733984635995,0.0009076733984635995,0.0
4967,0.0009076734004343593,0.0009076734004343593,0.0
4968,0.0009076734023445155,0.0009076734023445155,0.0
4969,0.0009076733986703358,0.0009076733986703358,0.0
4970,0.000907673400522781,0.000907673400522781,0.0
4971,0.000907673398862949,0.000907673398862949,0.0
4972,0.0009076733990158214,0.0009076733990158214,0.0
4973,0.0009076733986688691,0.0009076733986688691,0.0
4974,0.0009076733984252917,0.0009076733984252917,0.0
4975,0.0009076734005576332,0.0009076734005576332,0.0
4976,0.000907673397921884,0.000907673397921884,0.0
4977,0.0009076733993070629,0.0009076733993070629,0.0
4978,0.0009076733982497621,0.0009076733982497621,0.0
4979,0.0009076733994517153,0.0009076733994517153,0.0
4980,0.0009076733999155366,0.0009076733999155366,0.0
4981,0.0009076733983924413,0.0009076733983924413,0.0
4982,0.0009076733974519026,0.0009076733974519026,0.0
4983,0.0009076733981785826,0.0009076733981785826,0.0
4984,0.0009076733987344234,0.0009076733987344234,0.0
4985,0.0009076733989331348,0.0009076733989331348,0.0
4986,0.0009076733982766786,0.0009076733982766786,0.0
4987,0.0009076733995162297,0.0009076733995162297,0.0
4988,0.0009076733981197276,0.0009076733981197276,0.0
4989,0.0009076733981410309,0.0009076733981410309,0.0
4990,0.0009076733983679477,0.0009076733983679477,0.0
4991,0.0009076733974182925,0.0009076733974182925,0.0
4992,0.0009076733986252334,0.0009076733986252334,0.0
4993,0.0009076733991083453,0.0009076733991083453,0.0
4994,0.0009076733978936523,0.0009076733978936523,0.0
4995,0.0009076733978086393,0.0009076733978086393,0.0
4996,0.000907673399207668,0.000907673399207668,0.0
4997,0.0009076733978063801,0.0009076733978063801,0.0
4998,0.0009076733967420844,0.0009076733967420844,0.0
4999,0.0009076733968395803,0.0009076733968395803,0.0
5000,0.0009076733987364449,0.0009076733987364449,0.0
5001,0.0009076733977013489,0.0009076733977013489,0.0
5002,0.000907673398194982,0.000907673398194982,0.0
5003,0.000907673397903105,0.000907673397903105,0.0
5004,0.000907673399451878,0.000907673399451878,0.0
5005,0.0009076733975492916,0.0009076733975492916,0.0
5006,0.0009076733979494422,0.0009076733979494422,0.0
5007,0.0009076733977175399,0.0009076733977175399,0.0
5008,0.0009076733968778032,0.0009076733968778032,0.0
5009,0.0009076733982673953,0.0009076733982673953,0.0
5010,0.0009076733985238488,0.0009076733985238488,0.0
5011,0.0009076733974040524,0.0009076733974040524,0.0
5012,0.0009076733983852604,0.0009076733983852604,0.0
5013,0.0009076733974153296,0.0009076733974153296,0.0
5014,0.0009076733976246594,0.0009076733976246594,0.0
5015,0.0009076733976354322,0.0009076733976354322,0.0
5016,0.0009076733974844778,0.0009076733974844778,0.0
5017,0.0009076733967092136,0.0009076733967092136,0.0
5018,0.0009076733972008133,0.0009076733972008133,0.0
5019,0.0009076733981275339,0.0009076733981275339,0.0
5020,0.0009076733972009242,0.0009076733972009242,0.0
5021,0.0009076733970466829,0.0009076733970466829,0.0
5022,0.0009076733978285941,0.0009076733978285941,0.0
5023,0.0009076733966520363,0.0009076733966520363,0.0
5024,0.0009076733971619433,0.0009076733971619433,0.0
5025,0.000907673397786039,0.000907673397786039,0.0
5026,0.0009076733975688943,0.0009076733975688943,0.0
5027,0.0009076733967270533,0.0009076733967270533,0.0
5028,0.0009076733975766817,0.0009076733975766817,0.0
5029,0.0009076733979690721,0.0009076733979690721,0.0
5030,0.0009076733969868356,0.0009076733969868356,0.0
5031,0.0009076733966331854,0.0009076733966331854,0.0
5032,0.0009076733973404583,0.0009076733973404583,0.0
5033,0.0009076733973452373,0.0009076733973452373,0.0
5034,0.0009076733977658888,0.0009076733977658888,0.0
5035,0.0009076733969223238,0.0009076733969223238,0.0
5036,0.000907673397836411,0.000907673397836411,0.0
5037,0.000907673396897689,0.000907673396897689,0.0
5038,0.0009076733974084449,0.0009076733974084449,0.0
5039,0.0009076733967779704,0.0009076733967779704,0.0
5040,0.0009076733975826882,0.0009076733975826882,0.0
5041,0.0009076733968563266,0.0009076733968563266,0.0
5042,0.000907673396731566,0.000907673396731566,0.0
5043,0.000907673396938047,0.000907673396938047,0.0
5044,0.0009076733962890768,0.0009076733962890768,0.0
5045,0.0009076733965738208,0.0009076733965738208,0.0
5046,0.0009076733973464522,0.0009076733973464522,0.0
5047,0.0009076733962152101,0.0009076733962152101,0.0
5048,0.0009076733965347136,0.0009076733965347136,0.0
5049,0.0009076733973534244,0.0009076733973534244,0.0
5050,0.0009076733966901995,0.0009076733966901995,0.0
5051,0.0009076733969352943,0.0009076733969352943,0.0
5052,0.0009076733961731169,0.0009076733961731169,0.0
5053,0.0009076733964492543,0.0009076733964492543,0.0
5054,0.0009076733969250005,0.0009076733969250005,0.0
5055,0.0009076733963391596,0.0009076733963391596,0.0
5056,0.0009076733967266321,0.0009076733967266321,0.0
5057,0.000907673397152216,0.000907673397152216,0.0
5058,0.0009076733964687618,0.0009076733964687618,0.0
5059,0.0009076733970123966,0.0009076733970123966,0.0
5060,0.0009076733964810322,0.0009076733964810322,0.0
5061,0.0009076733961929679,0.0009076733961929679,0.0
5062,0.0009076733965009109,0.0009076733965009109,0.0
5063,0.0009076733962878294,0.0009076733962878294,0.0
5064,0.0009076733962049335,0.0009076733962049335,0.0
5065,0.0009076733967743711,0.0009076733967743711,0.0
5066,0.000907673396358772,0.000907673396358772,0.0
5067,0.000907673396062272,0.000907673396062272,0.0
5068,0.0009076733963214412,0.0009076733963214412,0.0
5069,0.0009076733965236802,0.0009076733965236802,0.0
5070,0.0009076733963434042,0.0009076733963434042,0.0
5071,0.0009076733966750521,0.0009076733966750521,0.0
5072,0.0009076733962894574,0.0009076733962894574,0.0
5073,0.000907673396212066,0.000907673396212066,0.0
5074,0.0009076733965295945,0.0009076733965295945,0.0
5075,0.0009076733961374277,0.0009076733961374277,0.0
5076,0.0009076733959593052,0.0009076733959593052,0.0
5077,0.0009076733963579145,0.0009076733963579145,0.0
5078,0.0009076733965572291,0.0009076733965572291,0.0
5079,0.0009076733961536303,0.0009076733961536303,0.0
5080,0.0009076733961949352,0.0009076733961949352,0.0
5081,0.0009076733960050617,0.0009076733960050617,0.0
5082,0.0009076733959077414,0.0009076733959077414,0.0
5083,0.0009076733962816906,0.0009076733962816906,0.0
5084,0.000907673395897434,0.000907673395897434,0.0
5085,0.0009076733963297367,0.0009076733963297367,0.0
5086,0.0009076733958728968,0.0009076733958728968,0.0
5087,0.0009076733962292801,0.0009076733962292801,0.0
5088,0.0009076733962179304,0.0009076733962179304,0.0
5089,0.0009076733956888869,0.0009076733956888869,0.0
5090,0.0009076733957660857,0.0009076733957660857,0.0
5091,0.0009076733961898586,0.0009076733961898586,0.0
5092,0.0009076733959161935,0.0009076733959161935,0.0
5093,0.000907673395945875,0.000907673395945875,0.0
5094,0.0009076733961291595,0.0009076733961291595,0.0
5095,0.0009076733959055322,0.0009076733959055322,0.0
5096,0.0009076733963344321,0.0009076733963344321,0.0
5097,0.0009076733958887977,0.0009076733958887977,0.0
5098,0.0009076733957754839,0.0009076733957754839,0.0
5099,0.000907673395968935,0.000907673395968935,0.0
5100,0.0009076733959718091,0.0009076733959718091,0.0
5101,0.0009076733961378092,0.0009076733961378092,0.0
5102,0.0009076733958898394,0.0009076733958898394,0.0
5103,0.0009076733955104505,0.0009076733955104505,0.0
5104,0.0009076733955280899,0.0009076733955280899,0.0
5105,0.0009076733960937345,0.0009076733960937345,0.0
5106,0.0009076733960523942,0.0009076733960523942,0.0
5107,0.000907673396026586,0.000907673396026586,0.0
5108,0.0009076733961765885,0.0009076733961765885,0.0
5109,0.0009076733957812886,0.0009076733957812886,0.0
5110,0.0009076733956820263,0.0009076733956820263,0.0
5111,0.0009076733959585487,0.0009076733959585487,0.0
5112,0.0009076733961131374,0.0009076733961131374,0.0
5113,0.0009076733957456276,0.0009076733957456276,0.0
5114,0.0009076733960091982,0.0009076733960091982,0.0
5115,0.0009076733957492985,0.0009076733957492985,0.0
5116,0.0009076733959761402,0.0009076733959761402,0.0
5117,0.0009076733957404728,0.0009076733957404728,0.0
5118,0.0009076733958468254,0.0009076733958468254,0.0
5119,0.000907673395634666,0.000907673395634666,0.0
5120,0.0009076733959285513,0.0009076733959285513,0.0
5121,0.0009076733959990381,0.0009076733959990381,0.0
5122,0.0009076733957095902,0.0009076733957095902,0.0
5123,0.0009076733959490436,0.0009076733959490436,0.0
5124,0.0009076733957086994,0.0009076733957086994,0.0
5125,0.0009076733958995361,0.0009076733958995361,0.0
5126,0.0009076733956318917,0.0009076733956318917,0.0
5127,0.000907673395977874,0.000907673395977874,0.0
5128,0.0009076733956857491,0.0009076733956857491,0.0
5129,0.0009076733959143654,0.0009076733959143654,0.0
5130,0.0009076733956906234,0.0009076733956906234,0.0
5131,0.0009076733955685344,0.0009076733955685344,0.0
5132,0.0009076733958432988,0.0009076733958432988,0.0
5133,0.0009076733954763509,0.0009076733954763509,0.0
5134,0.000907673395541132,0.000907673395541132,0.0
5135,0.000907673395542873,0.000907673395542873,0.0
5136,0.0009076733957762617,0.0009076733957762617,0.0
5137,0.0009076733958166371,0.0009076733958166371,0.0
5138,0.0009076733956203539,0.0009076733956203539,0.0
5139,0.0009076733955147699,0.0009076733955147699,0.0
5140,0.0009076733957954377,0.0009076733957954377,0.0
5141,0.0009076733956004773,0.0009076733956004773,0.0
5142,0.0009076733956847024,0.0009076733956847024,0.0
5143,0.000907673395479619,0.000907673395479619,0.0
5144,0.0009076733954760227,0.0009076733954760227,0.0
5145,0.0009076733956178588,0.0009076733956178588,0.0
5146,0.0009076733953833373,0.0009076733953833373,0.0
5147,0.0009076733953837845,0.0009076733953837845,0.0
5148,0.0009076733954263386,0.0009076733954263386,0.0
5149,0.0009076733953955646,0.0009076733953955646,0.0
5150,0.000907673395399586,0.000907673395399586,0.0
5151,0.0009076733954388507,0.0009076733954388507,0.0
5152,0.0009076733953331613,0.0009076733953331613,0.0
5153,0.0009076733954144976,0.0009076733954144976,0.0
5154,0.00090767339547953,0.00090767339547953,0.0
5155,0.0009076733955306493,0.0009076733955306493,0.0
5156,0.0009076733954045621,0.0009076733954045621,0.0
5157,0.000907673395382311,0.000907673395382311,0.0
5158,0.0009076733952176019,0.0009076733952176019,0.0
5159,0.0009076733951937743,0.0009076733951937743,0.0
5160,0.0009076733951904997,0.0009076733951904997,0.0
5161,0.0009076733951872662,0.0009076733951872662,0.0
5162,0.0009076733952899859,0.0009076733952899859,0.0
5163,0.0009076733953865939,0.0009076733953865939,0.0
5164,0.0009076733955431832,0.0009076733955431832,0.0
5165,0.0009076733953442119,0.0009076733953442119,0.0
5166,0.0009076733952712126,0.0009076733952712126,0.0
5167,0.0009076733951726828,0.0009076733951726828,0.0
5168,0.0009076733952420524,0.0009076733952420524,0.0
5169,0.0009076733951999468,0.0009076733951999468,0.0
5170,0.0009076733953673771,0.0009076733953673771,0.0
5171,0.0009076733951583433,0.0009076733951583433,0.0
5172,0.0009076733952781406,0.0009076733952781406,0.0
5173,0.0009076733951414549,0.0009076733951414549,0.0
5174,0.0009076733952791583,0.0009076733952791583,0.0
5175,0.0009076733952381082,0.0009076733952381082,0.0
5176,0.0009076733950657365,0.0009076733950657365,0.0
5177,0.0009076733950884172,0.0009076733950884172,0.0
5178,0.0009076733952508874,0.0009076733952508874,0.0
5179,0.0009076733949985554,0.0009076733949985554,0.0
5180,0.0009076733949442595,0.0009076733949442595,0.0
5181,0.0009076733949992945,0.0009076733949992945,0.0
5182,0.0009076733951561711,0.0009076733951561711,0.0
5183,0.0009076733949890782,0.0009076733949890782,0.0
5184,0.000907673395199997,0.000907673395199997,0.0
5185,0.0009076733950849962,0.0009076733950849962,0.0
5186,0.0009076733949022922,0.0009076733949022922,0.0
5187,0.0009076733949320697,0.0009076733949320697,0.0
5188,0.0009076733950393751,0.0009076733950393751,0.0
5189,0.0009076733949585404,0.0009076733949585404,0.0
5190,0.0009076733948607191,0.0009076733948607191,0.0
5191,0.0009076733949003034,0.0009076733949003034,0.0
5192,0.0009076733949611613,0.0009076733949611613,0.0
5193,0.0009076733949303543,0.0009076733949303543,0.0
5194,0.0009076733952154005,0.0009076733952154005,0.0
5195,0.0009076733950045438,0.0009076733950045438,0.0
5196,0.0009076733949203331,0.0009076733949203331,0.0
5197,0.0009076733949998288,0.0009076733949998288,0.0
5198,0.0009076733948325941,0.0009076733948325941,0.0
5199,0.0009076733949625601,0.0009076733949625601,0.0
5200,0.0009076733949208145,0.0009076733949208145,0.0
5201,0.0009076733948034605,0.0009076733948034605,0.0
5202,0.0009076733949422797,0.0009076733949422797,0.0
5203,0.0009076733949555585,0.0009076733949555585,0.0
5204,0.0009076733947622953,0.0009076733947622953,0.0
5205,0.000907673394891298,0.000907673394891298,0.0
5206,0.00090767339495042,0.00090767339495042,0.0
5207,0.0009076733947660692,0.0009076733947660692,0.0
5208,0.0009076733947955039,0.0009076733947955039,0.0
5209,0.0009076733947543715,0.0009076733947543715,0.0
5210,0.0009076733948871973,0.0009076733948871973,0.0
5211,0.0009076733949594469,0.0009076733949594469,0.0
5212,0.0009076733947245643,0.0009076733947245643,0.0
5213,0.0009076733948403295,0.0009076733948403295,0.0
5214,0.0009076733948360681,0.0009076733948360681,0.0
5215,0.0009076733947869574,0.0009076733947869574,0.0
5216,0.0009076733948977531,0.0009076733948977531,0.0
5217,0.0009076733948702401,0.0009076733948702401,0.0
5218,0.0009076733947688877,0.0009076733947688877,0.0
5219,0.0009076733948612434,0.0009076733948612434,0.0
5220,0.0009076733948239103,0.0009076733948239103,0.0
5221,0.0009076733946984385,0.0009076733946984385,0.0
5222,0.0009076733948710531,0.0009076733948710531,0.0
5223,0.0009076733946779545,0.0009076733946779545,0.0
5224,0.0009076733948379551,0.0009076733948379551,0.0
5225,0.0009076733946913304,0.0009076733946913304,0.0
5226,0.0009076733945713131,0.0009076733945713131,0.0
5227,0.0009076733945802644,0.0009076733945802644,0.0
5228,0.0009076733947995557,0.0009076733947995557,0.0
5229,0.0009076733949102206,0.0009076733949102206,0.0
5230,0.0009076733947115941,0.0009076733947115941,0.0
5231,0.0009076733947913624,0.0009076733947913624,0.0
5232,0.0009076733945762505,0.0009076733945762505,0.0
5233,0.0009076733947311723,0.0009076733947311723,0.0
5234,0.0009076733947596524,0.0009076733947596524,0.0
5235,0.0009076733947170565,0.0009076733947170565,0.0
5236,0.0009076733947101091,0.0009076733947101091,0.0
5237,0.0009076733949010627,0.0009076733949010627,0.0
5238,0.0009076733946586006,0.0009076733946586006,0.0
5239,0.0009076733947202223,0.0009076733947202223,0.0
5240,0.0009076733948228175,0.0009076733948228175,0.0
5241,0.0009076733946616631,0.0009076733946616631,0.0
5242,0.0009076733946400736,0.0009076733946400736,0.0
5243,0.0009076733947844953,0.0009076733947844953,0.0
5244,0.0009076733946519871,0.0009076733946519871,0.0
5245,0.0009076733945528602,0.0009076733945528602,0.0
5246,0.0009076733945952813,0.0009076733945952813,0.0
5247,0.0009076733946315319,0.0009076733946315319,0.0
5248,0.000907673394764363,0.000907673394764363,0.0
5249,0.0009076733946370988,0.0009076733946370988,0.0
5250,0.0009076733945149364,0.0009076733945149364,0.0
5251,0.0009076733945269734,0.0009076733945269734,0.0
5252,0.0009076733947967589,0.0009076733947967589,0.0
5253,0.0009076733946138922,0.0009076733946138922,0.0
5254,0.0009076733945681981,0.0009076733945681981,0.0
5255,0.0009076733947195308,0.0009076733947195308,0.0
5256,0.0009076733946120702,0.0009076733946120702,0.0
5257,0.000907673394618919,0.000907673394618919,0.0
5258,0.0009076733945371546,0.0009076733945371546,0.0
5259,0.000907673394674555,0.000907673394674555,0.0
5260,0.0009076733946036456,0.0009076733946036456,0.0
5261,0.0009076733946136458,0.0009076733946136458,0.0
5262,0.0009076733945855142,0.0009076733945855142,0.0
5263,0.0009076733946717361,0.0009076733946717361,0.0
5264,0.0009076733945770431,0.0009076733945770431,0.0
5265,0.0009076733944982418,0.0009076733944982418,0.0
5266,0.0009076733945317868,0.0009076733945317868,0.0
5267,0.0009076733945094273,0.0009076733945094273,0.0
5268,0.0009076733944727509,0.0009076733944727509,0.0
5269,0.0009076733944962638,0.0009076733944962638,0.0
5270,0.0009076733945497531,0.0009076733945497531,0.0
5271,0.0009076733944515516,0.0009076733944515516,0.0
5272,0.0009076733944607826,0.0009076733944607826,0.0
5273,0.000907673394534756,0.000907673394534756,0.0
5274,0.0009076733945633103,0.0009076733945633103,0.0
5275,0.000907673394470622,0.000907673394470622,0.0
5276,0.0009076733946036323,0.0009076733946036323,0.0
5277,0.0009076733944745353,0.0009076733944745353,0.0
5278,0.0009076733945805167,0.0009076733945805167,0.0
5279,0.0009076733945946935,0.0009076733945946935,0.0
5280,0.0009076733945078835,0.0009076733945078835,0.0
5281,0.0009076733945233162,0.0009076733945233162,0.0
5282,0.0009076733946062873,0.0009076733946062873,0.0
5283,0.0009076733945000143,0.0009076733945000143,0.0
5284,0.0009076733944285373,0.0009076733944285373,0.0
5285,0.0009076733944429887,0.0009076733944429887,0.0
5286,0.0009076733944243744,0.0009076733944243744,0.0
5287,0.0009076733944533883,0.0009076733944533883,0.0
5288,0.0009076733944588587,0.0009076733944588587,0.0
5289,0.0009076733944391376,0.0009076733944391376,0.0
5290,0.0009076733944856413,0.0009076733944856413,0.0
5291,0.000907673394424981,0.000907673394424981,0.0
5292,0.0009076733944871696,0.0009076733944871696,0.0
5293,0.0009076733944487664,0.0009076733944487664,0.0
5294,0.0009076733944462527,0.0009076733944462527,0.0
5295,0.0009076733944971527,0.0009076733944971527,0.0
5296,0.0009076733944247801,0.0009076733944247801,0.0
5297,0.0009076733943971023,0.0009076733943971023,0.0
5298,0.0009076733944523896,0.0009076733944523896,0.0
5299,0.0009076733943746574,0.0009076733943746574,0.0
5300,0.0009076733944029271,0.0009076733944029271,0.0
5301,0.0009076733943673363,0.0009076733943673363,0.0
5302,0.0009076733943940824,0.0009076733943940824,0.0
5303,0.0009076733943614421,0.0009076733943614421,0.0
5304,0.0009076733943958675,0.0009076733943958675,0.0
5305,0.0009076733944410365,0.0009076733944410365,0.0
5306,0.0009076733944542748,0.0009076733944542748,0.0
5307,0.0009076733944671483,0.0009076733944671483,0.0
5308,0.0009076733943824664,0.0009076733943824664,0.0
5309,0.0009076733943542977,0.0009076733943542977,0.0
5310,0.0009076733944006586,0.0009076733944006586,0.0
5311,0.0009076733943498436,0.0009076733943498436,0.0
5312,0.0009076733944041083,0.0009076733944041083,0.0
5313,0.00090767339443884,0.00090767339443884,0.0
5314,0.0009076733943657758,0.0009076733943657758,0.0
5315,0.0009076733944402449,0.0009076733944402449,0.0
5316,0.0009076733943618237,0.0009076733943618237,0.0
5317,0.0009076733944073564,0.0009076733944073564,0.0
5318,0.0009076733943712061,0.0009076733943712061,0.0
5319,0.0009076733943950438,0.0009076733943950438,0.0
5320,0.000907673394404878,0.000907673394404878,0.0
5321,0.0009076733943536607,0.0009076733943536607,0.0
5322,0.0009076733943920817,0.0009076733943920817,0.0
5323,0.0009076733943116544,0.0009076733943116544,0.0
5324,0.0009076733943537443,0.0009076733943537443,0.0
5325,0.0009076733943325142,0.0009076733943325142,0.0
5326,0.0009076733943239152,0.0009076733943239152,0.0
5327,0.0009076733943053022,0.0009076733943053022,0.0
5328,0.0009076733943797971,0.0009076733943797971,0.0
5329,0.0009076733943713435,0.0009076733943713435,0.0
5330,0.0009076733943796896,0.0009076733943796896,0.0
5331,0.0009076733942991326,0.0009076733942991326,0.0
5332,0.0009076733943608161,0.0009076733943608161,0.0
5333,0.0009076733943747081,0.0009076733943747081,0.0
5334,0.0009076733943206516,0.0009076733943206516,0.0
5335,0.0009076733943670249,0.0009076733943670249,0.0
5336,0.0009076733943840454,0.0009076733943840454,0.0
5337,0.0009076733943216447,0.0009076733943216447,0.0
5338,0.0009076733944240214,0.0009076733944240214,0.0
5339,0.0009076733943155378,0.0009076733943155378,0.0
5340,0.0009076733942729083,0.0009076733942729083,0.0
5341,0.000907673394291224,0.000907673394291224,0.0
5342,0.0009076733943695361,0.0009076733943695361,0.0
5343,0.0009076733943249701,0.0009076733943249701,0.0
5344,0.0009076733943679275,0.0009076733943679275,0.0
5345,0.0009076733943132845,0.0009076733943132845,0.0
5346,0.0009076733942876556,0.0009076733942876556,0.0
5347,0.000907673394360451,0.000907673394360451,0.0
5348,0.0009076733943319068,0.0009076733943319068,0.0
5349,0.0009076733942777382,0.0009076733942777382,0.0
5350,0.0009076733942621262,0.0009076733942621262,0.0
5351,0.0009076733943020877,0.0009076733943020877,0.0
5352,0.0009076733943264504,0.0009076733943264504,0.0
5353,0.0009076733942552172,0.0009076733942552172,0.0
5354,0.0009076733942952458,0.0009076733942952458,0.0
5355,0.0009076733943113312,0.0009076733943113312,0.0
5356,0.0009076733942619849,0.0009076733942619849,0.0
5357,0.0009076733942866598,0.0009076733942866598,0.0
5358,0.0009076733943163525,0.0009076733943163525,0.0
5359,0.0009076733943203789,0.0009076733943203789,0.0
5360,0.0009076733942901832,0.0009076733942901832,0.0
5361,0.0009076733942821729,0.0009076733942821729,0.0
5362,0.0009076733942414616,0.0009076733942414616,0.0
5363,0.0009076733942787562,0.0009076733942787562,0.0
5364,0.0009076733942751796,0.0009076733942751796,0.0
5365,0.0009076733943075605,0.0009076733943075605,0.0
5366,0.000907673394299541,0.000907673394299541,0.0
5367,0.0009076733942327814,0.0009076733942327814,0.0
5368,0.0009076733942713021,0.0009076733942713021,0.0
5369,0.0009076733942135002,0.0009076733942135002,0.0
5370,0.0009076733942255911,0.0009076733942255911,0.0
5371,0.0009076733942253581,0.0009076733942253581,0.0
5372,0.0009076733942978797,0.0009076733942978797,0.0
5373,0.0009076733942731327,0.0009076733942731327,0.0
5374,0.0009076733942362805,0.0009076733942362805,0.0
5375,0.0009076733942511326,0.0009076733942511326,0.0
5376,0.0009076733942245802,0.0009076733942245802,0.0
5377,0.0009076733943034716,0.0009076733943034716,0.0
5378,0.0009076733942409701,0.0009076733942409701,0.0
5379,0.0009076733942550933,0.0009076733942550933,0.0
5380,0.0009076733942272961,0.0009076733942272961,0.0
5381,0.0009076733942486096,0.0009076733942486096,0.0
5382,0.0009076733942081454,0.0009076733942081454,0.0
5383,0.0009076733942650783,0.0009076733942650783,0.0
5384,0.000907673394210657,0.000907673394210657,0.0
5385,0.0009076733942277076,0.0009076733942277076,0.0
5386,0.0009076733942464572,0.0009076733942464572,0.0
5387,0.0009076733941806024,0.0009076733941806024,0.0
5388,0.0009076733942085298,0.0009076733942085298,0.0
5389,0.0009076733942155528,0.0009076733942155528,0.0
5390,0.0009076733942036312,0.0009076733942036312,0.0
5391,0.0009076733941745464,0.0009076733941745464,0.0
5392,0.0009076733942028848,0.0009076733942028848,0.0
5393,0.0009076733942381686,0.0009076733942381686,0.0
5394,0.0009076733941975284,0.0009076733941975284,0.0
5395,0.0009076733942751683,0.0009076733942751683,0.0
5396,0.0009076733941988694,0.0009076733941988694,0.0
5397,0.0009076733942327386,0.0009076733942327386,0.0
5398,0.0009076733941763708,0.0009076733941763708,0.0
5399,0.0009076733941660657,0.0009076733941660657,0.0
5400,0.000907673394198454,0.000907673394198454,0.0
5401,0.0009076733942426814,0.0009076733942426814,0.0
5402,0.0009076733941926732,0.0009076733941926732,0.0
5403,0.0009076733942320542,0.0009076733942320542,0.0
5404,0.0009076733941644203,0.0009076733941644203,0.0
5405,0.0009076733941975739,0.0009076733941975739,0.0
5406,0.0009076733942152848,0.0009076733942152848,0.0
5407,0.0009076733942295598,0.0009076733942295598,0.0
5408,0.0009076733941870427,0.0009076733941870427,0.0
5409,0.0009076733941876101,0.0009076733941876101,0.0
5410,0.0009076733942167488,0.0009076733942167488,0.0
5411,0.000907673394188716,0.000907673394188716,0.0
5412,0.0009076733941639388,0.0009076733941639388,0.0
5413,0.0009076733942152998,0.0009076733942152998,0.0
5414,0.0009076733942200162,0.0009076733942200162,0.0
5415,0.0009076733941778638,0.0009076733941778638,0.0
5416,0.0009076733942165347,0.0009076733942165347,0.0
5417,0.0009076733941777626,0.0009076733941777626,0.0
5418,0.0009076733942116014,0.0009076733942116014,0.0
5419,0.0009076733941403623,0.0009076733941403623,0.0
5420,0.0009076733941450058,0.0009076733941450058,0.0
5421,0.0009076733942083266,0.0009076733942083266,0.0
5422,0.0009076733941647143,0.0009076733941647143,0.0
5423,0.0009076733942149722,0.0009076733942149722,0.0
5424,0.0009076733941703141,0.0009076733941703141,0.0
5425,0.0009076733941517549,0.0009076733941517549,0.0
5426,0.0009076733941816015,0.0009076733941816015,0.0
5427,0.0009076733941397545,0.0009076733941397545,0.0
5428,0.0009076733941592301,0.0009076733941592301,0.0
5429,0.0009076733941702145,0.0009076733941702145,0.0
5430,0.0009076733941324424,0.0009076733941324424,0.0
5431,0.000907673394144814,0.000907673394144814,0.0
5432,0.000907673394185297,0.000907673394185297,0.0
5433,0.000907673394156457,0.000907673394156457,0.0
5434,0.0009076733941229242,0.0009076733941229242,0.0
5435,0.0009076733941258779,0.0009076733941258779,0.0
5436,0.0009076733941834331,0.0009076733941834331,0.0
5437,0.0009076733941517416,0.0009076733941517416,0.0
5438,0.0009076733941730733,0.0009076733941730733,0.0
5439,0.0009076733941650881,0.0009076733941650881,0.0
5440,0.0009076733941256626,0.0009076733941256626,0.0
5441,0.0009076733941207932,0.0009076733941207932,0.0
5442,0.0009076733941323172,0.0009076733941323172,0.0
5443,0.000907673394131353,0.000907673394131353,0.0
5444,0.0009076733941316337,0.0009076733941316337,0.0
5445,0.0009076733941561401,0.0009076733941561401,0.0
5446,0.0009076733941101293,0.0009076733941101293,0.0
5447,0.0009076733941186947,0.0009076733941186947,0.0
5448,0.0009076733941538389,0.0009076733941538389,0.0
5449,0.0009076733941099327,0.0009076733941099327,0.0
5450,0.0009076733941255879,0.0009076733941255879,0.0
5451,0.0009076733941383932,0.0009076733941383932,0.0
5452,0.0009076733941250484,0.0009076733941250484,0.0
5453,0.0009076733941156497,0.0009076733941156497,0.0
5454,0.0009076733941170807,0.0009076733941170807,0.0
5455,0.0009076733941291832,0.0009076733941291832,0.0
5456,0.0009076733941359274,0.0009076733941359274,0.0
5457,0.0009076733941547328,0.0009076733941547328,0.0
5458,0.0009076733941214937,0.0009076733941214937,0.0
5459,0.0009076733941111241,0.0009076733941111241,0.0
5460,0.000907673394083651,0.000907673394083651,0.0
5461,0.0009076733940819226,0.0009076733940819226,0.0
5462,0.0009076733940937903,0.0009076733940937903,0.0
5463,0.0009076733940999787,0.0009076733940999787,0.0
5464,0.0009076733941067487,0.0009076733941067487,0.0
5465,0.0009076733941320199,0.0009076733941320199,0.0
5466,0.0009076733940867117,0.0009076733940867117,0.0
5467,0.0009076733941335076,0.0009076733941335076,0.0
5468,0.000907673394103736,0.000907673394103736,0.0
5469,0.0009076733941104592,0.0009076733941104592,0.0
5470,0.0009076733940995529,0.0009076733940995529,0.0
5471,0.0009076733941117963,0.0009076733941117963,0.0
5472,0.0009076733940804939,0.0009076733940804939,0.0
5473,0.0009076733940982254,0.0009076733940982254,0.0
5474,0.0009076733941159122,0.0009076733941159122,0.0
5475,0.0009076733940703802,0.0009076733940703802,0.0
5476,0.0009076733940742848,0.0009076733940742848,0.0
5477,0.0009076733940653814,0.0009076733940653814,0.0
5478,0.0009076733940664219,0.0009076733940664219,0.0
5479,0.0009076733940662984,0.0009076733940662984,0.0
5480,0.0009076733940993455,0.0009076733940993455,0.0
5481,0.0009076733941064105,0.0009076733941064105,0.0
5482,0.0009076733940933545,0.0009076733940933545,0.0
5483,0.0009076733941031907,0.0009076733941031907,0.0
5484,0.0009076733940911719,0.0009076733940911719,0.0
5485,0.0009076733940914045,0.0009076733940914045,0.0
5486,0.0009076733940663313,0.0009076733940663313,0.0
5487,0.0009076733940588373,0.0009076733940588373,0.0
5488,0.000907673394074592,0.000907673394074592,0.0
5489,0.0009076733940730955,0.0009076733940730955,0.0
5490,0.0009076733940893107,0.0009076733940893107,0.0
5491,0.000907673394055681,0.000907673394055681,0.0
5492,0.0009076733940747302,0.0009076733940747302,0.0
5493,0.0009076733940733595,0.0009076733940733595,0.0
5494,0.0009076733940952493,0.0009076733940952493,0.0
5495,0.000907673394053318,0.000907673394053318,0.0
5496,0.0009076733940764108,0.0009076733940764108,0.0
5497,0.0009076733940523746,0.0009076733940523746,0.0
5498,0.0009076733940807408,0.0009076733940807408,0.0
5499,0.0009076733940972745,0.0009076733940972745,0.0
5500,0.0009076733940665586,0.0009076733940665586,0.0
5501,0.000907673394064176,0.000907673394064176,0.0
5502,0.0009076733940611106,0.0009076733940611106,0.0
5503,0.0009076733940765686,0.0009076733940765686,0.0
5504,0.0009076733940567333,0.0009076733940567333,0.0
5505,0.0009076733940644166,0.0009076733940644166,0.0
5506,0.0009076733940465412,0.0009076733940465412,0.0
5507,0.0009076733940791107,0.0009076733940791107,0.0
5508,0.0009076733940408391,0.0009076733940408391,0.0
5509,0.0009076733940636369,0.0009076733940636369,0.0
5510,0.0009076733940324872,0.0009076733940324872,0.0
5511,0.0009076733940441435,0.0009076733940441435,0.0
5512,0.000907673394075436,0.000907673394075436,0.0
5513,0.0009076733940511543,0.0009076733940511543,0.0
5514,0.0009076733940609195,0.0009076733940609195,0.0
5515,0.0009076733940686391,0.0009076733940686391,0.0
5516,0.0009076733940321225,0.0009076733940321225,0.0
5517,0.0009076733940427279,0.0009076733940427279,0.0
5518,0.0009076733940700071,0.0009076733940700071,0.0
5519,0.0009076733940472219,0.0009076733940472219,0.0
5520,0.0009076733940361497,0.0009076733940361497,0.0
5521,0.0009076733940457532,0.0009076733940457532,0.0
5522,0.0009076733940311258,0.0009076733940311258,0.0
5523,0.0009076733940496689,0.0009076733940496689,0.0
5524,0.0009076733940364812,0.0009076733940364812,0.0
5525,0.0009076733940580478,0.0009076733940580478,0.0
5526,0.0009076733940447265,0.0009076733940447265,0.0
5527,0.0009076733940575074,0.0009076733940575074,0.0
5528,0.0009076733940536168,0.0009076733940536168,0.0
5529,0.0009076733940236671,0.0009076733940236671,0.0
5530,0.000907673394035718,0.000907673394035718,0.0
5531,0.0009076733940494472,0.0009076733940494472,0.0
5532,0.0009076733940543497,0.0009076733940543497,0.0
5533,0.000907673394036069,0.000907673394036069,0.0
5534,0.0009076733940309797,0.0009076733940309797,0.0
5535,0.0009076733940471557,0.0009076733940471557,0.0
5536,0.000907673394054032,0.000907673394054032,0.0
5537,0.0009076733940336214,0.0009076733940336214,0.0
5538,0.0009076733940180457,0.0009076733940180457,0.0
5539,0.0009076733940292016,0.0009076733940292016,0.0
5540,0.0009076733940199268,0.0009076733940199268,0.0
5541,0.0009076733940172555,0.0009076733940172555,0.0
5542,0.0009076733940352707,0.0009076733940352707,0.0
5543,0.0009076733940393183,0.0009076733940393183,0.0
5544,0.0009076733940095987,0.0009076733940095987,0.0
5545,0.0009076733940155849,0.0009076733940155849,0.0
5546,0.0009076733940351464,0.0009076733940351464,0.0
5547,0.000907673394035161,0.000907673394035161,0.0
5548,0.0009076733940222056,0.0009076733940222056,0.0
5549,0.0009076733940304709,0.0009076733940304709,0.0
5550,0.0009076733940164133,0.0009076733940164133,0.0
5551,0.0009076733940367836,0.0009076733940367836,0.0
5552,0.0009076733940197832,0.0009076733940197832,0.0
5553,0.000907673394023149,0.000907673394023149,0.0
5554,0.0009076733940102891,0.0009076733940102891,0.0
5555,0.0009076733940117295,0.0009076733940117295,0.0
5556,0.0009076733940380055,0.0009076733940380055,0.0
5557,0.0009076733940168222,0.0009076733940168222,0.0
5558,0.0009076733940313207,0.0009076733940313207,0.0
5559,0.0009076733940062408,0.0009076733940062408,0.0
5560,0.0009076733940216978,0.0009076733940216978,0.0
5561,0.0009076733940077484,0.0009076733940077484,0.0
5562,0.0009076733939931908,0.0009076733939931908,0.0
5563,0.0009076733939901594,0.0009076733939901594,0.0
5564,0.0009076733940200371,0.0009076733940200371,0.0
5565,0.0009076733940035259,0.0009076733940035259,0.0
5566,0.0009076733940089715,0.0009076733940089715,0.0
5567,0.0009076733940049073,0.0009076733940049073,0.0
5568,0.0009076733940077288,0.0009076733940077288,0.0
5569,0.0009076733940087531,0.0009076733940087531,0.0
5570,0.0009076733940000602,0.0009076733940000602,0.0
5571,0.0009076733940173593,0.0009076733940173593,0.0
5572,0.0009076733939963749,0.0009076733939963749,0.0
5573,0.0009076733939902104,0.0009076733939902104,0.0
5574,0.0009076733939941111,0.0009076733939941111,0.0
5575,0.0009076733940083538,0.0009076733940083538,0.0
5576,0.0009076733939808456,0.0009076733939808456,0.0
5577,0.0009076733939830971,0.0009076733939830971,0.0
5578,0.0009076733939792137,0.0009076733939792137,0.0
5579,0.000907673393983612,0.000907673393983612,0.0
5580,0.00090767339398144,0.00090767339398144,0.0
5581,0.0009076733939871211,0.0009076733939871211,0.0
5582,0.0009076733939792137,0.0009076733939792137,0.0
