Evaluation,Objective,DataMSE,Penalty
0,0.0004516073132661373,0.0004516073132661373,0.0
1,0.0004516073132661373,0.0004516073132661373,0.0
2,0.00045131256530069616,0.00045131256530069616,0.0
3,0.00045171418171369415,0.00045171418171369415,0.0
4,0.00045192151543511694,0.00045192151543511694,0.0
5,0.0004514230682030193,0.0004514230682030193,0.0
6,0.00045169694200351596,0.00045169694200351596,0.0
7,0.00045177688917040514,0.00045177688917040514,0.0
8,0.0004498725606642594,0.0004498725606642594,0.0
9,0.0004521021649741162,0.0004521021649741162,0.0
10,0.00045313490736293934,0.00045313490736293934,0.0
11,0.0004502462061926354,0.0004502462061926354,0.0
12,0.00045217082365559463,0.00045217082365559463,0.0
13,0.00045252505173798316,0.00045252505173798316,0.0
14,0.00045157280833653824,0.00045157280833653824,0.0
15,0.0004516438069013291,0.0004516438069013291,0.0
16,0.0004516305230141411,0.0004516305230141411,0.0
17,0.0004515246698656103,0.0004515246698656103,0.0
18,0.00045162646389590374,0.00045162646389590374,0.0
19,0.0004517184077109042,0.0004517184077109042,0.0
20,0.0004500008704000265,0.0004500008704000265,0.0
21,0.000450220308485522,0.000450220308485522,0.0
22,0.00045046876650449755,0.00045046876650449755,0.0
23,0.00045036573322451457,0.00045036573322451457,0.0
24,0.0004504208456252142,0.0004504208456252142,0.0
25,0.0004503825326159803,0.0004503825326159803,0.0
26,0.0004502614271927715,0.0004502614271927715,0.0
27,0.0004500782184561069,0.0004500782184561069,0.0
28,0.0004499103792760252,0.0004499103792760252,0.0
29,0.000449763449293208,0.000449763449293208,0.0
30,0.00044883932088245513,0.00044883932088245513,0.0
31,0.0004494814783321084,0.0004494814783321084,0.0
32,0.00044922967558478467,0.00044922967558478467,0.0
33,0.0004489800122798801,0.0004489800122798801,0.0
34,0.0004487517704028536,0.0004487517704028536,0.0
35,0.0004473951807554464,0.0004473951807554464,0.0
36,0.0004483162252355984,0.0004483162252355984,0.0
37,0.00044809746228557733,0.00044809746228557733,0.0
38,0.0004478698213742512,0.0004478698213742512,0.0
39,0.0004483544498976666,0.0004483544498976666,0.0
40,0.0004483367193514034,0.0004483367193514034,0.0
41,0.00044803781940217576,0.00044803781940217576,0.0
42,0.00044767151574475096,0.00044767151574475096,0.0
43,0.0004475775437853674,0.0004475775437853674,0.0
44,0.000447404096867684,0.000447404096867684,0.0
45,0.0004472435836472488,0.0004472435836472488,0.0
46,0.0004460722662891478,0.0004460722662891478,0.0
47,0.0004466860813438811,0.0004466860813438811,0.0
48,0.00044651264632870213,0.00044651264632870213,0.0
49,0.0004461231686298599,0.0004461231686298599,0.0
50,0.00044571130657412216,0.00044571130657412216,0.0
51,0.0004436459232396808,0.0004436459232396808,0.0
52,0.00044552745794015545,0.00044552745794015545,0.0
53,0.0004453249785414296,0.0004453249785414296,0.0
54,0.00044516113111420523,0.00044516113111420523,0.0
55,0.0004448927742247951,0.0004448927742247951,0.0
56,0.0004450913595118352,0.0004450913595118352,0.0
57,0.000444810173701048,0.000444810173701048,0.0
58,0.0004443495963544005,0.0004443495963544005,0.0
59,0.00044417849111077004,0.00044417849111077004,0.0
60,0.0004438232601005391,0.0004438232601005391,0.0
61,0.00044354425954720153,0.00044354425954720153,0.0
62,0.00044157793951006845,0.00044157793951006845,0.0
63,0.00044316988951534385,0.00044316988951534385,0.0
64,0.00044281453797154056,0.00044281453797154056,0.0
65,0.00044235237464133057,0.00044235237464133057,0.0
66,0.0004418247976819489,0.0004418247976819489,0.0
67,0.0004419922795189095,0.0004419922795189095,0.0
68,0.00044167592410902155,0.00044167592410902155,0.0
69,0.0004415691823317889,0.0004415691823317889,0.0
70,0.00043961891029728256,0.00043961891029728256,0.0
71,0.0004406468491893248,0.0004406468491893248,0.0
72,0.0004408069694785615,0.0004408069694785615,0.0
73,0.0004405474157951647,0.0004405474157951647,0.0
74,0.0004402279913117109,0.0004402279913117109,0.0
75,0.0004396841714055098,0.0004396841714055098,0.0
76,0.0004395059636674175,0.0004395059636674175,0.0
77,0.0004373417977424543,0.0004373417977424543,0.0
78,0.0004387987097716561,0.0004387987097716561,0.0
79,0.0004384862174815261,0.0004384862174815261,0.0
80,0.00043811167541050994,0.00043811167541050994,0.0
81,0.0004378696431217977,0.0004378696431217977,0.0
82,0.00043771193327291557,0.00043771193327291557,0.0
83,0.00043714120500726143,0.00043714120500726143,0.0
84,0.0004346767678832441,0.0004346767678832441,0.0
85,0.00043650843782915705,0.00043650843782915705,0.0
86,0.0004363889928763597,0.0004363889928763597,0.0
87,0.00043609675404855994,0.00043609675404855994,0.0
88,0.00043594824761103044,0.00043594824761103044,0.0
89,0.00043541007636396155,0.00043541007636396155,0.0
90,0.00043494043626826054,0.00043494043626826054,0.0
91,0.0004349509198695533,0.0004349509198695533,0.0
92,0.00043501915044539044,0.00043501915044539044,0.0
93,0.00043409895478359724,0.00043409895478359724,0.0
94,0.0004320316227745532,0.0004320316227745532,0.0
95,0.000433489130053031,0.000433489130053031,0.0
96,0.00043356119474237246,0.00043356119474237246,0.0
97,0.0004326970126293379,0.0004326970126293379,0.0
98,0.00043292316362517785,0.00043292316362517785,0.0
99,0.00043268886788696897,0.00043268886788696897,0.0
100,0.0004323943727508747,0.0004323943727508747,0.0
101,0.0004321326582645975,0.0004321326582645975,0.0
102,0.00043170520976042496,0.00043170520976042496,0.0
103,0.00043046809393865296,0.00043046809393865296,0.0
104,0.00043111166733584574,0.00043111166733584574,0.0
105,0.0004316509991650086,0.0004316509991650086,0.0
106,0.00043136685754550306,0.00043136685754550306,0.0
107,0.00043128041951856244,0.00043128041951856244,0.0
108,0.0004306906955021898,0.0004306906955021898,0.0
109,0.00043099920905144987,0.00043099920905144987,0.0
110,0.0004304412373630631,0.0004304412373630631,0.0
111,0.0004300652042819511,0.0004300652042819511,0.0
112,0.00043039258686362056,0.00043039258686362056,0.0
113,0.00043047753440692195,0.00043047753440692195,0.0
114,0.00043026848388554365,0.00043026848388554365,0.0
115,0.00043009634957835274,0.00043009634957835274,0.0
116,0.00043036560307058375,0.00043036560307058375,0.0
117,0.00043046417218890954,0.00043046417218890954,0.0
118,0.0004308759804811754,0.0004308759804811754,0.0
119,0.00043052005613383574,0.00043052005613383574,0.0
120,0.0004308832591796037,0.0004308832591796037,0.0
121,0.00043101181561590497,0.00043101181561590497,0.0
122,0.00043157544413676313,0.00043157544413676313,0.0
123,0.00043114401814595957,0.00043114401814595957,0.0
124,0.0004314395110537689,0.0004314395110537689,0.0
125,0.00043061226041457893,0.00043061226041457893,0.0
126,0.0004309942546948478,0.0004309942546948478,0.0
127,0.0004310812629847314,0.0004310812629847314,0.0
128,0.0004311259056497608,0.0004311259056497608,0.0
129,0.0004305232528589997,0.0004305232528589997,0.0
130,0.0004327521821027783,0.0004327521821027783,0.0
131,0.00043034408294351467,0.00043034408294351467,0.0
132,0.00043146118168107227,0.00043146118168107227,0.0
133,0.0004302629603501772,0.0004302629603501772,0.0
134,0.0004308160776310967,0.0004308160776310967,0.0
135,0.0004300956992514101,0.0004300956992514101,0.0
136,0.00043124318093045475,0.00043124318093045475,0.0
137,0.0004302758459543877,0.0004302758459543877,0.0
138,0.0004306490609887507,0.0004306490609887507,0.0
139,0.00043016102290573577,0.00043016102290573577,0.0
140,0.00043042463583751783,0.00043042463583751783,0.0
141,0.0004308173316036253,0.0004308173316036253,0.0
142,0.00043030993365529547,0.00043030993365529547,0.0
143,0.0004309619585489111,0.0004309619585489111,0.0
144,0.00043027177436746064,0.00043027177436746064,0.0
145,0.000430354230485483,0.000430354230485483,0.0
146,0.0004301170192414498,0.0004301170192414498,0.0
147,0.0004301241829964634,0.0004301241829964634,0.0
148,0.00042974767314458593,0.00042974767314458593,0.0
149,0.00042958282496050764,0.00042958282496050764,0.0
150,0.00043034529582276396,0.00043034529582276396,0.0
151,0.00042959268883950097,0.00042959268883950097,0.0
152,0.0004300914347380125,0.0004300914347380125,0.0
153,0.00042978572560872303,0.00042978572560872303,0.0
154,0.00042952758504214653,0.00042952758504214653,0.0
155,0.00042920812462550196,0.00042920812462550196,0.0
156,0.00043006486612846866,0.00043006486612846866,0.0
157,0.00043028774088028855,0.00043028774088028855,0.0
158,0.0004297356857602883,0.0004297356857602883,0.0
159,0.0004296402023858537,0.0004296402023858537,0.0
160,0.00043053894739040143,0.00043053894739040143,0.0
161,0.0004298932026836621,0.0004298932026836621,0.0
162,0.00042960013552677885,0.00042960013552677885,0.0
163,0.0004295554118411326,0.0004295554118411326,0.0
164,0.00042918298404239034,0.00042918298404239034,0.0
165,0.0004290785823337923,0.0004290785823337923,0.0
166,0.00042937430264279743,0.00042937430264279743,0.0
167,0.0004303671480304618,0.0004303671480304618,0.0
168,0.0004297474006208692,0.0004297474006208692,0.0
169,0.0004295450759976794,0.0004295450759976794,0.0
170,0.00042938418845099693,0.00042938418845099693,0.0
171,0.00042898311283093765,0.00042898311283093765,0.0
172,0.0004288424433412247,0.0004288424433412247,0.0
173,0.0004293437266840577,0.0004293437266840577,0.0
174,0.0004295303838244223,0.0004295303838244223,0.0
175,0.0004288039205727321,0.0004288039205727321,0.0
176,0.00042872484841382916,0.00042872484841382916,0.0
177,0.0004295105323053557,0.0004295105323053557,0.0
178,0.00042899474080557875,0.00042899474080557875,0.0
179,0.0004286827775238651,0.0004286827775238651,0.0
180,0.0004288630737055257,0.0004288630737055257,0.0
181,0.00042909611998870583,0.00042909611998870583,0.0
182,0.0004284734791852157,0.0004284734791852157,0.0
183,0.00042850543863530937,0.00042850543863530937,0.0
184,0.00042856814523896196,0.00042856814523896196,0.0
185,0.00042903797965391393,0.00042903797965391393,0.0
186,0.0004288594545822157,0.0004288594545822157,0.0
187,0.00042805012247767315,0.00042805012247767315,0.0
188,0.00042755297756294665,0.00042755297756294665,0.0
189,0.00042825814223537614,0.00042825814223537614,0.0
190,0.0004284271223137163,0.0004284271223137163,0.0
191,0.0004287405694409701,0.0004287405694409701,0.0
192,0.0004294604861406329,0.0004294604861406329,0.0
193,0.0004286457279007366,0.0004286457279007366,0.0
194,0.00042828343338780834,0.00042828343338780834,0.0
195,0.00042838086785694865,0.00042838086785694865,0.0
196,0.0004284582279624823,0.0004284582279624823,0.0
197,0.00042858162780355755,0.00042858162780355755,0.0
198,0.0004284452358867993,0.0004284452358867993,0.0
199,0.0004280332616638046,0.0004280332616638046,0.0
200,0.0004288989282194795,0.0004288989282194795,0.0
201,0.0004293914432691235,0.0004293914432691235,0.0
202,0.0004283725788466969,0.0004283725788466969,0.0
203,0.0004289522564976779,0.0004289522564976779,0.0
204,0.00042825309356885413,0.00042825309356885413,0.0
205,0.00042844105695114893,0.00042844105695114893,0.0
206,0.00042852841583605517,0.00042852841583605517,0.0
207,0.000428145325611569,0.000428145325611569,0.0
208,0.0004291122796326931,0.0004291122796326931,0.0
209,0.0004282270277372742,0.0004282270277372742,0.0
210,0.0004277691287670333,0.0004277691287670333,0.0
211,0.0004279422262593194,0.0004279422262593194,0.0
212,0.0004286759811446873,0.0004286759811446873,0.0
213,0.00042811901066642675,0.00042811901066642675,0.0
214,0.000427711389084414,0.000427711389084414,0.0
215,0.0004287681786002867,0.0004287681786002867,0.0
216,0.0004279419663712225,0.0004279419663712225,0.0
217,0.0004277676036748637,0.0004277676036748637,0.0
218,0.00042897923486862695,0.00042897923486862695,0.0
219,0.00042803374517940096,0.00042803374517940096,0.0
220,0.00042797951896767644,0.00042797951896767644,0.0
221,0.0004288557242916603,0.0004288557242916603,0.0
222,0.00042789891955989195,0.00042789891955989195,0.0
223,0.0004278033971700066,0.0004278033971700066,0.0
224,0.0004278539861889564,0.0004278539861889564,0.0
225,0.00042780446456275453,0.00042780446456275453,0.0
226,0.0004276569255930259,0.0004276569255930259,0.0
227,0.000427348732711298,0.000427348732711298,0.0
228,0.00042722328953576403,0.00042722328953576403,0.0
229,0.00042763696094219415,0.00042763696094219415,0.0
230,0.0004282872806367199,0.0004282872806367199,0.0
231,0.0004277757530760472,0.0004277757530760472,0.0
232,0.0004274146520384909,0.0004274146520384909,0.0
233,0.00042721685952731755,0.00042721685952731755,0.0
234,0.00042723855735653536,0.00042723855735653536,0.0
235,0.0004274094661039308,0.0004274094661039308,0.0
236,0.0004275104186385586,0.0004275104186385586,0.0
237,0.0004278584337696953,0.0004278584337696953,0.0
238,0.0004275764804350636,0.0004275764804350636,0.0
239,0.00042732331243697745,0.00042732331243697745,0.0
240,0.00042756942367169564,0.00042756942367169564,0.0
241,0.0004277982037862747,0.0004277982037862747,0.0
242,0.0004278379227413402,0.0004278379227413402,0.0
243,0.0004275292303809339,0.0004275292303809339,0.0
244,0.0004275404174549269,0.0004275404174549269,0.0
245,0.0004273907436991922,0.0004273907436991922,0.0
246,0.00042767437323640084,0.00042767437323640084,0.0
247,0.0004276425287702648,0.0004276425287702648,0.0
248,0.00042698341563792986,0.00042698341563792986,0.0
249,0.00042690887750349753,0.00042690887750349753,0.0
250,0.0004269809149769626,0.0004269809149769626,0.0
251,0.00042694698505240096,0.00042694698505240096,0.0
252,0.0004274880546223627,0.0004274880546223627,0.0
253,0.0004276141306439303,0.0004276141306439303,0.0
254,0.0004273179799196913,0.0004273179799196913,0.0
255,0.0004272716634729756,0.0004272716634729756,0.0
256,0.0004278499664737406,0.0004278499664737406,0.0
257,0.0004272781321009717,0.0004272781321009717,0.0
258,0.0004274993674259217,0.0004274993674259217,0.0
259,0.0004271564721640485,0.0004271564721640485,0.0
260,0.0004270271864960422,0.0004270271864960422,0.0
261,0.00042710244435406673,0.00042710244435406673,0.0
262,0.0004270178897296276,0.0004270178897296276,0.0
263,0.0004274598358814345,0.0004274598358814345,0.0
264,0.0004282704673149724,0.0004282704673149724,0.0
265,0.00042717484496091607,0.00042717484496091607,0.0
266,0.0004281845051024158,0.0004281845051024158,0.0
267,0.0004271672380811491,0.0004271672380811491,0.0
268,0.00042743853906129987,0.00042743853906129987,0.0
269,0.00042716143693269604,0.00042716143693269604,0.0
270,0.0004269692225799349,0.0004269692225799349,0.0
271,0.00042720365411566714,0.00042720365411566714,0.0
272,0.00042718887545500895,0.00042718887545500895,0.0
273,0.0004270233583306418,0.0004270233583306418,0.0
274,0.0004273332452010905,0.0004273332452010905,0.0
275,0.0004270585579537025,0.0004270585579537025,0.0
276,0.00042693244143404094,0.00042693244143404094,0.0
277,0.00042709346414738196,0.00042709346414738196,0.0
278,0.0004270982695441803,0.0004270982695441803,0.0
279,0.0004268988654228302,0.0004268988654228302,0.0
280,0.00042725453507965096,0.00042725453507965096,0.0
281,0.00042707871445996407,0.00042707871445996407,0.0
282,0.0004274787267701613,0.0004274787267701613,0.0
283,0.00042697831887233024,0.00042697831887233024,0.0
284,0.0004270255602651259,0.0004270255602651259,0.0
285,0.000427046087301229,0.000427046087301229,0.0
286,0.0004271808489292475,0.0004271808489292475,0.0
287,0.00042695235111847037,0.00042695235111847037,0.0
288,0.00042692069341487154,0.00042692069341487154,0.0
289,0.00042723994740778823,0.00042723994740778823,0.0
290,0.0004268782182326273,0.0004268782182326273,0.0
291,0.0004269604541444538,0.0004269604541444538,0.0
292,0.0004278246565963466,0.0004278246565963466,0.0
293,0.00042691365882799526,0.00042691365882799526,0.0
294,0.0004271109689356763,0.0004271109689356763,0.0
295,0.0004268890468054296,0.0004268890468054296,0.0
296,0.00042686407686156285,0.00042686407686156285,0.0
297,0.0004272579890501684,0.0004272579890501684,0.0
298,0.0004271424670071267,0.0004271424670071267,0.0
299,0.00042683421965961777,0.00042683421965961777,0.0
300,0.00042703059539204546,0.00042703059539204546,0.0
301,0.00042688594050420447,0.00042688594050420447,0.0
302,0.00042710858654523956,0.00042710858654523956,0.0
303,0.0004268403887822248,0.0004268403887822248,0.0
304,0.0004269535247629187,0.0004269535247629187,0.0
305,0.00042705699096917427,0.00042705699096917427,0.0
306,0.000426852367094689,0.000426852367094689,0.0
307,0.0004267458696085689,0.0004267458696085689,0.0
308,0.00042674093280122124,0.00042674093280122124,0.0
309,0.00042686029844276675,0.00042686029844276675,0.0
310,0.0004269179874580897,0.0004269179874580897,0.0
311,0.0004269756435349337,0.0004269756435349337,0.0
312,0.00042685225824597953,0.00042685225824597953,0.0
313,0.0004269956209297196,0.0004269956209297196,0.0
314,0.0004268386833659872,0.0004268386833659872,0.0
315,0.00042680501651599006,0.00042680501651599006,0.0
316,0.00042668907194976527,0.00042668907194976527,0.0
317,0.000426684172579736,0.000426684172579736,0.0
318,0.00042701727061088653,0.00042701727061088653,0.0
319,0.00042679243979329716,0.00042679243979329716,0.0
320,0.0004267857805981899,0.0004267857805981899,0.0
321,0.0004268758101586118,0.0004268758101586118,0.0
322,0.0004268868049264664,0.0004268868049264664,0.0
323,0.00042670677856244726,0.00042670677856244726,0.0
324,0.0004270326893986863,0.0004270326893986863,0.0
325,0.0004267710371387492,0.0004267710371387492,0.0
326,0.00042675405666445,0.00042675405666445,0.0
327,0.0004268653605827221,0.0004268653605827221,0.0
328,0.0004266535138996518,0.0004266535138996518,0.0
329,0.00042668149495701324,0.00042668149495701324,0.0
330,0.00042673942166691523,0.00042673942166691523,0.0
331,0.00042684390883283456,0.00042684390883283456,0.0
332,0.00042693824001450764,0.00042693824001450764,0.0
333,0.00042675994408603485,0.00042675994408603485,0.0
334,0.0004267436041292371,0.0004267436041292371,0.0
335,0.0004267377217443818,0.0004267377217443818,0.0
336,0.00042665618694116516,0.00042665618694116516,0.0
337,0.00042661796541147023,0.00042661796541147023,0.0
338,0.00042668883364115724,0.00042668883364115724,0.0
339,0.00042681380171582394,0.00042681380171582394,0.0
340,0.0004266961348605649,0.0004266961348605649,0.0
341,0.0004266008498483459,0.0004266008498483459,0.0
342,0.00042665787973232344,0.00042665787973232344,0.0
343,0.0004266793863624593,0.0004266793863624593,0.0
344,0.0004267165988375974,0.0004267165988375974,0.0
345,0.0004266952745703116,0.0004266952745703116,0.0
346,0.0004266784720336719,0.0004266784720336719,0.0
347,0.0004268518069664163,0.0004268518069664163,0.0
348,0.0004266699144267631,0.0004266699144267631,0.0
349,0.0004265808494418635,0.0004265808494418635,0.0
350,0.000426604127486746,0.000426604127486746,0.0
351,0.000426565523403082,0.000426565523403082,0.0
352,0.00042659450778512,0.00042659450778512,0.0
353,0.0004266044916296283,0.0004266044916296283,0.0
354,0.00042670706596580565,0.00042670706596580565,0.0
355,0.00042655805403495024,0.00042655805403495024,0.0
356,0.0004266294207334209,0.0004266294207334209,0.0
357,0.0004265949489601268,0.0004265949489601268,0.0
358,0.0004265652283887587,0.0004265652283887587,0.0
359,0.00042664586952036307,0.00042664586952036307,0.0
360,0.0004267050696210558,0.0004267050696210558,0.0
361,0.00042671531418827044,0.00042671531418827044,0.0
362,0.00042661592950894256,0.00042661592950894256,0.0
363,0.00042671780494181553,0.00042671780494181553,0.0
364,0.0004266147919864676,0.0004266147919864676,0.0
365,0.0004265672492235318,0.0004265672492235318,0.0
366,0.0004266176762347668,0.0004266176762347668,0.0
367,0.00042656968764066393,0.00042656968764066393,0.0
368,0.0004266915981340207,0.0004266915981340207,0.0
369,0.00042659743407485497,0.00042659743407485497,0.0
370,0.00042672135721267944,0.00042672135721267944,0.0
371,0.00042659219119593603,0.00042659219119593603,0.0
372,0.00042653095791570883,0.00042653095791570883,0.0
373,0.0004266021242377986,0.0004266021242377986,0.0
374,0.0004265409899460186,0.0004265409899460186,0.0
375,0.00042653983764005793,0.00042653983764005793,0.0
376,0.00042678978815119964,0.00042678978815119964,0.0
377,0.0004265646935548904,0.0004265646935548904,0.0
378,0.0004265656310504291,0.0004265656310504291,0.0
379,0.0004266415728017967,0.0004266415728017967,0.0
380,0.00042655162800727845,0.00042655162800727845,0.0
381,0.00042653274757005423,0.00042653274757005423,0.0
382,0.0004265133576385321,0.0004265133576385321,0.0
383,0.00042655950456745294,0.00042655950456745294,0.0
384,0.00042652810632031954,0.00042652810632031954,0.0
385,0.00042655327380665154,0.00042655327380665154,0.0
386,0.0004265260741486571,0.0004265260741486571,0.0
387,0.00042652061372458954,0.00042652061372458954,0.0
388,0.000426517793351436,0.000426517793351436,0.0
389,0.00042647190794505555,0.00042647190794505555,0.0
390,0.0004264774701722532,0.0004264774701722532,0.0
391,0.00042658282672457763,0.00042658282672457763,0.0
392,0.00042652149705376085,0.00042652149705376085,0.0
393,0.00042652296274110773,0.00042652296274110773,0.0
394,0.0004265693627326251,0.0004265693627326251,0.0
395,0.0004265233599473399,0.0004265233599473399,0.0
396,0.0004264780023993012,0.0004264780023993012,0.0
397,0.0004265281934606287,0.0004265281934606287,0.0
398,0.0004265520513890953,0.0004265520513890953,0.0
399,0.0004265194830827829,0.0004265194830827829,0.0
400,0.00042657150785534913,0.00042657150785534913,0.0
401,0.00042650904318668485,0.00042650904318668485,0.0
402,0.0004265554477344828,0.0004265554477344828,0.0
403,0.00042650694473506746,0.00042650694473506746,0.0
404,0.00042648371437620746,0.00042648371437620746,0.0
405,0.00042654010870689656,0.00042654010870689656,0.0
406,0.00042650411455568224,0.00042650411455568224,0.0
407,0.00042651703670979477,0.00042651703670979477,0.0
408,0.0004264882234748004,0.0004264882234748004,0.0
409,0.0004264648446278277,0.0004264648446278277,0.0
410,0.0004264693198221637,0.0004264693198221637,0.0
411,0.00042655571528606476,0.00042655571528606476,0.0
412,0.0004264930790528409,0.0004264930790528409,0.0
413,0.0004265072485013174,0.0004265072485013174,0.0
414,0.00042647330157273127,0.00042647330157273127,0.0
415,0.0004264862149256109,0.0004264862149256109,0.0
416,0.0004265207647799817,0.0004265207647799817,0.0
417,0.0004264924524289353,0.0004264924524289353,0.0
418,0.00042652787594944764,0.00042652787594944764,0.0
419,0.0004264863561459428,0.0004264863561459428,0.0
420,0.0004265006980765666,0.0004265006980765666,0.0
421,0.0004264973768285324,0.0004264973768285324,0.0
422,0.0004264618191552414,0.0004264618191552414,0.0
423,0.00042648368109088255,0.00042648368109088255,0.0
424,0.00042648583633711213,0.00042648583633711213,0.0
425,0.0004264635350113122,0.0004264635350113122,0.0
426,0.00042646635217406543,0.00042646635217406543,0.0
427,0.0004264734404185921,0.0004264734404185921,0.0
428,0.00042643079281901237,0.00042643079281901237,0.0
429,0.00042641481545540385,0.00042641481545540385,0.0
430,0.00042646386666204424,0.00042646386666204424,0.0
431,0.000426490372677541,0.000426490372677541,0.0
432,0.00042646966071685066,0.00042646966071685066,0.0
433,0.0004264357728251304,0.0004264357728251304,0.0
434,0.00042647054504871143,0.00042647054504871143,0.0
435,0.00042649173878154704,0.00042649173878154704,0.0
436,0.00042645810319482123,0.00042645810319482123,0.0
437,0.0004264461552402999,0.0004264461552402999,0.0
438,0.00042642578313476637,0.00042642578313476637,0.0
439,0.00042645141703431615,0.00042645141703431615,0.0
440,0.0004264632045643804,0.0004264632045643804,0.0
441,0.0004264527733454,0.0004264527733454,0.0
442,0.00042643262600254047,0.00042643262600254047,0.0
443,0.0004264375189904167,0.0004264375189904167,0.0
444,0.00042644019908114506,0.00042644019908114506,0.0
445,0.00042641579684108956,0.00042641579684108956,0.0
446,0.0004264447051911527,0.0004264447051911527,0.0
447,0.00042645083956854157,0.00042645083956854157,0.0
448,0.00042642136701823787,0.00042642136701823787,0.0
449,0.0004264002400363468,0.0004264002400363468,0.0
450,0.0004263950252858729,0.0004263950252858729,0.0
451,0.0004264345265461344,0.0004264345265461344,0.0
452,0.0004264396134051636,0.0004264396134051636,0.0
453,0.00042643350861727253,0.00042643350861727253,0.0
454,0.00042640154177981846,0.00042640154177981846,0.0
455,0.00042638941040421235,0.00042638941040421235,0.0
456,0.00042639089577367617,0.00042639089577367617,0.0
457,0.0004264521976243074,0.0004264521976243074,0.0
458,0.0004264211808854791,0.0004264211808854791,0.0
459,0.0004264076262503619,0.0004264076262503619,0.0
460,0.0004264658171582714,0.0004264658171582714,0.0
461,0.00042641454536915095,0.00042641454536915095,0.0
462,0.00042639585962583247,0.00042639585962583247,0.0
463,0.00042641893553482276,0.00042641893553482276,0.0
464,0.00042644200947442734,0.00042644200947442734,0.0
465,0.0004264112736911824,0.0004264112736911824,0.0
466,0.0004264277674849467,0.0004264277674849467,0.0
467,0.0004264017568196735,0.0004264017568196735,0.0
468,0.0004264181231711765,0.0004264181231711765,0.0
469,0.00042640061041306803,0.00042640061041306803,0.0
470,0.0004264229923481112,0.0004264229923481112,0.0
471,0.00042639944177966466,0.00042639944177966466,0.0
472,0.00042642529434002005,0.00042642529434002005,0.0
473,0.0004263945824563167,0.0004263945824563167,0.0
474,0.00042642413373908893,0.00042642413373908893,0.0
475,0.00042640199958549833,0.00042640199958549833,0.0
476,0.0004264213835657197,0.0004264213835657197,0.0
477,0.00042640212956942327,0.00042640212956942327,0.0
478,0.00042638979758147846,0.00042638979758147846,0.0
479,0.0004263936136115709,0.0004263936136115709,0.0
480,0.0004264044431636762,0.0004264044431636762,0.0
481,0.0004264255110186009,0.0004264255110186009,0.0
482,0.00042639754802201125,0.00042639754802201125,0.0
483,0.0004263750843968795,0.0004263750843968795,0.0
484,0.00042637571731663024,0.00042637571731663024,0.0
485,0.00042638679513835675,0.00042638679513835675,0.0
486,0.0004263811380505643,0.0004263811380505643,0.0
487,0.00042637693946316564,0.00042637693946316564,0.0
488,0.00042640294704743016,0.00042640294704743016,0.0
489,0.000426408367497901,0.000426408367497901,0.0
490,0.0004263876081238627,0.0004263876081238627,0.0
491,0.00042640557613950696,0.00042640557613950696,0.0
492,0.00042638801730852537,0.00042638801730852537,0.0
493,0.000426391913678395,0.000426391913678395,0.0
494,0.00042638380998099527,0.00042638380998099527,0.0
495,0.0004264052608210845,0.0004264052608210845,0.0
496,0.00042638560673883126,0.00042638560673883126,0.0
497,0.00042637328514082915,0.00042637328514082915,0.0
498,0.0004263797537418102,0.0004263797537418102,0.0
499,0.00042639196494653785,0.00042639196494653785,0.0
500,0.0004263994185498581,0.0004263994185498581,0.0
501,0.0004263840000290332,0.0004263840000290332,0.0
502,0.0004263814160164726,0.0004263814160164726,0.0
503,0.0004263814000483258,0.0004263814000483258,0.0
504,0.00042638868601201915,0.00042638868601201915,0.0
505,0.00042637316123069375,0.00042637316123069375,0.0
506,0.0004263838137950444,0.0004263838137950444,0.0
507,0.0004263893296853501,0.0004263893296853501,0.0
508,0.0004263876294618422,0.0004263876294618422,0.0
509,0.00042637892135303216,0.00042637892135303216,0.0
510,0.00042637823290515517,0.00042637823290515517,0.0
511,0.0004263824381499968,0.0004263824381499968,0.0
512,0.0004263904599509187,0.0004263904599509187,0.0
513,0.00042637792586617277,0.00042637792586617277,0.0
514,0.00042638913247702187,0.00042638913247702187,0.0
515,0.00042637775673191837,0.00042637775673191837,0.0
516,0.00042638344031478096,0.00042638344031478096,0.0
517,0.0004263960341513424,0.0004263960341513424,0.0
518,0.00042637642125074036,0.00042637642125074036,0.0
519,0.0004263775105444529,0.0004263775105444529,0.0
520,0.00042638447542549837,0.00042638447542549837,0.0
521,0.00042637495074951827,0.00042637495074951827,0.0
522,0.00042638625034850365,0.00042638625034850365,0.0
523,0.0004263754842264674,0.0004263754842264674,0.0
524,0.0004263689516145852,0.0004263689516145852,0.0
525,0.000426373289371593,0.000426373289371593,0.0
526,0.0004263693786263617,0.0004263693786263617,0.0
527,0.00042638132688251274,0.00042638132688251274,0.0
528,0.0004263791866529492,0.0004263791866529492,0.0
529,0.0004263797745155274,0.0004263797745155274,0.0
530,0.00042638168313973996,0.00042638168313973996,0.0
531,0.0004263734552114673,0.0004263734552114673,0.0
532,0.0004263777553638603,0.0004263777553638603,0.0
533,0.00042636201742207676,0.00042636201742207676,0.0
534,0.00042635693851375133,0.00042635693851375133,0.0
535,0.0004263819341315684,0.0004263819341315684,0.0
536,0.0004263718918553372,0.0004263718918553372,0.0
537,0.00042637980633113376,0.00042637980633113376,0.0
538,0.0004263717028802238,0.0004263717028802238,0.0
539,0.0004263835217168517,0.0004263835217168517,0.0
540,0.0004263712730059414,0.0004263712730059414,0.0
541,0.00042637460209308663,0.00042637460209308663,0.0
542,0.00042636263965472427,0.00042636263965472427,0.0
543,0.0004263675772344193,0.0004263675772344193,0.0
544,0.0004263724117374641,0.0004263724117374641,0.0
545,0.0004263771149428583,0.0004263771149428583,0.0
546,0.00042636981800547494,0.00042636981800547494,0.0
547,0.0004263601007911211,0.0004263601007911211,0.0
548,0.0004263665904007162,0.0004263665904007162,0.0
549,0.0004263627750204902,0.0004263627750204902,0.0
550,0.00042637254274793514,0.00042637254274793514,0.0
551,0.00042637141709508307,0.00042637141709508307,0.0
552,0.0004263699960516984,0.0004263699960516984,0.0
553,0.0004263619906729434,0.0004263619906729434,0.0
554,0.00042635734756837,0.00042635734756837,0.0
555,0.00042636560286597833,0.00042636560286597833,0.0
556,0.00042637202177662516,0.00042637202177662516,0.0
557,0.00042636407719292207,0.00042636407719292207,0.0
558,0.00042637301419967536,0.00042637301419967536,0.0
559,0.00042636457479388836,0.00042636457479388836,0.0
560,0.00042635520147120724,0.00042635520147120724,0.0
561,0.00042635199954410606,0.00042635199954410606,0.0
562,0.0004263518038151736,0.0004263518038151736,0.0
563,0.0004263457397380808,0.0004263457397380808,0.0
564,0.00042636188814663154,0.00042636188814663154,0.0
565,0.0004263511441258865,0.0004263511441258865,0.0
566,0.0004263601662104217,0.0004263601662104217,0.0
567,0.00042635037353056643,0.00042635037353056643,0.0
568,0.0004263509274482136,0.0004263509274482136,0.0
569,0.000426347930330206,0.000426347930330206,0.0
570,0.0004263550406630745,0.0004263550406630745,0.0
571,0.00042635841222750875,0.00042635841222750875,0.0
572,0.0004263604631068747,0.0004263604631068747,0.0
573,0.00042634790856545257,0.00042634790856545257,0.0
574,0.00042635308790816163,0.00042635308790816163,0.0
575,0.0004263480255549881,0.0004263480255549881,0.0
576,0.00042634217892137936,0.00042634217892137936,0.0
577,0.0004263393850741277,0.0004263393850741277,0.0
578,0.00042635986594088515,0.00042635986594088515,0.0
579,0.00042634634849731323,0.00042634634849731323,0.0
580,0.0004263521287293723,0.0004263521287293723,0.0
581,0.0004263485300287708,0.0004263485300287708,0.0
582,0.0004263398284014276,0.0004263398284014276,0.0
583,0.00042635519502912323,0.00042635519502912323,0.0
584,0.0004263465172815635,0.0004263465172815635,0.0
585,0.00042634724993501137,0.00042634724993501137,0.0
586,0.00042633437158695955,0.00042633437158695955,0.0
587,0.0004263285160626532,0.0004263285160626532,0.0
588,0.0004263554094054032,0.0004263554094054032,0.0
589,0.00042634604710230266,0.00042634604710230266,0.0
590,0.00042633705126301753,0.00042633705126301753,0.0
591,0.0004263422665488641,0.0004263422665488641,0.0
592,0.00042635164034951153,0.00042635164034951153,0.0
593,0.0004263376095326679,0.0004263376095326679,0.0
594,0.0004263514586482807,0.0004263514586482807,0.0
595,0.00042634305155777637,0.00042634305155777637,0.0
596,0.00042633323894773534,0.00042633323894773534,0.0
597,0.0004263364637304721,0.0004263364637304721,0.0
598,0.00042633176777466845,0.00042633176777466845,0.0
599,0.0004263387740279985,0.0004263387740279985,0.0
600,0.00042633045953350347,0.00042633045953350347,0.0
601,0.0004263355603858061,0.0004263355603858061,0.0
602,0.0004263315992780386,0.0004263315992780386,0.0
603,0.0004263347982596757,0.0004263347982596757,0.0
604,0.0004263356060903787,0.0004263356060903787,0.0
605,0.0004263338488556625,0.0004263338488556625,0.0
606,0.0004263305815890614,0.0004263305815890614,0.0
607,0.0004263235273724947,0.0004263235273724947,0.0
608,0.00042632312411929843,0.00042632312411929843,0.0
609,0.0004263281930432492,0.0004263281930432492,0.0
610,0.00042633006407398043,0.00042633006407398043,0.0
611,0.0004263298562679827,0.0004263298562679827,0.0
612,0.00042632142405469925,0.00042632142405469925,0.0
613,0.00042632155954095194,0.00042632155954095194,0.0
614,0.0004263306590827588,0.0004263306590827588,0.0
615,0.00042632543697469896,0.00042632543697469896,0.0
616,0.00042633037105813186,0.00042633037105813186,0.0
617,0.0004263215395668504,0.0004263215395668504,0.0
618,0.0004263267285240825,0.0004263267285240825,0.0
619,0.00042631995541832224,0.00042631995541832224,0.0
620,0.0004263238373597504,0.0004263238373597504,0.0
621,0.00042633640640192793,0.00042633640640192793,0.0
622,0.00042632669744045596,0.00042632669744045596,0.0
623,0.0004263267868853528,0.0004263267868853528,0.0
624,0.00042632405751617114,0.00042632405751617114,0.0
625,0.00042632084434358875,0.00042632084434358875,0.0
626,0.0004263239174833976,0.0004263239174833976,0.0
627,0.00042632466140662923,0.00042632466140662923,0.0
628,0.0004263197314768046,0.0004263197314768046,0.0
629,0.00042632648572935554,0.00042632648572935554,0.0
630,0.00042632235423932627,0.00042632235423932627,0.0
631,0.00042631901884581497,0.00042631901884581497,0.0
632,0.00042632749782881707,0.00042632749782881707,0.0
633,0.00042632729752929384,0.00042632729752929384,0.0
634,0.00042631541206546625,0.00042631541206546625,0.0
635,0.0004263195068862,0.0004263195068862,0.0
636,0.0004263263888834663,0.0004263263888834663,0.0
637,0.00042631880693298177,0.00042631880693298177,0.0
638,0.0004263290953742864,0.0004263290953742864,0.0
639,0.0004263202936364722,0.0004263202936364722,0.0
640,0.0004263263396960019,0.0004263263396960019,0.0
641,0.00042632102333335994,0.00042632102333335994,0.0
642,0.00042632163968910866,0.00042632163968910866,0.0
643,0.00042632361932874404,0.00042632361932874404,0.0
644,0.0004263271571370115,0.0004263271571370115,0.0
645,0.000426319610085153,0.000426319610085153,0.0
646,0.00042631697577495025,0.00042631697577495025,0.0
647,0.0004263237776990839,0.0004263237776990839,0.0
648,0.00042631237450288387,0.00042631237450288387,0.0
649,0.00042631160788318684,0.00042631160788318684,0.0
650,0.0004263183900181978,0.0004263183900181978,0.0
651,0.0004263227101840022,0.0004263227101840022,0.0
652,0.000426325488954797,0.000426325488954797,0.0
653,0.00042631742811840266,0.00042631742811840266,0.0
654,0.00042631515423487083,0.00042631515423487083,0.0
655,0.00042632167645384656,0.00042632167645384656,0.0
656,0.0004263202532861697,0.0004263202532861697,0.0
657,0.0004263236064332678,0.0004263236064332678,0.0
658,0.00042631638787901205,0.00042631638787901205,0.0
659,0.0004263285532159531,0.0004263285532159531,0.0
660,0.0004263156669701379,0.0004263156669701379,0.0
661,0.00042631172670618884,0.00042631172670618884,0.0
662,0.0004263182137079949,0.0004263182137079949,0.0
663,0.00042632399385569836,0.00042632399385569836,0.0
664,0.000426315703961589,0.000426315703961589,0.0
665,0.00042631290900224856,0.00042631290900224856,0.0
666,0.00042631250729818266,0.00042631250729818266,0.0
667,0.0004263168732385159,0.0004263168732385159,0.0
668,0.0004263118319908919,0.0004263118319908919,0.0
669,0.00042631217066076355,0.00042631217066076355,0.0
670,0.0004263096153454555,0.0004263096153454555,0.0
671,0.0004263113662455325,0.0004263113662455325,0.0
672,0.0004263160296916075,0.0004263160296916075,0.0
673,0.00042630779740371766,0.00042630779740371766,0.0
674,0.00042630733807262535,0.00042630733807262535,0.0
675,0.00042631151724505524,0.00042631151724505524,0.0
676,0.0004263134804054963,0.0004263134804054963,0.0
677,0.00042630778642339094,0.00042630778642339094,0.0
678,0.00042630727782927235,0.00042630727782927235,0.0
679,0.00042630963897241067,0.00042630963897241067,0.0
680,0.00042631079064169665,0.00042631079064169665,0.0
681,0.0004263043251833603,0.0004263043251833603,0.0
682,0.000426302916011685,0.000426302916011685,0.0
683,0.0004263162079413945,0.0004263162079413945,0.0
684,0.0004263100174131399,0.0004263100174131399,0.0
685,0.000426305639571436,0.000426305639571436,0.0
686,0.00042630527684542737,0.00042630527684542737,0.0
687,0.00042630681714463526,0.00042630681714463526,0.0
688,0.0004263004425310467,0.0004263004425310467,0.0
689,0.0004262979069495619,0.0004262979069495619,0.0
690,0.000426304694955734,0.000426304694955734,0.0
691,0.0004263012331558451,0.0004263012331558451,0.0
692,0.00042630000244488935,0.00042630000244488935,0.0
693,0.0004263001092377849,0.0004263001092377849,0.0
694,0.00042630262703169413,0.00042630262703169413,0.0
695,0.00042629774389331393,0.00042629774389331393,0.0
696,0.0004262982383683983,0.0004262982383683983,0.0
697,0.0004262962497431873,0.0004262962497431873,0.0
698,0.00042629620479473634,0.00042629620479473634,0.0
699,0.0004263032012575483,0.0004263032012575483,0.0
700,0.00042629532600505437,0.00042629532600505437,0.0
701,0.00042629727448782257,0.00042629727448782257,0.0
702,0.00042629467543772655,0.00042629467543772655,0.0
703,0.0004262969890730021,0.0004262969890730021,0.0
704,0.0004262918853636112,0.0004262918853636112,0.0
705,0.0004262906427528904,0.0004262906427528904,0.0
706,0.00042629250729385747,0.00042629250729385747,0.0
707,0.00042629165918191194,0.00042629165918191194,0.0
708,0.00042629017408641094,0.00042629017408641094,0.0
709,0.00042629210276958266,0.00042629210276958266,0.0
710,0.00042628739815848445,0.00042628739815848445,0.0
711,0.00042628677069474446,0.00042628677069474446,0.0
712,0.00042628533149967107,0.00042628533149967107,0.0
713,0.00042628389633803636,0.00042628389633803636,0.0
714,0.00042628404804446616,0.00042628404804446616,0.0
715,0.0004262854460525822,0.0004262854460525822,0.0
716,0.0004262917678622356,0.0004262917678622356,0.0
717,0.00042628306907527714,0.00042628306907527714,0.0
718,0.0004262877687152845,0.0004262877687152845,0.0
719,0.00042628028579398593,0.00042628028579398593,0.0
720,0.0004262816429485679,0.0004262816429485679,0.0
721,0.00042627753913099687,0.00042627753913099687,0.0
722,0.00042627562219073605,0.00042627562219073605,0.0
723,0.0004262750314850917,0.0004262750314850917,0.0
724,0.00042627315585533,0.00042627315585533,0.0
725,0.0004262660901986331,0.0004262660901986331,0.0
726,0.0004262524145261386,0.0004262524145261386,0.0
727,0.0004262712084494938,0.0004262712084494938,0.0
728,0.00042626685229031516,0.00042626685229031516,0.0
729,0.0004262874692836464,0.0004262874692836464,0.0
730,0.00042626054969162,0.00042626054969162,0.0
731,0.0004262601062690074,0.0004262601062690074,0.0
732,0.0004262600222571804,0.0004262600222571804,0.0
733,0.00042626150465891545,0.00042626150465891545,0.0
734,0.00042627513740580374,0.00042627513740580374,0.0
735,0.00042626113224615857,0.00042626113224615857,0.0
736,0.00042626832947243235,0.00042626832947243235,0.0
737,0.00042627490444015437,0.00042627490444015437,0.0
738,0.00042625807236432617,0.00042625807236432617,0.0
739,0.00042625427736131587,0.00042625427736131587,0.0
740,0.00042624134724588206,0.00042624134724588206,0.0
741,0.00042622588939161067,0.00042622588939161067,0.0
742,0.00042624298918857975,0.00042624298918857975,0.0
743,0.0004262383954340879,0.0004262383954340879,0.0
744,0.00042624471560031733,0.00042624471560031733,0.0
745,0.00042624951436635926,0.00042624951436635926,0.0
746,0.0004262443104920318,0.0004262443104920318,0.0
747,0.0004262560639300257,0.0004262560639300257,0.0
748,0.0004262365340875026,0.0004262365340875026,0.0
749,0.00042623678928052524,0.00042623678928052524,0.0
750,0.0004262380457167837,0.0004262380457167837,0.0
751,0.00042622544384292836,0.00042622544384292836,0.0
752,0.00042621893255815366,0.00042621893255815366,0.0
753,0.00042623671999018816,0.00042623671999018816,0.0
754,0.0004262256519542186,0.0004262256519542186,0.0
755,0.00042622246031369507,0.00042622246031369507,0.0
756,0.0004262130932204399,0.0004262130932204399,0.0
757,0.0004262013671562927,0.0004262013671562927,0.0
758,0.00042620643114710607,0.00042620643114710607,0.0
759,0.00042620874917696495,0.00042620874917696495,0.0
760,0.00042622878957227124,0.00042622878957227124,0.0
761,0.00042621140550610966,0.00042621140550610966,0.0
762,0.00042619917197396235,0.00042619917197396235,0.0
763,0.00042619435547771234,0.00042619435547771234,0.0
764,0.00042620459136718126,0.00042620459136718126,0.0
765,0.0004261921279216185,0.0004261921279216185,0.0
766,0.0004261820236589908,0.0004261820236589908,0.0
767,0.00042620816854811825,0.00042620816854811825,0.0
768,0.00042619668411302854,0.00042619668411302854,0.0
769,0.00042617476590818407,0.00042617476590818407,0.0
770,0.00042615016515519885,0.00042615016515519885,0.0
771,0.000426206112499189,0.000426206112499189,0.0
772,0.00042617651400734223,0.00042617651400734223,0.0
773,0.0004261690613617652,0.0004261690613617652,0.0
774,0.00042618456882769466,0.00042618456882769466,0.0
775,0.0004261999326694418,0.0004261999326694418,0.0
776,0.00042616417345031746,0.00042616417345031746,0.0
777,0.0004261789483029877,0.0004261789483029877,0.0
778,0.0004261567147426898,0.0004261567147426898,0.0
779,0.00042615073825241377,0.00042615073825241377,0.0
780,0.00042616069742709137,0.00042616069742709137,0.0
781,0.00042616445320307764,0.00042616445320307764,0.0
782,0.00042614597855092693,0.00042614597855092693,0.0
783,0.00042614433457981274,0.00042614433457981274,0.0
784,0.0004261344623254694,0.0004261344623254694,0.0
785,0.000426129319795603,0.000426129319795603,0.0
786,0.0004261514036150257,0.0004261514036150257,0.0
787,0.0004261348066553011,0.0004261348066553011,0.0
788,0.00042610741916983394,0.00042610741916983394,0.0
789,0.0004260757492449077,0.0004260757492449077,0.0
790,0.0004261441763593375,0.0004261441763593375,0.0
791,0.00042609861049484367,0.00042609861049484367,0.0
792,0.00042611177514818735,0.00042611177514818735,0.0
793,0.00042609729803269895,0.00042609729803269895,0.0
794,0.00042619617418095546,0.00042619617418095546,0.0
795,0.0004261423017348329,0.0004261423017348329,0.0
796,0.0004260957095421051,0.0004260957095421051,0.0
797,0.00042607724324239033,0.00042607724324239033,0.0
798,0.0004261079208342416,0.0004261079208342416,0.0
799,0.0004260992615805696,0.0004260992615805696,0.0
800,0.0004260647671167199,0.0004260647671167199,0.0
801,0.0004260389410994237,0.0004260389410994237,0.0
802,0.00042608158237284106,0.00042608158237284106,0.0
803,0.00042608595505053945,0.00042608595505053945,0.0
804,0.00042609901306701973,0.00042609901306701973,0.0
805,0.00042609855523487183,0.00042609855523487183,0.0
806,0.00042610265002657676,0.00042610265002657676,0.0
807,0.0004260490427398758,0.0004260490427398758,0.0
808,0.0004260296882234726,0.0004260296882234726,0.0
809,0.0004260105897804946,0.0004260105897804946,0.0
810,0.0004260679772081039,0.0004260679772081039,0.0
811,0.0004260234404789578,0.0004260234404789578,0.0
812,0.00042602850088002046,0.00042602850088002046,0.0
813,0.0004260281941122106,0.0004260281941122106,0.0
814,0.00042602877609886774,0.00042602877609886774,0.0
815,0.00042606611163186365,0.00042606611163186365,0.0
816,0.0004260133079861625,0.0004260133079861625,0.0
817,0.0004260323494835966,0.0004260323494835966,0.0
818,0.0004259957316690558,0.0004259957316690558,0.0
819,0.0004260091322164247,0.0004260091322164247,0.0
820,0.00042602591578656574,0.00042602591578656574,0.0
821,0.00042597239038980744,0.00042597239038980744,0.0
822,0.00042595460595267853,0.00042595460595267853,0.0
823,0.0004259870721080851,0.0004259870721080851,0.0
824,0.0004259772733737081,0.0004259772733737081,0.0
825,0.00042597932645761186,0.00042597932645761186,0.0
826,0.00042594489918637026,0.00042594489918637026,0.0
827,0.00042595047248640794,0.00042595047248640794,0.0
828,0.00042592851453140853,0.00042592851453140853,0.0
829,0.00042590605664042676,0.00042590605664042676,0.0
830,0.00042596396643216174,0.00042596396643216174,0.0
831,0.00042604503782783207,0.00042604503782783207,0.0
832,0.000425955002627871,0.000425955002627871,0.0
833,0.00042604777518642095,0.00042604777518642095,0.0
834,0.0004259721306730188,0.0004259721306730188,0.0
835,0.00042592139893194494,0.00042592139893194494,0.0
836,0.0004259307005225937,0.0004259307005225937,0.0
837,0.0004259749064783321,0.0004259749064783321,0.0
838,0.00042600579363384655,0.00042600579363384655,0.0
839,0.00042589065548025184,0.00042589065548025184,0.0
840,0.00042587609984364626,0.00042587609984364626,0.0
841,0.00042596845639492385,0.00042596845639492385,0.0
842,0.0004259072178243258,0.0004259072178243258,0.0
843,0.0004258483275223327,0.0004258483275223327,0.0
844,0.0004258092705085234,0.0004258092705085234,0.0
845,0.00042591196460335835,0.00042591196460335835,0.0
846,0.00042592721266853013,0.00042592721266853013,0.0
847,0.0004258420151690843,0.0004258420151690843,0.0
848,0.000425852774845442,0.000425852774845442,0.0
849,0.0004258452175101404,0.0004258452175101404,0.0
850,0.00042593545046631205,0.00042593545046631205,0.0
851,0.0004258581970175893,0.0004258581970175893,0.0
852,0.0004257781898435056,0.0004257781898435056,0.0
853,0.00042571926387965887,0.00042571926387965887,0.0
854,0.000425839243759801,0.000425839243759801,0.0
855,0.00042607983777332017,0.00042607983777332017,0.0
856,0.00042588689187428856,0.00042588689187428856,0.0
857,0.0004257959221036691,0.0004257959221036691,0.0
858,0.00042581122432870313,0.00042581122432870313,0.0
859,0.0004257463824008991,0.0004257463824008991,0.0
860,0.00042590437773419663,0.00042590437773419663,0.0
861,0.00042578597747266957,0.00042578597747266957,0.0
862,0.00042585756214967075,0.00042585756214967075,0.0
863,0.0004257369609077604,0.0004257369609077604,0.0
864,0.0004258571393183416,0.0004258571393183416,0.0
865,0.00042579608160835456,0.00042579608160835456,0.0
866,0.0004258050149226579,0.0004258050149226579,0.0
867,0.00042581980605299326,0.00042581980605299326,0.0
868,0.00042580022759308614,0.00042580022759308614,0.0
869,0.00042571853010310383,0.00042571853010310383,0.0
870,0.00042575336348473815,0.00042575336348473815,0.0
871,0.0004258087357182158,0.0004258087357182158,0.0
872,0.00042577536709940045,0.00042577536709940045,0.0
873,0.0004258350023333747,0.0004258350023333747,0.0
874,0.0004257015684076392,0.0004257015684076392,0.0
875,0.00042572072325060186,0.00042572072325060186,0.0
876,0.0004257255859121832,0.0004257255859121832,0.0
877,0.00042567115561219346,0.00042567115561219346,0.0
878,0.0004256557354445317,0.0004256557354445317,0.0
879,0.0004258160130981825,0.0004258160130981825,0.0
880,0.00042581500407013286,0.00042581500407013286,0.0
881,0.00042578060679971194,0.00042578060679971194,0.0
882,0.00042585556374672806,0.00042585556374672806,0.0
883,0.00042571921873139966,0.00042571921873139966,0.0
884,0.00042579299540166006,0.00042579299540166006,0.0
885,0.0004257512413076698,0.0004257512413076698,0.0
886,0.0004257009519616371,0.0004257009519616371,0.0
887,0.00042579777503452197,0.00042579777503452197,0.0
888,0.00042577512045370765,0.00042577512045370765,0.0
889,0.0004257925812089767,0.0004257925812089767,0.0
890,0.00042575273294769413,0.00042575273294769413,0.0
891,0.0004257333434910343,0.0004257333434910343,0.0
892,0.0004256848657861405,0.0004256848657861405,0.0
893,0.00042578378682038397,0.00042578378682038397,0.0
894,0.0004258634894862284,0.0004258634894862284,0.0
895,0.00042571366586755915,0.00042571366586755915,0.0
896,0.0004256601421790347,0.0004256601421790347,0.0
897,0.00042578196001902664,0.00042578196001902664,0.0
898,0.00042570677927519047,0.00042570677927519047,0.0
899,0.000425791018960422,0.000425791018960422,0.0
900,0.00042571137581762166,0.00042571137581762166,0.0
901,0.0004257764916755695,0.0004257764916755695,0.0
902,0.0004257123735696419,0.0004257123735696419,0.0
903,0.0004257932293442751,0.0004257932293442751,0.0
904,0.000425699275005726,0.000425699275005726,0.0
905,0.0004257140476304166,0.0004257140476304166,0.0
906,0.0004257685042728555,0.0004257685042728555,0.0
907,0.00042569820043009246,0.00042569820043009246,0.0
908,0.00042564688852105416,0.00042564688852105416,0.0
909,0.00042565344020435627,0.00042565344020435627,0.0
910,0.0004256804449129848,0.0004256804449129848,0.0
911,0.00042576245768242006,0.00042576245768242006,0.0
912,0.0004256876244404606,0.0004256876244404606,0.0
913,0.00042571982507284215,0.00042571982507284215,0.0
914,0.000425682461415133,0.000425682461415133,0.0
915,0.00042564844675310536,0.00042564844675310536,0.0
916,0.000425691508938738,0.000425691508938738,0.0
917,0.00042569932916621304,0.00042569932916621304,0.0
918,0.00042567931351408946,0.00042567931351408946,0.0
919,0.0004256735922816502,0.0004256735922816502,0.0
920,0.00042567419495204655,0.00042567419495204655,0.0
921,0.00042567098460505873,0.00042567098460505873,0.0
922,0.00042569504665332115,0.00042569504665332115,0.0
923,0.0004256576634655608,0.0004256576634655608,0.0
924,0.00042568465205965704,0.00042568465205965704,0.0
925,0.00042570344432500364,0.00042570344432500364,0.0
926,0.00042565950085586893,0.00042565950085586893,0.0
927,0.0004256963981011519,0.0004256963981011519,0.0
928,0.0004256551884514993,0.0004256551884514993,0.0
929,0.0004256911205992435,0.0004256911205992435,0.0
930,0.0004256882945418575,0.0004256882945418575,0.0
931,0.0004257492889491131,0.0004257492889491131,0.0
932,0.0004256553064422957,0.0004256553064422957,0.0
933,0.00042568428929189736,0.00042568428929189736,0.0
934,0.000425708371396172,0.000425708371396172,0.0
935,0.0004256561596330737,0.0004256561596330737,0.0
936,0.00042565973180962754,0.00042565973180962754,0.0
937,0.0004256828401307809,0.0004256828401307809,0.0
938,0.0004256736418693143,0.0004256736418693143,0.0
939,0.00042567772289818165,0.00042567772289818165,0.0
940,0.00042569128897210114,0.00042569128897210114,0.0
941,0.0004256535252514055,0.0004256535252514055,0.0
942,0.00042568304171189083,0.00042568304171189083,0.0
943,0.0004256561261347649,0.0004256561261347649,0.0
944,0.00042565674061547824,0.00042565674061547824,0.0
945,0.0004256772433282671,0.0004256772433282671,0.0
946,0.0004256785884758225,0.0004256785884758225,0.0
947,0.0004256530968095026,0.0004256530968095026,0.0
948,0.0004256797214527842,0.0004256797214527842,0.0
949,0.0004256516030522393,0.0004256516030522393,0.0
950,0.0004256560230033608,0.0004256560230033608,0.0
951,0.0004256846804567051,0.0004256846804567051,0.0
952,0.00042565077870668195,0.00042565077870668195,0.0
953,0.00042566736748493817,0.00042566736748493817,0.0
954,0.0004256717367105925,0.0004256717367105925,0.0
955,0.0004256497516832428,0.0004256497516832428,0.0
956,0.00042567180343929315,0.00042567180343929315,0.0
957,0.00042564889580054424,0.00042564889580054424,0.0
958,0.0004256632961561245,0.0004256632961561245,0.0
959,0.00042564633445487494,0.00042564633445487494,0.0
960,0.00042566449848333243,0.00042566449848333243,0.0
961,0.0004256470211213431,0.0004256470211213431,0.0
962,0.0004256467249720794,0.0004256467249720794,0.0
963,0.0004256791333180423,0.0004256791333180423,0.0
964,0.0004256444180136707,0.0004256444180136707,0.0
965,0.00042567584278669496,0.00042567584278669496,0.0
966,0.00042564404350711266,0.00042564404350711266,0.0
967,0.00042566084781903233,0.00042566084781903233,0.0
968,0.00042564554464135816,0.00042564554464135816,0.0
969,0.0004256426981166843,0.0004256426981166843,0.0
970,0.00042565644344963146,0.00042565644344963146,0.0
971,0.00042566279620442866,0.00042566279620442866,0.0
972,0.00042564538188752767,0.00042564538188752767,0.0
973,0.0004256580618363704,0.0004256580618363704,0.0
974,0.00042564616308139914,0.00042564616308139914,0.0
975,0.00042565590428990087,0.00042565590428990087,0.0
976,0.0004256459349770753,0.0004256459349770753,0.0
977,0.0004256599468262627,0.0004256599468262627,0.0
978,0.0004256449549678141,0.0004256449549678141,0.0
979,0.00042565645284287193,0.00042565645284287193,0.0
980,0.00042564477347890476,0.00042564477347890476,0.0
981,0.0004256425368547963,0.0004256425368547963,0.0
982,0.00042565445395562686,0.00042565445395562686,0.0
983,0.00042564342540940477,0.00042564342540940477,0.0
984,0.0004256505060070336,0.0004256505060070336,0.0
985,0.0004256434985195174,0.0004256434985195174,0.0
986,0.0004256414701923666,0.0004256414701923666,0.0
987,0.0004256502155845207,0.0004256502155845207,0.0
988,0.00042564770187087514,0.00042564770187087514,0.0
989,0.0004256401196403375,0.0004256401196403375,0.0
990,0.0004256464488733027,0.0004256464488733027,0.0
991,0.0004256484633475784,0.0004256484633475784,0.0
992,0.00042564217247510413,0.00042564217247510413,0.0
993,0.00042564093968507977,0.00042564093968507977,0.0
994,0.0004256430259347079,0.0004256430259347079,0.0
995,0.00042564956768445945,0.00042564956768445945,0.0
996,0.000425641286553127,0.000425641286553127,0.0
997,0.00042564409325808266,0.00042564409325808266,0.0
998,0.0004256390024522982,0.0004256390024522982,0.0
999,0.00042564439994768075,0.00042564439994768075,0.0
1000,0.0004256434328115036,0.0004256434328115036,0.0
1001,0.00042564350704770717,0.00042564350704770717,0.0
1002,0.00042565008188458203,0.00042565008188458203,0.0
1003,0.00042564035144905716,0.00042564035144905716,0.0
1004,0.0004256377371138765,0.0004256377371138765,0.0
1005,0.0004256406888951007,0.0004256406888951007,0.0
1006,0.00042564050748043785,0.00042564050748043785,0.0
1007,0.0004256383663348198,0.0004256383663348198,0.0
1008,0.00042564028331097605,0.00042564028331097605,0.0
1009,0.0004256445520340079,0.0004256445520340079,0.0
1010,0.00042563949445228576,0.00042563949445228576,0.0
1011,0.00042564403857096807,0.00042564403857096807,0.0
1012,0.000425639503295512,0.000425639503295512,0.0
1013,0.0004256379079315187,0.0004256379079315187,0.0
1014,0.00042564183925796124,0.00042564183925796124,0.0
1015,0.00042564287055804964,0.00042564287055804964,0.0
1016,0.0004256408901432097,0.0004256408901432097,0.0
1017,0.00042564374889826064,0.00042564374889826064,0.0
1018,0.0004256388059604359,0.0004256388059604359,0.0
1019,0.00042563927093831053,0.00042563927093831053,0.0
1020,0.0004256396146932606,0.0004256396146932606,0.0
1021,0.00042563810674246685,0.00042563810674246685,0.0
1022,0.000425638807655377,0.000425638807655377,0.0
1023,0.0004256410362438589,0.0004256410362438589,0.0
1024,0.0004256373568289521,0.0004256373568289521,0.0
1025,0.0004256428389632844,0.0004256428389632844,0.0
1026,0.0004256418307505635,0.0004256418307505635,0.0
1027,0.0004256376509877293,0.0004256376509877293,0.0
1028,0.000425640243303499,0.000425640243303499,0.0
1029,0.0004256404021302109,0.0004256404021302109,0.0
1030,0.0004256399062753615,0.0004256399062753615,0.0
1031,0.0004256419916276118,0.0004256419916276118,0.0
1032,0.00042563742215816176,0.00042563742215816176,0.0
1033,0.000425636927407032,0.000425636927407032,0.0
1034,0.0004256416301439549,0.0004256416301439549,0.0
1035,0.0004256391435383786,0.0004256391435383786,0.0
1036,0.0004256396304813964,0.0004256396304813964,0.0
1037,0.00042563576840871795,0.00042563576840871795,0.0
1038,0.0004256387430075688,0.0004256387430075688,0.0
1039,0.0004256398143205416,0.0004256398143205416,0.0
1040,0.00042563712836791935,0.00042563712836791935,0.0
1041,0.0004256393674874605,0.0004256393674874605,0.0
1042,0.0004256414763072324,0.0004256414763072324,0.0
1043,0.00042563681949735107,0.00042563681949735107,0.0
1044,0.0004256369927917094,0.0004256369927917094,0.0
1045,0.00042563611829737755,0.00042563611829737755,0.0
1046,0.0004256396197151305,0.0004256396197151305,0.0
1047,0.0004256366755707944,0.0004256366755707944,0.0
1048,0.0004256398688182677,0.0004256398688182677,0.0
1049,0.0004256366120048975,0.0004256366120048975,0.0
1050,0.0004256387212012154,0.0004256387212012154,0.0
1051,0.0004256368479479332,0.0004256368479479332,0.0
1052,0.00042563785281898864,0.00042563785281898864,0.0
1053,0.0004256374712176219,0.0004256374712176219,0.0
1054,0.00042563908813663347,0.00042563908813663347,0.0
1055,0.0004256362483141823,0.0004256362483141823,0.0
1056,0.0004256380317636317,0.0004256380317636317,0.0
1057,0.00042563812252199883,0.00042563812252199883,0.0
1058,0.00042563618042701417,0.00042563618042701417,0.0
1059,0.0004256383137591236,0.0004256383137591236,0.0
1060,0.00042563615670510925,0.00042563615670510925,0.0
1061,0.0004256378343428674,0.0004256378343428674,0.0
1062,0.0004256379018801913,0.0004256379018801913,0.0
1063,0.00042563613085287185,0.00042563613085287185,0.0
1064,0.0004256378616464223,0.0004256378616464223,0.0
1065,0.0004256361049431411,0.0004256361049431411,0.0
1066,0.00042563758096513866,0.00042563758096513866,0.0
1067,0.00042563629380988323,0.00042563629380988323,0.0
1068,0.0004256373892085289,0.0004256373892085289,0.0
1069,0.0004256374527280579,0.0004256374527280579,0.0
1070,0.0004256359377582183,0.0004256359377582183,0.0
1071,0.00042563724031459443,0.00042563724031459443,0.0
1072,0.0004256378867475326,0.0004256378867475326,0.0
1073,0.00042563588670777426,0.00042563588670777426,0.0
1074,0.0004256368314367915,0.0004256368314367915,0.0
1075,0.00042563780239814725,0.00042563780239814725,0.0
1076,0.0004256357932051992,0.0004256357932051992,0.0
1077,0.0004256362869534398,0.0004256362869534398,0.0
1078,0.0004256360712358739,0.0004256360712358739,0.0
1079,0.0004256384735099583,0.0004256384735099583,0.0
1080,0.00042563552756063136,0.00042563552756063136,0.0
1081,0.00042563851618409237,0.00042563851618409237,0.0
1082,0.0004256355719178383,0.0004256355719178383,0.0
1083,0.0004256373672191668,0.0004256373672191668,0.0
1084,0.00042563565708456796,0.00042563565708456796,0.0
1085,0.00042563496431549734,0.00042563496431549734,0.0
1086,0.00042563582638369753,0.00042563582638369753,0.0
1087,0.0004256381258034187,0.0004256381258034187,0.0
1088,0.0004256354438694841,0.0004256354438694841,0.0
1089,0.0004256348090248706,0.0004256348090248706,0.0
1090,0.0004256353956751138,0.0004256353956751138,0.0
1091,0.0004256369177563882,0.0004256369177563882,0.0
1092,0.0004256353830118623,0.0004256353830118623,0.0
1093,0.0004256365472258532,0.0004256365472258532,0.0
1094,0.00042563541225340096,0.00042563541225340096,0.0
1095,0.0004256354376666629,0.0004256354376666629,0.0
1096,0.000425634779027469,0.000425634779027469,0.0
1097,0.0004256352165268511,0.0004256352165268511,0.0
1098,0.0004256349076230027,0.0004256349076230027,0.0
1099,0.00042563453795897536,0.00042563453795897536,0.0
1100,0.00042563491819213207,0.00042563491819213207,0.0
1101,0.0004256358253182123,0.0004256358253182123,0.0
1102,0.00042563509349414255,0.00042563509349414255,0.0
1103,0.00042563553960594294,0.00042563553960594294,0.0
1104,0.0004256349592994868,0.0004256349592994868,0.0
1105,0.0004256345078267277,0.0004256345078267277,0.0
1106,0.00042563527395416637,0.00042563527395416637,0.0
1107,0.0004256358530748435,0.0004256358530748435,0.0
1108,0.00042563496215160273,0.00042563496215160273,0.0
1109,0.0004256343288023964,0.0004256343288023964,0.0
1110,0.0004256348372656656,0.0004256348372656656,0.0
1111,0.0004256368758076489,0.0004256368758076489,0.0
1112,0.00042563476650863633,0.00042563476650863633,0.0
1113,0.00042563456559758947,0.00042563456559758947,0.0
1114,0.00042563445098905544,0.00042563445098905544,0.0
1115,0.00042563554939954165,0.00042563554939954165,0.0
1116,0.0004256347580816157,0.0004256347580816157,0.0
1117,0.00042563399312846127,0.00042563399312846127,0.0
1118,0.00042563412028027585,0.00042563412028027585,0.0
1119,0.00042563420337394294,0.00042563420337394294,0.0
1120,0.0004256345851791064,0.0004256345851791064,0.0
1121,0.0004256339383543777,0.0004256339383543777,0.0
1122,0.00042563439248598543,0.00042563439248598543,0.0
1123,0.00042563387827985826,0.00042563387827985826,0.0
1124,0.0004256344723411815,0.0004256344723411815,0.0
1125,0.0004256348711969365,0.0004256348711969365,0.0
1126,0.000425634156713103,0.000425634156713103,0.0
1127,0.0004256341044815243,0.0004256341044815243,0.0
1128,0.0004256344987796636,0.0004256344987796636,0.0
1129,0.00042563412671632134,0.00042563412671632134,0.0
1130,0.00042563464082639925,0.00042563464082639925,0.0
1131,0.0004256336810877782,0.0004256336810877782,0.0
1132,0.0004256340228552845,0.0004256340228552845,0.0
1133,0.00042563357121679004,0.00042563357121679004,0.0
1134,0.0004256338579236976,0.0004256338579236976,0.0
1135,0.0004256338650729493,0.0004256338650729493,0.0
1136,0.00042563344600901056,0.00042563344600901056,0.0
1137,0.00042563379517929515,0.00042563379517929515,0.0
1138,0.00042563427028582604,0.00042563427028582604,0.0
1139,0.00042563415954521974,0.00042563415954521974,0.0
1140,0.00042563424132262517,0.00042563424132262517,0.0
1141,0.00042563331800595465,0.00042563331800595465,0.0
1142,0.0004256335655741356,0.0004256335655741356,0.0
1143,0.00042563350854627266,0.00042563350854627266,0.0
1144,0.0004256339094799833,0.0004256339094799833,0.0
1145,0.0004256332445864449,0.0004256332445864449,0.0
1146,0.00042563365972342896,0.00042563365972342896,0.0
1147,0.0004256333131685465,0.0004256333131685465,0.0
1148,0.0004256336715648513,0.0004256336715648513,0.0
1149,0.0004256339748312892,0.0004256339748312892,0.0
1150,0.0004256335048343273,0.0004256335048343273,0.0
1151,0.0004256337524001342,0.0004256337524001342,0.0
1152,0.0004256338425421951,0.0004256338425421951,0.0
1153,0.0004256331150128079,0.0004256331150128079,0.0
1154,0.0004256336639113539,0.0004256336639113539,0.0
1155,0.00042563284416167384,0.00042563284416167384,0.0
1156,0.00042563303055023354,0.00042563303055023354,0.0
1157,0.00042563370152356154,0.00042563370152356154,0.0
1158,0.0004256337784430313,0.0004256337784430313,0.0
1159,0.00042563259866461854,0.00042563259866461854,0.0
1160,0.00042563241201282843,0.00042563241201282843,0.0
1161,0.0004256336568338854,0.0004256336568338854,0.0
1162,0.00042563244650762054,0.00042563244650762054,0.0
1163,0.00042563282615313457,0.00042563282615313457,0.0
1164,0.0004256335717724244,0.0004256335717724244,0.0
1165,0.00042563308312790275,0.00042563308312790275,0.0
1166,0.0004256332400416298,0.0004256332400416298,0.0
1167,0.0004256335166658774,0.0004256335166658774,0.0
1168,0.0004256327960099182,0.0004256327960099182,0.0
1169,0.0004256328842989586,0.0004256328842989586,0.0
1170,0.00042563354334461157,0.00042563354334461157,0.0
1171,0.00042563341409372466,0.00042563341409372466,0.0
1172,0.0004256323074197694,0.0004256323074197694,0.0
1173,0.0004256324365861532,0.0004256324365861532,0.0
1174,0.0004256333890409255,0.0004256333890409255,0.0
1175,0.00042563350977774386,0.00042563350977774386,0.0
1176,0.00042563284808203375,0.00042563284808203375,0.0
1177,0.0004256325703095218,0.0004256325703095218,0.0
1178,0.0004256324102150939,0.0004256324102150939,0.0
1179,0.0004256321668212039,0.0004256321668212039,0.0
1180,0.00042563246505678725,0.00042563246505678725,0.0
1181,0.0004256328426341892,0.0004256328426341892,0.0
1182,0.0004256333153062354,0.0004256333153062354,0.0
1183,0.00042563180414307655,0.00042563180414307655,0.0
1184,0.0004256315567445822,0.0004256315567445822,0.0
1185,0.00042563323004638046,0.00042563323004638046,0.0
1186,0.00042563217094464413,0.00042563217094464413,0.0
1187,0.0004256319721927586,0.0004256319721927586,0.0
1188,0.0004256321540809053,0.0004256321540809053,0.0
1189,0.0004256327134333648,0.0004256327134333648,0.0
1190,0.00042563168201211306,0.00042563168201211306,0.0
1191,0.0004256319440486813,0.0004256319440486813,0.0
1192,0.0004256322828714184,0.0004256322828714184,0.0
1193,0.00042563163417096156,0.00042563163417096156,0.0
1194,0.0004256316390188734,0.0004256316390188734,0.0
1195,0.0004256323597503733,0.0004256323597503733,0.0
1196,0.00042563167684289536,0.00042563167684289536,0.0
1197,0.00042563134438591935,0.00042563134438591935,0.0
1198,0.0004256318197513817,0.0004256318197513817,0.0
1199,0.0004256317921735751,0.0004256317921735751,0.0
1200,0.0004256316238417096,0.0004256316238417096,0.0
1201,0.00042563091137072984,0.00042563091137072984,0.0
1202,0.00042563069022280385,0.00042563069022280385,0.0
1203,0.0004256310376219334,0.0004256310376219334,0.0
1204,0.00042563074954974224,0.00042563074954974224,0.0
1205,0.00042563167724785127,0.00042563167724785127,0.0
1206,0.00042563044022136026,0.00042563044022136026,0.0
1207,0.00042563011969029026,0.00042563011969029026,0.0
1208,0.00042563108563258484,0.00042563108563258484,0.0
1209,0.0004256313537774695,0.0004256313537774695,0.0
1210,0.0004256305693764344,0.0004256305693764344,0.0
1211,0.0004256304101937501,0.0004256304101937501,0.0
1212,0.0004256304518964721,0.0004256304518964721,0.0
1213,0.0004256301983693775,0.0004256301983693775,0.0
1214,0.00042563089099960204,0.00042563089099960204,0.0
1215,0.0004256301555366602,0.0004256301555366602,0.0
1216,0.0004256307388783085,0.0004256307388783085,0.0
1217,0.0004256310693067944,0.0004256310693067944,0.0
1218,0.00042562995387729856,0.00042562995387729856,0.0
1219,0.0004256303953554928,0.0004256303953554928,0.0
1220,0.00042562994457761276,0.00042562994457761276,0.0
1221,0.0004256306398562243,0.0004256306398562243,0.0
1222,0.0004256296746828108,0.0004256296746828108,0.0
1223,0.0004256301300911649,0.0004256301300911649,0.0
1224,0.0004256300321276587,0.0004256300321276587,0.0
1225,0.00042562986188862906,0.00042562986188862906,0.0
1226,0.0004256291107802968,0.0004256291107802968,0.0
1227,0.00042562892661878013,0.00042562892661878013,0.0
1228,0.0004256298345941846,0.0004256298345941846,0.0
1229,0.00042563000317069155,0.00042563000317069155,0.0
1230,0.0004256294236321739,0.0004256294236321739,0.0
1231,0.00042562995943444055,0.00042562995943444055,0.0
1232,0.0004256289506766789,0.0004256289506766789,0.0
1233,0.00042562976020136764,0.00042562976020136764,0.0
1234,0.00042562886393697,0.00042562886393697,0.0
1235,0.0004256292430591525,0.0004256292430591525,0.0
1236,0.00042562888781204144,0.00042562888781204144,0.0
1237,0.00042562913101555237,0.00042562913101555237,0.0
1238,0.00042562870091211383,0.00042562870091211383,0.0
1239,0.00042562925702355946,0.00042562925702355946,0.0
1240,0.00042562887470145157,0.00042562887470145157,0.0
1241,0.000425628493847431,0.000425628493847431,0.0
1242,0.00042562884149503484,0.00042562884149503484,0.0
1243,0.00042562886252141654,0.00042562886252141654,0.0
1244,0.000425629682991938,0.000425629682991938,0.0
1245,0.00042562973026771594,0.00042562973026771594,0.0
1246,0.0004256289317692762,0.0004256289317692762,0.0
1247,0.00042562852126347655,0.00042562852126347655,0.0
1248,0.00042562867075374904,0.00042562867075374904,0.0
1249,0.00042562816927124535,0.00042562816927124535,0.0
1250,0.0004256287353596955,0.0004256287353596955,0.0
1251,0.0004256294571969538,0.0004256294571969538,0.0
1252,0.0004256282054670015,0.0004256282054670015,0.0
1253,0.000425629213187278,0.000425629213187278,0.0
1254,0.00042562931728978045,0.00042562931728978045,0.0
1255,0.00042562801339177824,0.00042562801339177824,0.0
1256,0.0004256288010790158,0.0004256288010790158,0.0
1257,0.00042562966550993466,0.00042562966550993466,0.0
1258,0.00042562853040864024,0.00042562853040864024,0.0
1259,0.0004256281652504739,0.0004256281652504739,0.0
1260,0.0004256295208316334,0.0004256295208316334,0.0
1261,0.00042562844336089606,0.00042562844336089606,0.0
1262,0.00042562920525718073,0.00042562920525718073,0.0
1263,0.0004256284574382819,0.0004256284574382819,0.0
1264,0.00042562813783175095,0.00042562813783175095,0.0
1265,0.0004256283745610745,0.0004256283745610745,0.0
1266,0.0004256286662930879,0.0004256286662930879,0.0
1267,0.00042562814250402,0.00042562814250402,0.0
1268,0.0004256282675983948,0.0004256282675983948,0.0
1269,0.0004256276746412284,0.0004256276746412284,0.0
1270,0.0004256278953496697,0.0004256278953496697,0.0
1271,0.0004256280713140164,0.0004256280713140164,0.0
1272,0.00042562871637656316,0.00042562871637656316,0.0
1273,0.0004256280945635065,0.0004256280945635065,0.0
1274,0.0004256283606741704,0.0004256283606741704,0.0
1275,0.0004256280853850504,0.0004256280853850504,0.0
1276,0.0004256282316749279,0.0004256282316749279,0.0
1277,0.00042562771033430904,0.00042562771033430904,0.0
1278,0.0004256276255705958,0.0004256276255705958,0.0
1279,0.0004256280590589496,0.0004256280590589496,0.0
1280,0.00042562803974858127,0.00042562803974858127,0.0
1281,0.0004256276135139092,0.0004256276135139092,0.0
1282,0.0004256281784569733,0.0004256281784569733,0.0
1283,0.00042562763819732445,0.00042562763819732445,0.0
1284,0.00042562831278786505,0.00042562831278786505,0.0
1285,0.00042562839948619163,0.00042562839948619163,0.0
1286,0.00042562781815251,0.00042562781815251,0.0
1287,0.000425628320603475,0.000425628320603475,0.0
1288,0.00042562780794596364,0.00042562780794596364,0.0
1289,0.0004256280870901531,0.0004256280870901531,0.0
1290,0.00042562804577988476,0.00042562804577988476,0.0
1291,0.00042562754367477196,0.00042562754367477196,0.0
1292,0.0004256280301736278,0.0004256280301736278,0.0
1293,0.0004256273150230335,0.0004256273150230335,0.0
1294,0.00042562741440196027,0.00042562741440196027,0.0
1295,0.0004256282759808222,0.0004256282759808222,0.0
1296,0.0004256276873268928,0.0004256276873268928,0.0
1297,0.0004256276553819517,0.0004256276553819517,0.0
1298,0.0004256284282191703,0.0004256284282191703,0.0
1299,0.00042562763981378543,0.00042562763981378543,0.0
1300,0.0004256275710180155,0.0004256275710180155,0.0
1301,0.0004256282863967496,0.0004256282863967496,0.0
1302,0.00042562762173351275,0.00042562762173351275,0.0
1303,0.0004256279101810443,0.0004256279101810443,0.0
1304,0.0004256273522033613,0.0004256273522033613,0.0
1305,0.0004256277526484352,0.0004256277526484352,0.0
1306,0.00042562755193566404,0.00042562755193566404,0.0
1307,0.00042562754046886116,0.00042562754046886116,0.0
1308,0.0004256277325959791,0.0004256277325959791,0.0
1309,0.00042562729009354715,0.00042562729009354715,0.0
1310,0.000425627607468482,0.000425627607468482,0.0
1311,0.00042562722518858705,0.00042562722518858705,0.0
1312,0.00042562748765915436,0.00042562748765915436,0.0
1313,0.0004256278641456588,0.0004256278641456588,0.0
1314,0.0004256274108209533,0.0004256274108209533,0.0
1315,0.0004256278179735407,0.0004256278179735407,0.0
1316,0.000425627408926725,0.000425627408926725,0.0
1317,0.0004256271778464166,0.0004256271778464166,0.0
1318,0.0004256273472480134,0.0004256273472480134,0.0
1319,0.00042562712031073857,0.00042562712031073857,0.0
1320,0.00042562723313173455,0.00042562723313173455,0.0
1321,0.00042562731771877743,0.00042562731771877743,0.0
1322,0.00042562776911944113,0.00042562776911944113,0.0
1323,0.0004256273283681333,0.0004256273283681333,0.0
1324,0.0004256271929350339,0.0004256271929350339,0.0
1325,0.00042562736576699046,0.00042562736576699046,0.0
1326,0.00042562727809142666,0.00042562727809142666,0.0
1327,0.0004256269451434783,0.0004256269451434783,0.0
1328,0.0004256269642776645,0.0004256269642776645,0.0
1329,0.0004256270352246814,0.0004256270352246814,0.0
1330,0.00042562741756775596,0.00042562741756775596,0.0
1331,0.00042562741405871097,0.00042562741405871097,0.0
1332,0.00042562719578074224,0.00042562719578074224,0.0
1333,0.0004256270333742447,0.0004256270333742447,0.0
1334,0.0004256276091952201,0.0004256276091952201,0.0
1335,0.0004256271236658309,0.0004256271236658309,0.0
1336,0.00042562745647470437,0.00042562745647470437,0.0
1337,0.00042562714077216767,0.00042562714077216767,0.0
1338,0.00042562692964258906,0.00042562692964258906,0.0
1339,0.00042562706170453084,0.00042562706170453084,0.0
1340,0.0004256270338156136,0.0004256270338156136,0.0
1341,0.0004256274604973005,0.0004256274604973005,0.0
1342,0.00042562708821324805,0.00042562708821324805,0.0
1343,0.0004256269971456597,0.0004256269971456597,0.0
1344,0.00042562684906115165,0.00042562684906115165,0.0
1345,0.00042562692630314407,0.00042562692630314407,0.0
1346,0.00042562701960295845,0.00042562701960295845,0.0
1347,0.0004256268164080269,0.0004256268164080269,0.0
1348,0.0004256269416150519,0.0004256269416150519,0.0
1349,0.0004256270681742726,0.0004256270681742726,0.0
1350,0.0004256269404222794,0.0004256269404222794,0.0
1351,0.00042562671872560244,0.00042562671872560244,0.0
1352,0.0004256267295414809,0.0004256267295414809,0.0
1353,0.0004256271331938073,0.0004256271331938073,0.0
1354,0.00042562679841334766,0.00042562679841334766,0.0
1355,0.0004256268226816151,0.0004256268226816151,0.0
1356,0.0004256267482849547,0.0004256267482849547,0.0
1357,0.0004256270301072084,0.0004256270301072084,0.0
1358,0.00042562665529420385,0.00042562665529420385,0.0
1359,0.00042562671635482574,0.00042562671635482574,0.0
1360,0.0004256267497746397,0.0004256267497746397,0.0
1361,0.00042562663729555804,0.00042562663729555804,0.0
1362,0.0004256267548739286,0.0004256267548739286,0.0
1363,0.00042562698026371245,0.00042562698026371245,0.0
1364,0.0004256267176885409,0.0004256267176885409,0.0
1365,0.00042562675308243037,0.00042562675308243037,0.0
1366,0.00042562693746444523,0.00042562693746444523,0.0
1367,0.000425626909766751,0.000425626909766751,0.0
1368,0.0004256267350558551,0.0004256267350558551,0.0
1369,0.0004256266077561164,0.0004256266077561164,0.0
1370,0.00042562683088845555,0.00042562683088845555,0.0
1371,0.00042562678606948486,0.00042562678606948486,0.0
1372,0.0004256263818188297,0.0004256263818188297,0.0
1373,0.0004256262090605379,0.0004256262090605379,0.0
1374,0.00042562654661834154,0.00042562654661834154,0.0
1375,0.00042562679746834155,0.00042562679746834155,0.0
1376,0.0004256264361454693,0.0004256264361454693,0.0
1377,0.0004256268261809709,0.0004256268261809709,0.0
1378,0.0004256264349331261,0.0004256264349331261,0.0
1379,0.0004256268826758708,0.0004256268826758708,0.0
1380,0.0004256265885635903,0.0004256265885635903,0.0
1381,0.00042562636899306236,0.00042562636899306236,0.0
1382,0.000425626391525698,0.000425626391525698,0.0
1383,0.00042562656011392315,0.00042562656011392315,0.0
1384,0.0004256266460006846,0.0004256266460006846,0.0
1385,0.0004256265308586106,0.0004256265308586106,0.0
1386,0.00042562657774054103,0.00042562657774054103,0.0
1387,0.0004256264092318609,0.0004256264092318609,0.0
1388,0.00042562633804120236,0.00042562633804120236,0.0
1389,0.0004256264372418101,0.0004256264372418101,0.0
1390,0.0004256262383695219,0.0004256262383695219,0.0
1391,0.0004256262320766136,0.0004256262320766136,0.0
1392,0.00042562610990908977,0.00042562610990908977,0.0
1393,0.00042562606459442114,0.00042562606459442114,0.0
1394,0.0004256262890131166,0.0004256262890131166,0.0
1395,0.0004256260897829534,0.0004256260897829534,0.0
1396,0.00042562611177626226,0.00042562611177626226,0.0
1397,0.0004256258805623104,0.0004256258805623104,0.0
1398,0.00042562566898958536,0.00042562566898958536,0.0
1399,0.00042562609642355113,0.00042562609642355113,0.0
1400,0.0004256259607670566,0.0004256259607670566,0.0
1401,0.00042562584333620816,0.00042562584333620816,0.0
1402,0.0004256259527081759,0.0004256259527081759,0.0
1403,0.0004256261016415724,0.0004256261016415724,0.0
1404,0.0004256258782079104,0.0004256258782079104,0.0
1405,0.00042562573508933413,0.00042562573508933413,0.0
1406,0.0004256258507676081,0.0004256258507676081,0.0
1407,0.00042562570010853723,0.00042562570010853723,0.0
1408,0.00042562560824091147,0.00042562560824091147,0.0
1409,0.000425625619795285,0.000425625619795285,0.0
1410,0.0004256255339022555,0.0004256255339022555,0.0
1411,0.0004256254848449298,0.0004256254848449298,0.0
1412,0.00042562568635578146,0.00042562568635578146,0.0
1413,0.00042562534850795243,0.00042562534850795243,0.0
1414,0.0004256251284953947,0.0004256251284953947,0.0
1415,0.000425625293051745,0.000425625293051745,0.0
1416,0.00042562515238912324,0.00042562515238912324,0.0
1417,0.0004256253692872738,0.0004256253692872738,0.0
1418,0.0004256256189232999,0.0004256256189232999,0.0
1419,0.00042562534556488265,0.00042562534556488265,0.0
1420,0.00042562502287704824,0.00042562502287704824,0.0
1421,0.00042562485248971753,0.00042562485248971753,0.0
1422,0.00042562506537828667,0.00042562506537828667,0.0
1423,0.00042562495090707226,0.00042562495090707226,0.0
1424,0.0004256250493783306,0.0004256250493783306,0.0
1425,0.0004256250897917229,0.0004256250897917229,0.0
1426,0.00042562505491327993,0.00042562505491327993,0.0
1427,0.0004256246076541052,0.0004256246076541052,0.0
1428,0.00042562432857577015,0.00042562432857577015,0.0
1429,0.00042562454387926063,0.00042562454387926063,0.0
1430,0.0004256245133539071,0.0004256245133539071,0.0
1431,0.00042562435748130735,0.00042562435748130735,0.0
1432,0.0004256242868128621,0.0004256242868128621,0.0
1433,0.00042562408481616667,0.00042562408481616667,0.0
1434,0.0004256244887872988,0.0004256244887872988,0.0
1435,0.00042562416998084243,0.00042562416998084243,0.0
1436,0.0004256241897982571,0.0004256241897982571,0.0
1437,0.00042562382540131124,0.00042562382540131124,0.0
1438,0.00042562334582298437,0.00042562334582298437,0.0
1439,0.0004256240276400673,0.0004256240276400673,0.0
1440,0.0004256236696605291,0.0004256236696605291,0.0
1441,0.0004256237663763338,0.0004256237663763338,0.0
1442,0.0004256240239896592,0.0004256240239896592,0.0
1443,0.0004256233231226194,0.0004256233231226194,0.0
1444,0.0004256227995293929,0.0004256227995293929,0.0
1445,0.0004256236404048778,0.0004256236404048778,0.0
1446,0.00042562322907500194,0.00042562322907500194,0.0
1447,0.00042562303290947135,0.00042562303290947135,0.0
1448,0.0004256226790497636,0.0004256226790497636,0.0
1449,0.0004256220276179496,0.0004256220276179496,0.0
1450,0.0004256226425377367,0.0004256226425377367,0.0
1451,0.00042562236941916395,0.00042562236941916395,0.0
1452,0.0004256223728453099,0.0004256223728453099,0.0
1453,0.00042562250179983114,0.00042562250179983114,0.0
1454,0.0004256222776018265,0.0004256222776018265,0.0
1455,0.00042562214666125867,0.00042562214666125867,0.0
1456,0.0004256221221143509,0.0004256221221143509,0.0
1457,0.0004256215011147039,0.0004256215011147039,0.0
1458,0.0004256206086015135,0.0004256206086015135,0.0
1459,0.00042562223983562744,0.00042562223983562744,0.0
1460,0.0004256214893951234,0.0004256214893951234,0.0
1461,0.00042562113472743537,0.00042562113472743537,0.0
1462,0.0004256209792922462,0.0004256209792922462,0.0
1463,0.0004256206689984047,0.0004256206689984047,0.0
1464,0.00042562077632323625,0.00042562077632323625,0.0
1465,0.0004256208872286027,0.0004256208872286027,0.0
1466,0.00042562022399585976,0.00042562022399585976,0.0
1467,0.0004256194129568668,0.0004256194129568668,0.0
1468,0.0004256198331257373,0.0004256198331257373,0.0
1469,0.0004256207586095159,0.0004256207586095159,0.0
1470,0.0004256202935036657,0.0004256202935036657,0.0
1471,0.00042562042241021513,0.00042562042241021513,0.0
1472,0.00042561934634704904,0.00042561934634704904,0.0
1473,0.00042561814876414836,0.00042561814876414836,0.0
1474,0.00042561896027052277,0.00042561896027052277,0.0
1475,0.0004256189068278101,0.0004256189068278101,0.0
1476,0.00042561962146455583,0.00042561962146455583,0.0
1477,0.0004256186816188895,0.0004256186816188895,0.0
1478,0.0004256186080217729,0.0004256186080217729,0.0
1479,0.0004256178484617396,0.0004256178484617396,0.0
1480,0.00042561670144706636,0.00042561670144706636,0.0
1481,0.00042561806042024883,0.00042561806042024883,0.0
1482,0.0004256176659911524,0.0004256176659911524,0.0
1483,0.0004256177906311091,0.0004256177906311091,0.0
1484,0.0004256181615491653,0.0004256181615491653,0.0
1485,0.0004256173027587011,0.0004256173027587011,0.0
1486,0.0004256172175424199,0.0004256172175424199,0.0
1487,0.00042561700288527415,0.00042561700288527415,0.0
1488,0.00042561641268933564,0.00042561641268933564,0.0
1489,0.0004256157261222095,0.0004256157261222095,0.0
1490,0.00042561555737594494,0.00042561555737594494,0.0
1491,0.00042561398004127603,0.00042561398004127603,0.0
1492,0.000425615316222253,0.000425615316222253,0.0
1493,0.00042561535086129077,0.00042561535086129077,0.0
1494,0.00042561619866522465,0.00042561619866522465,0.0
1495,0.0004256149183772424,0.0004256149183772424,0.0
1496,0.00042561440576048033,0.00042561440576048033,0.0
1497,0.0004256147006186867,0.0004256147006186867,0.0
1498,0.0004256139196294246,0.0004256139196294246,0.0
1499,0.00042561258494056573,0.00042561258494056573,0.0
1500,0.0004256131351308654,0.0004256131351308654,0.0
1501,0.00042561338415745404,0.00042561338415745404,0.0
1502,0.0004256134350407102,0.0004256134350407102,0.0
1503,0.0004256125008292531,0.0004256125008292531,0.0
1504,0.0004256112742624601,0.0004256112742624601,0.0
1505,0.0004256118840074677,0.0004256118840074677,0.0
1506,0.0004256116061015682,0.0004256116061015682,0.0
1507,0.0004256112980990982,0.0004256112980990982,0.0
1508,0.0004256112088586219,0.0004256112088586219,0.0
1509,0.0004256108601745951,0.0004256108601745951,0.0
1510,0.0004256106704429761,0.0004256106704429761,0.0
1511,0.00042561049642257794,0.00042561049642257794,0.0
1512,0.0004256108366719072,0.0004256108366719072,0.0
1513,0.00042561007102581,0.00042561007102581,0.0
1514,0.0004256103237896215,0.0004256103237896215,0.0
1515,0.00042561074035344303,0.00042561074035344303,0.0
1516,0.0004256087209621011,0.0004256087209621011,0.0
1517,0.0004256069646322462,0.0004256069646322462,0.0
1518,0.0004256088021390864,0.0004256088021390864,0.0
1519,0.0004256088045807744,0.0004256088045807744,0.0
1520,0.00042560697432388853,0.00042560697432388853,0.0
1521,0.0004256068300983453,0.0004256068300983453,0.0
1522,0.0004256053296811066,0.0004256053296811066,0.0
1523,0.00042560739153078684,0.00042560739153078684,0.0
1524,0.0004256067992995239,0.0004256067992995239,0.0
1525,0.00042560733763855865,0.00042560733763855865,0.0
1526,0.00042560735284440966,0.00042560735284440966,0.0
1527,0.00042560835754178064,0.00042560835754178064,0.0
1528,0.00042560698474573296,0.00042560698474573296,0.0
1529,0.0004256061489195329,0.0004256061489195329,0.0
1530,0.00042560852969201736,0.00042560852969201736,0.0
1531,0.0004256058637533138,0.0004256058637533138,0.0
1532,0.0004256053031053582,0.0004256053031053582,0.0
1533,0.0004256064123690331,0.0004256064123690331,0.0
1534,0.00042560753463010835,0.00042560753463010835,0.0
1535,0.00042560841508111917,0.00042560841508111917,0.0
1536,0.0004256053560391601,0.0004256053560391601,0.0
1537,0.00042560816113109226,0.00042560816113109226,0.0
1538,0.000425605766548163,0.000425605766548163,0.0
1539,0.00042560587729427283,0.00042560587729427283,0.0
1540,0.00042560477295076676,0.00042560477295076676,0.0
1541,0.00042560618081396485,0.00042560618081396485,0.0
1542,0.0004256075224289616,0.0004256075224289616,0.0
1543,0.00042560464737825696,0.00042560464737825696,0.0
1544,0.00042560644413860716,0.00042560644413860716,0.0
1545,0.000425608016265612,0.000425608016265612,0.0
1546,0.00042560589706910657,0.00042560589706910657,0.0
1547,0.0004256075973816088,0.0004256075973816088,0.0
1548,0.00042560575641535306,0.00042560575641535306,0.0
1549,0.0004256073729701084,0.0004256073729701084,0.0
1550,0.00042560627862754137,0.00042560627862754137,0.0
1551,0.00042560702832487147,0.00042560702832487147,0.0
1552,0.0004256034924977742,0.0004256034924977742,0.0
1553,0.00042560283476556415,0.00042560283476556415,0.0
1554,0.00042560362531534636,0.00042560362531534636,0.0
1555,0.00042560646234683495,0.00042560646234683495,0.0
1556,0.0004256031036847789,0.0004256031036847789,0.0
1557,0.0004256049257896274,0.0004256049257896274,0.0
1558,0.0004256048263559932,0.0004256048263559932,0.0
1559,0.000425603657596498,0.000425603657596498,0.0
1560,0.00042560488016431914,0.00042560488016431914,0.0
1561,0.0004256039647895357,0.0004256039647895357,0.0
1562,0.0004256022303774567,0.0004256022303774567,0.0
1563,0.0004256018528890017,0.0004256018528890017,0.0
1564,0.0004256037900709049,0.0004256037900709049,0.0
1565,0.0004256032120399727,0.0004256032120399727,0.0
1566,0.00042560271892362497,0.00042560271892362497,0.0
1567,0.0004256031890142756,0.0004256031890142756,0.0
1568,0.0004256012058736902,0.0004256012058736902,0.0
1569,0.00042560100200745926,0.00042560100200745926,0.0
1570,0.00042560314734773003,0.00042560314734773003,0.0
1571,0.0004256010352636803,0.0004256010352636803,0.0
1572,0.0004256014444002107,0.0004256014444002107,0.0
1573,0.00042560303651532,0.00042560303651532,0.0
1574,0.0004256014640940369,0.0004256014640940369,0.0
1575,0.0004256042399118309,0.0004256042399118309,0.0
1576,0.000425601013250793,0.000425601013250793,0.0
1577,0.00042560049265362996,0.00042560049265362996,0.0
1578,0.0004256019436066018,0.0004256019436066018,0.0
1579,0.0004256040460496226,0.0004256040460496226,0.0
1580,0.0004256018897853523,0.0004256018897853523,0.0
1581,0.0004256012337958261,0.0004256012337958261,0.0
1582,0.00042560223241135554,0.00042560223241135554,0.0
1583,0.00042560381416025276,0.00042560381416025276,0.0
1584,0.0004256016692887768,0.0004256016692887768,0.0
1585,0.00042560059741409,0.00042560059741409,0.0
1586,0.00042560082711330226,0.00042560082711330226,0.0
1587,0.00042560038690258955,0.00042560038690258955,0.0
1588,0.00042560236889181404,0.00042560236889181404,0.0
1589,0.0004256011933571918,0.0004256011933571918,0.0
1590,0.0004256000392223064,0.0004256000392223064,0.0
1591,0.000425602026846957,0.000425602026846957,0.0
1592,0.0004256021268262802,0.0004256021268262802,0.0
1593,0.00042559982402392204,0.00042559982402392204,0.0
1594,0.0004256016162813661,0.0004256016162813661,0.0
1595,0.00042560212071943106,0.00042560212071943106,0.0
1596,0.0004256038157661306,0.0004256038157661306,0.0
1597,0.00042560049020908864,0.00042560049020908864,0.0
1598,0.0004256019063955904,0.0004256019063955904,0.0
1599,0.0004256028656126639,0.0004256028656126639,0.0
1600,0.00042560047555279527,0.00042560047555279527,0.0
1601,0.0004256020790827552,0.0004256020790827552,0.0
1602,0.0004256005644434731,0.0004256005644434731,0.0
1603,0.00042560046447355363,0.00042560046447355363,0.0
1604,0.0004256001053154657,0.0004256001053154657,0.0
1605,0.00042560057390460975,0.00042560057390460975,0.0
1606,0.0004256000486787663,0.0004256000486787663,0.0
1607,0.00042559983837008026,0.00042559983837008026,0.0
1608,0.0004256010292046719,0.0004256010292046719,0.0
1609,0.00042560084040957726,0.00042560084040957726,0.0
1610,0.00042560111604200647,0.00042560111604200647,0.0
1611,0.00042560002718633515,0.00042560002718633515,0.0
1612,0.0004256013983814892,0.0004256013983814892,0.0
1613,0.0004255999952695675,0.0004255999952695675,0.0
1614,0.0004255995485623957,0.0004255995485623957,0.0
1615,0.0004256006654737213,0.0004256006654737213,0.0
1616,0.0004255999022450577,0.0004255999022450577,0.0
1617,0.0004256003282739229,0.0004256003282739229,0.0
1618,0.00042559942542432443,0.00042559942542432443,0.0
1619,0.00042560055840402885,0.00042560055840402885,0.0
1620,0.00042559952822172534,0.00042559952822172534,0.0
1621,0.0004255999626531944,0.0004255999626531944,0.0
1622,0.00042559914198006646,0.00042559914198006646,0.0
1623,0.00042560003064783815,0.00042560003064783815,0.0
1624,0.00042560088341432964,0.00042560088341432964,0.0
1625,0.0004255995661154794,0.0004255995661154794,0.0
1626,0.00042559945059444894,0.00042559945059444894,0.0
1627,0.0004255991940699693,0.0004255991940699693,0.0
1628,0.00042559951116841963,0.00042559951116841963,0.0
1629,0.0004255996969097336,0.0004255996969097336,0.0
1630,0.0004255998905448568,0.0004255998905448568,0.0
1631,0.00042560028806389017,0.00042560028806389017,0.0
1632,0.0004255993137526671,0.0004255993137526671,0.0
1633,0.0004255993227227718,0.0004255993227227718,0.0
1634,0.000425599395142942,0.000425599395142942,0.0
1635,0.0004255987848280983,0.0004255987848280983,0.0
1636,0.00042559950762146155,0.00042559950762146155,0.0
1637,0.0004255995235899352,0.0004255995235899352,0.0
1638,0.00042559971154445734,0.00042559971154445734,0.0
1639,0.0004255990640381855,0.0004255990640381855,0.0
1640,0.00042559947200906045,0.00042559947200906045,0.0
1641,0.0004255992911990883,0.0004255992911990883,0.0
1642,0.00042559933397775195,0.00042559933397775195,0.0
1643,0.00042559985022875413,0.00042559985022875413,0.0
1644,0.0004255989948300876,0.0004255989948300876,0.0
1645,0.00042560041001547393,0.00042560041001547393,0.0
1646,0.000425598937841608,0.000425598937841608,0.0
1647,0.0004255988884589434,0.0004255988884589434,0.0
1648,0.00042559986405544696,0.00042559986405544696,0.0
1649,0.0004255989127118548,0.0004255989127118548,0.0
1650,0.0004255987088641938,0.0004255987088641938,0.0
1651,0.0004255994612472091,0.0004255994612472091,0.0
1652,0.00042560007118788186,0.00042560007118788186,0.0
1653,0.0004255988478538802,0.0004255988478538802,0.0
1654,0.00042559942493905777,0.00042559942493905777,0.0
1655,0.000425599391694376,0.000425599391694376,0.0
1656,0.00042559897357772404,0.00042559897357772404,0.0
1657,0.0004255993151561794,0.0004255993151561794,0.0
1658,0.00042559953625965303,0.00042559953625965303,0.0
1659,0.00042559884894525395,0.00042559884894525395,0.0
1660,0.0004255995402602765,0.0004255995402602765,0.0
1661,0.00042559883942160375,0.00042559883942160375,0.0
1662,0.0004255993744753239,0.0004255993744753239,0.0
1663,0.0004255988417844193,0.0004255988417844193,0.0
1664,0.0004255994734477185,0.0004255994734477185,0.0
1665,0.0004255988202044291,0.0004255988202044291,0.0
1666,0.00042559920339717836,0.00042559920339717836,0.0
1667,0.0004255994525121607,0.0004255994525121607,0.0
1668,0.00042559880435228737,0.00042559880435228737,0.0
1669,0.00042559858084748384,0.00042559858084748384,0.0
1670,0.00042559911665963256,0.00042559911665963256,0.0
1671,0.0004255996203127495,0.0004255996203127495,0.0
1672,0.0004255987509960722,0.0004255987509960722,0.0
1673,0.00042559919577362754,0.00042559919577362754,0.0
1674,0.0004255987648914176,0.0004255987648914176,0.0
1675,0.0004255992142916551,0.0004255992142916551,0.0
1676,0.00042559876739183786,0.00042559876739183786,0.0
1677,0.0004255987585615017,0.0004255987585615017,0.0
1678,0.0004255989349851374,0.0004255989349851374,0.0
1679,0.00042559851715672707,0.00042559851715672707,0.0
1680,0.00042559879527994375,0.00042559879527994375,0.0
1681,0.0004255992196521846,0.0004255992196521846,0.0
1682,0.00042559864537492235,0.00042559864537492235,0.0
1683,0.00042559884994659646,0.00042559884994659646,0.0
1684,0.0004255989897201444,0.0004255989897201444,0.0
1685,0.00042559865518689146,0.00042559865518689146,0.0
1686,0.0004255986468087123,0.0004255986468087123,0.0
1687,0.00042559900369153766,0.00042559900369153766,0.0
1688,0.0004255986232050692,0.0004255986232050692,0.0
1689,0.00042559885535531524,0.00042559885535531524,0.0
1690,0.0004255986284096126,0.0004255986284096126,0.0
1691,0.00042559872037912697,0.00042559872037912697,0.0
1692,0.00042559857404613903,0.00042559857404613903,0.0
1693,0.0004255988671084591,0.0004255988671084591,0.0
1694,0.0004255986079974515,0.0004255986079974515,0.0
1695,0.0004255985665189908,0.0004255985665189908,0.0
1696,0.000425598604712808,0.000425598604712808,0.0
1697,0.0004255986398258089,0.0004255986398258089,0.0
1698,0.0004255987850308723,0.0004255987850308723,0.0
1699,0.00042559856973558826,0.00042559856973558826,0.0
1700,0.00042559854550238774,0.00042559854550238774,0.0
1701,0.0004255985660332237,0.0004255985660332237,0.0
1702,0.00042559868706429994,0.00042559868706429994,0.0
1703,0.000425598593597126,0.000425598593597126,0.0
1704,0.00042559870271295956,0.00042559870271295956,0.0
1705,0.00042559862008195444,0.00042559862008195444,0.0
1706,0.0004255987197921722,0.0004255987197921722,0.0
1707,0.0004255985190771437,0.0004255985190771437,0.0
1708,0.0004255988021962365,0.0004255988021962365,0.0
1709,0.00042559850308323405,0.00042559850308323405,0.0
1710,0.00042559862853130856,0.00042559862853130856,0.0
1711,0.00042559860805406273,0.00042559860805406273,0.0
1712,0.00042559864601239805,0.00042559864601239805,0.0
1713,0.0004255985042757647,0.0004255985042757647,0.0
1714,0.00042559865780179655,0.00042559865780179655,0.0
1715,0.00042559850041478146,0.00042559850041478146,0.0
1716,0.0004255986414652753,0.0004255986414652753,0.0
1717,0.0004255984974281967,0.0004255984974281967,0.0
1718,0.00042559848581324175,0.00042559848581324175,0.0
1719,0.00042559872790722713,0.00042559872790722713,0.0
1720,0.00042559840465018994,0.00042559840465018994,0.0
1721,0.00042559850943591626,0.00042559850943591626,0.0
1722,0.00042559871740713556,0.00042559871740713556,0.0
1723,0.00042559847183537753,0.00042559847183537753,0.0
1724,0.00042559857451971334,0.00042559857451971334,0.0
1725,0.0004255985489328394,0.0004255985489328394,0.0
1726,0.0004255986440904059,0.0004255986440904059,0.0
1727,0.0004255984713063905,0.0004255984713063905,0.0
1728,0.00042559864936567886,0.00042559864936567886,0.0
1729,0.0004255984675544822,0.0004255984675544822,0.0
1730,0.00042559853931195915,0.00042559853931195915,0.0
1731,0.0004255985914911757,0.0004255985914911757,0.0
1732,0.00042559846534024465,0.00042559846534024465,0.0
1733,0.00042559846802483114,0.00042559846802483114,0.0
1734,0.00042559852900009857,0.00042559852900009857,0.0
1735,0.0004255984992787692,0.0004255984992787692,0.0
1736,0.00042559853690634633,0.00042559853690634633,0.0
1737,0.00042559859941082866,0.00042559859941082866,0.0
1738,0.0004255984459130757,0.0004255984459130757,0.0
1739,0.00042559851835721567,0.00042559851835721567,0.0
1740,0.00042559858348555063,0.00042559858348555063,0.0
1741,0.000425598442850495,0.000425598442850495,0.0
1742,0.00042559858664703413,0.00042559858664703413,0.0
1743,0.00042559844177863615,0.00042559844177863615,0.0
1744,0.00042559857350165465,0.00042559857350165465,0.0
1745,0.00042559844117758547,0.00042559844117758547,0.0
1746,0.00042559845008757134,0.00042559845008757134,0.0
1747,0.00042559853637351956,0.00042559853637351956,0.0
1748,0.00042559843879041266,0.00042559843879041266,0.0
1749,0.0004255985362105123,0.0004255985362105123,0.0
1750,0.0004255984382102019,0.0004255984382102019,0.0
1751,0.00042559843792564753,0.00042559843792564753,0.0
1752,0.0004255985426074924,0.0004255985426074924,0.0
1753,0.0004255984300034375,0.0004255984300034375,0.0
1754,0.00042559839272454626,0.00042559839272454626,0.0
1755,0.0004255984522175658,0.0004255984522175658,0.0
1756,0.00042559851032764653,0.00042559851032764653,0.0
1757,0.0004255984281302107,0.0004255984281302107,0.0
1758,0.00042559839397999036,0.00042559839397999036,0.0
1759,0.0004255985809946878,0.0004255985809946878,0.0
1760,0.00042559841159054264,0.00042559841159054264,0.0
1761,0.00042559847217102105,0.00042559847217102105,0.0
1762,0.0004255984188273666,0.0004255984188273666,0.0
1763,0.00042559841729239206,0.00042559841729239206,0.0
1764,0.0004255984471609257,0.0004255984471609257,0.0
1765,0.00042559842827375686,0.00042559842827375686,0.0
1766,0.00042559841604786116,0.00042559841604786116,0.0
1767,0.00042559843520031644,0.00042559843520031644,0.0
1768,0.00042559844941919556,0.00042559844941919556,0.0
1769,0.0004255984054369988,0.0004255984054369988,0.0
1770,0.00042559840890385664,0.00042559840890385664,0.0
1771,0.0004255984139367937,0.0004255984139367937,0.0
1772,0.00042559841041416263,0.00042559841041416263,0.0
1773,0.00042559837557081676,0.00042559837557081676,0.0
1774,0.0004255984129018481,0.0004255984129018481,0.0
1775,0.0004255983736609003,0.0004255983736609003,0.0
1776,0.00042559841522373345,0.00042559841522373345,0.0
1777,0.00042559836662755016,0.00042559836662755016,0.0
1778,0.0004255984043736594,0.0004255984043736594,0.0
1779,0.0004255984211208404,0.0004255984211208404,0.0
1780,0.00042559842412417357,0.00042559842412417357,0.0
1781,0.0004255984055439799,0.0004255984055439799,0.0
1782,0.0004255984154152981,0.0004255984154152981,0.0
1783,0.00042559834261106654,0.00042559834261106654,0.0
1784,0.00042559834471128216,0.00042559834471128216,0.0
1785,0.00042559842980066686,0.00042559842980066686,0.0
1786,0.00042559838144123446,0.00042559838144123446,0.0
1787,0.0004255984135108151,0.0004255984135108151,0.0
1788,0.00042559837925748144,0.00042559837925748144,0.0
1789,0.00042559838040552795,0.00042559838040552795,0.0
1790,0.00042559838982766544,0.00042559838982766544,0.0
1791,0.0004255984208684753,0.0004255984208684753,0.0
1792,0.00042559837496497266,0.00042559837496497266,0.0
1793,0.0004255983492459611,0.0004255983492459611,0.0
1794,0.0004255983886034023,0.0004255983886034023,0.0
1795,0.0004255983714593603,0.0004255983714593603,0.0
1796,0.00042559836745486966,0.00042559836745486966,0.0
1797,0.0004255983877538981,0.0004255983877538981,0.0
1798,0.0004255983757959258,0.0004255983757959258,0.0
1799,0.00042559835668391614,0.00042559835668391614,0.0
1800,0.0004255983698060971,0.0004255983698060971,0.0
1801,0.0004255983544826479,0.0004255983544826479,0.0
1802,0.0004255983344810821,0.0004255983344810821,0.0
1803,0.0004255983679869727,0.0004255983679869727,0.0
1804,0.0004255983544363475,0.0004255983544363475,0.0
1805,0.00042559838478750016,0.00042559838478750016,0.0
1806,0.00042559838004178294,0.00042559838004178294,0.0
1807,0.00042559839777583914,0.00042559839777583914,0.0
1808,0.0004255983486643964,0.0004255983486643964,0.0
1809,0.00042559831282901986,0.00042559831282901986,0.0
1810,0.00042559830960931655,0.00042559830960931655,0.0
1811,0.00042559835567961365,0.00042559835567961365,0.0
1812,0.00042559837199931656,0.00042559837199931656,0.0
1813,0.0004255983742101821,0.0004255983742101821,0.0
1814,0.00042559836321600053,0.00042559836321600053,0.0
1815,0.0004255983229977208,0.0004255983229977208,0.0
1816,0.0004255983154971474,0.0004255983154971474,0.0
1817,0.00042559838157941326,0.00042559838157941326,0.0
1818,0.0004255983361866272,0.0004255983361866272,0.0
1819,0.00042559829991558104,0.00042559829991558104,0.0
1820,0.0004255983050017184,0.0004255983050017184,0.0
1821,0.00042559835729208455,0.00042559835729208455,0.0
1822,0.00042559834499648544,0.00042559834499648544,0.0
1823,0.0004255983632495922,0.0004255983632495922,0.0
1824,0.00042559833262658287,0.00042559833262658287,0.0
1825,0.00042559830942123935,0.00042559830942123935,0.0
1826,0.00042559836017719326,0.00042559836017719326,0.0
1827,0.00042559833160758846,0.00042559833160758846,0.0
1828,0.0004255983518841515,0.0004255983518841515,0.0
1829,0.00042559834665072284,0.00042559834665072284,0.0
1830,0.0004255983481422737,0.0004255983481422737,0.0
1831,0.0004255983333361254,0.0004255983333361254,0.0
1832,0.0004255982822851189,0.0004255982822851189,0.0
1833,0.00042559827993291996,0.00042559827993291996,0.0
1834,0.0004255983274147967,0.0004255983274147967,0.0
1835,0.0004255983252696159,0.0004255983252696159,0.0
1836,0.0004255983057281143,0.0004255983057281143,0.0
1837,0.0004255982823904788,0.0004255982823904788,0.0
1838,0.00042559834028647994,0.00042559834028647994,0.0
1839,0.00042559830940036846,0.00042559830940036846,0.0
1840,0.0004255982944349609,0.0004255982944349609,0.0
1841,0.0004255982557323497,0.0004255982557323497,0.0
1842,0.0004255982472252455,0.0004255982472252455,0.0
1843,0.0004255983071817903,0.0004255983071817903,0.0
1844,0.0004255982554638761,0.0004255982554638761,0.0
1845,0.0004255982810242177,0.0004255982810242177,0.0
1846,0.00042559827777338406,0.00042559827777338406,0.0
1847,0.0004255982569449251,0.0004255982569449251,0.0
1848,0.00042559826502020463,0.00042559826502020463,0.0
1849,0.00042559828140895225,0.00042559828140895225,0.0
1850,0.00042559825715018446,0.00042559825715018446,0.0
1851,0.00042559824725239414,0.00042559824725239414,0.0
1852,0.0004255982341598198,0.0004255982341598198,0.0
1853,0.0004255982628478601,0.0004255982628478601,0.0
1854,0.0004255982326064319,0.0004255982326064319,0.0
1855,0.00042559826497365154,0.00042559826497365154,0.0
1856,0.00042559822982839624,0.00042559822982839624,0.0
1857,0.0004255982682566031,0.0004255982682566031,0.0
1858,0.0004255982432673926,0.0004255982432673926,0.0
1859,0.0004255982748073252,0.0004255982748073252,0.0
1860,0.0004255981974681936,0.0004255981974681936,0.0
1861,0.0004255981980924012,0.0004255981980924012,0.0
1862,0.0004255981718923795,0.0004255981718923795,0.0
1863,0.00042559813445498297,0.00042559813445498297,0.0
1864,0.0004255981885448316,0.0004255981885448316,0.0
1865,0.00042559820577756584,0.00042559820577756584,0.0
1866,0.00042559819423391927,0.00042559819423391927,0.0
1867,0.0004255982506868468,0.0004255982506868468,0.0
1868,0.0004255982010988863,0.0004255982010988863,0.0
1869,0.0004255982201063022,0.0004255982201063022,0.0
1870,0.0004255982125322943,0.0004255982125322943,0.0
1871,0.0004255981594269372,0.0004255981594269372,0.0
1872,0.0004255981885327853,0.0004255981885327853,0.0
1873,0.0004255981519458214,0.0004255981519458214,0.0
1874,0.00042559813464937033,0.00042559813464937033,0.0
1875,0.0004255982203886261,0.0004255982203886261,0.0
1876,0.00042559815809495945,0.00042559815809495945,0.0
1877,0.0004255981521873207,0.0004255981521873207,0.0
1878,0.0004255981305722184,0.0004255981305722184,0.0
1879,0.0004255981588393958,0.0004255981588393958,0.0
1880,0.0004255980980365111,0.0004255980980365111,0.0
1881,0.0004255980715708351,0.0004255980715708351,0.0
1882,0.0004255981545648461,0.0004255981545648461,0.0
1883,0.0004255980808557748,0.0004255980808557748,0.0
1884,0.0004255981591194522,0.0004255981591194522,0.0
1885,0.00042559810396145496,0.00042559810396145496,0.0
1886,0.00042559813390975596,0.00042559813390975596,0.0
1887,0.00042559808816821406,0.00042559808816821406,0.0
1888,0.000425598109955993,0.000425598109955993,0.0
1889,0.0004255980892646016,0.0004255980892646016,0.0
1890,0.00042559807251333996,0.00042559807251333996,0.0
1891,0.0004255980468311279,0.0004255980468311279,0.0
1892,0.00042559804936947646,0.00042559804936947646,0.0
1893,0.0004255980350738942,0.0004255980350738942,0.0
1894,0.0004255980388413197,0.0004255980388413197,0.0
1895,0.00042559803299703155,0.00042559803299703155,0.0
1896,0.000425598024669125,0.000425598024669125,0.0
1897,0.00042559809817685885,0.00042559809817685885,0.0
1898,0.0004255980346272651,0.0004255980346272651,0.0
1899,0.00042559804609470587,0.00042559804609470587,0.0
1900,0.00042559806072502225,0.00042559806072502225,0.0
1901,0.00042559801269578075,0.00042559801269578075,0.0
1902,0.0004255980489464002,0.0004255980489464002,0.0
1903,0.0004255980053309552,0.0004255980053309552,0.0
1904,0.0004255980301497226,0.0004255980301497226,0.0
1905,0.00042559794440278275,0.00042559794440278275,0.0
1906,0.00042559787183715206,0.00042559787183715206,0.0
1907,0.00042559801841488486,0.00042559801841488486,0.0
1908,0.0004255979339977034,0.0004255979339977034,0.0
1909,0.00042559801564384826,0.00042559801564384826,0.0
1910,0.0004255979904487863,0.0004255979904487863,0.0
1911,0.0004255979749117031,0.0004255979749117031,0.0
1912,0.0004255979527213372,0.0004255979527213372,0.0
1913,0.00042559798920867396,0.00042559798920867396,0.0
1914,0.00042559787988235523,0.00042559787988235523,0.0
1915,0.0004255979068116024,0.0004255979068116024,0.0
1916,0.00042559786789694143,0.00042559786789694143,0.0
1917,0.00042559782194511174,0.00042559782194511174,0.0
1918,0.00042559788858952363,0.00042559788858952363,0.0
1919,0.000425597906634787,0.000425597906634787,0.0
1920,0.00042559788256241947,0.00042559788256241947,0.0
1921,0.0004255978350181258,0.0004255978350181258,0.0
1922,0.00042559785646433993,0.00042559785646433993,0.0
1923,0.00042559788379904995,0.00042559788379904995,0.0
1924,0.00042559785822804684,0.00042559785822804684,0.0
1925,0.00042559783265667717,0.00042559783265667717,0.0
1926,0.00042559779565628776,0.00042559779565628776,0.0
1927,0.0004255978059636915,0.0004255978059636915,0.0
1928,0.0004255977477114229,0.0004255977477114229,0.0
1929,0.00042559769223548855,0.00042559769223548855,0.0
1930,0.00042559774727674173,0.00042559774727674173,0.0
1931,0.00042559773206740637,0.00042559773206740637,0.0
1932,0.00042559769865554655,0.00042559769865554655,0.0
1933,0.0004255976861500011,0.0004255976861500011,0.0
1934,0.0004255976384363558,0.0004255976384363558,0.0
1935,0.0004255976382331061,0.0004255976382331061,0.0
1936,0.0004255975412742331,0.0004255975412742331,0.0
1937,0.0004255976486391852,0.0004255976486391852,0.0
1938,0.00042559766000571176,0.00042559766000571176,0.0
1939,0.0004255976587496063,0.0004255976587496063,0.0
1940,0.0004255976963449164,0.0004255976963449164,0.0
1941,0.0004255975975531539,0.0004255975975531539,0.0
1942,0.0004255975056385745,0.0004255975056385745,0.0
1943,0.0004255973553704797,0.0004255973553704797,0.0
1944,0.00042559756819719616,0.00042559756819719616,0.0
1945,0.0004255974837993884,0.0004255974837993884,0.0
1946,0.00042559746370838695,0.00042559746370838695,0.0
1947,0.00042559742225457684,0.00042559742225457684,0.0
1948,0.0004255973984448963,0.0004255973984448963,0.0
1949,0.0004255973881582343,0.0004255973881582343,0.0
1950,0.00042559732342085086,0.00042559732342085086,0.0
1951,0.0004255971929992611,0.0004255971929992611,0.0
1952,0.000425597354975168,0.000425597354975168,0.0
1953,0.00042559733389138286,0.00042559733389138286,0.0
1954,0.0004255973532984282,0.0004255973532984282,0.0
1955,0.0004255972778757054,0.0004255972778757054,0.0
1956,0.0004255972576207875,0.0004255972576207875,0.0
1957,0.00042559720718527566,0.00042559720718527566,0.0
1958,0.0004255972028553549,0.0004255972028553549,0.0
1959,0.0004255970447881905,0.0004255970447881905,0.0
1960,0.00042559678812156495,0.00042559678812156495,0.0
1961,0.00042559715179307003,0.00042559715179307003,0.0
1962,0.000425597033591256,0.000425597033591256,0.0
1963,0.00042559698981084574,0.00042559698981084574,0.0
1964,0.00042559704084721027,0.00042559704084721027,0.0
1965,0.0004255970189621455,0.0004255970189621455,0.0
1966,0.00042559691372079665,0.00042559691372079665,0.0
1967,0.0004255969222621433,0.0004255969222621433,0.0
1968,0.0004255968614295984,0.0004255968614295984,0.0
1969,0.0004255969894833042,0.0004255969894833042,0.0
1970,0.0004255967903176399,0.0004255967903176399,0.0
1971,0.0004255967617903129,0.0004255967617903129,0.0
1972,0.00042559659880818276,0.00042559659880818276,0.0
1973,0.000425596657591013,0.000425596657591013,0.0
1974,0.00042559665019024147,0.00042559665019024147,0.0
1975,0.0004255966433985443,0.0004255966433985443,0.0
1976,0.00042559673898788026,0.00042559673898788026,0.0
1977,0.0004255965617891988,0.0004255965617891988,0.0
1978,0.00042559639295784566,0.00042559639295784566,0.0
1979,0.00042559653155907533,0.00042559653155907533,0.0
1980,0.00042559643979871983,0.00042559643979871983,0.0
1981,0.0004255965240795462,0.0004255965240795462,0.0
1982,0.0004255964695592406,0.0004255964695592406,0.0
1983,0.000425596403854779,0.000425596403854779,0.0
1984,0.00042559623205940553,0.00042559623205940553,0.0
1985,0.00042559589381259704,0.00042559589381259704,0.0
1986,0.0004255962444887896,0.0004255962444887896,0.0
1987,0.00042559623786682897,0.00042559623786682897,0.0
1988,0.0004255960868275429,0.0004255960868275429,0.0
1989,0.00042559607007861455,0.00042559607007861455,0.0
1990,0.0004255960675131494,0.0004255960675131494,0.0
1991,0.00042559602160873453,0.00042559602160873453,0.0
1992,0.00042559600824941996,0.00042559600824941996,0.0
1993,0.0004255959164868525,0.0004255959164868525,0.0
1994,0.00042559593499026893,0.00042559593499026893,0.0
1995,0.000425595849678216,0.000425595849678216,0.0
1996,0.0004255956760258693,0.0004255956760258693,0.0
1997,0.00042559577977270357,0.00042559577977270357,0.0
1998,0.00042559575312950377,0.00042559575312950377,0.0
1999,0.0004255956046093072,0.0004255956046093072,0.0
2000,0.00042559529427583625,0.00042559529427583625,0.0
2001,0.00042559568293342863,0.00042559568293342863,0.0
2002,0.00042559554486160784,0.00042559554486160784,0.0
2003,0.00042559560613567314,0.00042559560613567314,0.0
2004,0.00042559525759439267,0.00042559525759439267,0.0
2005,0.00042559477805575134,0.00042559477805575134,0.0
2006,0.00042559523827858487,0.00042559523827858487,0.0
2007,0.0004255953010755449,0.0004255953010755449,0.0
2008,0.00042559523891219327,0.00042559523891219327,0.0
2009,0.0004255951658402212,0.0004255951658402212,0.0
2010,0.00042559504188813843,0.00042559504188813843,0.0
2011,0.00042559490395505865,0.00042559490395505865,0.0
2012,0.00042559480239108007,0.00042559480239108007,0.0
2013,0.0004255947698544844,0.0004255947698544844,0.0
2014,0.000425594365469254,0.000425594365469254,0.0
2015,0.00042559459251316034,0.00042559459251316034,0.0
2016,0.00042559478353459214,0.00042559478353459214,0.0
2017,0.0004255948128221842,0.0004255948128221842,0.0
2018,0.0004255944545755637,0.0004255944545755637,0.0
2019,0.0004255945959576149,0.0004255945959576149,0.0
2020,0.00042559442621023215,0.00042559442621023215,0.0
2021,0.0004255945571860301,0.0004255945571860301,0.0
2022,0.0004255941816279242,0.0004255941816279242,0.0
2023,0.0004255938479913714,0.0004255938479913714,0.0
2024,0.0004255939911336737,0.0004255939911336737,0.0
2025,0.0004255940698899071,0.0004255940698899071,0.0
2026,0.00042559403002804765,0.00042559403002804765,0.0
2027,0.0004255939787147518,0.0004255939787147518,0.0
2028,0.0004255938736876898,0.0004255938736876898,0.0
2029,0.0004255936347474075,0.0004255936347474075,0.0
2030,0.0004255931749868802,0.0004255931749868802,0.0
2031,0.0004255934608943502,0.0004255934608943502,0.0
2032,0.00042559363221998105,0.00042559363221998105,0.0
2033,0.00042559363030475245,0.00042559363030475245,0.0
2034,0.0004255936024162866,0.0004255936024162866,0.0
2035,0.00042559325239285427,0.00042559325239285427,0.0
2036,0.00042559320246613163,0.00042559320246613163,0.0
2037,0.0004255933908642325,0.0004255933908642325,0.0
2038,0.0004255932878026958,0.0004255932878026958,0.0
2039,0.00042559319785359146,0.00042559319785359146,0.0
2040,0.00042559294483561976,0.00042559294483561976,0.0
2041,0.0004255927521076051,0.0004255927521076051,0.0
2042,0.0004255929096577566,0.0004255929096577566,0.0
2043,0.00042559291768598425,0.00042559291768598425,0.0
2044,0.0004255929331593314,0.0004255929331593314,0.0
2045,0.0004255930584494872,0.0004255930584494872,0.0
2046,0.00042559294286643453,0.00042559294286643453,0.0
2047,0.0004255926767708885,0.0004255926767708885,0.0
2048,0.00042559275041406067,0.00042559275041406067,0.0
2049,0.00042559291276472847,0.00042559291276472847,0.0
2050,0.00042559275489226353,0.00042559275489226353,0.0
2051,0.0004255924769481355,0.0004255924769481355,0.0
2052,0.0004255923214923085,0.0004255923214923085,0.0
2053,0.0004255929502220546,0.0004255929502220546,0.0
2054,0.00042559214047374383,0.00042559214047374383,0.0
2055,0.0004255916892843603,0.0004255916892843603,0.0
2056,0.00042559279593537065,0.00042559279593537065,0.0
2057,0.00042559269446147615,0.00042559269446147615,0.0
2058,0.00042559216213715936,0.00042559216213715936,0.0
2059,0.0004255931100392833,0.0004255931100392833,0.0
2060,0.00042559285545597757,0.00042559285545597757,0.0
2061,0.00042559335858907867,0.00042559335858907867,0.0
2062,0.0004255926960803359,0.0004255926960803359,0.0
2063,0.00042559281324716755,0.00042559281324716755,0.0
2064,0.00042559279590214766,0.00042559279590214766,0.0
2065,0.0004255922044186223,0.0004255922044186223,0.0
2066,0.00042559232892963985,0.00042559232892963985,0.0
2067,0.0004255921022117016,0.0004255921022117016,0.0
2068,0.00042559223039814563,0.00042559223039814563,0.0
2069,0.00042559237800405457,0.00042559237800405457,0.0
2070,0.00042559192674120663,0.00042559192674120663,0.0
2071,0.00042559231367916985,0.00042559231367916985,0.0
2072,0.00042559212915983005,0.00042559212915983005,0.0
2073,0.00042559235667940647,0.00042559235667940647,0.0
2074,0.0004255918703769938,0.0004255918703769938,0.0
2075,0.0004255923415970519,0.0004255923415970519,0.0
2076,0.0004255920150328727,0.0004255920150328727,0.0
2077,0.0004255916127574399,0.0004255916127574399,0.0
2078,0.00042559152402920546,0.00042559152402920546,0.0
2079,0.00042559187935603494,0.00042559187935603494,0.0
2080,0.00042559154702531877,0.00042559154702531877,0.0
2081,0.0004255915097926538,0.0004255915097926538,0.0
2082,0.0004255917998148476,0.0004255917998148476,0.0
2083,0.00042559165449221385,0.00042559165449221385,0.0
2084,0.00042559235073101875,0.00042559235073101875,0.0
2085,0.00042559188019780994,0.00042559188019780994,0.0
2086,0.000425591858203832,0.000425591858203832,0.0
2087,0.000425591626967884,0.000425591626967884,0.0
2088,0.0004255912582885465,0.0004255912582885465,0.0
2089,0.0004255911237280563,0.0004255911237280563,0.0
2090,0.0004255915020964644,0.0004255915020964644,0.0
2091,0.00042559115372820623,0.00042559115372820623,0.0
2092,0.00042559112192962385,0.00042559112192962385,0.0
2093,0.0004255911299281072,0.0004255911299281072,0.0
2094,0.00042559086055195565,0.00042559086055195565,0.0
2095,0.0004255904943022491,0.0004255904943022491,0.0
2096,0.0004255914080535387,0.0004255914080535387,0.0
2097,0.0004255907274396438,0.0004255907274396438,0.0
2098,0.0004255908052363433,0.0004255908052363433,0.0
2099,0.00042559074885826635,0.00042559074885826635,0.0
2100,0.00042559068791571885,0.00042559068791571885,0.0
2101,0.00042559094426249046,0.00042559094426249046,0.0
2102,0.00042559078277979297,0.00042559078277979297,0.0
2103,0.0004255906401609302,0.0004255906401609302,0.0
2104,0.00042559011579487943,0.00042559011579487943,0.0
2105,0.00042558953813123617,0.00042558953813123617,0.0
2106,0.0004255904171662486,0.0004255904171662486,0.0
2107,0.00042559024775352657,0.00042559024775352657,0.0
2108,0.0004255900456075921,0.0004255900456075921,0.0
2109,0.0004255904612181992,0.0004255904612181992,0.0
2110,0.00042559023277044864,0.00042559023277044864,0.0
2111,0.0004255901210241162,0.0004255901210241162,0.0
2112,0.00042559006882558016,0.00042559006882558016,0.0
2113,0.00042558993242291214,0.00042558993242291214,0.0
2114,0.0004255903774600388,0.0004255903774600388,0.0
2115,0.0004255894779903383,0.0004255894779903383,0.0
2116,0.0004255892200312906,0.0004255892200312906,0.0
2117,0.00042559012708792617,0.00042559012708792617,0.0
2118,0.00042558972581936786,0.00042558972581936786,0.0
2119,0.00042558948255163573,0.00042558948255163573,0.0
2120,0.0004255891995640139,0.0004255891995640139,0.0
2121,0.00042558889701090383,0.00042558889701090383,0.0
2122,0.0004255891465573331,0.0004255891465573331,0.0
2123,0.00042558940532433956,0.00042558940532433956,0.0
2124,0.0004255892317518566,0.0004255892317518566,0.0
2125,0.00042558863887397186,0.00042558863887397186,0.0
2126,0.0004255880336157162,0.0004255880336157162,0.0
2127,0.0004255893914498755,0.0004255893914498755,0.0
2128,0.0004255889179572558,0.0004255889179572558,0.0
2129,0.00042558917674556467,0.00042558917674556467,0.0
2130,0.00042558923557111907,0.00042558923557111907,0.0
2131,0.00042558895608967067,0.00042558895608967067,0.0
2132,0.0004255887326523768,0.0004255887326523768,0.0
2133,0.0004255883821821285,0.0004255883821821285,0.0
2134,0.00042558941313152306,0.00042558941313152306,0.0
2135,0.0004255883098517981,0.0004255883098517981,0.0
2136,0.0004255879091576808,0.0004255879091576808,0.0
2137,0.00042558764173463765,0.00042558764173463765,0.0
2138,0.00042558829410660183,0.00042558829410660183,0.0
2139,0.00042558841012879737,0.00042558841012879737,0.0
2140,0.0004255885076334068,0.0004255885076334068,0.0
2141,0.0004255889448077931,0.0004255889448077931,0.0
2142,0.0004255880519234101,0.0004255880519234101,0.0
2143,0.0004255891050741259,0.0004255891050741259,0.0
2144,0.0004255882481852156,0.0004255882481852156,0.0
2145,0.0004255883649727994,0.0004255883649727994,0.0
2146,0.00042558781497009776,0.00042558781497009776,0.0
2147,0.00042558775770541274,0.00042558775770541274,0.0
2148,0.0004255874062423009,0.0004255874062423009,0.0
2149,0.00042558741868048335,0.00042558741868048335,0.0
2150,0.000425588329642996,0.000425588329642996,0.0
2151,0.0004255886656310035,0.0004255886656310035,0.0
2152,0.00042558780397700417,0.00042558780397700417,0.0
2153,0.00042558766916888366,0.00042558766916888366,0.0
2154,0.00042558747780414776,0.00042558747780414776,0.0
2155,0.0004255875637371064,0.0004255875637371064,0.0
2156,0.00042558869462317296,0.00042558869462317296,0.0
2157,0.0004255878853418017,0.0004255878853418017,0.0
2158,0.0004255882409509874,0.0004255882409509874,0.0
2159,0.0004255874786661948,0.0004255874786661948,0.0
2160,0.0004255876174022632,0.0004255876174022632,0.0
2161,0.00042558817442986006,0.00042558817442986006,0.0
2162,0.0004255887078650741,0.0004255887078650741,0.0
2163,0.00042558766914130986,0.00042558766914130986,0.0
2164,0.00042558748763500074,0.00042558748763500074,0.0
2165,0.00042558727060050034,0.00042558727060050034,0.0
2166,0.00042558782146475137,0.00042558782146475137,0.0
2167,0.000425587398246169,0.000425587398246169,0.0
2168,0.0004255875889472709,0.0004255875889472709,0.0
2169,0.0004255880476700442,0.0004255880476700442,0.0
2170,0.0004255872319557295,0.0004255872319557295,0.0
2171,0.0004255880794336738,0.0004255880794336738,0.0
2172,0.0004255880219170322,0.0004255880219170322,0.0
2173,0.00042558774240181104,0.00042558774240181104,0.0
2174,0.00042558810173128596,0.00042558810173128596,0.0
2175,0.00042558744127638653,0.00042558744127638653,0.0
2176,0.0004255872149839937,0.0004255872149839937,0.0
2177,0.00042558799062487727,0.00042558799062487727,0.0
2178,0.00042558716405860123,0.00042558716405860123,0.0
2179,0.00042558779014650086,0.00042558779014650086,0.0
2180,0.000425587563444065,0.000425587563444065,0.0
2181,0.0004255871895859965,0.0004255871895859965,0.0
2182,0.0004255875711319465,0.0004255875711319465,0.0
2183,0.0004255870281846247,0.0004255870281846247,0.0
2184,0.0004255874886691287,0.0004255874886691287,0.0
2185,0.00042558743308058794,0.00042558743308058794,0.0
2186,0.0004255868846014432,0.0004255868846014432,0.0
2187,0.00042558714838357496,0.00042558714838357496,0.0
2188,0.0004255869719951062,0.0004255869719951062,0.0
2189,0.0004255874484980419,0.0004255874484980419,0.0
2190,0.00042558767993602334,0.00042558767993602334,0.0
2191,0.0004255871154782279,0.0004255871154782279,0.0
2192,0.00042558715630070323,0.00042558715630070323,0.0
2193,0.0004255871868376361,0.0004255871868376361,0.0
2194,0.00042558723840234843,0.00042558723840234843,0.0
2195,0.00042558759975497057,0.00042558759975497057,0.0
2196,0.00042558707433911874,0.00042558707433911874,0.0
2197,0.00042558711795047724,0.00042558711795047724,0.0
2198,0.00042558765593037474,0.00042558765593037474,0.0
2199,0.000425587030786079,0.000425587030786079,0.0
2200,0.00042558684596037634,0.00042558684596037634,0.0
2201,0.000425587382346207,0.000425587382346207,0.0
2202,0.00042558734312192356,0.00042558734312192356,0.0
2203,0.0004255871581270445,0.0004255871581270445,0.0
2204,0.0004255866936701383,0.0004255866936701383,0.0
2205,0.0004255869382657324,0.0004255869382657324,0.0
2206,0.0004255872601679252,0.0004255872601679252,0.0
2207,0.0004255872946644249,0.0004255872946644249,0.0
2208,0.00042558694260511174,0.00042558694260511174,0.0
2209,0.0004255873212527691,0.0004255873212527691,0.0
2210,0.00042558691807002537,0.00042558691807002537,0.0
2211,0.0004255870631831137,0.0004255870631831137,0.0
2212,0.0004255868818423607,0.0004255868818423607,0.0
2213,0.00042558692455617764,0.00042558692455617764,0.0
2214,0.0004255874393000721,0.0004255874393000721,0.0
2215,0.0004255868435764228,0.0004255868435764228,0.0
2216,0.0004255871928035915,0.0004255871928035915,0.0
2217,0.0004255868825325761,0.0004255868825325761,0.0
2218,0.00042558739619661534,0.00042558739619661534,0.0
2219,0.00042558684731894747,0.00042558684731894747,0.0
2220,0.0004255873056215728,0.0004255873056215728,0.0
2221,0.00042558686121628485,0.00042558686121628485,0.0
2222,0.00042558701655732447,0.00042558701655732447,0.0
2223,0.0004255872063169729,0.0004255872063169729,0.0
2224,0.00042558685313734987,0.00042558685313734987,0.0
2225,0.00042558676834606113,0.00042558676834606113,0.0
2226,0.00042558669325654813,0.00042558669325654813,0.0
2227,0.0004255869323018339,0.0004255869323018339,0.0
2228,0.00042558697405496043,0.00042558697405496043,0.0
2229,0.0004255866990359533,0.0004255866990359533,0.0
2230,0.00042558675138640247,0.00042558675138640247,0.0
2231,0.00042558690209750573,0.00042558690209750573,0.0
2232,0.00042558696413026736,0.00042558696413026736,0.0
2233,0.0004255866771371704,0.0004255866771371704,0.0
2234,0.00042558695882755835,0.00042558695882755835,0.0
2235,0.00042558695437879484,0.00042558695437879484,0.0
2236,0.0004255867465310518,0.0004255867465310518,0.0
2237,0.000425586573093398,0.000425586573093398,0.0
2238,0.00042558667412966386,0.00042558667412966386,0.0
2239,0.00042558725139777126,0.00042558725139777126,0.0
2240,0.0004255867038735079,0.0004255867038735079,0.0
2241,0.0004255866213399193,0.0004255866213399193,0.0
2242,0.00042558697503621186,0.00042558697503621186,0.0
2243,0.0004255867054555791,0.0004255867054555791,0.0
2244,0.00042558663000019566,0.00042558663000019566,0.0
2245,0.00042558657901024165,0.00042558657901024165,0.0
2246,0.0004255870100208706,0.0004255870100208706,0.0
2247,0.00042558667829277637,0.00042558667829277637,0.0
2248,0.0004255864906168749,0.0004255864906168749,0.0
2249,0.00042558651126189495,0.00042558651126189495,0.0
2250,0.00042558649126397426,0.00042558649126397426,0.0
2251,0.0004255864647083143,0.0004255864647083143,0.0
2252,0.00042558653303090206,0.00042558653303090206,0.0
2253,0.0004255868128229992,0.0004255868128229992,0.0
2254,0.0004255865828030639,0.0004255865828030639,0.0
2255,0.00042558674394630293,0.00042558674394630293,0.0
2256,0.00042558659791954546,0.00042558659791954546,0.0
2257,0.00042558651245301225,0.00042558651245301225,0.0
2258,0.00042558641000874585,0.00042558641000874585,0.0
2259,0.0004255864478754406,0.0004255864478754406,0.0
2260,0.00042558675452297105,0.00042558675452297105,0.0
2261,0.00042558655701228584,0.00042558655701228584,0.0
2262,0.00042558639310540564,0.00042558639310540564,0.0
2263,0.00042558641569174544,0.00042558641569174544,0.0
2264,0.00042558648845169217,0.00042558648845169217,0.0
2265,0.0004255865394261373,0.0004255865394261373,0.0
2266,0.0004255866580909592,0.0004255866580909592,0.0
2267,0.00042558633957377615,0.00042558633957377615,0.0
2268,0.00042558635475932976,0.00042558635475932976,0.0
2269,0.00042558639442579523,0.00042558639442579523,0.0
2270,0.00042558635245992945,0.00042558635245992945,0.0
2271,0.0004255865866087591,0.0004255865866087591,0.0
2272,0.0004255864301430114,0.0004255864301430114,0.0
2273,0.0004255864260749525,0.0004255864260749525,0.0
2274,0.000425586448766243,0.000425586448766243,0.0
2275,0.00042558666560333876,0.00042558666560333876,0.0
2276,0.0004255864232357049,0.0004255864232357049,0.0
2277,0.00042558656179998933,0.00042558656179998933,0.0
2278,0.00042558629402381434,0.00042558629402381434,0.0
2279,0.0004255863541526649,0.0004255863541526649,0.0
2280,0.00042558622157727057,0.00042558622157727057,0.0
2281,0.00042558617795338953,0.00042558617795338953,0.0
2282,0.00042558654128721545,0.00042558654128721545,0.0
2283,0.00042558623414227256,0.00042558623414227256,0.0
2284,0.0004255864809473663,0.0004255864809473663,0.0
2285,0.0004255863060830686,0.0004255863060830686,0.0
2286,0.0004255864131080332,0.0004255864131080332,0.0
2287,0.0004255862327562838,0.0004255862327562838,0.0
2288,0.0004255862737273762,0.0004255862737273762,0.0
2289,0.000425586246337624,0.000425586246337624,0.0
2290,0.00042558644347785333,0.00042558644347785333,0.0
2291,0.00042558612764380404,0.00042558612764380404,0.0
2292,0.00042558610609939445,0.00042558610609939445,0.0
2293,0.0004255863215715015,0.0004255863215715015,0.0
2294,0.0004255864351961885,0.0004255864351961885,0.0
2295,0.00042558627395735185,0.00042558627395735185,0.0
2296,0.00042558629451490215,0.00042558629451490215,0.0
2297,0.0004255862633183801,0.0004255862633183801,0.0
2298,0.0004255860706989234,0.0004255860706989234,0.0
2299,0.0004255860464439953,0.0004255860464439953,0.0
2300,0.0004255862625336668,0.0004255862625336668,0.0
2301,0.00042558605784863814,0.00042558605784863814,0.0
2302,0.000425586178873129,0.000425586178873129,0.0
2303,0.0004255860598437335,0.0004255860598437335,0.0
2304,0.00042558604033092137,0.00042558604033092137,0.0
2305,0.00042558612549618196,0.00042558612549618196,0.0
2306,0.00042558592394897606,0.00042558592394897606,0.0
2307,0.0004255858207162941,0.0004255858207162941,0.0
2308,0.00042558611931305075,0.00042558611931305075,0.0
2309,0.00042558616332693204,0.00042558616332693204,0.0
2310,0.00042558606736860536,0.00042558606736860536,0.0
2311,0.00042558593375286656,0.00042558593375286656,0.0
2312,0.00042558608413156954,0.00042558608413156954,0.0
2313,0.00042558597698212045,0.00042558597698212045,0.0
2314,0.0004255859153705288,0.0004255859153705288,0.0
2315,0.00042558596155441506,0.00042558596155441506,0.0
2316,0.0004255858472724299,0.0004255858472724299,0.0
2317,0.00042558579166577945,0.00042558579166577945,0.0
2318,0.0004255858083104179,0.0004255858083104179,0.0
2319,0.0004255858819014524,0.0004255858819014524,0.0
2320,0.000425585818385204,0.000425585818385204,0.0
2321,0.00042558576704576043,0.00042558576704576043,0.0
2322,0.00042558587329100274,0.00042558587329100274,0.0
2323,0.0004255857657962486,0.0004255857657962486,0.0
2324,0.0004255859235314381,0.0004255859235314381,0.0
2325,0.00042558593670402036,0.00042558593670402036,0.0
2326,0.0004255857085675901,0.0004255857085675901,0.0
2327,0.00042558576628932743,0.00042558576628932743,0.0
2328,0.00042558591613034566,0.00042558591613034566,0.0
2329,0.0004255858534136878,0.0004255858534136878,0.0
2330,0.00042558570061641316,0.00042558570061641316,0.0
2331,0.00042558585028079464,0.00042558585028079464,0.0
2332,0.0004255856672649814,0.0004255856672649814,0.0
2333,0.0004255857815743353,0.0004255857815743353,0.0
2334,0.0004255858070426106,0.0004255858070426106,0.0
2335,0.0004255855594575696,0.0004255855594575696,0.0
2336,0.0004255855451486291,0.0004255855451486291,0.0
2337,0.0004255858148541211,0.0004255858148541211,0.0
2338,0.0004255855808957872,0.0004255855808957872,0.0
2339,0.0004255856857406219,0.0004255856857406219,0.0
2340,0.0004255856541164269,0.0004255856541164269,0.0
2341,0.0004255857653985737,0.0004255857653985737,0.0
2342,0.0004255856823372321,0.0004255856823372321,0.0
2343,0.0004255857944666145,0.0004255857944666145,0.0
2344,0.0004255855962353618,0.0004255855962353618,0.0
2345,0.00042558542036852994,0.00042558542036852994,0.0
2346,0.00042558533528385745,0.00042558533528385745,0.0
2347,0.0004255856193428729,0.0004255856193428729,0.0
2348,0.0004255854579412986,0.0004255854579412986,0.0
2349,0.00042558555375048473,0.00042558555375048473,0.0
2350,0.0004255858255179653,0.0004255858255179653,0.0
2351,0.000425585597048737,0.000425585597048737,0.0
2352,0.00042558575776864685,0.00042558575776864685,0.0
2353,0.0004255854023658097,0.0004255854023658097,0.0
2354,0.0004255852851117833,0.0004255852851117833,0.0
2355,0.0004255851476933887,0.0004255851476933887,0.0
2356,0.00042558546680136473,0.00042558546680136473,0.0
2357,0.00042558538262804256,0.00042558538262804256,0.0
2358,0.00042558558271744713,0.00042558558271744713,0.0
2359,0.0004255853741043124,0.0004255853741043124,0.0
2360,0.0004255853875647824,0.0004255853875647824,0.0
2361,0.0004255854606746509,0.0004255854606746509,0.0
2362,0.00042558523160559985,0.00042558523160559985,0.0
2363,0.00042558536646295446,0.00042558536646295446,0.0
2364,0.00042558523987219424,0.00042558523987219424,0.0
2365,0.00042558529325723113,0.00042558529325723113,0.0
2366,0.0004255852398434299,0.0004255852398434299,0.0
2367,0.0004255851654483425,0.0004255851654483425,0.0
2368,0.00042558545275498435,0.00042558545275498435,0.0
2369,0.000425585183898988,0.000425585183898988,0.0
2370,0.00042558539150270994,0.00042558539150270994,0.0
2371,0.00042558499155120086,0.00042558499155120086,0.0
2372,0.0004255849173966631,0.0004255849173966631,0.0
2373,0.0004255851470145232,0.0004255851470145232,0.0
2374,0.0004255851661333772,0.0004255851661333772,0.0
2375,0.0004255849416852945,0.0004255849416852945,0.0
2376,0.0004255853323965318,0.0004255853323965318,0.0
2377,0.0004255848522615694,0.0004255848522615694,0.0
2378,0.00042558468447031155,0.00042558468447031155,0.0
2379,0.00042558519036693725,0.00042558519036693725,0.0
2380,0.0004255848789373816,0.0004255848789373816,0.0
2381,0.0004255850067381821,0.0004255850067381821,0.0
2382,0.0004255850081027874,0.0004255850081027874,0.0
2383,0.0004255848236707587,0.0004255848236707587,0.0
2384,0.00042558472955008013,0.00042558472955008013,0.0
2385,0.00042558518417089633,0.00042558518417089633,0.0
2386,0.0004255847624972701,0.0004255847624972701,0.0
2387,0.0004255848057304729,0.0004255848057304729,0.0
2388,0.00042558473974326096,0.00042558473974326096,0.0
2389,0.00042558480324520994,0.00042558480324520994,0.0
2390,0.0004255849042608221,0.0004255849042608221,0.0
2391,0.00042558511165684146,0.00042558511165684146,0.0
2392,0.00042558458357248445,0.00042558458357248445,0.0
2393,0.00042558458780955234,0.00042558458780955234,0.0
2394,0.00042558456530764966,0.00042558456530764966,0.0
2395,0.0004255846109239786,0.0004255846109239786,0.0
2396,0.0004255846451188855,0.0004255846451188855,0.0
2397,0.0004255845368939211,0.0004255845368939211,0.0
2398,0.0004255847226921798,0.0004255847226921798,0.0
2399,0.0004255845517356204,0.0004255845517356204,0.0
2400,0.0004255848532610579,0.0004255848532610579,0.0
2401,0.0004255844985288915,0.0004255844985288915,0.0
2402,0.00042558466102297584,0.00042558466102297584,0.0
2403,0.0004255844658628546,0.0004255844658628546,0.0
2404,0.00042558463235810426,0.00042558463235810426,0.0
2405,0.000425584356011248,0.000425584356011248,0.0
2406,0.0004255843292727683,0.0004255843292727683,0.0
2407,0.00042558435173631527,0.00042558435173631527,0.0
2408,0.00042558457330646785,0.00042558457330646785,0.0
2409,0.000425584508309212,0.000425584508309212,0.0
2410,0.0004255847180212956,0.0004255847180212956,0.0
2411,0.0004255843777314947,0.0004255843777314947,0.0
2412,0.00042558413486508867,0.00042558413486508867,0.0
2413,0.0004255839686318357,0.0004255839686318357,0.0
2414,0.00042558430664412514,0.00042558430664412514,0.0
2415,0.00042558416531735774,0.00042558416531735774,0.0
2416,0.00042558421771786534,0.00042558421771786534,0.0
2417,0.0004255842071331769,0.0004255842071331769,0.0
2418,0.00042558437313953897,0.00042558437313953897,0.0
2419,0.00042558406669142594,0.00042558406669142594,0.0
2420,0.0004255842175445457,0.0004255842175445457,0.0
2421,0.0004255840734814026,0.0004255840734814026,0.0
2422,0.0004255842643687589,0.0004255842643687589,0.0
2423,0.0004255840221094353,0.0004255840221094353,0.0
2424,0.0004255839469723006,0.0004255839469723006,0.0
2425,0.00042558408230650423,0.00042558408230650423,0.0
2426,0.0004255839774822221,0.0004255839774822221,0.0
2427,0.00042558401492828415,0.00042558401492828415,0.0
2428,0.0004255837876247612,0.0004255837876247612,0.0
2429,0.0004255838165813692,0.0004255838165813692,0.0
2430,0.0004255837982968861,0.0004255837982968861,0.0
2431,0.0004255837971254243,0.0004255837971254243,0.0
2432,0.00042558402746624657,0.00042558402746624657,0.0
2433,0.0004255840338093439,0.0004255840338093439,0.0
2434,0.000425583713676853,0.000425583713676853,0.0
2435,0.0004255838395304816,0.0004255838395304816,0.0
2436,0.0004255838181443359,0.0004255838181443359,0.0
2437,0.00042558395771588007,0.00042558395771588007,0.0
2438,0.0004255838024244158,0.0004255838024244158,0.0
2439,0.0004255836438819293,0.0004255836438819293,0.0
2440,0.0004255838034439308,0.0004255838034439308,0.0
2441,0.0004255836307316951,0.0004255836307316951,0.0
2442,0.00042558384067842287,0.00042558384067842287,0.0
2443,0.00042558356244412637,0.00042558356244412637,0.0
2444,0.00042558369610758325,0.00042558369610758325,0.0
2445,0.00042558353905996533,0.00042558353905996533,0.0
2446,0.0004255836175034488,0.0004255836175034488,0.0
2447,0.0004255836066270801,0.0004255836066270801,0.0
2448,0.0004255836637258053,0.0004255836637258053,0.0
2449,0.0004255839529720796,0.0004255839529720796,0.0
2450,0.0004255834674760928,0.0004255834674760928,0.0
2451,0.00042558356904089784,0.00042558356904089784,0.0
2452,0.0004255837787423569,0.0004255837787423569,0.0
2453,0.00042558334972441874,0.00042558334972441874,0.0
2454,0.00042558331241801913,0.00042558331241801913,0.0
2455,0.0004255835107428393,0.0004255835107428393,0.0
2456,0.0004255835985371152,0.0004255835985371152,0.0
2457,0.0004255837415416962,0.0004255837415416962,0.0
2458,0.0004255833722753875,0.0004255833722753875,0.0
2459,0.0004255834871620989,0.0004255834871620989,0.0
2460,0.00042558338096400085,0.00042558338096400085,0.0
2461,0.0004255832749380415,0.0004255832749380415,0.0
2462,0.00042558340897697684,0.00042558340897697684,0.0
2463,0.00042558309854623475,0.00042558309854623475,0.0
2464,0.0004255829921727487,0.0004255829921727487,0.0
2465,0.0004255830176881339,0.0004255830176881339,0.0
2466,0.0004255836402474194,0.0004255836402474194,0.0
2467,0.0004255834237372156,0.0004255834237372156,0.0
2468,0.0004255831346682423,0.0004255831346682423,0.0
2469,0.0004255832958413615,0.0004255832958413615,0.0
2470,0.00042558309092846495,0.00042558309092846495,0.0
2471,0.0004255837746650023,0.0004255837746650023,0.0
2472,0.00042558327414199794,0.00042558327414199794,0.0
2473,0.00042558303633098775,0.00042558303633098775,0.0
2474,0.00042558292430784254,0.00042558292430784254,0.0
2475,0.000425582957592345,0.000425582957592345,0.0
2476,0.00042558321507475677,0.00042558321507475677,0.0
2477,0.0004255829631207194,0.0004255829631207194,0.0
2478,0.0004255828785342525,0.0004255828785342525,0.0
2479,0.0004255830068011912,0.0004255830068011912,0.0
2480,0.000425582958794426,0.000425582958794426,0.0
2481,0.00042558304125945613,0.00042558304125945613,0.0
2482,0.0004255827571980506,0.0004255827571980506,0.0
2483,0.00042558284685195735,0.00042558284685195735,0.0
2484,0.0004255832303106644,0.0004255832303106644,0.0
2485,0.00042558270753580374,0.00042558270753580374,0.0
2486,0.00042558276167129703,0.00042558276167129703,0.0
2487,0.00042558301256421746,0.00042558301256421746,0.0
2488,0.0004255827123384955,0.0004255827123384955,0.0
2489,0.0004255827663519903,0.0004255827663519903,0.0
2490,0.00042558280421234974,0.00042558280421234974,0.0
2491,0.00042558243437979757,0.00042558243437979757,0.0
2492,0.00042558226691001403,0.00042558226691001403,0.0
2493,0.0004255829929735837,0.0004255829929735837,0.0
2494,0.0004255828553200783,0.0004255828553200783,0.0
2495,0.00042558264093805467,0.00042558264093805467,0.0
2496,0.0004255825783009524,0.0004255825783009524,0.0
2497,0.00042558254481535926,0.00042558254481535926,0.0
2498,0.0004255825313818475,0.0004255825313818475,0.0
2499,0.0004255823566719136,0.0004255823566719136,0.0
2500,0.00042558277313165145,0.00042558277313165145,0.0
2501,0.0004255827546410541,0.0004255827546410541,0.0
2502,0.0004255824495125066,0.0004255824495125066,0.0
2503,0.00042558230369580964,0.00042558230369580964,0.0
2504,0.00042558236655180587,0.00042558236655180587,0.0
2505,0.0004255822435676248,0.0004255822435676248,0.0
2506,0.0004255824137385396,0.0004255824137385396,0.0
2507,0.00042558214792063926,0.00042558214792063926,0.0
2508,0.0004255821850359685,0.0004255821850359685,0.0
2509,0.0004255824102001163,0.0004255824102001163,0.0
2510,0.0004255822949225124,0.0004255822949225124,0.0
2511,0.00042558259396300533,0.00042558259396300533,0.0
2512,0.0004255823933943383,0.0004255823933943383,0.0
2513,0.0004255820263828412,0.0004255820263828412,0.0
2514,0.00042558205038083983,0.00042558205038083983,0.0
2515,0.00042558247435254626,0.00042558247435254626,0.0
2516,0.00042558204489580943,0.00042558204489580943,0.0
2517,0.0004255819674253164,0.0004255819674253164,0.0
2518,0.0004255820878566452,0.0004255820878566452,0.0
2519,0.0004255821972075591,0.0004255821972075591,0.0
2520,0.00042558261462667717,0.00042558261462667717,0.0
2521,0.00042558224022039276,0.00042558224022039276,0.0
2522,0.00042558200278743834,0.00042558200278743834,0.0
2523,0.00042558206854795174,0.00042558206854795174,0.0
2524,0.00042558194856080674,0.00042558194856080674,0.0
2525,0.00042558221276451855,0.00042558221276451855,0.0
2526,0.00042558237956329554,0.00042558237956329554,0.0
2527,0.0004255821026882231,0.0004255821026882231,0.0
2528,0.00042558222372054765,0.00042558222372054765,0.0
2529,0.0004255819827210188,0.0004255819827210188,0.0
2530,0.00042558230525846784,0.00042558230525846784,0.0
2531,0.0004255819366094659,0.0004255819366094659,0.0
2532,0.00042558225282133026,0.00042558225282133026,0.0
2533,0.00042558173157953514,0.00042558173157953514,0.0
2534,0.00042558171580317993,0.00042558171580317993,0.0
2535,0.00042558212632427296,0.00042558212632427296,0.0
2536,0.0004255819078442312,0.0004255819078442312,0.0
2537,0.00042558221465101173,0.00042558221465101173,0.0
2538,0.00042558166067203614,0.00042558166067203614,0.0
2539,0.0004255835344585635,0.00042558169740929494,1.8370492685729613e-09
2540,0.00042558170639979447,0.00042558170639979447,0.0
2541,0.0004255816868119971,0.0004255816868119971,0.0
2542,0.000425581932152742,0.000425581932152742,0.0
2543,0.00042558209524555426,0.00042558209524555426,0.0
2544,0.00042558184775820957,0.00042558184775820957,0.0
2545,0.0004255815832424594,0.0004255815832424594,0.0
2546,0.00042558169436912623,0.00042558169436912623,0.0
2547,0.0004255819236462745,0.0004255819236462745,0.0
2548,0.0004255819113544858,0.0004255819113544858,0.0
2549,0.00042558201492303707,0.00042558201492303707,0.0
2550,0.00042558160045618387,0.00042558160045618387,0.0
2551,0.00042558153413183334,0.00042558153413183334,0.0
2552,0.0004255816835814235,0.0004255816835814235,0.0
2553,0.0004255815266660794,0.0004255815266660794,0.0
2554,0.000425581713883096,0.000425581713883096,0.0
2555,0.00042558198415863357,0.00042558198415863357,0.0
2556,0.00042558154441962745,0.00042558154441962745,0.0
2557,0.0004255819930564871,0.0004255819930564871,0.0
2558,0.00042558168994905786,0.00042558168994905786,0.0
2559,0.0004255816875344224,0.0004255816875344224,0.0
2560,0.00042558150411025817,0.00042558150411025817,0.0
2561,0.0004255817938143474,0.0004255817938143474,0.0
2562,0.0004255816727718407,0.0004255816727718407,0.0
2563,0.000425581316877993,0.000425581316877993,0.0
2564,0.000425583023293015,0.00042558135240798204,1.6708850329931144e-09
2565,0.00042558152828495145,0.00042558152828495145,0.0
2566,0.000425581546331086,0.000425581546331086,0.0
2567,0.0004255814875648764,0.0004255814875648764,0.0
2568,0.00042558148379015086,0.00042558148379015086,0.0
2569,0.0004255815811794502,0.0004255815811794502,0.0
2570,0.000425581471658089,0.000425581471658089,0.0
2571,0.00042558139064483936,0.00042558139064483936,0.0
2572,0.0004255813261233408,0.0004255813261233408,0.0
2573,0.0004255814028679488,0.0004255814028679488,0.0
2574,0.0004255813831473247,0.0004255813831473247,0.0
2575,0.00042558157406839825,0.00042558157406839825,0.0
2576,0.00042558127703629746,0.00042558127703629746,0.0
2577,0.00042558157162172794,0.00042558157162172794,0.0
2578,0.00042558138467205546,0.00042558136794613473,1.6725920714412818e-11
2579,0.00042558107589857705,0.00042558107589857705,0.0
2580,0.00042558302009543903,0.0004255809990085404,2.0210868986597663e-09
2581,0.00042559313428525874,0.0004255817736069824,1.1360678276306214e-08
2582,0.0004255813224204132,0.0004255813224204132,0.0
2583,0.00042558155771499356,0.00042558155771499356,0.0
2584,0.00042558133111009184,0.00042558133111009184,0.0
2585,0.00042558141976503167,0.00042558141976503167,0.0
2586,0.0004255813623138917,0.0004255813623138917,0.0
2587,0.00042558119271792513,0.00042558119271792513,0.0
2588,0.00042558140150493457,0.00042558140150493457,0.0
2589,0.0004255816410896764,0.0004255811008748412,5.402148352006989e-10
2590,0.0004255813383973011,0.0004255813383973011,0.0
2591,0.0004255942827400787,0.0004255812640466783,1.3018693400408512e-08
2592,0.00042558131067508317,0.00042558131067508317,0.0
2593,0.0004255814439944781,0.0004255814439944781,0.0
2594,0.00042558145230555224,0.00042558145230555224,0.0
2595,0.000425581455119459,0.000425581455119459,0.0
2596,0.00042558126308569734,0.00042558126308569734,0.0
2597,0.0004255815922678281,0.00042558152555977497,6.670805315068554e-11
2598,0.00042558125665149884,0.00042558125665149884,0.0
2599,0.0004255814900320583,0.0004255814900320583,0.0
2600,0.00042558125818139306,0.00042558125818139306,0.0
2601,0.00042558149725002785,0.000425581452375827,4.487420089313226e-11
2602,0.0004255812527302701,0.0004255812527302701,0.0
2603,0.0004255816122857323,0.0004255816122857323,0.0
2604,0.0004255812292500671,0.0004255812292500671,0.0
2605,0.000425581466001972,0.000425581466001972,0.0
2606,0.0004255812463526482,0.0004255812463526482,0.0
2607,0.00042558122195378913,0.00042558122195378913,0.0
2608,0.0004255813956940682,0.0004255813956940682,0.0
2609,0.0004255812346944776,0.0004255812346944776,0.0
2610,0.00042558151156161063,0.00042558151156161063,0.0
2611,0.00042558122936852674,0.00042558122936852674,0.0
2612,0.00042558141291621675,0.00042558141291621675,0.0
2613,0.00042558123239665543,0.00042558123239665543,0.0
2614,0.0004255810958148041,0.0004255810958148041,0.0
2615,0.0004255811784843757,0.0004255811784843757,0.0
2616,0.00042558124322605395,0.00042558124322605395,0.0
2617,0.00042558151099206205,0.00042558114861815437,3.623739076893897e-10
2618,0.00042558122845972007,0.00042558122845972007,0.0
2619,0.0004255811525815413,0.0004255811525815413,0.0
2620,0.00042558110921752263,0.00042558106596887963,4.324864301377113e-11
2621,0.00042558114979339185,0.00042558114979339185,0.0
2622,0.0004255811487153467,0.0004255811487153467,0.0
2623,0.0004255811671075187,0.0004255811671075187,0.0
2624,0.0004255810905678415,0.0004255810905678415,0.0
2625,0.0004255810960774662,0.0004255810960774662,0.0
2626,0.0004255810698119193,0.0004255810698119193,0.0
2627,0.000425581128876229,0.000425581128876229,0.0
2628,0.0004255834723189567,0.000425581249062842,2.2232561147494666e-09
2629,0.0004255811390460263,0.0004255811390460263,0.0
2630,0.0004255810191971672,0.0004255810191971672,0.0
2631,0.0004255809967754566,0.0004255809967754566,0.0
2632,0.00042558108387329017,0.00042558108387329017,0.0
2633,0.0004255810644788049,0.0004255810644788049,0.0
2634,0.0004255810931401124,0.0004255810931401124,0.0
2635,0.00042558180705894833,0.00042558094841744424,8.5864150406594e-10
2636,0.0004255811345954247,0.0004255811345954247,0.0
2637,0.0004255820284478484,0.00042558101312232236,1.01532552602505e-09
2638,0.0004255811221985582,0.0004255811221985582,0.0
2639,0.0004255810563605692,0.0004255810563605692,0.0
2640,0.00042558106929703286,0.00042558106929703286,0.0
2641,0.00042558107694565765,0.00042558107694565765,0.0
2642,0.00042558113862365446,0.00042558113862365446,0.0
2643,0.00042558104366081424,0.00042558104366081424,0.0
2644,0.0004255810105537914,0.0004255810105537914,0.0
2645,0.00042558100574342263,0.00042558095881460345,4.692881919286179e-11
2646,0.000425581138335912,0.000425581138335912,0.0
2647,0.00042558104678942077,0.00042558104678942077,0.0
2648,0.00042558090555889827,0.0004255809052970441,2.6185420289055396e-13
2649,0.00042558291282050905,0.00042558082022656576,2.0925939432942616e-09
2650,0.0004255810069869598,0.00042558093540741423,7.157954556362888e-11
2651,0.0004255809937931639,0.0004255809937931639,0.0
2652,0.00042558105354220503,0.00042558105354220503,0.0
2653,0.00042558097791238714,0.00042558097791238714,0.0
2654,0.00042558106517369453,0.00042558106517369453,0.0
2655,0.00042558095222322415,0.00042558095222322415,0.0
2656,0.0004255810602475453,0.0004255810602475453,0.0
2657,0.0004255809576554144,0.0004255809576554144,0.0
2658,0.00042558092886419807,0.00042558092886419807,0.0
2659,0.00042558098107543595,0.00042558098107543595,0.0
2660,0.000425580908462457,0.000425580908462457,0.0
2661,0.00042558104502560934,0.00042558104502560934,0.0
2662,0.0004255810118642299,0.0004255810118642299,0.0
2663,0.0004255809762988825,0.0004255809762988825,0.0
2664,0.00042558100188584127,0.00042558097621282244,2.56730188095664e-11
2665,0.0004255809307219629,0.0004255809307219629,0.0
2666,0.00042558088763215766,0.00042558088763215766,0.0
2667,0.0004255809453980862,0.0004255809453980862,0.0
2668,0.0004255810156609036,0.0004255810156609036,0.0
2669,0.00042558083472952503,0.00042558083472952503,0.0
2670,0.00042558224407032757,0.00042558081739976636,1.426670561190238e-09
2671,0.0004255810163997583,0.0004255810163997583,0.0
2672,0.00042558093257209046,0.00042558093257209046,0.0
2673,0.00042558102090564285,0.00042558102090564285,0.0
2674,0.0004255809306539441,0.0004255809306539441,0.0
2675,0.0004255808873241321,0.0004255808873241321,0.0
2676,0.0004255809328757382,0.0004255809328757382,0.0
2677,0.00042558092978355717,0.00042558092978355717,0.0
2678,0.0004255809840955151,0.0004255809840955151,0.0
2679,0.0004255808934048935,0.0004255808934048935,0.0
2680,0.0004255808216654164,0.0004255808216654164,0.0
2681,0.0004255810995870858,0.00042558079764354643,3.019435393257104e-10
2682,0.00042558138378426887,0.0004255809626730443,4.2111122458345757e-10
2683,0.00042558090954100393,0.00042558090954100393,0.0
2684,0.0004255808953282801,0.0004255808953282801,0.0
2685,0.0004255808222751923,0.0004255808222751923,0.0
2686,0.00042558085118519877,0.00042558085118519877,0.0
2687,0.00042558088563218787,0.00042558088563218787,0.0
2688,0.0004255808280278378,0.0004255808280278378,0.0
2689,0.0004255809861870025,0.00042558084862635766,1.3756064484664306e-10
2690,0.0004255808812316487,0.0004255808812316487,0.0
2691,0.00042558082610686526,0.00042558082610686526,0.0
2692,0.00042558087526532224,0.00042558087526532224,0.0
2693,0.0004255808098819923,0.0004255808098819923,0.0
2694,0.00042558084202036766,0.00042558084202036766,0.0
2695,0.0004255811064287586,0.00042558082546757364,2.8096118496050144e-10
2696,0.0004255808707697266,0.0004255808707697266,0.0
2697,0.00042558083617051233,0.00042558083617051233,0.0
2698,0.0004255807935064896,0.00042558078512589637,8.380593191064143e-12
2699,0.0004255827304713443,0.00042558078395363053,1.9465177137803647e-09
2700,0.00042558086337009645,0.00042558086337009645,0.0
2701,0.00042558079647952437,0.00042558079647952437,0.0
2702,0.00042558088674838295,0.00042558088674838295,0.0
2703,0.0004255808388582588,0.0004255808388582588,0.0
2704,0.0004255807492970136,0.0004255807492970136,0.0
2705,0.00042558071052419824,0.00042558071052419824,0.0
2706,0.0004255807799707273,0.0004255807799707273,0.0
2707,0.00042558083230915123,0.00042558083230915123,0.0
2708,0.0004255808093609146,0.0004255808093609146,0.0
2709,0.00042558069782885243,0.00042558069782885243,0.0
2710,0.00042558109952595726,0.00042558062341915094,4.761068063062265e-10
2711,0.0004255808414870459,0.00042558079752283304,4.396421284845805e-11
2712,0.0004255808976470404,0.00042558069357029375,2.0407674664478e-10
2713,0.00042558081750465116,0.00042558081750465116,0.0
2714,0.00042558082729527385,0.00042558082729527385,0.0
2715,0.00042558080533618793,0.00042558080533618793,0.0
2716,0.00042558084528665887,0.00042558084528665887,0.0
2717,0.0004255807702316679,0.0004255807702316679,0.0
2718,0.0004255808309845428,0.00042558082849664233,2.4879004380679396e-12
2719,0.00042558078607150054,0.00042558078607150054,0.0
2720,0.0004255807749707832,0.0004255807749707832,0.0
2721,0.00042558079182773294,0.00042558079182773294,0.0
2722,0.00042558082084428084,0.00042558082084428084,0.0
2723,0.0004255807500016301,0.0004255807500016301,0.0
2724,0.00042558082644598944,0.00042558082644598944,0.0
2725,0.0004255807731666385,0.0004255807731666385,0.0
2726,0.0004255807265052059,0.0004255807265052059,0.0
2727,0.0004255807288617584,0.0004255807288617584,0.0
2728,0.0004255806836626671,0.0004255806836626671,0.0
2729,0.0004255806476703137,0.0004255806476703137,0.0
2730,0.0004255807663823683,0.0004255807663823683,0.0
2731,0.0004255806504720337,0.0004255806504720337,0.0
2732,0.0004255806668257614,0.0004255806668257614,0.0
2733,0.000425580735610295,0.000425580735610295,0.0
2734,0.00042558076427377513,0.00042558076427377513,0.0
2735,0.0004255807587475702,0.0004255806970500198,6.169755038501315e-11
2736,0.0004255806732549364,0.0004255806732549364,0.0
2737,0.0004255806735281973,0.0004255806735281973,0.0
2738,0.00042558066060153853,0.00042558066060153853,0.0
2739,0.0004255806509048552,0.0004255806509048552,0.0
2740,0.0004255806474460389,0.0004255806474460389,0.0
2741,0.0004255810493540732,0.00042558069181141084,3.575426623686805e-10
2742,0.00042558060100852236,0.00042558060100852236,0.0
2743,0.0004255805739882999,0.0004255805739882999,0.0
2744,0.00042558058600204886,0.00042558058600204886,0.0
2745,0.0004255806680380048,0.0004255806680380048,0.0
2746,0.0004255806543992493,0.0004255806543992493,0.0
2747,0.0004255806671626921,0.0004255806671626921,0.0
2748,0.00042558055776719224,0.00042558055776719224,0.0
2749,0.0004255805877392033,0.00042558053017676545,5.7562437819188527e-11
2750,0.00042558061201205757,0.00042558061201205757,0.0
2751,0.0004255805696981366,0.0004255805696981366,0.0
2752,0.0004255805176499978,0.0004255805176499978,0.0
2753,0.00042558046204753115,0.00042558046204753115,0.0
2754,0.00042558052335096315,0.00042558052335096315,0.0
2755,0.0004255804846404754,0.0004255804846404754,0.0
2756,0.00042558058269115244,0.00042558058269115244,0.0
2757,0.0004255804908251108,0.0004255804908251108,0.0
2758,0.0004255805803122922,0.0004255805803122922,0.0
2759,0.0004255806886070698,0.000425580520884399,1.6772267080358107e-10
2760,0.00042558059821518046,0.00042558059821518046,0.0
2761,0.00042558046338342034,0.00042558046338342034,0.0
2762,0.0004255804505890178,0.0004255804505890178,0.0
2763,0.00042558040266811635,0.00042558040266811635,0.0
2764,0.000425580524972355,0.000425580524972355,0.0
2765,0.0004255804899562352,0.0004255804899562352,0.0
2766,0.00042558039983902604,0.00042558039983902604,0.0
2767,0.00042558033848089544,0.00042558033848089544,0.0
2768,0.00042558039556357457,0.00042558039556357457,0.0
2769,0.00042558037732106225,0.00042558037732106225,0.0
2770,0.00042558040817066285,0.00042558040817066285,0.0
2771,0.0004255803378698773,0.0004255803378698773,0.0
2772,0.00042558027501824586,0.00042558027501824586,0.0
2773,0.00042558034874155164,0.00042558034874155164,0.0
2774,0.0004255803464486185,0.0004255803464486185,0.0
2775,0.0004255803952333439,0.0004255803952333439,0.0
2776,0.00042558030320922357,0.00042558030320922357,0.0
2777,0.0004255802700281332,0.0004255802700281332,0.0
2778,0.00042558025641394303,0.00042558025641394303,0.0
2779,0.00042558022870369905,0.00042558022870369905,0.0
2780,0.00042558019005307663,0.00042558019005307663,0.0
2781,0.00042558023822374347,0.00042558023822374347,0.0
2782,0.0004255801849826816,0.0004255801849826816,0.0
2783,0.00042558014603068017,0.00042558014603068017,0.0
2784,0.0004255802321353172,0.0004255802321353172,0.0
2785,0.0004255801451368183,0.0004255801451368183,0.0
2786,0.00042558011406268297,0.00042558011406268297,0.0
2787,0.00042558006962226504,0.00042558006962226504,0.0
2788,0.0004255799692898737,0.0004255799692898737,0.0
2789,0.0004255801439236495,0.0004255801439236495,0.0
2790,0.0004255799767776375,0.0004255799767776375,0.0
2791,0.0004255800159535611,0.0004255800159535611,0.0
2792,0.0004255800455389378,0.0004255800455389378,0.0
2793,0.0004255801122553004,0.0004255801122553004,0.0
2794,0.0004255799887354123,0.0004255799887354123,0.0
2795,0.00042557987266396386,0.00042557987266396386,0.0
2796,0.00042557972897449837,0.00042557972897449837,0.0
2797,0.00042557990077926903,0.00042557990077926903,0.0
2798,0.00042557994960289863,0.00042557994960289863,0.0
2799,0.0004255799158772026,0.0004255799158772026,0.0
2800,0.0004255801027257634,0.0004255801027257634,0.0
2801,0.0004255798028918241,0.0004255798028918241,0.0
2802,0.0004255800954529726,0.0004255800954529726,0.0
2803,0.00042558004674939494,0.00042558004674939494,0.0
2804,0.0004255796990929871,0.0004255796990929871,0.0
2805,0.0004255795443156034,0.0004255795443156034,0.0
2806,0.0004255798031463711,0.0004255798031463711,0.0
2807,0.0004255796892243036,0.0004255796892243036,0.0
2808,0.00042557963618462027,0.00042557963618462027,0.0
2809,0.00042558002030292335,0.00042558002030292335,0.0
2810,0.0004255796080510389,0.0004255796080510389,0.0
2811,0.0004255796521363418,0.0004255796521363418,0.0
2812,0.00042557982217348114,0.00042557982217348114,0.0
2813,0.00042557975136379853,0.00042557975136379853,0.0
2814,0.000425579590005447,0.000425579590005447,0.0
2815,0.00042557993362512224,0.00042557993362512224,0.0
2816,0.00042557958526820064,0.00042557958526820064,0.0
2817,0.00042557956768526727,0.00042557956768526727,0.0
2818,0.0004255795977001341,0.0004255795977001341,0.0
2819,0.0004255794159154861,0.0004255794159154861,0.0
2820,0.0004255793084342925,0.0004255793084342925,0.0
2821,0.00042557943050405736,0.00042557943050405736,0.0
2822,0.0004255797866697005,0.0004255797866697005,0.0
2823,0.0004255793620557958,0.0004255793620557958,0.0
2824,0.00042557929269327813,0.00042557929269327813,0.0
2825,0.00042557919633958666,0.00042557919633958666,0.0
2826,0.00042557957882694285,0.00042557957882694285,0.0
2827,0.0004255792747104455,0.0004255792747104455,0.0
2828,0.0004255791407937743,0.0004255791407937743,0.0
2829,0.0004255789122433984,0.0004255789122433984,0.0
2830,0.0004255794729548411,0.0004255794729548411,0.0
2831,0.00042557959300348257,0.00042557959300348257,0.0
2832,0.0004255791344325527,0.0004255791344325527,0.0
2833,0.0004255791946904348,0.0004255791946904348,0.0
2834,0.0004255794730601879,0.0004255794730601879,0.0
2835,0.00042557909128592087,0.00042557909128592087,0.0
2836,0.0004255792002400228,0.0004255792002400228,0.0
2837,0.0004255789513583465,0.0004255789513583465,0.0
2838,0.0004255792049087124,0.0004255792049087124,0.0
2839,0.0004255791116621535,0.0004255791116621535,0.0
2840,0.00042557887028230973,0.00042557887028230973,0.0
2841,0.00042557870627705027,0.00042557870627705027,0.0
2842,0.0004255789650933981,0.0004255789650933981,0.0
2843,0.00042557887505654494,0.00042557887505654494,0.0
2844,0.0004255786278032248,0.0004255786278032248,0.0
2845,0.00042557832668936493,0.00042557832668936493,0.0
2846,0.00042557888614636416,0.00042557888614636416,0.0
2847,0.00042557894570382284,0.00042557894570382284,0.0
2848,0.000425578664261281,0.000425578664261281,0.0
2849,0.00042557860499354796,0.00042557860499354796,0.0
2850,0.00042557858986920895,0.00042557858986920895,0.0
2851,0.00042557865476205243,0.00042557865476205243,0.0
2852,0.0004255789529484971,0.0004255789529484971,0.0
2853,0.0004255784263090687,0.0004255784263090687,0.0
2854,0.0004255785003483715,0.0004255785003483715,0.0
2855,0.00042557818354006815,0.00042557818354006815,0.0
2856,0.0004255777686703704,0.0004255777686703704,0.0
2857,0.00042557836891346225,0.00042557836891346225,0.0
2858,0.0004255781891835212,0.0004255781891835212,0.0
2859,0.0004255780339873774,0.0004255780339873774,0.0
2860,0.00042557832770015333,0.00042557832770015333,0.0
2861,0.0004255783415638539,0.0004255783415638539,0.0
2862,0.0004255780099569023,0.0004255780099569023,0.0
2863,0.000425578082922205,0.000425578082922205,0.0
2864,0.000425578142957984,0.000425578142957984,0.0
2865,0.000425578417149013,0.000425578417149013,0.0
2866,0.000425577714493094,0.000425577714493094,0.0
2867,0.0004255774047407547,0.0004255774047407547,0.0
2868,0.0004255777477583699,0.0004255777477583699,0.0
2869,0.00042557774460301776,0.00042557774460301776,0.0
2870,0.00042557750584126694,0.00042557750584126694,0.0
2871,0.00042557755153670423,0.00042557755153670423,0.0
2872,0.00042557751830725314,0.00042557751830725314,0.0
2873,0.0004255776203475332,0.0004255776203475332,0.0
2874,0.0004255774528363772,0.0004255774528363772,0.0
2875,0.00042557782538529533,0.00042557782538529533,0.0
2876,0.0004255771946166831,0.0004255771946166831,0.0
2877,0.0004255768136273427,0.0004255768136273427,0.0
2878,0.00042557755101337426,0.00042557755101337426,0.0
2879,0.0004255773353562036,0.0004255773353562036,0.0
2880,0.0004255768703152868,0.0004255768703152868,0.0
2881,0.00042557705515082543,0.00042557705515082543,0.0
2882,0.0004255768269234661,0.0004255768269234661,0.0
2883,0.00042557706897535766,0.00042557706897535766,0.0
2884,0.0004255765923844332,0.0004255765923844332,0.0
2885,0.00042557602779111326,0.00042557602779111326,0.0
2886,0.00042557638287348497,0.00042557638287348497,0.0
2887,0.00042557717679652784,0.00042557717679652784,0.0
2888,0.00042557671177979753,0.00042557671177979753,0.0
2889,0.0004255764803811426,0.0004255764803811426,0.0
2890,0.00042557637938137906,0.00042557637938137906,0.0
2891,0.00042557627310509084,0.00042557627310509084,0.0
2892,0.00042557624409192554,0.00042557624409192554,0.0
2893,0.00042557621264365317,0.00042557621264365317,0.0
2894,0.0004255759499398126,0.0004255759499398126,0.0
2895,0.00042557552594274306,0.0004255755219932675,3.9494755671611835e-12
2896,0.0004255759441243628,0.0004255759441243628,0.0
2897,0.00042557546132936314,0.00042557546132936314,0.0
2898,0.0004255746327149948,0.00042557463215813635,5.568584557828826e-13
2899,0.00042557573859547946,0.00042557573859547946,0.0
2900,0.0004255753987832421,0.0004255753987832421,0.0
2901,0.0004255758646113678,0.0004255758646113678,0.0
2902,0.00042557537512202446,0.00042557537512202446,0.0
2903,0.00042557510755455617,0.00042557510755455617,0.0
2904,0.00042557497627724493,0.00042557497627724493,0.0
2905,0.00042557504195640046,0.00042557504195640046,0.0
2906,0.00042557527900260333,0.00042557527900260333,0.0
2907,0.00042557452196186876,0.00042557452196186876,0.0
2908,0.0004255737281854208,0.0004255737281854208,0.0
2909,0.00042557465343285076,0.00042557451104303494,1.423898158062316e-10
2910,0.0004255742254001239,0.0004255742254001239,0.0
2911,0.00042557731319813155,0.00042557419997625345,3.11322187811872e-09
2912,0.00042557571326291144,0.00042557571326291144,0.0
2913,0.000425579876064089,0.0004255746067064071,5.269357681925653e-09
2914,0.00042557561229967947,0.00042557561229967947,0.0
2915,0.0004255779198316784,0.00042557444481898743,3.47501269095412e-09
2916,0.0004255756002210036,0.0004255756002210036,0.0
2917,0.00042557423422129873,0.00042557423422129873,0.0
2918,0.0004255739930581098,0.0004255739930581098,0.0
2919,0.0004255740197996289,0.0004255740197996289,0.0
2920,0.0004255743427348802,0.0004255743427348802,0.0
2921,0.0004255742376835061,0.0004255742376835061,0.0
2922,0.0004255737959155821,0.00042557351431591315,2.8159966892961967e-10
2923,0.0004255750008201349,0.0004255735355175643,1.4653025705973025e-09
2924,0.0004255755469659931,0.00042557329310387526,2.2538621178549753e-09
2925,0.00042557379569015797,0.00042557379569015797,0.0
2926,0.00042557349243706167,0.00042557349243706167,0.0
2927,0.00042557318953929214,0.00042557318953929214,0.0
2928,0.00042557666108017714,0.0004255734726866836,3.1883934935707373e-09
2929,0.00042557467167332407,0.00042557467167332407,0.0
2930,0.0004255736005431669,0.0004255736005431669,0.0
2931,0.0004255733946613065,0.0004255733946613065,0.0
2932,0.00042557293392358835,0.00042557293392358835,0.0
2933,0.00042557225967211485,0.00042557225967211485,0.0
2934,0.0004255816198746902,0.0004255727150400496,8.904834640628453e-09
2935,0.0004255743314153121,0.0004255743314153121,0.0
2936,0.00042557419305889023,0.00042557419305889023,0.0
2937,0.00042557256231112847,0.00042557256231112847,0.0
2938,0.00042557271280054226,0.00042557271280054226,0.0
2939,0.00042557277276062934,0.00042557277276062934,0.0
2940,0.000425572612892378,0.000425572612892378,0.0
2941,0.0004255729498045656,0.0004255729498045656,0.0
2942,0.000425572165759207,0.000425572165759207,0.0
2943,0.0004255746126191309,0.0004255711840363009,3.4285828299843098e-09
2944,0.00042557270868634353,0.00042557270868634353,0.0
2945,0.0004255721266885536,0.0004255721266885536,0.0
2946,0.0004255724040532967,0.0004255715567876636,8.472656331165081e-10
2947,0.0004255717551333227,0.0004255717551333227,0.0
2948,0.00042557078913656014,0.00042557078913656014,0.0
2949,0.00042557436223988323,0.0004255714125211874,2.9497186957934897e-09
2950,0.00042557342003877644,0.00042557342003877644,0.0
2951,0.0004255717716130938,0.0004255717716130938,0.0
2952,0.0004255712930406,0.0004255712930406,0.0
2953,0.0004255716587239744,0.0004255716587239744,0.0
2954,0.00042557123726013425,0.00042557123726013425,0.0
2955,0.0004255711936335828,0.0004255711936335828,0.0
2956,0.00042557146526466216,0.00042557146526466216,0.0
2957,0.0004255705200998914,0.0004255705200998914,0.0
2958,0.0004255692138361491,0.0004255692138361491,0.0
2959,0.0004255707102344358,0.0004255707102344358,0.0
2960,0.00042557211147273706,0.0004255711781154229,9.333573141647785e-10
2961,0.00042557070944995707,0.00042557070944995707,0.0
2962,0.0004255704487477828,0.00042557038019732025,6.855046255401658e-11
2963,0.0004255698947540325,0.0004255698947540325,0.0
2964,0.00042556991799572505,0.00042556991799572505,0.0
2965,0.00042556992814656106,0.0004255697316347996,1.9651176144105384e-10
2966,0.00042556969302620754,0.00042556969302620754,0.0
2967,0.0004255697820494002,0.0004255697820494002,0.0
2968,0.00042556935840342656,0.00042556935840342656,0.0
2969,0.0004255691383586369,0.0004255691383586369,0.0
2970,0.00042556864367027553,0.00042556864367027553,0.0
2971,0.0004255707887917696,0.0004255707887917696,0.0
2972,0.0004255688043052508,0.0004255688043052508,0.0
2973,0.00042556833024111384,0.00042556833024111384,0.0
2974,0.00042556710460271284,0.00042556694511624703,1.5948646579262406e-10
2975,0.00042556896177221154,0.00042556896177221154,0.0
2976,0.0004255682181451775,0.0004255682181451775,0.0
2977,0.00042556766641604075,0.00042556766641604075,0.0
2978,0.0004255676730094485,0.0004255676730094485,0.0
2979,0.000425567955646118,0.000425567955646118,0.0
2980,0.00042557156606671176,0.0004255681036657883,3.4624009235019513e-09
2981,0.0004255696654402889,0.0004255696654402889,0.0
2982,0.00042556748628367355,0.00042556748628367355,0.0
2983,0.00042556737034486313,0.00042556737034486313,0.0
2984,0.00042556737421588524,0.00042556737421588524,0.0
2985,0.0004255676573924671,0.0004255676573924671,0.0
2986,0.00042556771933995247,0.00042556771933995247,0.0
2987,0.00042556687858337846,0.00042556687858337846,0.0
2988,0.0004255663620721356,0.0004255663620721356,0.0
2989,0.0004255673764646597,0.0004255673764646597,0.0
2990,0.00042556621981128376,0.00042556621981128376,0.0
2991,0.00042556542202920296,0.00042556542202920296,0.0
2992,0.0004255655241313649,0.0004255655241313649,0.0
2993,0.00042556545233057597,0.00042556545233057597,0.0
2994,0.000425566406440644,0.000425566406440644,0.0
2995,0.000425565963905061,0.000425565963905061,0.0
2996,0.0004255658212542622,0.0004255658212542622,0.0
2997,0.0004255654675638643,0.0004255652876863066,1.7987755765141604e-10
2998,0.00042556485918934166,0.00042556485918934166,0.0
2999,0.00042556378027311224,0.0004255637726313297,7.641782571307118e-12
3000,0.00042556492165887814,0.00042556492165887814,0.0
3001,0.00042556460569534763,0.00042556460569534763,0.0
3002,0.0004255651061848,0.0004255651061848,0.0
3003,0.00042556486260313895,0.00042556486260313895,0.0
3004,0.00042556598614058524,0.00042556408590631794,1.9002342673053867e-09
3005,0.00042556514254748487,0.00042556514254748487,0.0
3006,0.0004255637763839475,0.0004255637763839475,0.0
3007,0.0004255632885939561,0.0004255632885939561,0.0
3008,0.0004255661671052792,0.0004255631838552542,2.983250024984453e-09
3009,0.00042556477480941353,0.00042556477480941353,0.0
3010,0.00042556510206642935,0.00042556510206642935,0.0
3011,0.0004255662060747969,0.0004255626413444475,3.5647303494065323e-09
3012,0.0004255623736040886,0.0004255623736040886,0.0
3013,0.00042556096913950656,0.0004255609691391296,3.7696507262035226e-16
3014,0.0004255657907886297,0.0004255657907886297,0.0
3015,0.00042556575174844033,0.00042556575174844033,0.0
3016,0.0004255651737054759,0.0004255651737054759,0.0
3017,0.00042556438719884993,0.00042556438719884993,0.0
3018,0.00042556286196094955,0.00042556286196094955,0.0
3019,0.00042556305449528676,0.0004255624919405188,5.6255476793317e-10
3020,0.0004255661914843166,0.0004255623982829463,3.793201370236564e-09
3021,0.0004255647167431651,0.0004255647167431651,0.0
3022,0.0004255641017969165,0.0004255641017969165,0.0
3023,0.0004255651739144525,0.0004255651739144525,0.0
3024,0.0004255633717380774,0.0004255633717380774,0.0
3025,0.0004255625545225425,0.0004255625545225425,0.0
3026,0.0004255647694291917,0.00042556448801125854,2.8141793319306505e-10
3027,0.0004255694248688976,0.00042556252686791425,6.898000983324716e-09
3028,0.00042556417954228633,0.00042556417954228633,0.0
3029,0.00042556244377207404,0.00042556244377207404,0.0
3030,0.0004255619028025388,0.0004255617780959746,1.247065641699027e-10
3031,0.0004255638826231146,0.0004255630834994939,7.991236206957265e-10
3032,0.00042556234209275147,0.00042556234127125956,8.21491918794244e-13
3033,0.00042556456047504015,0.0004255612564066152,3.304068424960942e-09
3034,0.00042556211171685234,0.00042556211171685234,0.0
3035,0.000425563009493454,0.000425563009493454,0.0
3036,0.0004255641303314114,0.00042556045028737245,3.6800440389326862e-09
3037,0.00042556280493837506,0.00042556280493837506,0.0
3038,0.00042556351221258556,0.00042556351221258556,0.0
3039,0.00042556126344967454,0.00042556126344967454,0.0
3040,0.00042556503283160347,0.00042556021712557095,4.815706032498135e-09
3041,0.00042556301727923317,0.00042556301727923317,0.0
3042,0.00042556407194192694,0.00042556407194192694,0.0
3043,0.00042556129242107013,0.00042556129162834173,7.927283906821415e-13
3044,0.0004255646345924135,0.00042556006297776223,4.57161465130214e-09
3045,0.0004255629863787211,0.0004255629863787211,0.0
3046,0.00042556354886361336,0.00042556354886361336,0.0
3047,0.00042556128603363235,0.00042556128603363235,0.0
3048,0.00042556312906086996,0.0004255627282272035,4.0083366645034156e-10
3049,0.00042556303454854724,0.0004255605750435207,2.459505026584451e-09
3050,0.0004255634260435699,0.0004255613287229122,2.0973206577039547e-09
3051,0.00042556232752804504,0.00042556232752804504,0.0
3052,0.0004255614384518414,0.0004255614384518414,0.0
3053,0.00042556278771028116,0.00042556278771028116,0.0
3054,0.000425561230395125,0.000425561230395125,0.0
3055,0.0004255634253827478,0.0004255634253827478,0.0
3056,0.0004255610146361093,0.0004255609712893992,4.334671012477757e-11
3057,0.0004255601178464706,0.0004255601176593603,1.8711032537750648e-13
3058,0.0004255601051626477,0.0004255589964402215,1.108722426207504e-09
3059,0.00042556181676397105,0.00042556163625363054,1.8051034053167044e-10
3060,0.00042556019599763626,0.00042555955986330697,6.361343292958421e-10
3061,0.0004255597915242011,0.00042555979147032704,5.387403820038257e-14
3062,0.00042555973115737986,0.00042555936242283376,3.6873454608615066e-10
3063,0.00042556117575323887,0.00042556117575323887,0.0
3064,0.0004255626160011689,0.00042556097600872963,1.6399924392843826e-09
3065,0.00042556075825416406,0.000425560579818915,1.784352490595407e-10
3066,0.00042555938203294596,0.00042555937547554323,6.557402751362357e-12
3067,0.0004255591910201078,0.00042555891118242875,2.798376790768755e-10
3068,0.00042556115193147914,0.00042555876532598095,2.3866054982006453e-09
3069,0.00042555939998336045,0.00042555939998336045,0.0
3070,0.00042556038842272455,0.00042555814417281787,2.2442499067036784e-09
3071,0.0004255598775937744,0.0004255596895482967,1.88045477676532e-10
3072,0.0004255581735358715,0.0004255581735358715,0.0
3073,0.0004255573695619815,0.0004255573695619815,0.0
3074,0.00042555906181737126,0.00042555906181737126,0.0
3075,0.0004255592855717957,0.0004255584407706726,8.448011230890625e-10
3076,0.00042555870181324297,0.00042555869448308457,7.330158405537499e-12
3077,0.00042556444180013106,0.00042555750182508395,6.9399750470976275e-09
3078,0.0004255599798960715,0.0004255599798960715,0.0
3079,0.00042555822575265277,0.00042555790127082855,3.2448182424370004e-10
3080,0.00042556724534710885,0.00042555679227315274,1.0453073956131804e-08
3081,0.0004255598613954519,0.0004255598613954519,0.0
3082,0.00042556054766211256,0.00042555940886512594,1.1387969866243961e-09
3083,0.0004255590315814201,0.0004255590315814201,0.0
3084,0.00042555679070693027,0.00042555676113001644,2.957691382918807e-11
3085,0.0004255557829314079,0.0004255557592555124,2.367589547457689e-11
3086,0.00042555756886908787,0.00042555741158342133,1.5728566653389238e-10
3087,0.00042555740158410984,0.00042555740158410984,0.0
3088,0.0004255587976569729,0.0004255587976569729,0.0
3089,0.0004255593084809968,0.0004255593084809968,0.0
3090,0.00042555703987418167,0.00042555703987418167,0.0
3091,0.00042555728025601855,0.00042555728025601855,0.0
3092,0.00042555631647146254,0.00042555605046067324,2.660107892761628e-10
3093,0.000425556710262739,0.000425556710262739,0.0
3094,0.000425555912957254,0.00042555549687091365,4.1608634035001045e-10
3095,0.0004255570613783732,0.0004255570613783732,0.0
3096,0.0004255580455101129,0.0004255580455101129,0.0
3097,0.00042555725872642285,0.0004255561708981821,1.0878282407159438e-09
3098,0.00042555717257788435,0.00042555717257788435,0.0
3099,0.00042555695032835274,0.00042555695032835274,0.0
3100,0.00042555533772804484,0.00042555533772804484,0.0
3101,0.0004255555695960825,0.0004255555695960825,0.0
3102,0.00042555438052857406,0.0004255542168513642,1.6367720986690698e-10
3103,0.000425554101121424,0.00042555284547922975,1.2556421942087173e-09
3104,0.0004255580683459406,0.0004255579205403597,1.4780558087062263e-10
3105,0.00042555488380754795,0.00042555488380754795,0.0
3106,0.00042555514912505116,0.00042555514912505116,0.0
3107,0.00042555769463061997,0.00042555769463061997,0.0
3108,0.0004255561565473484,0.0004255561565473484,0.0
3109,0.0004255571132290271,0.0004255569836067878,1.2962223927602251e-10
3110,0.0004255557709233322,0.0004255557709233322,0.0
3111,0.0004255558062843601,0.0004255558062843601,0.0
3112,0.00042555535631547315,0.00042555535631547315,0.0
3113,0.0004255542318000001,0.0004255535156819543,7.161180458386237e-10
3114,0.00042555622205483215,0.00042555622205483215,0.0
3115,0.00042555477910979645,0.0004255544154332064,3.6367659003979063e-10
3116,0.00042555579109686286,0.00042555579109686286,0.0
3117,0.0004255550796860184,0.000425554932816491,1.468695273997616e-10
3118,0.0004255530688251922,0.0004255528385079654,2.3031722678224638e-10
3119,0.0004255533497830003,0.00042555182148126916,1.5283017311492474e-09
3120,0.000425555022483725,0.00042555439873270264,6.23751022353475e-10
3121,0.0004255547431103041,0.0004255541543013958,5.888089083001859e-10
3122,0.0004255533904740933,0.0004255533904740933,0.0
3123,0.0004255573260616424,0.00042555440936311824,2.9166985241650886e-09
3124,0.0004255547480039739,0.0004255547480039739,0.0
3125,0.0004255556639168979,0.0004255555004489094,1.6346798851880717e-10
3126,0.00042555336844789455,0.00042555336844789455,0.0
3127,0.00042555493946941006,0.0004255544905429907,4.4892641938284943e-10
3128,0.0004255585608587258,0.0004255571988863205,1.36197240527925e-09
3129,0.0004255542420276675,0.0004255542420276675,0.0
3130,0.0004255533188684615,0.0004255533188684615,0.0
3131,0.00042555549638124295,0.00042555405026049176,1.4461207511754325e-09
3132,0.00042555448194962807,0.00042555448194962807,0.0
3133,0.00042555575789466796,0.00042555575789466796,0.0
3134,0.00042555385544006976,0.00042555347587359493,3.7956647484643503e-10
3135,0.00042555343483627675,0.00042555328968267055,1.4515360619028986e-10
3136,0.00042555251088033624,0.00042555228730006714,2.235802691232632e-10
3137,0.000425552821182851,0.0004255521254207347,6.95762116249735e-10
3138,0.00042555386015549166,0.000425551743956083,2.116199408630338e-09
3139,0.00042555336168161414,0.00042555334494108276,1.674053137060247e-11
3140,0.0004255542082634534,0.0004255542082634534,0.0
3141,0.0004255545033171767,0.0004255545033171767,0.0
3142,0.000425553481294227,0.0004255528389768421,6.42317384854919e-10
3143,0.0004255527619364035,0.0004255527619364035,0.0
3144,0.00042555338649382193,0.00042555167436374196,1.7121300799706166e-09
3145,0.00042555253680797936,0.00042555253680797936,0.0
3146,0.00042555369990267966,0.0004255529884253843,7.114772953583202e-10
3147,0.00042555384803985634,0.00042555320086263133,6.471772249846586e-10
3148,0.0004255540069250602,0.00042555238599177776,1.6209332824560562e-09
3149,0.0004255516292479133,0.0004255516292479133,0.0
3150,0.0004255515896687197,0.0004255515896687197,0.0
3151,0.00042555384820131887,0.00042555253933539773,1.3088659211270291e-09
3152,0.00042555373121945885,0.00042555373121945885,0.0
3153,0.0004255538071820727,0.0004255538071820727,0.0
3154,0.0004255534710079017,0.0004255534710079017,0.0
3155,0.00042555269016671555,0.00042555269016671555,0.0
3156,0.00042555366661710766,0.00042555366661710766,0.0
3157,0.000425554411334136,0.000425554411334136,0.0
3158,0.00042555250289361547,0.00042555237718983595,1.2570377952044266e-10
3159,0.00042555316815902193,0.0004255528365007098,3.3165831212848475e-10
3160,0.00042555317049463264,0.00042555305090314304,1.1959148961069248e-10
3161,0.0004255545125035265,0.0004255545125035265,0.0
3162,0.0004255524137115014,0.00042555224291861084,1.7079289059001303e-10
3163,0.00042555376516274535,0.0004255521839852189,1.5811775263957487e-09
3164,0.00042555276558708195,0.00042555276558708195,0.0
3165,0.0004255530651854555,0.0004255530651854555,0.0
3166,0.0004255528491705119,0.00042555166507657506,1.1840939368151654e-09
3167,0.0004255524815134187,0.0004255524815134187,0.0
3168,0.0004255517515406496,0.00042555110475986217,6.467807874769743e-10
3169,0.00042555345586130585,0.00042555345586130585,0.0
3170,0.00042555219246591353,0.0004255517369946349,4.554712786261631e-10
3171,0.0004255517500450288,0.0004255507755472775,9.74497751277475e-10
3172,0.00042555310733644573,0.0004255530647156103,4.2620835405508585e-11
3173,0.0004255513442300341,0.0004255510871785658,2.570514683012557e-10
3174,0.00042555185421824787,0.0004255511699462757,6.842719721274783e-10
3175,0.0004255524059856467,0.0004255524038986004,2.0870463251880442e-12
3176,0.0004255523312077026,0.0004255523312077026,0.0
3177,0.00042555308564364214,0.0004255530798416588,5.801983368206734e-12
3178,0.0004255520764679808,0.0004255520646435717,1.182440914995154e-11
3179,0.00042555108541229733,0.00042555108541229733,0.0
3180,0.00042555113990825103,0.00042555113990825103,0.0
3181,0.00042555229350869033,0.0004255510445849712,1.2489237191318474e-09
3182,0.0004255519220133475,0.0004255519220133475,0.0
3183,0.0004255514094533343,0.0004255507589344201,6.505189141619972e-10
3184,0.0004255510961709828,0.0004255506881381559,4.08032826849352e-10
3185,0.00042555226514533765,0.00042555139366872076,8.714766169159885e-10
3186,0.00042555333474386236,0.0004255524804249267,8.543189356537606e-10
3187,0.0004255515727851902,0.00042555157219236665,5.928235283953189e-13
3188,0.0004255505514149137,0.0004255505355428741,1.587203955441764e-11
3189,0.00042555037809352477,0.00042555037809352477,0.0
3190,0.0004255501476027436,0.00042555010775701714,3.984572641152057e-11
3191,0.0004255496352786477,0.0004255496203586919,1.4919955832130883e-11
3192,0.00042555139525491184,0.00042555061366433356,7.815905783012486e-10
3193,0.00042555064886974577,0.00042555059203129244,5.68384533207933e-11
3194,0.0004255508440628246,0.0004255504504211452,3.9364167938241515e-10
3195,0.00042555188055123976,0.0004255508540879675,1.0264632722132153e-09
3196,0.0004255507394111731,0.0004255507394111731,0.0
3197,0.0004255521300444977,0.0004255521300444977,0.0
3198,0.00042554959997388535,0.00042554959997388535,0.0
3199,0.0004255489988243134,0.0004255489988243134,0.0
3200,0.0004255515692587866,0.0004255509410529452,6.282058413957326e-10
3201,0.000425549727178751,0.00042554953278780866,1.9439094237616057e-10
3202,0.00042555085028176217,0.00042554870399890327,2.1462828588845077e-09
3203,0.000425551024721668,0.000425551024721668,0.0
3204,0.0004255496740978128,0.0004255496740978128,0.0
3205,0.0004255495392190353,0.0004255495392190353,0.0
3206,0.0004255504485702243,0.00042554952185748957,9.267127347169159e-10
3207,0.00042554877329010045,0.0004255484574007499,3.158893505526816e-10
3208,0.0004255484837817233,0.0004255477934092889,6.903724343863727e-10
3209,0.0004255508931030275,0.0004255508931030275,0.0
3210,0.00042554900853867454,0.00042554900853867454,0.0
3211,0.00042554943057852233,0.00042554943057852233,0.0
3212,0.0004255502781398441,0.0004255502781398441,0.0
3213,0.00042554890559050193,0.00042554890559050193,0.0
3214,0.00042554866669362786,0.00042554855543353156,1.1126009630466776e-10
3215,0.0004255496665975124,0.0004255494724642637,1.9413324870296287e-10
3216,0.0004255491185127978,0.0004255489281715784,1.9034121937409421e-10
3217,0.00042554979712010056,0.00042554979712010056,0.0
3218,0.0004255499674397402,0.0004255499674397402,0.0
3219,0.00042554867960968514,0.0004255486314815828,4.812810235053723e-11
3220,0.00042554766457241297,0.00042554766457241297,0.0
3221,0.0004255472457094649,0.0004255472457094649,0.0
3222,0.00042555026376087747,0.00042555026376087747,0.0
3223,0.0004255475160598444,0.0004255475160598444,0.0
3224,0.00042554857167527915,0.00042554857167527915,0.0
3225,0.00042554970686172936,0.00042554884083823404,8.660234952999971e-10
3226,0.0004255495584546623,0.00042554925270406026,3.057506020309766e-10
3227,0.00042554946480084625,0.0004255475540897419,1.910711104360675e-09
3228,0.0004255476549560321,0.0004255476549560321,0.0
3229,0.00042554934090696265,0.00042554934090696265,0.0
3230,0.00042554723863653124,0.0004255472260006621,1.263586910388143e-11
3231,0.0004255472145523232,0.00042554714533291863,6.921940454164097e-11
3232,0.00042554819872499554,0.00042554819872499554,0.0
3233,0.00042554770497653865,0.00042554770497653865,0.0
3234,0.0004255486081034858,0.0004255486081034858,0.0
3235,0.0004255468074914271,0.0004255467657200474,4.177137970306116e-11
3236,0.0004255471715094237,0.0004255468602984547,3.112109690058339e-10
3237,0.0004255485875525524,0.0004255485875525524,0.0
3238,0.0004255476274954919,0.0004255476274954919,0.0
3239,0.0004255473184093977,0.00042554711186231815,2.0654707955965727e-10
3240,0.00042554835314838877,0.00042554835314838877,0.0
3241,0.00042554703138752455,0.00042554703138752455,0.0
3242,0.0004255467083838551,0.00042554669762536937,1.0758485727456102e-11
3243,0.00042554755609195105,0.0004255473514732606,2.0461869040951333e-10
3244,0.0004255467994911508,0.0004255467910309225,8.460228282778523e-12
3245,0.0004255460974938552,0.0004255460974938552,0.0
3246,0.0004255460622619854,0.0004255460622619854,0.0
3247,0.000425547550254883,0.000425547550254883,0.0
3248,0.00042554703066123876,0.00042554698649180774,4.416943104229789e-11
3249,0.00042554828950257755,0.0004255462450247311,2.0444778464451687e-09
3250,0.00042554605068575036,0.00042554605068575036,0.0
3251,0.00042554714329746815,0.0004255471337279739,9.56949422177704e-12
3252,0.00042554665688311817,0.00042554665688311817,0.0
3253,0.000425547520251971,0.0004255471746641693,3.455878016789167e-10
3254,0.0004255477381560056,0.0004255477381560056,0.0
3255,0.00042554727939540706,0.00042554727939540706,0.0
3256,0.0004255483066022039,0.00042554609418970487,2.2124124990227996e-09
3257,0.00042554688466907336,0.00042554688466907336,0.0
3258,0.0004255455281390887,0.0004255455281390887,0.0
3259,0.00042554539972351703,0.00042554539972351703,0.0
3260,0.00042554774178510564,0.00042554774178510564,0.0
3261,0.00042554658052440015,0.00042554658052440015,0.0
3262,0.0004255464750060853,0.0004255464750060853,0.0
3263,0.0004255470994866435,0.0004255467923616894,3.0712495409820017e-10
3264,0.00042554823296224713,0.00042554823296224713,0.0
3265,0.000425546260773368,0.0004255462208898688,3.988349921883377e-11
3266,0.0004255464236761832,0.00042554641209492823,1.1581254925739703e-11
3267,0.00042554703245253737,0.00042554703245253737,0.0
3268,0.00042554711218352855,0.00042554711218352855,0.0
3269,0.0004255460507116353,0.0004255459686725,8.203913528162587e-11
3270,0.0004255456954761937,0.0004255456954761937,0.0
3271,0.00042554676167655934,0.00042554676167655934,0.0
3272,0.0004255473060439525,0.0004255473060439525,0.0
3273,0.00042554608005939743,0.00042554605628108787,2.3778309581315984e-11
3274,0.00042554703741998917,0.0004255468642709407,1.731490485078823e-10
3275,0.000425546154906593,0.000425546154906593,0.0
3276,0.0004255456591748668,0.0004255456591748668,0.0
3277,0.0004255464622004246,0.0004255464622004246,0.0
3278,0.00042554545156163774,0.0004255451141374239,3.3742421381652304e-10
3279,0.00042554518081976887,0.00042554518081976887,0.0
3280,0.00042554543240544586,0.00042554543240544586,0.0
3281,0.000425545734024987,0.000425545734024987,0.0
3282,0.0004255467073898887,0.0004255467073898887,0.0
3283,0.000425545238557205,0.000425545238557205,0.0
3284,0.00042554649967503405,0.00042554649967503405,0.0
3285,0.0004255451698379139,0.000425544776675875,3.931620388732861e-10
3286,0.00042554713381479423,0.0004255448764286223,2.2573861719161497e-09
3287,0.0004255456493897633,0.0004255456493897633,0.0
3288,0.0004255464046722904,0.0004255464046722904,0.0
3289,0.0004255451063776128,0.0004255451063123509,6.526193032016053e-14
3290,0.0004255461454476778,0.00042554610015082975,4.5296848044797024e-11
3291,0.0004255460932392786,0.0004255459653991795,1.2784009912634518e-10
3292,0.0004255450127732655,0.0004255450127732655,0.0
3293,0.00042554609563082065,0.00042554609563082065,0.0
3294,0.00042554588056972087,0.00042554588056477625,4.944617282518736e-15
3295,0.00042554500519211084,0.00042554500519211084,0.0
3296,0.00042554609951684134,0.00042554609951684134,0.0
3297,0.00042554487578755465,0.000425544846142975,2.964457964460129e-11
3298,0.0004255460016236379,0.00042554574476772356,2.5685591437397134e-10
3299,0.00042554631037761603,0.00042554631037761603,0.0
3300,0.00042554516392973404,0.0004255451553927674,8.536966672792576e-12
3301,0.000425544641688548,0.000425544641688548,0.0
3302,0.00042554534296595766,0.00042554534296595766,0.0
3303,0.0004255471963967289,0.00042554654913033106,6.472663977999958e-10
3304,0.00042554509769942173,0.00042554509769942173,0.0
3305,0.00042554467265308024,0.00042554467265308024,0.0
3306,0.000425544348887974,0.000425544348887974,0.0
3307,0.0004255448772603337,0.0004255448772603337,0.0
3308,0.0004255461216528889,0.0004255461216528889,0.0
3309,0.00042554497814735123,0.00042554497814735123,0.0
3310,0.00042554445010326415,0.00042554444253819953,7.565064640900041e-12
3311,0.0004255441962569792,0.00042554411748362323,7.877335596157545e-11
3312,0.00042554485155631773,0.00042554428457444574,5.669818719965999e-10
3313,0.0004255444442656347,0.0004255444442656347,0.0
3314,0.0004255446069293285,0.0004255446069293285,0.0
3315,0.000425544079923482,0.000425544079923482,0.0
3316,0.0004255441114259967,0.0004255441114259967,0.0
3317,0.0004255449786856218,0.0004255449786856218,0.0
3318,0.000425544305497936,0.00042554426167798525,4.381995075368501e-11
3319,0.0004255436483358098,0.0004255436103247575,3.801105229867841e-11
3320,0.0004255435444690744,0.00042554319919536454,3.4527370984411654e-10
3321,0.00042554460949071666,0.00042554460949071666,0.0
3322,0.00042554371745822945,0.00042554371745822945,0.0
3323,0.0004255440014540094,0.0004255440014540094,0.0
3324,0.0004255437267132577,0.00042554372603152246,6.81735217828308e-13
3325,0.00042554401263549994,0.00042554401263549994,0.0
3326,0.00042554364218550894,0.0004255436418295235,3.559854049113663e-13
3327,0.000425544288923315,0.000425544288923315,0.0
3328,0.0004255435021571705,0.0004255435021571705,0.0
3329,0.0004255441647031168,0.0004255441647031168,0.0
3330,0.00042554339650662003,0.00042554339650662003,0.0
3331,0.00042554398830142536,0.00042554398830142536,0.0
3332,0.00042554378547429695,0.000425543751647515,3.38267819164967e-11
3333,0.0004255432624476127,0.0004255432538011148,8.646497907319747e-12
3334,0.0004255438503472419,0.0004255436960785584,1.5426868348903858e-10
3335,0.0004255440845434061,0.00042554354053337675,5.440100293659247e-10
3336,0.00042554367659138395,0.00042554367659138395,0.0
3337,0.0004255433462675112,0.0004255433462675112,0.0
3338,0.0004255429066609592,0.0004255429066609592,0.0
3339,0.00042554317088052654,0.00042554317088052654,0.0
3340,0.0004255431030733906,0.0004255430223761228,8.069726780033122e-11
3341,0.00042554288381630606,0.00042554288381630606,0.0
3342,0.0004255434259003408,0.0004255434259003408,0.0
3343,0.0004255435378464008,0.0004255435378464008,0.0
3344,0.00042554290505843054,0.00042554290505843054,0.0
3345,0.0004255437110104701,0.0004255437110104701,0.0
3346,0.0004255427030466684,0.00042554238273946686,3.203072015667296e-10
3347,0.0004255440707581256,0.00042554226465110187,1.8061070237672188e-09
3348,0.0004255434536119252,0.0004255434536119252,0.0
3349,0.00042554261837934794,0.00042554252735683425,9.102251368607238e-11
3350,0.00042554350369104435,0.00042554293619701656,5.674940278148819e-10
3351,0.0004255429841803754,0.0004255429841803754,0.0
3352,0.00042554274961970225,0.00042554274961970225,0.0
3353,0.00042554248994763617,0.000425542398677176,9.127046013745497e-11
3354,0.0004255433597193904,0.0004255427799902184,5.797291719790366e-10
3355,0.00042554374743925265,0.00042554276580072996,9.816385226785378e-10
3356,0.00042554304417178175,0.00042554304417178175,0.0
3357,0.00042554315631403335,0.00042554315631403335,0.0
3358,0.00042554221063029066,0.00042554221063029066,0.0
3359,0.00042554244751342763,0.00042554244751342763,0.0
3360,0.0004255426455086494,0.0004255426455086494,0.0
3361,0.0004255433765416686,0.0004255433765416686,0.0
3362,0.0004255420700139534,0.0004255420700139534,0.0
3363,0.0004255422178919854,0.00042554221786133547,3.064991979708337e-14
3364,0.0004255426982929319,0.0004255426982929319,0.0
3365,0.0004255426510684525,0.00042554255148381196,9.958464056209308e-11
3366,0.00042554334027365286,0.00042554334027365286,0.0
3367,0.000425542455789657,0.000425542455390855,3.988019792025833e-13
3368,0.0004255433770911674,0.0004255433770911674,0.0
3369,0.0004255425677297709,0.0004255425677297709,0.0
3370,0.0004255421443155606,0.0004255421443155606,0.0
3371,0.00042554298078885996,0.00042554298078885996,0.0
3372,0.00042554314773876167,0.00042554314773876167,0.0
3373,0.00042554244187239886,0.000425542438484281,3.3881178386001977e-12
3374,0.00042554173721277014,0.0004255416149838592,1.2222891097285705e-10
3375,0.0004255419418301941,0.00042554125338523297,6.884449611426159e-10
3376,0.0004255423677153224,0.00042554227722108425,9.049423812544664e-11
3377,0.00042554290341350796,0.00042554290341350796,0.0
3378,0.00042554189024639004,0.00042554189024639004,0.0
3379,0.0004255421551493859,0.00042554192182708064,2.333223052612042e-10
3380,0.00042554297628923646,0.0004255429747894644,1.4997720488429271e-12
3381,0.00042554224692679807,0.00042554224692679807,0.0
3382,0.0004255418489597819,0.0004255416772900395,1.7166974237457655e-10
3383,0.0004255421584205836,0.0004255419173426647,2.41077918911972e-10
3384,0.00042554193874152097,0.00042554193874152097,0.0
3385,0.0004255424488589336,0.0004255423654183768,8.344055678783432e-11
3386,0.00042554233142387966,0.00042554233142387966,0.0
3387,0.0004255429587600671,0.00042554177227347703,1.186486590071039e-09
3388,0.00042554215523024007,0.00042554215523024007,0.0
3389,0.00042554184883358137,0.00042554184883358137,0.0
3390,0.0004255415719162319,0.00042554154384557815,2.8070653759040826e-11
3391,0.0004255419226219102,0.0004255418317520084,9.086990184762011e-11
3392,0.00042554186906121187,0.00042554186906121187,0.0
3393,0.0004255423451274907,0.0004255423451218033,5.687396322256954e-15
3394,0.00042554238166084193,0.00042554238166084193,0.0
3395,0.0004255412070345704,0.0004255412070345704,0.0
3396,0.00042554095983055506,0.00042554095983055506,0.0
3397,0.0004255422580624648,0.0004255421897971563,6.82653084909555e-11
3398,0.0004255416765811414,0.0004255416765811414,0.0
3399,0.00042554232934390013,0.00042554232934390013,0.0
3400,0.0004255420939660003,0.0004255420655699624,2.839603788394671e-11
3401,0.00042554234501984234,0.00042554234282519727,2.1946450722249707e-12
3402,0.00042554176524569335,0.00042554176524569335,0.0
3403,0.0004255422032222094,0.0004255422032222094,0.0
3404,0.0004255413218589306,0.0004255413218589306,0.0
3405,0.00042554132630300505,0.0004255412936807847,3.2622220376384894e-11
3406,0.00042554198865830636,0.0004255418962040284,9.245427793412639e-11
3407,0.0004255419076255591,0.0004255419076255591,0.0
3408,0.0004255412011633409,0.0004255410693809763,1.3178236457627063e-10
3409,0.00042554200058717685,0.00042554200058717685,0.0
3410,0.00042554168439232757,0.00042554160890439157,7.548793599046192e-11
3411,0.0004255419106604775,0.0004255419106604775,0.0
3412,0.0004255410489506911,0.0004255410489506911,0.0
3413,0.0004255419468450568,0.00042554167744721663,2.693978401924126e-10
3414,0.00042554169715554725,0.00042554169715554725,0.0
3415,0.0004255418798934347,0.0004255418798934347,0.0
3416,0.0004255411752385192,0.00042554106972798254,1.0551053668827586e-10
3417,0.0004255417418787508,0.00042554170615120564,3.5727545181183955e-11
3418,0.0004255417909566748,0.00042554148046334097,3.1049333386331983e-10
3419,0.00042554121139475585,0.0004255412011580595,1.0236696362512273e-11
3420,0.0004255420125737658,0.00042554138951464177,6.230591240491426e-10
3421,0.00042554141239122966,0.00042554141239122966,0.0
3422,0.00042554134549266723,0.0004255411770021536,1.6849051361635392e-10
3423,0.00042554109901864515,0.00042554109901864515,0.0
3424,0.00042554149548458954,0.0004255413529057949,1.4257879461360075e-10
3425,0.0004255415610362778,0.0004255415610362778,0.0
3426,0.0004255406881976263,0.0004255406670755406,2.112208571559954e-11
3427,0.00042554063401290866,0.00042554057499000485,5.902290379189805e-11
3428,0.0004255413877040014,0.0004255413877040014,0.0
3429,0.00042554076521271656,0.00042554076521271656,0.0
3430,0.00042554138383778836,0.00042554124441558156,1.3942220679634726e-10
3431,0.00042554122593029247,0.00042554122593029247,0.0
3432,0.0004255409028528495,0.0004255407236415086,1.7921134093052343e-10
3433,0.00042554087466535525,0.00042554087466535525,0.0
3434,0.0004255410516260159,0.0004255407263340181,3.252919977861095e-10
3435,0.0004255414626674382,0.0004255414626674382,0.0
3436,0.0004255409511689989,0.0004255409511689989,0.0
3437,0.0004255409099082321,0.000425540691828353,2.1807987915396494e-10
3438,0.0004255414220763418,0.00042554130379993403,1.1827640774981878e-10
3439,0.0004255409004191222,0.0004255409000073094,4.118127570627414e-13
3440,0.0004255414055999583,0.0004255414055999583,0.0
3441,0.00042554089110599457,0.0004255408330387898,5.806720473418736e-11
3442,0.00042554087841879454,0.00042554087841879454,0.0
3443,0.00042554055386956184,0.00042554055386956184,0.0
3444,0.00042554087670000385,0.00042554087670000385,0.0
3445,0.00042554058378334363,0.0004255405247322808,5.9051062815413e-11
3446,0.0004255408699565583,0.00042554069390691773,1.7604964060202027e-10
3447,0.0004255411996269834,0.00042554117853456217,2.10924212016745e-11
3448,0.0004255406778861486,0.0004255406778861486,0.0
3449,0.0004255411034057187,0.00042554110136305406,2.0426646743895694e-12
3450,0.00042554051086335495,0.00042554051086335495,0.0
3451,0.000425540927445427,0.000425540927445427,0.0
3452,0.000425541093572973,0.0004255410853363745,8.236598452115973e-12
3453,0.00042554095833649135,0.0004255407748695156,1.8346697578590226e-10
3454,0.0004255410479419281,0.0004255410332966654,1.464526271410377e-11
3455,0.0004255410714422866,0.0004255410714422866,0.0
3456,0.0004255406467483676,0.00042554054071091416,1.0603745345804646e-10
3457,0.0004255404947947163,0.00042554045554932127,3.924539503975184e-11
3458,0.0004255409683137496,0.0004255408799916147,8.832213494714666e-11
3459,0.0004255410594642789,0.0004255410521395184,7.324760508721293e-12
3460,0.000425540646714421,0.00042554063413468695,1.2579734060564226e-11
3461,0.0004255406218825071,0.00042554043678088096,1.8510162611631693e-10
3462,0.0004255409462956654,0.0004255409462956654,0.0
3463,0.00042554056297010307,0.00042554048080675375,8.216334930351598e-11
3464,0.0004255409745655732,0.00042554075657693074,2.1798864243846127e-10
3465,0.00042554059755475223,0.00042554059755475223,0.0
3466,0.00042554089965587136,0.00042554089965587136,0.0
3467,0.00042554074691483274,0.00042554074691483274,0.0
3468,0.00042554050155629825,0.0004255404920491029,9.507195392265114e-12
3469,0.0004255406720583212,0.0004255405134917652,1.5856655596669758e-10
3470,0.00042554047019581227,0.00042554047019581227,0.0
3471,0.00042554100315724707,0.00042554100315724707,0.0
3472,0.0004255405840168164,0.0004255404229731238,1.610436925842408e-10
3473,0.0004255407165063931,0.000425540627584034,8.892235903958232e-11
3474,0.00042554063077893567,0.00042554063077893567,0.0
3475,0.0004255404458015158,0.0004255401596473814,2.8615413440695385e-10
3476,0.0004255411114876507,0.0004255402075110299,9.039766207863095e-10
3477,0.00042554081932363614,0.0004255404582437418,3.610798943140552e-10
3478,0.00042554046609160354,0.00042554046609160354,0.0
3479,0.00042554088747776003,0.00042554088747776003,0.0
3480,0.000425540424555561,0.00042554037558674055,4.896882041588409e-11
3481,0.0004255406028506033,0.0004255403821386125,2.2071199076295785e-10
3482,0.00042554071107244184,0.00042554071107244184,0.0
3483,0.0004255404208785757,0.00042554034059767763,8.02808980841328e-11
3484,0.00042554036135995695,0.00042554036131621655,4.374039212257635e-14
3485,0.0004255407022387279,0.0004255407022387279,0.0
3486,0.00042554044738421417,0.0004255404039699674,4.3414246740754963e-11
3487,0.00042554055791487616,0.0004255405524785943,5.436281842566017e-12
3488,0.00042554079377254386,0.00042554050298886467,2.907836792248215e-10
3489,0.0004255403886254826,0.0004255403886254826,0.0
3490,0.0004255403968135779,0.0004255403968135779,0.0
3491,0.00042554060734484404,0.00042554060734484404,0.0
3492,0.0004255403736795723,0.00042554028811669535,8.556287690902121e-11
3493,0.0004255405104432579,0.0004255404264193647,8.402389320249088e-11
3494,0.0004255405356984439,0.0004255405356984439,0.0
3495,0.0004255407398497484,0.0004255407398497484,0.0
3496,0.0004255403534381751,0.0004255403231781886,3.025998652498642e-11
3497,0.00042554039010746344,0.00042554039010746344,0.0
3498,0.00042554060786141384,0.00042554059674492325,1.1116490606267612e-11
3499,0.0004255403532181849,0.0004255403465503108,6.6678740785579715e-12
3500,0.0004255403650468504,0.00042554031790353533,4.714331505074245e-11
3501,0.00042554055784012454,0.00042554041363222474,1.4420789979745866e-10
3502,0.0004255403511433894,0.0004255403511433894,0.0
3503,0.00042554047307922295,0.000425540301878585,1.7120063797148844e-10
3504,0.000425540486577348,0.000425540486577348,0.0
3505,0.00042554035316930307,0.0004255403304779252,2.2691377836045037e-11
3506,0.00042554039186471084,0.0004255403898610112,2.0036996346174232e-12
3507,0.0004255404629916943,0.0004255403852988849,7.769280942227103e-11
3508,0.0004255404908643856,0.0004255404908643856,0.0
3509,0.0004255403098967772,0.00042554023921326147,7.068351575279218e-11
3510,0.00042554045086750877,0.00042554033463763615,1.1622987263143296e-10
3511,0.0004255403945073374,0.00042554025654132016,1.3796601727087012e-10
3512,0.00042554042605290907,0.0004255404236992879,2.353621150500327e-12
3513,0.0004255404201703853,0.0004255404201703853,0.0
3514,0.0004255404243850763,0.00042554042100753273,3.3775435755531865e-12
3515,0.00042554054049605175,0.00042554054049605175,0.0
3516,0.0004255402799254723,0.00042554017698630904,1.0293916328590576e-10
3517,0.0004255404374912111,0.00042554039937167166,3.811953944718375e-11
3518,0.0004255402966072295,0.00042554028934884303,7.2583864835304294e-12
3519,0.00042554045594441457,0.00042554045589045133,5.3963253196455205e-14
3520,0.00042554029488950585,0.0004255402667315784,2.8157927439137012e-11
3521,0.0004255404452736577,0.00042554041189227443,3.338138326509262e-11
3522,0.0004255402949854283,0.0004255402870173826,7.968045702293108e-12
3523,0.0004255402837858802,0.0004255402837858802,0.0
3524,0.00042554039896258115,0.00042554032956470324,6.939787792321144e-11
3525,0.00042554028142195624,0.0004255402468131566,3.460879963909987e-11
3526,0.00042554046112730807,0.0004255403124958221,1.4863148597659691e-10
3527,0.0004255402834107295,0.0004255402834107295,0.0
3528,0.00042554050817111876,0.00042554050817111876,0.0
3529,0.0004255402680314122,0.0004255402111560704,5.6875341796827744e-11
3530,0.0004255404637967227,0.00042554042851714703,3.527957564003473e-11
3531,0.0004255402769227906,0.00042554027043784293,6.484947675934131e-12
3532,0.00042554047659219265,0.0004255403604324173,1.1615977537627759e-10
3533,0.0004255402774486247,0.0004255402771177716,3.3085309432367633e-13
3534,0.0004255402254075971,0.00042554015545855686,6.994904027271124e-11
3535,0.000425540329815144,0.0004255401684812341,1.6133390994142837e-10
3536,0.00042554030671007956,0.00042554030671007956,0.0
3537,0.0004255403997279499,0.000425540399695884,3.206592958877018e-14
3538,0.00042554026552419104,0.00042554023854300606,2.698118499221022e-11
3539,0.00042554030925925457,0.0004255402546480766,5.461117801172541e-11
3540,0.0004255402392555426,0.0004255402339283828,5.327159747523623e-12
3541,0.000425540195396224,0.00042554016839482453,2.7001399508907925e-11
3542,0.00042554026641938896,0.00042554022412622726,4.229316169087677e-11
3543,0.0004255404333786819,0.00042554042399643553,9.382246368303194e-12
3544,0.0004255402445735253,0.0004255402257516251,1.8821900219693055e-11
3545,0.0004255402267653063,0.00042554014801331023,7.87519960629873e-11
3546,0.00042554024764001155,0.00042554024763991695,9.457945584674895e-17
3547,0.00042554031799403136,0.0004255403179511356,4.289574881081093e-14
3548,0.00042554023500127324,0.0004255402037058479,3.1295425364706084e-11
3549,0.0004255403258388695,0.0004255402325119926,9.332687695371267e-11
3550,0.0004255402329909274,0.0004255402309120583,2.0788691018212072e-12
3551,0.0004255402331275059,0.0004255402025516708,3.057583504978278e-11
3552,0.00042554023932874765,0.00042554020681981217,3.250893546352015e-11
3553,0.0004255402235398932,0.0004255402128995985,1.0640294692941554e-11
3554,0.00042554032469403573,0.00042554019964923,1.250448057178542e-10
3555,0.0004255402186230841,0.0004255402169954521,1.627632010639639e-12
3556,0.0004255402157621319,0.00042554012718458634,8.857754556724309e-11
3557,0.00042554019317151114,0.00042554017859261473,1.457889640545837e-11
3558,0.00042554027446525187,0.00042554026670409134,7.761160531938607e-12
3559,0.00042554021870178896,0.00042554021870178896,0.0
3560,0.0004255401892760285,0.00042554012151943717,6.775659135254293e-11
3561,0.0004255402826517994,0.0004255401372188204,1.4543297895529348e-10
3562,0.0004255401969721571,0.00042554014947614367,4.7496013433603505e-11
3563,0.00042554014068682435,0.00042554013735797804,3.3288463355180944e-12
3564,0.0004255401553552763,0.0004255401553552763,0.0
3565,0.0004255401171250842,0.00042554010270544665,1.441963749638381e-11
3566,0.00042554010568266425,0.00042554009608004797,9.602616294347772e-12
3567,0.00042554026393346517,0.000425540176974712,8.695875319955913e-11
3568,0.00042554018217469863,0.00042554017670571497,5.468983685719952e-12
3569,0.0004255401962606336,0.00042554017346700267,2.2793630908766782e-11
3570,0.00042554017014405566,0.00042554015920129404,1.0942761614697047e-11
3571,0.0004255401842797102,0.00042554013786705384,4.641265635954723e-11
3572,0.0004255401639606022,0.00042554015055109294,1.3409509312135504e-11
3573,0.0004255401351282326,0.0004255401227443558,1.2383876735366912e-11
3574,0.000425540110457987,0.0004255400490301401,6.14278468864753e-11
3575,0.00042554017019329703,0.0004255401701091936,8.41034261474448e-14
3576,0.0004255402147901712,0.0004255402147901712,0.0
3577,0.0004255401332706087,0.00042554011181441035,2.145619836852957e-11
3578,0.0004255401572703017,0.00042554006348944864,9.378085302714037e-11
3579,0.0004255400972362866,0.0004255400300830907,6.715319587799377e-11
3580,0.000425540139285921,0.0004255400034663679,1.3581955309436947e-10
3581,0.00042554010568280547,0.00042554010568280547,0.0
3582,0.00042554019081266593,0.0004255401018142736,8.899839233024283e-11
3583,0.0004255401467066751,0.00042554013926334936,7.443325746185391e-12
3584,0.0004255401665380531,0.0004255401452086401,2.132941299579694e-11
3585,0.0004255400848281333,0.00042554006775350205,1.707463126948947e-11
3586,0.0004255401305171367,0.0004255401175565925,1.2960544206377175e-11
3587,0.00042554007037689655,0.0004255400396289799,3.074791664736217e-11
3588,0.0004255401039011959,0.00042554006283226535,4.106893054566069e-11
3589,0.00042554015605912355,0.00042554015605912355,0.0
3590,0.0004255401037091599,0.0004255401037091599,0.0
3591,0.00042554013083018276,0.00042554013069983173,1.3035104722063159e-13
3592,0.0004255400534455113,0.00042554003214348207,2.130202922785961e-11
3593,0.00042554008909922227,0.0004255400559927167,3.31065055344528e-11
3594,0.00042554007347602693,0.0004255400224308213,5.104520565581035e-11
3595,0.0004255400831584298,0.0004255400624294955,2.0728934310068492e-11
3596,0.0004255401201135092,0.00042554010964675817,1.0466751038295972e-11
3597,0.0004255400857252374,0.0004255400685499584,1.7175279031299814e-11
3598,0.00042554007674213415,0.00042554007674213415,0.0
3599,0.0004255400903766806,0.0004255400345434356,5.5833244972418246e-11
3600,0.00042554004790771926,0.00042554002517058786,2.2737131385468235e-11
3601,0.0004255401274318273,0.0004255400939262843,3.350554299360751e-11
3602,0.00042554002729960064,0.0004255399913095265,3.599007413030517e-11
3603,0.00042554007462834503,0.0004255400092368164,6.53915286011811e-11
3604,0.00042554002746811727,0.00042554000649007987,2.0978037390894082e-11
3605,0.0004255400186815047,0.0004255400067002062,1.1981298520110517e-11
3606,0.0004255400766093161,0.0004255400683375946,8.271721472386347e-12
3607,0.00042554009735248677,0.0004255400321157271,6.523675966528868e-11
3608,0.0004255401047318629,0.0004255400717762365,3.2955626420627685e-11
3609,0.000425540030071968,0.00042554002925230037,8.196676488609148e-13
3610,0.00042554003165686183,0.0004255399519423894,7.971447243796495e-11
3611,0.00042554004702896224,0.0004255400060570666,4.097189563607643e-11
3612,0.0004255400702375743,0.00042554005555030055,1.468727376540164e-11
3613,0.0004255400238348085,0.0004255399177516416,1.060831669065628e-10
3614,0.00042554007895442136,0.0004255400741186553,4.835766043024998e-12
3615,0.0004255399881743061,0.00042553998617187035,2.002435751891638e-12
3616,0.0004255400238916857,0.0004255400238916857,0.0
3617,0.00042554003865159475,0.00042554003650652656,2.1450681692638943e-12
3618,0.00042554004842193293,0.00042554002821943994,2.020249302064042e-11
3619,0.0004255400123154975,0.00042553999163878894,2.067670854090099e-11
3620,0.0004255399971032028,0.00042553998008123,1.7021972817286583e-11
3621,0.0004255400704342785,0.00042554002562843,4.480584850212271e-11
3622,0.00042554004351517494,0.00042553988958364834,1.5393152657235948e-10
3623,0.000425539984262403,0.00042553997301542144,1.1246981521097942e-11
3624,0.0004255400563635112,0.0004255400542372177,2.1262935011720396e-12
3625,0.00042554006278039587,0.0004255400509920965,1.1788299322425436e-11
3626,0.0004255399903188425,0.0004255399714188179,1.8900024597762343e-11
3627,0.0004255400220847287,0.00042553998466309347,3.742163524906946e-11
3628,0.000425540035002767,0.0004255399885650328,4.6437734195269846e-11
3629,0.0004255399718376534,0.00042553993730009177,3.4537561624397555e-11
3630,0.0004255400379999132,0.00042553999565113473,4.2348778432434805e-11
3631,0.00042554004288457097,0.0004255400050481402,3.783643075348878e-11
3632,0.00042553998880213393,0.00042553995242740155,3.6374732405005914e-11
3633,0.0004255400188937317,0.0004255399999061219,1.8987609818838583e-11
3634,0.0004255400185756038,0.0004255400185756038,0.0
3635,0.0004255400257136323,0.00042554001816822807,7.54540422121986e-12
3636,0.00042553999950571014,0.00042553994211154997,5.739416019397023e-11
3637,0.00042554001729950045,0.00042554001196076053,5.33873989815427e-12
3638,0.000425539995076663,0.000425539995076663,0.0
3639,0.0004255399761290097,0.0004255399224879077,5.36411020383537e-11
3640,0.00042553995918651825,0.0004255399435519687,1.5634549537071015e-11
3641,0.00042554002925437287,0.00042554001599754386,1.3256828990786293e-11
3642,0.00042553990760780603,0.0004255399022817477,5.326058338043029e-12
3643,0.00042553988868896785,0.00042553988847538355,2.1358427818985131e-13
3644,0.00042553999080226186,0.0004255399626459884,2.815627350436062e-11
3645,0.0004255400249760773,0.0004255400249760773,0.0
3646,0.00042553996419059055,0.0004255399148482174,4.9342373135895617e-11
3647,0.0004255400313981382,0.0004255400292024684,2.1956697978592242e-12
3648,0.00042553996370507755,0.0004255399391189827,2.458609484095951e-11
3649,0.00042554000339427723,0.00042553999244878245,1.0945494780500505e-11
3650,0.0004255399255970928,0.000425539908062159,1.7534933784549195e-11
3651,0.0004255399664823754,0.0004255398468079122,1.1967446322941025e-10
3652,0.0004255399745093541,0.00042553992487873155,4.963062252470563e-11
3653,0.00042553992941023584,0.0004255399035445377,2.5865698142559426e-11
3654,0.00042553995834537556,0.000425539915807676,4.253769954438286e-11
3655,0.0004255399646523727,0.00042553996008342997,4.56894273763528e-12
3656,0.00042553994907070154,0.00042553992026907525,2.8801626289226634e-11
3657,0.00042553995173432607,0.00042553983751972307,1.1421460300181212e-10
3658,0.00042554000575490173,0.00042553997615862686,2.959627485322482e-11
3659,0.0004255399372047542,0.000425539908691847,2.85129072267003e-11
3660,0.00042553995062977174,0.00042553990825829524,4.237147648716572e-11
3661,0.00042553991951104923,0.0004255398957089555,2.3802093679079738e-11
3662,0.00042553993945512703,0.0004255398418473872,9.760773980224075e-11
3663,0.000425539922199487,0.0004255398470965032,7.510298380249841e-11
3664,0.0004255399024159224,0.0004255398789421565,2.347376592605364e-11
3665,0.00042553992448301093,0.0004255399006720751,2.381093581788435e-11
3666,0.00042553990058286203,0.0004255398653363599,3.524650213192216e-11
3667,0.0004255399129697221,0.00042553991286840436,1.0131774851905292e-13
3668,0.0004255399369506574,0.00042553985741557106,7.953508636982884e-11
3669,0.0004255398450139325,0.00042553982702135174,1.7992580744087215e-11
3670,0.0004255398228413271,0.0004255398147163017,8.12502539246559e-12
3671,0.0004255398269144697,0.00042553979002681687,3.688765279203015e-11
3672,0.0004255398761165223,0.00042553982263072125,5.3485801094613526e-11
3673,0.0004255399025326494,0.00042553987917202284,2.3360626601164377e-11
3674,0.00042553989125500557,0.0004255398912546878,3.177839734850542e-16
3675,0.0004255399175714406,0.0004255399055004503,1.207099032103047e-11
3676,0.0004255399240516006,0.00042553990463267124,1.9418929345726013e-11
3677,0.00042553992956473303,0.00042553992956473303,0.0
3678,0.00042553982412120716,0.00042553981418061096,9.940596183781381e-12
3679,0.0004255399628471056,0.0004255399628471056,0.0
3680,0.00042553987532073067,0.0004255398340770056,4.124372505644832e-11
3681,0.0004255399210381343,0.00042553983344107023,8.759706405028298e-11
3682,0.00042553984809428193,0.0004255398318214045,1.6272877430033305e-11
3683,0.0004255398251213141,0.00042553980096144794,2.415986616847716e-11
3684,0.0004255398459952398,0.00042553982812724376,1.7867996038914775e-11
3685,0.00042553988878164583,0.0004255398668787845,2.190286135951517e-11
3686,0.0004255398573235138,0.0004255398573235138,0.0
3687,0.0004255398799009703,0.0004255398799009703,0.0
3688,0.00042553983212727784,0.00042553982818593656,3.941341310047001e-12
3689,0.0004255398533616239,0.0004255398429659208,1.0395703085448785e-11
3690,0.00042553980887703356,0.0004255397639448568,4.493217672513818e-11
3691,0.00042553985832346054,0.00042553976040119606,9.792226449124588e-11
3692,0.0004255398333701312,0.0004255398276296474,5.740483800578923e-12
3693,0.00042553981832229963,0.0004255398138612285,4.461071085120946e-12
3694,0.0004255397932355252,0.0004255397928812036,3.543215763590561e-13
3695,0.00042553983656694306,0.00042553983656694306,0.0
3696,0.0004255397805351073,0.00042553973725900803,4.327609930170272e-11
3697,0.0004255398109671719,0.0004255397137717753,9.719539660913317e-11
3698,0.0004255398143266942,0.0004255398098018478,4.5248463914835516e-12
3699,0.0004255397775737086,0.0004255397349319205,4.264178812189315e-11
3700,0.00042553982850398336,0.00042553973703338794,9.147059540661986e-11
3701,0.0004255398286767262,0.00042553973514827223,9.352845398071471e-11
3702,0.00042553978473472995,0.00042553978399226527,7.424646729086192e-13
3703,0.0004255397443476934,0.0004255397430592288,1.288464608687619e-12
3704,0.00042553975550306734,0.00042553975550306734,0.0
3705,0.00042553981148138264,0.00042553975206498435,5.941639826296818e-11
3706,0.00042553979931708535,0.00042553977471724566,2.4599839701070558e-11
3707,0.0004255397680442099,0.0004255397499564824,1.808772750168397e-11
3708,0.0004255397641458935,0.0004255397476399055,1.650598799756696e-11
3709,0.00042553979877690894,0.00042553976182165134,3.69552575736853e-11
3710,0.0004255397691900322,0.0004255397209625622,4.822746999658675e-11
3711,0.0004255398063682357,0.0004255398063682357,0.0
3712,0.00042553974533468823,0.00042553974222798844,3.1066998098289118e-12
3713,0.00042553975737973413,0.00042553975077207445,6.6076596886359754e-12
3714,0.00042553973504765876,0.00042553971682986614,1.8217792607350193e-11
3715,0.00042553977968442207,0.0004255397563950111,2.328941095691393e-11
3716,0.00042553971749906093,0.000425539695143274,2.2355786901548545e-11
3717,0.0004255397404692553,0.0004255397083536355,3.2115619809834175e-11
3718,0.00042553976994866944,0.0004255397368035147,3.314515473679809e-11
3719,0.00042553976049442954,0.0004255397227275795,3.776685001771635e-11
3720,0.0004255397628309645,0.0004255397626782378,1.527267289731171e-13
3721,0.0004255397305902804,0.0004255397301079673,4.823130783126947e-13
3722,0.00042553976410423426,0.00042553968954323377,7.456100048715579e-11
3723,0.00042553977520804067,0.0004255397659705561,9.237484585813992e-12
3724,0.0004255397316899892,0.00042553972918628173,2.5037074920434497e-12
3725,0.0004255397166764689,0.00042553966518409396,5.1492374935352096e-11
3726,0.00042553978066831456,0.0004255396711289908,1.0953932373567977e-10
3727,0.00042553970939967757,0.0004255396514727097,5.792696786222186e-11
3728,0.00042553976211287233,0.00042553964142873435,1.2068413795296448e-10
3729,0.00042553969448629877,0.0004255396904505879,4.03571088824356e-12
3730,0.000425539725860946,0.000425539725860946,0.0
3731,0.00042553969756495394,0.00042553969514709696,2.417856970303956e-12
3732,0.0004255397693680432,0.00042553974554622367,2.382181953871523e-11
3733,0.0004255397779608846,0.00042553977369451173,4.2663728704241065e-12
3734,0.00042553972095582033,0.00042553969758568134,2.3370138988774056e-11
3735,0.00042553977190130547,0.0004255397632766472,8.62465830275375e-12
3736,0.0004255397213859336,0.00042553970207198015,1.9313953416164305e-11
3737,0.0004255397500508033,0.0004255397497031494,3.4765392946539805e-13
3738,0.0004255397133769998,0.00042553970511587834,8.261121455624085e-12
3739,0.00042553971533406033,0.00042553970673528163,8.598778675295323e-12
3740,0.00042553974232797546,0.00042553974232797546,0.0
3741,0.00042553971650530675,0.00042553968430318373,3.2202123028599195e-11
3742,0.0004255397150580126,0.0004255397150580126,0.0
3743,0.00042553968773739097,0.00042553967786312724,9.874263744213542e-12
3744,0.0004255397462815983,0.00042553973452881847,1.1752779864987304e-11
3745,0.00042553972583030526,0.0004255396965959127,2.923439259653432e-11
3746,0.0004255396702689528,0.00042553964875007293,2.1518879902578177e-11
3747,0.0004255396962076723,0.00042553965927804265,3.6929629661885474e-11
3748,0.0004255396562221343,0.0004255396242360204,3.1986113914593036e-11
3749,0.0004255396658318355,0.000425539603170563,6.266127249764986e-11
3750,0.0004255397518345353,0.00042553965292972375,9.890481155055023e-11
3751,0.0004255396963944736,0.0004255396957841172,6.103564579892165e-13
3752,0.0004255396598608898,0.0004255396507642829,9.096606850327848e-12
3753,0.0004255397188718171,0.0004255396845171759,3.435464117665302e-11
3754,0.0004255396801946652,0.00042553962656548304,5.362918217590519e-11
3755,0.00042553970239357967,0.00042553969442017333,7.973406337850537e-12
3756,0.00042553965389791586,0.00042553964049293495,1.340498089731496e-11
3757,0.00042553967383015184,0.0004255396629761592,1.085399262086394e-11
3758,0.0004255396430743741,0.00042553963351733127,9.557042797282031e-12
3759,0.0004255396527495678,0.0004255396478210058,4.928562030743683e-12
3760,0.0004255397010635366,0.0004255396979776435,3.085893099489134e-12
3761,0.0004255396922662907,0.00042553968571476536,6.551525324357159e-12
3762,0.00042553968653738126,0.00042553968653738126,0.0
3763,0.0004255396828481088,0.00042553968266739094,1.807178634868274e-13
3764,0.00042553966484605777,0.0004255396565006091,8.345448686134712e-12
3765,0.0004255396801967721,0.0004255396406428935,3.955387860571363e-11
3766,0.0004255396747652829,0.00042553966135413824,1.3411144667166077e-11
3767,0.0004255396603634928,0.0004255396603634928,0.0
3768,0.00042553966118682107,0.0004255396533918155,7.795005603762304e-12
3769,0.00042553967353664443,0.00042553965774368087,1.579296356003269e-11
3770,0.0004255396266889703,0.0004255396069349542,1.9754016156209893e-11
3771,0.0004255396461478835,0.00042553961146343333,3.468445016860414e-11
3772,0.0004255396185853749,0.0004255395869416588,3.164371605867708e-11
3773,0.0004255396326892585,0.00042553956793045354,6.475880495722539e-11
3774,0.00042553959993018475,0.0004255395768955744,2.303461033547933e-11
3775,0.0004255395884476516,0.0004255395500732955,3.837435607957969e-11
3776,0.0004255396683698998,0.0004255396467227228,2.16471769908187e-11
3777,0.00042553963342279003,0.00042553961546446423,1.7958325810756484e-11
3778,0.0004255396558928408,0.0004255395870623237,6.883051712553398e-11
3779,0.0004255396585157901,0.00042553958887761313,6.963817695733464e-11
3780,0.00042553965090562135,0.00042553964356537466,7.340246679556924e-12
3781,0.00042553962753292407,0.0004255396261812263,1.3516977892134573e-12
3782,0.0004255396088033897,0.00042553958813749856,2.066589112228489e-11
3783,0.0004255396278916915,0.0004255396094222325,1.8469458987136928e-11
3784,0.0004255395881519792,0.0004255395752287632,1.292321601912993e-11
3785,0.0004255396017637809,0.00042553959232101185,9.442769037890157e-12
3786,0.0004255396435068217,0.00042553963151064305,1.1996178650319059e-11
3787,0.0004255396416654608,0.0004255396136685646,2.7996896177985317e-11
3788,0.0004255396117115768,0.0004255395796102906,3.2101286205028706e-11
3789,0.00042553965110473735,0.00042553953513680456,1.159679327964784e-10
3790,0.00042553959361100405,0.00042553954318958284,5.0421421198874387e-11
3791,0.0004255396270024422,0.00042553962433354846,2.6688937284937553e-12
3792,0.00042553956025647853,0.0004255395452322202,1.5024258333449952e-11
3793,0.00042553955070116317,0.0004255395417828329,8.918330243197936e-12
3794,0.0004255396024021313,0.0004255396019856958,4.164355001229149e-13
3795,0.00042553955956174623,0.0004255395351053019,2.4456444290970956e-11
3796,0.0004255396327808692,0.0004255396327808692,0.0
3797,0.0004255396220462785,0.0004255396005434895,2.150278896838318e-11
3798,0.00042553959276088227,0.000425539576654751,1.6106131319326868e-11
3799,0.00042553952935934293,0.00042553950921926556,2.0140077360647245e-11
3800,0.0004255395062099776,0.0004255394793160944,2.6893883161368817e-11
3801,0.000425539628603443,0.0004255396234218577,5.1815852904726396e-12
3802,0.00042553958420349613,0.0004255395745198409,9.683655258035178e-12
3803,0.00042553960789311346,0.00042553949089091636,1.1700219708256726e-10
3804,0.0004255396294876088,0.0004255395848636666,4.462394216498836e-11
3805,0.00042553958003000456,0.00042553956862411243,1.1405892134991315e-11
3806,0.00042553956404247457,0.0004255395432802987,2.0762175894151743e-11
3807,0.00042553958735604223,0.00042553952225306486,6.510297739286574e-11
3808,0.000425539568811175,0.0004255394997120494,6.909912554366577e-11
3809,0.000425539526709133,0.0004255394915264834,3.518264958525879e-11
3810,0.00042553958379771265,0.0004255395491908924,3.4606820221898576e-11
3811,0.00042553953666908803,0.0004255395124311854,2.4237902657094668e-11
3812,0.0004255395215898635,0.0004255394985482845,2.304157901784771e-11
3813,0.00042553950057884276,0.000425539465197377,3.538146576366316e-11
3814,0.00042553950192819037,0.00042553945771419397,4.421399636959192e-11
3815,0.0004255395567794036,0.0004255395567794036,0.0
3816,0.00042553956079857214,0.0004255394772535547,8.354501742274571e-11
3817,0.00042553955625873954,0.00042553954778237047,8.476369092988503e-12
3818,0.0004255395200169676,0.0004255394854830649,3.4533902711208003e-11
3819,0.0004255394933932348,0.0004255394799994931,1.339374167636277e-11
3820,0.0004255395077649384,0.0004255395020419958,5.722942576503873e-12
3821,0.00042553950524558377,0.00042553946597318973,3.9272394039509865e-11
3822,0.00042553955430362,0.00042553955176658637,2.5370336247081484e-12
3823,0.0004255395160011587,0.00042553947528644963,4.071470905087479e-11
3824,0.00042553952828074397,0.00042553951484670125,1.3434042707340921e-11
3825,0.00042553948577880494,0.0004255394473048009,3.8474004061828754e-11
3826,0.00042553952958799873,0.0004255394715924332,5.7995565560832015e-11
3827,0.0004255395230470499,0.00042553952197998794,1.0670619473507602e-12
3828,0.00042553949599170453,0.0004255394766535676,1.9338136947911537e-11
3829,0.00042553951429173827,0.00042553951429173827,0.0
3830,0.00042553946291733294,0.0004255394547776171,8.139715862661592e-12
3831,0.0004255394809117555,0.0004255394776470297,3.26472582961298e-12
3832,0.00042553950184879874,0.00042553941949670555,8.235209319137716e-11
3833,0.0004255394780817887,0.0004255394422650288,3.5816759853085966e-11
3834,0.00042553949886292206,0.0004255394381583572,6.070456488254101e-11
3835,0.00042553945613169487,0.0004255394080839659,4.804772898978779e-11
3836,0.0004255394967306294,0.00042553941744421874,7.928641067099642e-11
3837,0.0004255394745244994,0.00042553944729734544,2.7227153954307303e-11
3838,0.0004255394982517078,0.00042553945404993904,4.420176878728271e-11
3839,0.00042553944803978936,0.0004255394281316557,1.9908133701678098e-11
3840,0.0004255394764237068,0.0004255394625329426,1.3890764187501269e-11
3841,0.00042553951032004794,0.00042553941542619085,9.489385710091512e-11
3842,0.000425539438470462,0.0004255393959184463,4.255201566382241e-11
3843,0.0004255394579701459,0.00042553940343629767,5.453384826090522e-11
3844,0.00042553945984982305,0.0004255394293943462,3.045547686345434e-11
3845,0.0004255394653273424,0.000425539441134716,2.4192626424350637e-11
3846,0.00042553950921579454,0.00042553934948744686,1.5972834769918112e-10
3847,0.00042553948627596877,0.00042553947999739985,6.278568925809634e-12
3848,0.00042553951686882715,0.00042553951686882715,0.0
3849,0.00042553946381632465,0.00042553938101569724,8.280062742343792e-11
3850,0.00042553947481799444,0.0004255394342396687,4.0578325727450625e-11
3851,0.0004255394420767793,0.00042553941397875775,2.809802155160193e-11
3852,0.0004255394347867004,0.0004255394304877893,4.298911133186692e-12
3853,0.0004255394736945289,0.0004255394736945289,0.0
3854,0.0004255394079174918,0.00042553938517016405,2.274732773286225e-11
3855,0.00042553940683795954,0.00042553938936549493,1.747246459339908e-11
3856,0.00042553949336130277,0.0004255394869852818,6.376020977652766e-12
3857,0.0004255394504780698,0.00042553944017525796,1.0302811852939687e-11
3858,0.00042553944039488067,0.0004255394119992276,2.8395653046008314e-11
3859,0.00042553944131763305,0.00042553940223048433,3.908714873523576e-11
3860,0.00042553947316404674,0.00042553941231252495,6.085152179214301e-11
3861,0.00042553944201645095,0.0004255393713144786,7.070197235759615e-11
3862,0.00042553941560186,0.00042553939103506273,2.4566797257096857e-11
3863,0.00042553941250750743,0.00042553938690112546,2.5606381967616892e-11
3864,0.00042553944977519377,0.0004255394292603088,2.051488498642565e-11
3865,0.00042553940695556946,0.0004255393755398905,3.141567897261402e-11
3866,0.00042553947215376173,0.00042553946443525117,7.718510553557122e-12
3867,0.00042553942568430834,0.0004255394094123609,1.6271947438232752e-11
3868,0.0004255394127365125,0.00042553938180007106,3.093644146101735e-11
3869,0.00042553939803055676,0.000425539397054174,9.76382765273762e-13
3870,0.0004255394308021917,0.0004255394308021917,0.0
3871,0.000425539392502103,0.00042553934311808636,4.938401664671543e-11
3872,0.0004255394335156378,0.00042553935044052535,8.307511244032009e-11
3873,0.0004255394391140691,0.0004255394185987559,2.051531319872294e-11
3874,0.0004255393924930626,0.0004255393843736043,8.119458300530713e-12
3875,0.0004255394405079487,0.0004255394398544769,6.534717881544476e-13
3876,0.00042553943220856495,0.0004255393895509872,4.265757774984239e-11
3877,0.00042553942322716106,0.00042553939369686987,2.953029120625617e-11
3878,0.0004255393786810361,0.0004255393472123353,3.146870081830513e-11
3879,0.00042553940915952235,0.0004255393709223788,3.823714353125723e-11
3880,0.0004255394045230571,0.00042553938143387684,2.3089180247642078e-11
3881,0.00042553942434226706,0.00042553942265990025,1.682366802879111e-12
3882,0.0004255394280179538,0.00042553941959060234,8.427351485796607e-12
3883,0.0004255393785097056,0.0004255393658597698,1.2649935842783174e-11
3884,0.0004255394214128858,0.0004255394142806017,7.132284124565306e-12
3885,0.0004255394177737768,0.0004255393997285279,1.8045248885312454e-11
3886,0.00042553935945967725,0.00042553935545423387,4.005443404640702e-12
3887,0.0004255393769576749,0.0004255393769576749,0.0
3888,0.00042553939155595384,0.00042553935004155196,4.151440189230984e-11
3889,0.0004255394176429422,0.00042553941374041395,3.902528243698936e-12
3890,0.00042553944186426876,0.0004255394116064353,3.025783345659395e-11
3891,0.00042553938671511133,0.00042553937409541925,1.2619692062962136e-11
3892,0.00042553936437169406,0.0004255393457407321,1.8630961934689988e-11
3893,0.0004255393874216396,0.00042553933282983314,5.4591806469439394e-11
3894,0.0004255393819490827,0.00042553936991740715,1.2031675576329688e-11
3895,0.00042553942264701277,0.00042553940177774064,2.0869272112309386e-11
3896,0.0004255393795467972,0.00042553936081478095,1.873201628809185e-11
3897,0.0004255394086289787,0.000425539358188096,5.0440882706345514e-11
3898,0.0004255393696822339,0.0004255393506763379,1.9005895980027753e-11
3899,0.0004255393831934061,0.00042553937008608684,1.3107319274615792e-11
3900,0.00042553937339756065,0.0004255393576985614,1.5698999253683888e-11
3901,0.00042553940311038275,0.0004255394006410528,2.4693299552368913e-12
3902,0.00042553936382791463,0.0004255393569611966,6.8667180410466925e-12
3903,0.00042553936802462516,0.00042553935303132196,1.4993303221656837e-11
3904,0.0004255393568576469,0.00042553934697706444,9.880582454915901e-12
3905,0.00042553940986643073,0.0004255394045190105,5.347420208850701e-12
3906,0.000425539402463886,0.0004255393595390055,4.292488047612203e-11
3907,0.0004255393659082892,0.00042553933774792794,2.8160361258033988e-11
3908,0.00042553934834138786,0.0004255392903557164,5.798567141334784e-11
3909,0.0004255393858496894,0.00042553926642439465,1.1942529476243556e-10
3910,0.000425539365281829,0.00042553936258944085,2.6923881569246235e-12
3911,0.0004255393462781854,0.0004255393139649974,3.231318799028321e-11
3912,0.0004255393859646355,0.0004255393355266524,5.04379830547982e-11
3913,0.00042553935152751446,0.0004255393475015987,4.025915762757343e-12
3914,0.00042553937742431056,0.0004255393772099498,2.143607802139276e-13
3915,0.00042553932943552184,0.00042553931378616004,1.564936177349512e-11
3916,0.00042553934602966093,0.00042553932874335096,1.7286309950522113e-11
3917,0.0004255393734776761,0.00042553935807028247,1.5407393597061728e-11
3918,0.00042553937016957604,0.0004255393531317826,1.7037793438267242e-11
3919,0.0004255393215194763,0.0004255393109826733,1.0536803006891503e-11
3920,0.0004255393271804534,0.0004255393198632047,7.317248668631285e-12
3921,0.0004255393413602561,0.0004255393384642383,2.896017809081128e-12
3922,0.00042553933811314366,0.0004255393255199388,1.2593204855655614e-11
3923,0.0004255393554641415,0.00042553930667070636,4.879343515005553e-11
3924,0.0004255393524932725,0.0004255393375705335,1.492273898419321e-11
3925,0.00042553936501523457,0.00042553935046098744,1.455424714226679e-11
3926,0.0004255393489359441,0.0004255393358693793,1.306656482779693e-11
3927,0.00042553933789697007,0.0004255393270061432,1.0890826860299749e-11
3928,0.0004255393405514533,0.0004255393266830765,1.386837681449231e-11
3929,0.0004255393201946209,0.00042553931572703366,4.467587193348521e-12
3930,0.0004255393511288428,0.0004255393508613642,2.6747856160406723e-13
3931,0.00042553932057696017,0.00042553928656490116,3.401205901971553e-11
3932,0.0004255393694578883,0.0004255393543884146,1.5069473678241498e-11
3933,0.0004255393319532024,0.0004255393172709888,1.4682213618284084e-11
3934,0.00042553932947063166,0.0004255393184034446,1.1067187025768137e-11
3935,0.0004255393181179797,0.00042553929209642203,2.6021557662290886e-11
3936,0.0004255393621829733,0.00042553932196862625,4.021434701663646e-11
3937,0.0004255393122264725,0.0004255392754466857,3.677978680753811e-11
3938,0.00042553934818925494,0.0004255392826396515,6.554960347042452e-11
3939,0.000425539318336397,0.00042553929080283353,2.7533563455851147e-11
3940,0.000425539349003198,0.0004255393475336639,1.4695340917787438e-12
3941,0.00042553930965778705,0.0004255392933365991,1.6321187961681804e-11
3942,0.0004255393477504412,0.0004255393307065445,1.704389669435301e-11
3943,0.00042553935530154335,0.0004255393178175299,3.7484013430885644e-11
3944,0.0004255393201001561,0.0004255393108861624,9.213993675923181e-12
3945,0.0004255393536042843,0.0004255393029209457,5.0683338600056644e-11
3946,0.000425539319314954,0.00042553931208429564,7.2306583628342776e-12
3947,0.00042553930883479444,0.0004255392875473529,2.128744155455714e-11
3948,0.0004255393478568432,0.00042553932171037086,2.614647234618505e-11
3949,0.0004255393000447975,0.00042553929996621534,7.858213750333898e-14
3950,0.0004255393166532569,0.0004255393166532569,0.0
3951,0.0004255393009718555,0.00042553929837902153,2.5928339906143122e-12
3952,0.00042553930655649634,0.0004255392753893241,3.116717227159899e-11
3953,0.0004255393200476816,0.0004255393058572097,1.4190471909606784e-11
3954,0.00042553933798468576,0.0004255393222506119,1.5734073875856262e-11
3955,0.0004255393095965874,0.0004255392946804805,1.4916106940682184e-11
3956,0.0004255392982182589,0.0004255392799201313,1.8298127610768104e-11
3957,0.0004255393353109009,0.0004255393125924847,2.271841617071447e-11
3958,0.00042553929870006333,0.00042553928429376947,1.4406293848827783e-11
3959,0.0004255393195890316,0.0004255393006434396,1.8945592020187664e-11
3960,0.00042553927729481955,0.0004255392631004251,1.4194394487919477e-11
3961,0.0004255392777749702,0.00042553926428144336,1.3493526829479488e-11
3962,0.00042553927991626877,0.00042553925934666394,2.0569604822697656e-11
3963,0.0004255393039917846,0.00042553930073244964,3.259334979201914e-12
3964,0.0004255392963238408,0.0004255392661900437,3.0133797122871675e-11
3965,0.0004255392707250818,0.0004255392472965784,2.342850339798666e-11
3966,0.0004255392699668697,0.0004255392369880155,3.297885421941466e-11
3967,0.00042553930733303506,0.000425539288599255,1.873378003247568e-11
3968,0.0004255392976942375,0.00042553928370728494,1.3986952549501365e-11
3969,0.00042553927190890284,0.00042553924143466095,3.0474241914947976e-11
3970,0.0004255392936560892,0.0004255392847014047,8.95468446135565e-12
3971,0.0004255392737544723,0.00042553926531981083,8.434661443694374e-12
3972,0.0004255392755780335,0.000425539273051225,2.5268085112023553e-12
3973,0.0004255392641231334,0.00042553925295405425,1.116907917111827e-11
3974,0.0004255392804185271,0.00042553927146017075,8.958356346719966e-12
3975,0.00042553925851075404,0.0004255392465250506,1.1985703438531643e-11
3976,0.0004255392712493976,0.00042553926060883584,1.064056178114151e-11
3977,0.00042553926678160343,0.00042553926011298715,6.668616296689632e-12
3978,0.00042553929839737024,0.0004255392912473253,7.150044934098873e-12
3979,0.0004255392583399428,0.0004255392571381704,1.2017724096177007e-12
3980,0.00042553928233450696,0.00042553928233450696,0.0
3981,0.00042553926057571666,0.00042553923758505564,2.2990661006996546e-11
3982,0.00042553926920046526,0.00042553924064383467,2.8556630584677968e-11
3983,0.0004255392518890768,0.0004255391995242268,5.236485001342273e-11
3984,0.00042553927725985397,0.0004255391624620938,1.1479776014995679e-10
3985,0.00042553924888948433,0.000425539232051353,1.683813129350629e-11
3986,0.0004255392745146931,0.0004255392563895566,1.8125136501124465e-11
3987,0.00042553928732908826,0.0004255392583430851,2.8986003151290036e-11
3988,0.0004255392400080586,0.00042553922477382467,1.5234233976274195e-11
3989,0.0004255392577422908,0.00042553924393480167,1.3807489110507735e-11
3990,0.00042553924755265796,0.0004255392276703712,1.9882286719314023e-11
3991,0.00042553923751371356,0.0004255392307799657,6.733747902020712e-12
3992,0.00042553926567688794,0.00042553926435965673,1.3172312300503168e-12
3993,0.0004255392428319988,0.0004255392173520272,2.5479971576133537e-11
3994,0.00042553927385405733,0.00042553926699490807,6.859149278529106e-12
3995,0.000425539232009464,0.00042553922141730534,1.0592158681269797e-11
3996,0.0004255392512124841,0.0004255392443786871,6.8337969640034675e-12
3997,0.00042553923848785637,0.00042553922276354606,1.5724310334297107e-11
3998,0.00042553923890549267,0.0004255391978517768,4.1053715869733965e-11
3999,0.0004255392671860215,0.0004255392335595014,3.362652014756275e-11
4000,0.00042553923073054064,0.0004255391966808914,3.404964919809279e-11
4001,0.0004255392613234475,0.0004255392080234145,5.3300032975930995e-11
4002,0.00042553921747072877,0.00042553920688160745,1.0589121333908645e-11
4003,0.0004255392275984977,0.000425539223100003,4.498494755870963e-12
4004,0.0004255392331492179,0.00042553922555806415,7.591153701542055e-12
4005,0.00042553922963625826,0.0004255392214196649,8.216593359758463e-12
4006,0.00042553925346140915,0.0004255392491115027,4.349906436162664e-12
4007,0.00042553923282144664,0.0004255392052912473,2.7530199354363838e-11
4008,0.0004255392118423517,0.0004255391897624254,2.2079926313409734e-11
4009,0.00042553923083089195,0.0004255392019146365,2.891625543659426e-11
4010,0.00042553922546546325,0.0004255392149974635,1.0467999732819884e-11
4011,0.00042553919311460027,0.0004255391724751117,2.063948859948889e-11
4012,0.0004255391837649798,0.0004255391579221245,2.5842855317335145e-11
4013,0.0004255392042882582,0.00042553915023795603,5.4050302171680454e-11
4014,0.00042553924200513523,0.00042553919373542506,4.826971015695671e-11
4015,0.00042553919680944966,0.00042553919369476146,3.114688180208162e-12
4016,0.0004255391984078302,0.00042553917689741263,2.1510417603746088e-11
4017,0.0004255392073165148,0.0004255391888067967,1.8509718108436555e-11
4018,0.00042553921002603303,0.00042553919684442624,1.318160676682023e-11
4019,0.00042553923471377685,0.00042553923285812835,1.8556485116295314e-12
4020,0.00042553919599871775,0.000425539178987742,1.7010975757278796e-11
4021,0.0004255392079718356,0.0004255392061043185,1.8675170962731386e-12
4022,0.00042553918779667714,0.00042553917540809284,1.2388584311804122e-11
4023,0.000425539183959234,0.00042553915902978837,2.4929445610138854e-11
4024,0.00042553922464956713,0.00042553918070490054,4.3944666606514944e-11
4025,0.00042553921531359915,0.000425539183204097,3.210950218780814e-11
4026,0.00042553917613665307,0.0004255391657590475,1.0377605585095798e-11
4027,0.0004255391944475887,0.00042553918956931137,4.878277322040771e-12
4028,0.0004255391595923728,0.0004255391324471149,2.7145257878863142e-11
4029,0.00042553915399043407,0.0004255391157004905,3.828994356573018e-11
4030,0.00042553916992307616,0.0004255391628013853,7.121690891649033e-12
4031,0.0004255391638511864,0.0004255391323182632,3.153292326264016e-11
4032,0.0004255391651168552,0.00042553913474691497,3.036994025940553e-11
4033,0.0004255391857565113,0.0004255391817844558,3.972055491234538e-12
4034,0.0004255391417613085,0.0004255391144307391,2.733056940772228e-11
4035,0.00042553913864558726,0.00042553910002246276,3.862312447482172e-11
4036,0.0004255391722512666,0.00042553916397789453,8.273372084869282e-12
4037,0.00042553914184929723,0.0004255391285892522,1.3260045019676155e-11
4038,0.0004255391566200025,0.00042553913442730225,2.2192700286449574e-11
4039,0.00042553918128041554,0.00042553912730812835,5.3972287203266275e-11
4040,0.0004255391369978906,0.00042553911444377787,2.2554112700503195e-11
4041,0.0004255391620541978,0.0004255391373281485,2.4726049332773324e-11
4042,0.0004255391276194746,0.00042553912563046914,1.9890055001253058e-12
4043,0.0004255391400606402,0.0004255391400606402,0.0
4044,0.00042553911750121314,0.0004255391033210468,1.4180166338826936e-11
4045,0.00042553911867205965,0.00042553910758636945,1.1085690174081513e-11
4046,0.00042553911519384573,0.00042553906811980104,4.707404471613754e-11
4047,0.00042553912311906063,0.00042553903458685997,8.853220066917073e-11
4048,0.0004255391410838973,0.00042553911799075254,2.309314476613211e-11
4049,0.0004255391307030365,0.0004255390998661981,3.083683840437642e-11
4050,0.00042553912337704703,0.0004255390674954596,5.588158741859694e-11
4051,0.0004255391304543205,0.00042553910787956694,2.2574753527742953e-11
4052,0.00042553907481686305,0.00042553905343807195,2.1378791086505758e-11
4053,0.00042553903987393066,0.0004255390205685639,1.930536678284431e-11
4054,0.0004255391145270703,0.0004255391103954632,4.131607133879873e-12
4055,0.0004255390919031592,0.00042553905559407964,3.6309079573681905e-11
4056,0.00042553912411113815,0.0004255390789431685,4.516796962797887e-11
4057,0.00042553908549945594,0.0004255390310551498,5.4444306165109095e-11
4058,0.00042553908766582643,0.0004255390651610252,2.2504801263027174e-11
4059,0.0004255390783706811,0.0004255390577357914,2.063488966398449e-11
4060,0.00042553909248796743,0.0004255390630208288,2.946713861262168e-11
4061,0.000425539057457302,0.00042553904250362134,1.4953680654633153e-11
4062,0.0004255390698652484,0.00042553902841078583,4.1454462609550104e-11
4063,0.0004255390787485533,0.0004255390489821655,2.9766387817621144e-11
4064,0.0004255390684050894,0.00042553905270511827,1.569997111109067e-11
4065,0.00042553905674998053,0.00042553902822871554,2.8521264976846163e-11
4066,0.00042553907570055884,0.00042553905533396094,2.0366597896979424e-11
4067,0.0004255390509707397,0.00042553902300508726,2.796565241397243e-11
4068,0.00042553903450387286,0.00042553895241834557,8.208552726566599e-11
4069,0.00042553904943049264,0.00042553888340729316,1.6602319947565393e-10
4070,0.00042553905952016284,0.0004255390434428846,1.607727823281802e-11
4071,0.0004255390277282783,0.00042553901949207907,8.236199220065489e-12
4072,0.0004255390497530991,0.0004255390494314769,3.216222120599851e-13
4073,0.00042553899738609764,0.00042553895539453583,4.199156178849582e-11
4074,0.00042553896998666504,0.0004255389085632937,6.142337135311507e-11
4075,0.0004255390210278251,0.0004255390088256186,1.2202206555499434e-11
4076,0.00042553901124078923,0.00042553893926484,7.197594922365923e-11
4077,0.00042553900783886964,0.000425538978379645,2.945922466476762e-11
4078,0.0004255389696323568,0.00042553894693812675,2.2694230091191845e-11
4079,0.00042553893392426696,0.00042553891684325224,1.7081014711121193e-11
4080,0.00042553898523248174,0.0004255389494991562,3.573332552309882e-11
4081,0.00042553899230898454,0.0004255389821496951,1.0159289412720342e-11
4082,0.0004255389686267184,0.0004255389450256847,2.3601033660097557e-11
4083,0.0004255389566513344,0.0004255389229365683,3.371476608948043e-11
4084,0.0004255389680502948,0.00042553893229238185,3.5757912947270026e-11
4085,0.0004255389455875117,0.00042553892956153586,1.602597583488123e-11
4086,0.0004255389704519978,0.00042553892840989507,4.204210272525042e-11
4087,0.0004255389593161027,0.00042553891427072124,4.5045381452197434e-11
4088,0.00042553893634990933,0.0004255388849367069,5.141320243813746e-11
4089,0.0004255389163932176,0.0004255388815823175,3.481090009563326e-11
4090,0.0004255389236366455,0.00042553888544610916,3.819053634599338e-11
4091,0.00042553889212774314,0.0004255388558833624,3.624438075285013e-11
4092,0.0004255388691221402,0.00042553882833644543,4.078569476462855e-11
4093,0.00042553888829605167,0.00042553883737074045,5.092531122422784e-11
4094,0.0004255388595352185,0.00042553885444518387,5.090034618845877e-12
4095,0.00042553881570199867,0.00042553881570199867,0.0
4096,0.0004255388554298665,0.00042553879142758156,6.400228496870921e-11
4097,0.0004255388697444602,0.00042553880768740165,6.20570585486396e-11
4098,0.0004255388639190757,0.0004255388559690861,7.949989616842555e-12
4099,0.00042553883985273065,0.0004255388086491489,3.120358178096036e-11
4100,0.0004255388360023124,0.00042553877050882226,6.549349012206327e-11
4101,0.0004255388303474292,0.0004255387996841796,3.066324960171629e-11
4102,0.0004255388561169688,0.0004255388318513312,2.4265637631167247e-11
4103,0.0004255388219287432,0.0004255388113713026,1.0557440605961984e-11
4104,0.0004255388305336074,0.00042553879393503603,3.659857132455535e-11
4105,0.00042553879871319757,0.0004255387743516922,2.4361505382201542e-11
4106,0.0004255388232046587,0.00042553880372381975,1.948083891217502e-11
4107,0.0004255387643696775,0.00042553874831661315,1.6053064389821116e-11
4108,0.00042553873892758605,0.00042553873188308164,7.044504420955667e-12
4109,0.00042553871670883485,0.0004255386959014012,2.0807433616961124e-11
4110,0.00042553864285056053,0.0004255386273344141,1.5516146415044483e-11
4111,0.000425538718503023,0.00042553867808419577,4.0418827239281795e-11
4112,0.0004255387285523698,0.00042553871894098253,9.611387262457515e-12
4113,0.00042553864480670585,0.00042553860853184535,3.6274860519266955e-11
4114,0.0004255387028373206,0.0004255386846100016,1.8227318999841997e-11
4115,0.00042553872275163907,0.0004255387153821164,7.369522706771362e-12
4116,0.0004255386972737239,0.0004255386953148632,1.958860717849968e-12
4117,0.0004255387197733276,0.0004255387143128366,5.4604909443112726e-12
4118,0.0004255386436679134,0.00042553860944635145,3.4221561940445797e-11
4119,0.0004255386649736103,0.00042553865018087934,1.4792730957694653e-11
4120,0.00042553860832791223,0.00042553860823153376,9.637844606959863e-14
4121,0.0004255385513243496,0.0004255385513243496,0.0
4122,0.00042553860519683865,0.0004255386022686485,2.9281901516275158e-12
4123,0.00042553863364306786,0.00042553863364306786,0.0
4124,0.0004255385685572632,0.0004255385685572632,0.0
4125,0.0004255385426033587,0.0004255385426033587,0.0
4126,0.00042553850279692274,0.00042553850279692274,0.0
4127,0.00042553849019946874,0.0004255384889689397,1.2305290366659534e-12
4128,0.00042553841794827505,0.0004255384179467284,1.5466467893887215e-15
4129,0.0004255384805825072,0.00042553844881697836,3.176552886948224e-11
4130,0.00042553848295445246,0.00042553848295445246,0.0
4131,0.00042553856503715974,0.00042553856254672843,2.490431314584838e-12
4132,0.0004255384538889646,0.0004255384529617668,9.271977618767354e-13
4133,0.00042553843600872526,0.00042553843467745553,1.3312697540265376e-12
4134,0.0004255385151797473,0.0004255385132189535,1.960793826984895e-12
4135,0.0004255384101032872,0.0004255384101032872,0.0
4136,0.00042553836881815504,0.00042553836881815504,0.0
4137,0.00042553835285496903,0.00042553835285496903,0.0
4138,0.0004255382704170291,0.0004255382704170291,0.0
4139,0.00042553830615673645,0.00042553830615673645,0.0
4140,0.00042553834485093035,0.00042553834485093035,0.0
4141,0.00042553836560631746,0.00042553836560631746,0.0
4142,0.0004255383129405918,0.0004255383129405918,0.0
4143,0.00042553821782933957,0.00042553821782933957,0.0
4144,0.0004255380874951662,0.0004255380874951662,0.0
4145,0.0004255381446514038,0.0004255381446514038,0.0
4146,0.00042553819338613007,0.00042553819338613007,0.0
4147,0.00042553819267660475,0.00042553819267660475,0.0
4148,0.0004255382376508594,0.0004255382376508594,0.0
4149,0.0004255381577045616,0.0004255381577045616,0.0
4150,0.0004255381445956143,0.0004255381445956143,0.0
4151,0.00042553822490744753,0.00042553822490744753,0.0
4152,0.0004255380700736238,0.0004255380700736238,0.0
4153,0.0004255380152600688,0.0004255380152600688,0.0
4154,0.00042553799261704794,0.00042553799261704794,0.0
4155,0.0004255378470419535,0.0004255378470419535,0.0
4156,0.0004255379721234338,0.0004255379721234338,0.0
4157,0.000425538033432951,0.000425538033432951,0.0
4158,0.00042553801785771405,0.00042553801785771405,0.0
4159,0.0004255379996295573,0.0004255379996295573,0.0
4160,0.00042553778987985974,0.00042553778987985974,0.0
4161,0.000425537533232148,0.000425537533232148,0.0
4162,0.0004255379093788979,0.0004255379093788979,0.0
4163,0.00042553775425872197,0.00042553775425872197,0.0
4164,0.00042553780983606537,0.00042553780983606537,0.0
4165,0.00042553788131464976,0.00042553788131464976,0.0
4166,0.00042553778129573246,0.00042553778129573246,0.0
4167,0.000425537805788338,0.000425537805788338,0.0
4168,0.0004255376642214304,0.0004255376642214304,0.0
4169,0.0004255375932548867,0.0004255375932548867,0.0
4170,0.0004255376234200319,0.0004255376234200319,0.0
4171,0.0004255377120464533,0.0004255377120464533,0.0
4172,0.0004255376335139844,0.0004255376335139844,0.0
4173,0.00042553760372207296,0.00042553760372207296,0.0
4174,0.00042553749897728926,0.00042553749897728926,0.0
4175,0.0004255373854622247,0.0004255373854622247,0.0
4176,0.0004255375890429989,0.0004255375890429989,0.0
4177,0.0004255374981416772,0.0004255374981416772,0.0
4178,0.0004255374038794174,0.0004255374038794174,0.0
4179,0.0004255374087582255,0.0004255374087582255,0.0
4180,0.0004255373168000352,0.0004255373168000352,0.0
4181,0.00042553718231531,0.00042553718231531,0.0
4182,0.00042553736025975706,0.00042553736025975706,0.0
4183,0.0004255373099321332,0.0004255373099321332,0.0
4184,0.0004255371560610985,0.0004255371560610985,0.0
4185,0.0004255369069745029,0.0004255369069745029,0.0
4186,0.0004255372747907726,0.0004255372747907726,0.0
4187,0.0004255371752534372,0.0004255371752534372,0.0
4188,0.00042553709986927206,0.00042553709986927206,0.0
4189,0.0004255370287200967,0.0004255370287200967,0.0
4190,0.00042553708505876225,0.00042553708505876225,0.0
4191,0.0004255369679148237,0.0004255369679148237,0.0
4192,0.00042553699443472376,0.00042553699443472376,0.0
4193,0.00042553686436558953,0.00042553686436558953,0.0
4194,0.0004255366710517945,0.0004255366710517945,0.0
4195,0.00042553680877238534,0.00042553680877238534,0.0
4196,0.0004255367242684251,0.0004255367242684251,0.0
4197,0.00042553683769460613,0.00042553683769460613,0.0
4198,0.00042553689208264545,0.00042553689208264545,0.0
4199,0.000425536585886554,0.000425536585886554,0.0
4200,0.00042553629054686994,0.00042553629054686994,0.0
4201,0.0004255366721592943,0.0004255366721592943,0.0
4202,0.0004255365223747381,0.0004255365223747381,0.0
4203,0.00042553645947023444,0.00042553645947023444,0.0
4204,0.0004255364583657305,0.0004255364583657305,0.0
4205,0.0004255363791635137,0.0004255363791635137,0.0
4206,0.00042553657109069216,0.00042553657109069216,0.0
4207,0.0004255363249769779,0.0004255363249769779,0.0
4208,0.0004255362656629241,0.0004255362656629241,0.0
4209,0.00042553611476308056,0.00042553611476308056,0.0
4210,0.00042553602056834744,0.00042553602056834744,0.0
4211,0.0004255355781055103,0.0004255355781055103,0.0
4212,0.00042553602487297354,0.00042553602487297354,0.0
4213,0.00042553593902117104,0.00042553593902117104,0.0
4214,0.00042553590641093047,0.00042553590641093047,0.0
4215,0.0004255359133827415,0.0004255359133827415,0.0
4216,0.0004255358082849478,0.0004255358082849478,0.0
4217,0.00042553574199327373,0.00042553574199327373,0.0
4218,0.0004255355333255931,0.0004255355333255931,0.0
4219,0.00042553510109537886,0.00042553510109537886,0.0
4220,0.0004255356796896533,0.0004255356796896533,0.0
4221,0.000425535392360597,0.000425535392360597,0.0
4222,0.00042553568745483985,0.00042553568745483985,0.0
4223,0.00042553559468461047,0.00042553559468461047,0.0
4224,0.0004255354447081773,0.0004255354447081773,0.0
4225,0.0004255352513656139,0.0004255352513656139,0.0
4226,0.00042553497760329555,0.00042553497760329555,0.0
4227,0.000425534439802512,0.000425534439802512,0.0
4228,0.0004255351892521976,0.0004255351892521976,0.0
4229,0.0004255347688526797,0.0004255347688526797,0.0
4230,0.00042553480183550135,0.00042553480183550135,0.0
4231,0.00042553474798481664,0.00042553474798481664,0.0
4232,0.00042553476390629795,0.00042553476390629795,0.0
4233,0.000425534728330733,0.000425534728330733,0.0
4234,0.00042553470832841874,0.00042553470832841874,0.0
4235,0.00042553454867637065,0.00042553454867637065,0.0
4236,0.0004255346704076723,0.0004255346704076723,0.0
4237,0.0004255344228840892,0.0004255344228840892,0.0
4238,0.000425534270200402,0.000425534270200402,0.0
4239,0.0004255345213700437,0.0004255345213700437,0.0
4240,0.00042553405388962625,0.00042553405388962625,0.0
4241,0.0004255335991035472,0.0004255335991035472,0.0
4242,0.00042553412067727284,0.00042553412067727284,0.0
4243,0.00042553396211856995,0.00042553396211856995,0.0
4244,0.00042553378027196934,0.00042553378027196934,0.0
4245,0.0004255338221225614,0.0004255338221225614,0.0
4246,0.0004255336446041061,0.0004255336446041061,0.0
4247,0.0004255335712277281,0.0004255335712277281,0.0
4248,0.0004255333019907615,0.0004255333019907615,0.0
4249,0.00042553328960960504,0.00042553328960960504,0.0
4250,0.00042553275898843976,0.00042553275898843976,0.0
4251,0.00042553348856977624,0.00042553348856977624,0.0
4252,0.0004255332924481084,0.0004255332924481084,0.0
4253,0.00042553309796664117,0.00042553309796664117,0.0
4254,0.0004255336843944482,0.0004255336843944482,0.0
4255,0.0004255330281668694,0.0004255330281668694,0.0
4256,0.00042553285332321217,0.00042553285332321217,0.0
4257,0.0004255325730286394,0.0004255325730286394,0.0
4258,0.0004255320564433048,0.0004255320564433048,0.0
4259,0.0004255323237742454,0.0004255323237742454,0.0
4260,0.00042553256006540237,0.00042553256006540237,0.0
4261,0.0004255326951144228,0.0004255326951144228,0.0
4262,0.00042553240107473484,0.00042553240107473484,0.0
4263,0.0004255325753957781,0.0004255325753957781,0.0
4264,0.00042553224827185615,0.00042553224827185615,0.0
4265,0.0004255321112389739,0.0004255321112389739,0.0
4266,0.00042553194934540984,0.00042553194934540984,0.0
4267,0.0004255317748101212,0.0004255317748101212,0.0
4268,0.0004255317880720072,0.0004255317880720072,0.0
4269,0.00042553158084316403,0.00042553158084316403,0.0
4270,0.00042553129059948804,0.00042553129059948804,0.0
4271,0.000425531949271352,0.000425531949271352,0.0
4272,0.00042553150596719315,0.00042553150596719315,0.0
4273,0.00042553189762018005,0.00042553189762018005,0.0
4274,0.00042553108829394083,0.00042553108829394083,0.0
4275,0.00042553075646345066,0.00042553075646345066,0.0
4276,0.0004255310645407702,0.0004255310645407702,0.0
4277,0.0004255308263462009,0.0004255308263462009,0.0
4278,0.00042553108843309206,0.00042553108843309206,0.0
4279,0.00042553175997825843,0.00042553175997825843,0.0
4280,0.00042553057447863494,0.00042553057447863494,0.0
4281,0.0004255302379191961,0.0004255302379191961,0.0
4282,0.00042553052914811565,0.00042553052914811565,0.0
4283,0.0004255306217059052,0.0004255306217059052,0.0
4284,0.0004255315738158456,0.0004255315738158456,0.0
4285,0.0004255309166328985,0.0004255309166328985,0.0
4286,0.00042553031996288873,0.00042553031996288873,0.0
4287,0.00042553042156134955,0.00042553042156134955,0.0
4288,0.0004255316216074718,0.0004255316216074718,0.0
4289,0.0004255303024707538,0.0004255303024707538,0.0
4290,0.0004255311804562386,0.0004255311804562386,0.0
4291,0.00042553211255718016,0.00042553211255718016,0.0
4292,0.000425530858826483,0.000425530858826483,0.0
4293,0.0004255305301410655,0.0004255305301410655,0.0
4294,0.0004255298152166278,0.0004255298152166278,0.0
4295,0.0004255297243794612,0.0004255297243794612,0.0
4296,0.00042553095543886716,0.00042553095543886716,0.0
4297,0.0004255303339469794,0.0004255303339469794,0.0
4298,0.00042552965802439605,0.00042552965802439605,0.0
4299,0.00042552971851419287,0.00042552971851419287,0.0
4300,0.00042552986841063123,0.00042552986841063123,0.0
4301,0.0004255309777687708,0.0004255309777687708,0.0
4302,0.00042552972626758623,0.00042552972626758623,0.0
4303,0.00042552950084440746,0.00042552950084440746,0.0
4304,0.0004255295810227184,0.0004255295810227184,0.0
4305,0.0004255310084849804,0.0004255310084849804,0.0
4306,0.0004255302214524679,0.0004255302214524679,0.0
4307,0.00042553039123925635,0.00042553039123925635,0.0
4308,0.00042552938336131503,0.00042552938336131503,0.0
4309,0.00042552940433331093,0.00042552940433331093,0.0
4310,0.00042552975763555473,0.00042552975763555473,0.0
4311,0.00042552999791787546,0.00042552999791787546,0.0
4312,0.0004255290489058585,0.0004255290489058585,0.0
4313,0.0004255287965685067,0.0004255287965685067,0.0
4314,0.0004255289856415509,0.0004255289856415509,0.0
4315,0.0004255293153682898,0.0004255293153682898,0.0
4316,0.00042552913551494737,0.00042552913551494737,0.0
4317,0.0004255290176588784,0.0004255290176588784,0.0
4318,0.0004255296874565114,0.0004255296874565114,0.0
4319,0.00042552959651831284,0.00042552959651831284,0.0
4320,0.00042552900051878533,0.00042552900051878533,0.0
4321,0.000425530049505689,0.000425530049505689,0.0
4322,0.00042552886208241424,0.00042552886208241424,0.0
4323,0.00042552900259436495,0.00042552900259436495,0.0
4324,0.00042552988787278355,0.00042552988787278355,0.0
4325,0.0004255286488916458,0.0004255286488916458,0.0
4326,0.00042552900468737973,0.00042552900468737973,0.0
4327,0.00042552992981219963,0.00042552992981219963,0.0
4328,0.0004255291751311442,0.0004255291751311442,0.0
4329,0.00042552846536195117,0.00042552846536195117,0.0
4330,0.0004255285516655138,0.0004255285516655138,0.0
4331,0.0004255285033249881,0.0004255285033249881,0.0
4332,0.00042552825258182383,0.00042552825258182383,0.0
4333,0.00042552820819540725,0.00042552820819540725,0.0
4334,0.00042552886556944223,0.00042552886556944223,0.0
4335,0.000425529157166887,0.000425529157166887,0.0
4336,0.0004255285903732414,0.0004255285903732414,0.0
4337,0.00042552856817962964,0.00042552856817962964,0.0
4338,0.00042552796422790036,0.00042552796422790036,0.0
4339,0.00042552802901868757,0.00042552802901868757,0.0
4340,0.0004255285853793598,0.0004255285853793598,0.0
4341,0.00042552879957218786,0.00042552879957218786,0.0
4342,0.00042552843011732153,0.00042552843011732153,0.0
4343,0.0004255291762689431,0.0004255291762689431,0.0
4344,0.0004255285026274938,0.0004255285026274938,0.0
4345,0.0004255280592370646,0.0004255280592370646,0.0
4346,0.00042552775804628404,0.00042552775804628404,0.0
4347,0.0004255276452958052,0.0004255276452958052,0.0
4348,0.0004255280190612643,0.0004255280190612643,0.0
4349,0.00042552772960480564,0.00042552772960480564,0.0
4350,0.0004255280186192587,0.0004255280186192587,0.0
4351,0.000425529018791136,0.000425529018791136,0.0
4352,0.00042552818703611267,0.00042552818703611267,0.0
4353,0.0004255282971052377,0.0004255282971052377,0.0
4354,0.00042552839135220324,0.00042552839135220324,0.0
4355,0.000425527333211285,0.000425527333211285,0.0
4356,0.000425527123586665,0.000425527123586665,0.0
4357,0.0004255282486376813,0.0004255282486376813,0.0
4358,0.00042552761047361473,0.00042552761047361473,0.0
4359,0.0004255277579254633,0.0004255277579254633,0.0
4360,0.00042552793298882875,0.00042552793298882875,0.0
4361,0.0004255277807847281,0.0004255277807847281,0.0
4362,0.00042552755312859347,0.00042552755312859347,0.0
4363,0.0004255273539531052,0.0004255273539531052,0.0
4364,0.0004255272302573298,0.0004255272302573298,0.0
4365,0.0004255280320372801,0.0004255280320372801,0.0
4366,0.0004255276567701217,0.0004255276567701217,0.0
4367,0.00042552753647502015,0.00042552753647502015,0.0
4368,0.00042552682605479967,0.00042552682605479967,0.0
4369,0.00042552668661481044,0.00042552668661481044,0.0
4370,0.00042552738309883904,0.00042552738309883904,0.0
4371,0.00042552731881911464,0.00042552731881911464,0.0
4372,0.0004255281766144216,0.0004255281766144216,0.0
4373,0.00042552736446740383,0.00042552736446740383,0.0
4374,0.000425527022531817,0.000425527022531817,0.0
4375,0.00042552721057967076,0.00042552721057967076,0.0
4376,0.0004255267615540695,0.0004255267615540695,0.0
4377,0.00042552700733514224,0.00042552700733514224,0.0
4378,0.0004255268412473633,0.0004255268412473633,0.0
4379,0.0004255273903459069,0.0004255273903459069,0.0
4380,0.0004255264348470012,0.0004255264348470012,0.0
4381,0.00042552644914993433,0.00042552644914993433,0.0
4382,0.0004255267995546376,0.0004255267995546376,0.0
4383,0.00042552721565417614,0.00042552721565417614,0.0
4384,0.00042552690184318316,0.00042552690184318316,0.0
4385,0.00042552690589521715,0.00042552690589521715,0.0
4386,0.0004255269371568489,0.0004255269371568489,0.0
4387,0.000425527171390571,0.000425527171390571,0.0
4388,0.0004255264349230317,0.0004255264349230317,0.0
4389,0.0004255266660557765,0.0004255266660557765,0.0
4390,0.00042552678121706485,0.00042552678121706485,0.0
4391,0.0004255265690733726,0.0004255265690733726,0.0
4392,0.00042552647898639977,0.00042552647898639977,0.0
4393,0.0004255269177140771,0.0004255269177140771,0.0
4394,0.00042552614197866257,0.00042552614197866257,0.0
4395,0.00042552640013907706,0.00042552640013907706,0.0
4396,0.0004255267785663338,0.0004255267785663338,0.0
4397,0.0004255259733392577,0.0004255259733392577,0.0
4398,0.00042552605460108235,0.00042552605460108235,0.0
4399,0.0004255264860045193,0.0004255264860045193,0.0
4400,0.0004255261712361882,0.0004255261712361882,0.0
4401,0.0004255266212964453,0.0004255266212964453,0.0
4402,0.0004255267052083297,0.0004255267052083297,0.0
4403,0.00042552642286748015,0.00042552642286748015,0.0
4404,0.0004255262605629997,0.0004255262605629997,0.0
4405,0.00042552608537098124,0.00042552608537098124,0.0
4406,0.0004255267924463121,0.0004255267924463121,0.0
4407,0.0004255262747952284,0.0004255262747952284,0.0
4408,0.00042552610583356925,0.00042552610583356925,0.0
4409,0.000425526843268286,0.000425526843268286,0.0
4410,0.00042552623369547553,0.00042552623369547553,0.0
4411,0.0004255261607223528,0.0004255261607223528,0.0
4412,0.0004255264949103354,0.0004255264949103354,0.0
4413,0.00042552643963227657,0.00042552643963227657,0.0
4414,0.000425525984927666,0.000425525984927666,0.0
4415,0.0004255266418551636,0.0004255266418551636,0.0
4416,0.00042552613081918797,0.00042552613081918797,0.0
4417,0.0004255257965064591,0.0004255257965064591,0.0
4418,0.0004255260994163436,0.0004255260994163436,0.0
4419,0.00042552652066917674,0.00042552652066917674,0.0
4420,0.0004255260683918694,0.0004255260683918694,0.0
4421,0.00042552617116997047,0.00042552617116997047,0.0
4422,0.0004255257063241884,0.0004255257063241884,0.0
4423,0.000425525915253432,0.000425525915253432,0.0
4424,0.0004255266194478223,0.0004255266194478223,0.0
4425,0.00042552599051598835,0.00042552599051598835,0.0
4426,0.0004255259354534448,0.0004255259354534448,0.0
4427,0.0004255257727905739,0.0004255257727905739,0.0
4428,0.0004255259564578075,0.0004255259564578075,0.0
4429,0.00042552564860124775,0.00042552564860124775,0.0
4430,0.0004255259083756714,0.0004255259083756714,0.0
4431,0.00042552636070216526,0.00042552636070216526,0.0
4432,0.00042552586922970157,0.00042552586922970157,0.0
4433,0.00042552545247598615,0.00042552545247598615,0.0
4434,0.00042552538640529557,0.00042552538640529557,0.0
4435,0.00042552620074048415,0.00042552620074048415,0.0
4436,0.0004255258056504551,0.0004255258056504551,0.0
4437,0.0004255258733088203,0.0004255258733088203,0.0
4438,0.00042552614620298854,0.00042552614620298854,0.0
4439,0.00042552578800264643,0.00042552578800264643,0.0
4440,0.00042552559750964246,0.00042552559750964246,0.0
4441,0.0004255257116756212,0.0004255257116756212,0.0
4442,0.00042552580769925443,0.00042552580769925443,0.0
4443,0.0004255253254947791,0.0004255253254947791,0.0
4444,0.0004255252973777105,0.0004255252973777105,0.0
4445,0.00042552513528189805,0.00042552513528189805,0.0
4446,0.0004255249004018082,0.0004255249004018082,0.0
4447,0.00042552525639116904,0.00042552525639116904,0.0
4448,0.0004255253103698465,0.0004255253103698465,0.0
4449,0.000425525154749534,0.000425525154749534,0.0
4450,0.00042552549150555685,0.00042552549150555685,0.0
4451,0.00042552534150298,0.00042552534150298,0.0
4452,0.00042552540046443234,0.00042552540046443234,0.0
4453,0.0004255248484102341,0.0004255248484102341,0.0
4454,0.00042552465738830106,0.00042552465738830106,0.0
4455,0.0004255253935077348,0.0004255253935077348,0.0
4456,0.0004255248209782609,0.0004255248209782609,0.0
4457,0.00042552484583528553,0.00042552484583528553,0.0
4458,0.000425524549598532,0.000425524549598532,0.0
4459,0.00042552429758701155,0.00042552429758701155,0.0
4460,0.0004255246514512164,0.0004255246514512164,0.0
4461,0.00042552462184315774,0.00042552462184315774,0.0
4462,0.0004255243433456147,0.0004255243433456147,0.0
4463,0.0004255241373781317,0.0004255241373781317,0.0
4464,0.00042552380038674974,0.00042552380038674974,0.0
4465,0.0004255244015033358,0.0004255244015033358,0.0
4466,0.0004255242049234076,0.0004255242049234076,0.0
4467,0.0004255243486186447,0.0004255243486186447,0.0
4468,0.00042552421547021143,0.00042552421547021143,0.0
4469,0.0004255239543308892,0.0004255239543308892,0.0
4470,0.000425523956918259,0.000425523956918259,0.0
4471,0.00042552414262188597,0.00042552414262188597,0.0
4472,0.00042552382449578433,0.00042552382449578433,0.0
4473,0.00042552326113374643,0.00042552326113374643,0.0
4474,0.00042552277577809124,0.00042552277577809124,0.0
4475,0.00042552297547040525,0.00042552297547040525,0.0
4476,0.00042552357177348297,0.00042552357177348297,0.0
4477,0.0004255228728633989,0.0004255228728633989,0.0
4478,0.0004255227496458057,0.0004255227496458057,0.0
4479,0.000425522144847955,0.000425522144847955,0.0
4480,0.00042552396353036343,0.00042552396353036343,0.0
4481,0.0004255233571242351,0.0004255233571242351,0.0
4482,0.0004255226228434447,0.0004255226228434447,0.0
4483,0.00042552286235366136,0.00042552286235366136,0.0
4484,0.0004255224446541479,0.0004255224446541479,0.0
4485,0.00042552244633210524,0.00042552244633210524,0.0
4486,0.00042552188175743805,0.00042552188175743805,0.0
4487,0.00042552100630852406,0.00042552100630852406,0.0
4488,0.00042552215067228553,0.00042552215067228553,0.0
4489,0.00042552219322273996,0.00042552219322273996,0.0
4490,0.0004255217137373392,0.0004255217137373392,0.0
4491,0.0004255223793748341,0.0004255223793748341,0.0
4492,0.00042552124429749564,0.00042552124429749564,0.0
4493,0.00042552186571128217,0.00042552186571128217,0.0
4494,0.00042552133042637506,0.00042552133042637506,0.0
4495,0.0004255206425502972,0.0004255206425502972,0.0
4496,0.0004255198611768512,0.0004255198611768512,0.0
4497,0.0004255207337807962,0.0004255207337807962,0.0
4498,0.00042552057980913775,0.00042552057980913775,0.0
4499,0.0004255206820609406,0.0004255206820609406,0.0
4500,0.00042552024909538487,0.00042552024909538487,0.0
4501,0.0004255202379789888,0.0004255202379789888,0.0
4502,0.0004255200573854436,0.0004255200573854436,0.0
4503,0.00042551948537160545,0.00042551948537160545,0.0
4504,0.0004255184365740414,0.0004255184365740414,0.0
4505,0.0004255198337206792,0.0004255198337206792,0.0
4506,0.0004255193305554262,0.0004255193305554262,0.0
4507,0.0004255200396215276,0.0004255200396215276,0.0
4508,0.0004255191987040368,0.0004255191987040368,0.0
4509,0.0004255188039188516,0.0004255188039188516,0.0
4510,0.00042551799797860697,0.00042551799797860697,0.0
4511,0.00042551661512342845,0.00042551661512342845,0.0
4512,0.0004255183418297599,0.0004255183418297599,0.0
4513,0.00042551798004362333,0.00042551798004362333,0.0
4514,0.0004255184169433869,0.0004255184169433869,0.0
4515,0.00042551799740270924,0.00042551799740270924,0.0
4516,0.00042551786338740653,0.00042551786338740653,0.0
4517,0.00042551719376892976,0.00042551719376892976,0.0
4518,0.000425516670494138,0.000425516670494138,0.0
4519,0.00042551705860644455,0.00042551705860644455,0.0
4520,0.00042551647363920373,0.00042551647363920373,0.0
4521,0.00042551547580541173,0.00042551547580541173,0.0
4522,0.000425516222283495,0.000425516222283495,0.0
4523,0.000425517399332592,0.000425517399332592,0.0
4524,0.0004255172143216188,0.0004255172143216188,0.0
4525,0.0004255157742696933,0.0004255157742696933,0.0
4526,0.0004255148281018414,0.0004255148281018414,0.0
4527,0.0004255132424192873,0.0004255132424192873,0.0
4528,0.0004255151718363205,0.0004255151718363205,0.0
4529,0.000425514060361357,0.000425514060361357,0.0
4530,0.00042551496693822355,0.00042551496693822355,0.0
4531,0.0004255147963339313,0.0004255147963339313,0.0
4532,0.00042551386730091157,0.00042551386730091157,0.0
4533,0.00042551432001730025,0.00042551432001730025,0.0
4534,0.0004255133103422529,0.0004255133103422529,0.0
4535,0.0004255130438291755,0.0004255130438291755,0.0
4536,0.0004255119832396762,0.0004255119832396762,0.0
4537,0.00042551270207553395,0.00042551270207553395,0.0
4538,0.0004255125584315837,0.0004255125584315837,0.0
4539,0.0004255131853318347,0.0004255131853318347,0.0
4540,0.0004255120494114521,0.0004255120494114521,0.0
4541,0.0004255117818839816,0.0004255117818839816,0.0
4542,0.00042551151458416055,0.00042551151458416055,0.0
4543,0.0004255114420721607,0.0004255114420721607,0.0
4544,0.0004255114119461432,0.0004255114119461432,0.0
4545,0.00042551235219158483,0.00042551235219158483,0.0
4546,0.0004255100321069033,0.0004255100321069033,0.0
4547,0.000425508608923192,0.000425508608923192,0.0
4548,0.00042551058670291367,0.00042551058670291367,0.0
4549,0.00042550976936232496,0.00042550976936232496,0.0
4550,0.000425508929018865,0.000425508929018865,0.0
4551,0.00042550837504836455,0.00042550837504836455,0.0
4552,0.0004255065889133669,0.0004255065889133669,0.0
4553,0.00042550817352363487,0.00042550817352363487,0.0
4554,0.0004255088026929693,0.0004255088026929693,0.0
4555,0.0004255082280498955,0.0004255082280498955,0.0
4556,0.00042550822729653013,0.00042550822729653013,0.0
4557,0.00042550746645888106,0.00042550746645888106,0.0
4558,0.00042550737788818894,0.00042550737788818894,0.0
4559,0.00042551023787864537,0.00042551023787864537,0.0
4560,0.0004255071544520971,0.0004255071544520971,0.0
4561,0.00042551167522277217,0.00042551167522277217,0.0
4562,0.00042550741856216533,0.00042550741856216533,0.0
4563,0.0004255061174670217,0.0004255061174670217,0.0
4564,0.00042550649896551797,0.00042550649896551797,0.0
4565,0.0004255065089849154,0.0004255065089849154,0.0
4566,0.00042550916679714903,0.00042550916679714903,0.0
4567,0.00042550687318038556,0.00042550687318038556,0.0
4568,0.00042550430436327866,0.00042550430436327866,0.0
4569,0.0004255032585613742,0.0004255032585613742,0.0
4570,0.00042550486033822487,0.00042550486033822487,0.0
4571,0.00042550709339528314,0.00042550709339528314,0.0
4572,0.00042550414437295597,0.00042550414437295597,0.0
4573,0.00042550914816375673,0.00042550914816375673,0.0
4574,0.00042550671350705127,0.00042550671350705127,0.0
4575,0.0004255052584618761,0.0004255052584618761,0.0
4576,0.00042550457464103164,0.00042550457464103164,0.0
4577,0.0004255051903051268,0.0004255051903051268,0.0
4578,0.00042550308605350453,0.00042550308605350453,0.0
4579,0.00042550203588591346,0.00042550203588591346,0.0
4580,0.0004255021108133672,0.0004255021108133672,0.0
4581,0.00042550436723838326,0.00042550436723838326,0.0
4582,0.00042550220090881586,0.00042550220090881586,0.0
4583,0.0004255023664764884,0.0004255023664764884,0.0
4584,0.0004255026796624246,0.0004255026796624246,0.0
4585,0.0004255002648632968,0.0004255002648632968,0.0
4586,0.0004254977858728884,0.0004254977858728884,0.0
4587,0.00042550748064611003,0.00042550748064611003,0.0
4588,0.0004255041469454209,0.0004255041469454209,0.0
4589,0.0004255020927006195,0.0004255020927006195,0.0
4590,0.00042549885899120847,0.00042549885899120847,0.0
4591,0.0004255030869848308,0.0004255030869848308,0.0
4592,0.000425499811387783,0.000425499811387783,0.0
4593,0.00042549911632329786,0.00042549911632329786,0.0
4594,0.00042549934531598585,0.00042549934531598585,0.0
4595,0.0004254999746713858,0.0004254999746713858,0.0
4596,0.0004254984562807998,0.0004254984562807998,0.0
4597,0.00042549794257879756,0.00042549794257879756,0.0
4598,0.0004254989155080395,0.0004254989155080395,0.0
4599,0.0004254978770264361,0.0004254978770264361,0.0
4600,0.0004254973433129568,0.0004254973433129568,0.0
4601,0.000425498116657883,0.000425498116657883,0.0
4602,0.0004255014659165647,0.0004255014659165647,0.0
4603,0.0004254993898371017,0.0004254993898371017,0.0
4604,0.0004254960198466735,0.0004254960198466735,0.0
4605,0.0004254945546170515,0.0004254945546170515,0.0
4606,0.000425498202698351,0.000425498202698351,0.0
4607,0.00042549572976231093,0.00042549572976231093,0.0
4608,0.0004254952086945377,0.0004254952086945377,0.0
4609,0.0004254957315146146,0.0004254957315146146,0.0
4610,0.00042549353946440824,0.00042549353946440824,0.0
4611,0.00042549198733437226,0.00042549198733437226,0.0
4612,0.0004254991785744307,0.0004254991785744307,0.0
4613,0.0004254945195056838,0.0004254945195056838,0.0
4614,0.0004254937649502283,0.0004254937649502283,0.0
4615,0.00042549652993262706,0.00042549652993262706,0.0
4616,0.0004254930052408926,0.0004254930052408926,0.0
4617,0.00042549899919309226,0.00042549899919309226,0.0
4618,0.0004254919228300199,0.0004254919228300199,0.0
4619,0.000425489755513325,0.000425489755513325,0.0
4620,0.00042549830164820713,0.00042549830164820713,0.0
4621,0.0004254934350942094,0.0004254934350942094,0.0
4622,0.0004254940520614101,0.0004254940520614101,0.0
4623,0.0004254930720914287,0.0004254930720914287,0.0
4624,0.00042549725341897,0.00042549725341897,0.0
4625,0.00042549156474823105,0.00042549156474823105,0.0
4626,0.00042549035055550714,0.00042549035055550714,0.0
4627,0.000425490245123267,0.000425490245123267,0.0
4628,0.00042549161254517675,0.00042549161254517675,0.0
4629,0.0004254887483390032,0.0004254887483390032,0.0
4630,0.00042548790969914,0.00042548790969914,0.0
4631,0.00042549498728026536,0.00042549498728026536,0.0
4632,0.0004254895817738508,0.0004254895817738508,0.0
4633,0.00042549273217133536,0.00042549273217133536,0.0
4634,0.0004254879547268893,0.0004254879547268893,0.0
4635,0.0004254878940826364,0.0004254878940826364,0.0
4636,0.0004254880707733931,0.0004254880707733931,0.0
4637,0.00042549304505176683,0.00042549304505176683,0.0
4638,0.0004254919815509329,0.0004254919815509329,0.0
4639,0.0004254912785790066,0.0004254912785790066,0.0
4640,0.0004254870193696241,0.0004254870193696241,0.0
4641,0.0004254866176122264,0.0004254866176122264,0.0
4642,0.00042548868793800736,0.00042548868793800736,0.0
4643,0.00042548906872644823,0.00042548906872644823,0.0
4644,0.00042548592982885776,0.00042548592982885776,0.0
4645,0.0004254856298704101,0.0004254856298704101,0.0
4646,0.00042549189778967004,0.00042549189778967004,0.0
4647,0.00042548677863632624,0.00042548677863632624,0.0
4648,0.00042548602770815477,0.00042548602770815477,0.0
4649,0.0004254863742722074,0.0004254863742722074,0.0
4650,0.00042548751804568735,0.00042548751804568735,0.0
4651,0.00042548972434196047,0.00042548972434196047,0.0
4652,0.00042548663696501403,0.00042548663696501403,0.0
4653,0.00042548492705029136,0.00042548492705029136,0.0
4654,0.00042548830453014195,0.00042548830453014195,0.0
4655,0.0004254849352859682,0.0004254849352859682,0.0
4656,0.00042548474715707846,0.00042548474715707846,0.0
4657,0.00042548828148266087,0.00042548828148266087,0.0
4658,0.00042548633792633084,0.00042548633792633084,0.0
4659,0.00042548527206837236,0.00042548527206837236,0.0
4660,0.00042549020007327077,0.00042549020007327077,0.0
4661,0.0004254860334936063,0.0004254860334936063,0.0
4662,0.00042548819381335763,0.00042548819381335763,0.0
4663,0.0004254847524437434,0.0004254847524437434,0.0
4664,0.0004254826413718747,0.0004254826413718747,0.0
4665,0.00042548339793641265,0.00042548339793641265,0.0
4666,0.00042548841883474853,0.00042548841883474853,0.0
4667,0.000425485099930646,0.000425485099930646,0.0
4668,0.00042548365793315196,0.00042548365793315196,0.0
4669,0.0004254823836939063,0.0004254823836939063,0.0
4670,0.00042548324258814564,0.00042548324258814564,0.0
4671,0.00042548293280339434,0.00042548293280339434,0.0
4672,0.00042548661136734855,0.00042548661136734855,0.0
4673,0.0004254836422019865,0.0004254836422019865,0.0
4674,0.00042548121358806863,0.00042548121358806863,0.0
4675,0.0004254810815030056,0.0004254810815030056,0.0
4676,0.0004254855710930221,0.0004254855710930221,0.0
4677,0.0004254860126097979,0.0004254860126097979,0.0
4678,0.0004254812495894654,0.0004254812495894654,0.0
4679,0.0004254816853144046,0.0004254816853144046,0.0
4680,0.0004254816919566609,0.0004254816919566609,0.0
4681,0.00042548563797592016,0.00042548563797592016,0.0
4682,0.0004254854242721602,0.0004254854242721602,0.0
4683,0.00042548580567377,0.00042548580567377,0.0
4684,0.0004254827053441635,0.0004254827053441635,0.0
4685,0.00042548272067918167,0.00042548272067918167,0.0
4686,0.00042548515381647466,0.00042548515381647466,0.0
4687,0.00042548544742421196,0.00042548544742421196,0.0
4688,0.0004254826087370134,0.0004254826087370134,0.0
4689,0.000425480793325274,0.000425480793325274,0.0
4690,0.0004254828163227131,0.0004254828163227131,0.0
4691,0.0004254848325417283,0.0004254848325417283,0.0
4692,0.00042548001851323776,0.00042548001851323776,0.0
4693,0.00042548112183304036,0.00042548112183304036,0.0
4694,0.0004254843406776897,0.0004254843406776897,0.0
4695,0.00042548295218438855,0.00042548295218438855,0.0
4696,0.0004254839944124418,0.0004254839944124418,0.0
4697,0.000425481373536003,0.000425481373536003,0.0
4698,0.00042547945532116167,0.00042547945532116167,0.0
4699,0.00042548106986433677,0.00042548106986433677,0.0
4700,0.00042548494917278714,0.00042548494917278714,0.0
4701,0.00042548130927298864,0.00042548130927298864,0.0
4702,0.0004254835146086867,0.0004254835146086867,0.0
4703,0.00042547885267751,0.00042547885267751,0.0
4704,0.00042547903718932273,0.00042547903718932273,0.0
4705,0.0004254803771284349,0.0004254803771284349,0.0
4706,0.00042548237010081624,0.00042548237010081624,0.0
4707,0.00042548236295528863,0.00042548236295528863,0.0
4708,0.00042547971485637384,0.00042547971485637384,0.0
4709,0.0004254814867708939,0.0004254814867708939,0.0
4710,0.00042548018021515774,0.00042548018021515774,0.0
4711,0.00042547818307410847,0.00042547818307410847,0.0
4712,0.00042547875732574467,0.00042547875732574467,0.0
4713,0.00042547908875334065,0.00042547908875334065,0.0
4714,0.0004254766032666654,0.0004254766032666654,0.0
4715,0.0004254748839144801,0.0004254748839144801,0.0
4716,0.000425482543855667,0.000425482543855667,0.0
4717,0.0004254796421513917,0.0004254796421513917,0.0
4718,0.0004254797412264528,0.0004254797412264528,0.0
4719,0.0004254792422482338,0.0004254792422482338,0.0
4720,0.0004254772143938576,0.0004254772143938576,0.0
4721,0.00042547893640915125,0.00042547893640915125,0.0
4722,0.00042547900408232723,0.00042547900408232723,0.0
4723,0.00042547842247482316,0.00042547842247482316,0.0
4724,0.00042547686953181595,0.00042547686953181595,0.0
4725,0.000425481326527203,0.000425481326527203,0.0
4726,0.00042547843805248016,0.00042547843805248016,0.0
4727,0.0004254772759538843,0.0004254772759538843,0.0
4728,0.0004254784878447206,0.0004254784878447206,0.0
4729,0.00042547678720220055,0.00042547678720220055,0.0
4730,0.00042547534065855207,0.00042547534065855207,0.0
4731,0.0004254790589704856,0.0004254790589704856,0.0
4732,0.0004254764871347845,0.0004254764871347845,0.0
4733,0.00042547681238354156,0.00042547681238354156,0.0
4734,0.0004254771693968159,0.0004254771693968159,0.0
4735,0.0004254764701896461,0.0004254764701896461,0.0
4736,0.0004254768651456356,0.0004254768651456356,0.0
4737,0.0004254773720360253,0.0004254773720360253,0.0
4738,0.0004254759521026261,0.0004254759521026261,0.0
4739,0.0004254760001093981,0.0004254760001093981,0.0
4740,0.00042547400730408704,0.00042547400730408704,0.0
4741,0.00042547406858693465,0.00042547406858693465,0.0
4742,0.0004254787723260077,0.0004254787723260077,0.0
4743,0.0004254762692534204,0.0004254762692534204,0.0
4744,0.00042547364121028116,0.00042547364121028116,0.0
4745,0.0004254730478546806,0.0004254730478546806,0.0
4746,0.000425477189578363,0.000425477189578363,0.0
4747,0.0004254729092141106,0.0004254729092141106,0.0
4748,0.00042547209822051937,0.00042547209822051937,0.0
4749,0.00042547603728693704,0.00042547603728693704,0.0
4750,0.00042547360376430716,0.00042547360376430716,0.0
4751,0.0004254758559342985,0.0004254758559342985,0.0
4752,0.00042547767884597,0.00042547767884597,0.0
4753,0.0004254748219250101,0.0004254748219250101,0.0
4754,0.00042547483863386316,0.00042547483863386316,0.0
4755,0.000425472873587652,0.000425472873587652,0.0
4756,0.0004254737626055722,0.0004254737626055722,0.0
4757,0.00042547238471951464,0.00042547238471951464,0.0
4758,0.00042547223610194467,0.00042547223610194467,0.0
4759,0.0004254722339304968,0.0004254722339304968,0.0
4760,0.00042547206601232715,0.00042547206601232715,0.0
4761,0.0004254736289281039,0.0004254736289281039,0.0
4762,0.0004254716403851201,0.0004254716403851201,0.0
4763,0.0004254736387715177,0.0004254736387715177,0.0
4764,0.00042547327900753295,0.00042547327900753295,0.0
4765,0.0004254718611472604,0.0004254718611472604,0.0
4766,0.0004254718402750923,0.0004254718402750923,0.0
4767,0.00042547304704360246,0.00042547304704360246,0.0
4768,0.0004254705424904882,0.0004254705424904882,0.0
4769,0.00042547167264472477,0.00042547167264472477,0.0
4770,0.0004254714440385264,0.0004254714440385264,0.0
4771,0.000425471134115766,0.000425471134115766,0.0
4772,0.00042546979720897824,0.00042546979720897824,0.0
4773,0.00042547059227160514,0.00042547059227160514,0.0
4774,0.00042546954247748203,0.00042546954247748203,0.0
4775,0.00042546982727509146,0.00042546982727509146,0.0
4776,0.00042546996497182005,0.00042546996497182005,0.0
4777,0.0004254698515193558,0.0004254698515193558,0.0
4778,0.0004254711050321548,0.0004254711050321548,0.0
4779,0.00042546992262380796,0.00042546992262380796,0.0
4780,0.0004254734644276059,0.0004254734644276059,0.0
4781,0.0004254707768195444,0.0004254707768195444,0.0
4782,0.0004254695209776445,0.0004254695209776445,0.0
4783,0.0004254712052810582,0.0004254712052810582,0.0
4784,0.00042547046689638305,0.00042547046689638305,0.0
4785,0.00042546865080309086,0.00042546865080309086,0.0
4786,0.00042546897047583427,0.00042546897047583427,0.0
4787,0.0004254689005472255,0.0004254689005472255,0.0
4788,0.0004254682688266992,0.0004254682688266992,0.0
4789,0.0004254690433136229,0.0004254690433136229,0.0
4790,0.00042546959445228876,0.00042546959445228876,0.0
4791,0.0004254690507084271,0.0004254690507084271,0.0
4792,0.0004254694447649137,0.0004254694447649137,0.0
4793,0.0004254682195670646,0.0004254682195670646,0.0
4794,0.0004254698946969563,0.0004254698946969563,0.0
4795,0.00042546941235219936,0.00042546941235219936,0.0
4796,0.00042546798848862007,0.00042546798848862007,0.0
4797,0.0004254704479875815,0.0004254704479875815,0.0
4798,0.0004254690095827659,0.0004254690095827659,0.0
4799,0.0004254674570570046,0.0004254674570570046,0.0
4800,0.00042546831165496255,0.00042546831165496255,0.0
4801,0.00042546707916969165,0.00042546707916969165,0.0
4802,0.0004254676040524053,0.0004254676040524053,0.0
4803,0.00042546852928696763,0.00042546852928696763,0.0
4804,0.00042546852007725787,0.00042546852007725787,0.0
4805,0.00042546960529211915,0.00042546960529211915,0.0
4806,0.00042546713052479503,0.00042546713052479503,0.0
4807,0.00042546702753606486,0.00042546702753606486,0.0
4808,0.0004254691494318524,0.0004254691494318524,0.0
4809,0.0004254694630588257,0.0004254694630588257,0.0
4810,0.00042546819547232303,0.00042546819547232303,0.0
4811,0.0004254664321492202,0.0004254664321492202,0.0
4812,0.00042546754111636055,0.00042546754111636055,0.0
4813,0.00042546705218473766,0.00042546705218473766,0.0
4814,0.0004254688535641766,0.0004254688535641766,0.0
4815,0.00042546798330304506,0.00042546798330304506,0.0
4816,0.0004254700392316838,0.0004254700392316838,0.0
4817,0.0004254675562695291,0.0004254675562695291,0.0
4818,0.0004254675564335505,0.0004254675564335505,0.0
4819,0.000425467042512568,0.000425467042512568,0.0
4820,0.00042546649043907005,0.00042546649043907005,0.0
4821,0.00042546861488731134,0.00042546861488731134,0.0
4822,0.0004254651460963806,0.0004254651460963806,0.0
4823,0.00042546448258770777,0.00042546448258770777,0.0
4824,0.0004254684016219703,0.0004254684016219703,0.0
4825,0.00042546716653084945,0.00042546716653084945,0.0
4826,0.00042546686845332314,0.00042546686845332314,0.0
4827,0.0004254683549896305,0.0004254683549896305,0.0
4828,0.00042546668747230716,0.00042546668747230716,0.0
4829,0.0004254658177569168,0.0004254658177569168,0.0
4830,0.00042546538475069005,0.00042546538475069005,0.0
4831,0.0004254673198031849,0.0004254673198031849,0.0
4832,0.0004254657740312134,0.0004254657740312134,0.0
4833,0.00042546873745629067,0.00042546873745629067,0.0
4834,0.00042546621467541687,0.00042546621467541687,0.0
4835,0.00042546745741739087,0.00042546745741739087,0.0
4836,0.0004254647113205184,0.0004254647113205184,0.0
4837,0.00042546717077652845,0.00042546717077652845,0.0
4838,0.00042546492150833336,0.00042546492150833336,0.0
4839,0.00042546730528900015,0.00042546730528900015,0.0
4840,0.00042546592805713486,0.00042546592805713486,0.0
4841,0.0004254670748312596,0.0004254670748312596,0.0
4842,0.0004254664636039984,0.0004254664636039984,0.0
4843,0.0004254653082332224,0.0004254653082332224,0.0
4844,0.00042546493181295857,0.00042546493181295857,0.0
4845,0.0004254672740964948,0.0004254672740964948,0.0
4846,0.00042546560654823013,0.00042546560654823013,0.0
4847,0.0004254656079018495,0.0004254656079018495,0.0
4848,0.00042546441382589967,0.00042546441382589967,0.0
4849,0.0004254652716619088,0.0004254652716619088,0.0
4850,0.00042546463584881096,0.00042546463584881096,0.0
4851,0.0004254659078557968,0.0004254659078557968,0.0
4852,0.0004254635770919569,0.0004254635770919569,0.0
4853,0.00042546323921448514,0.00042546323921448514,0.0
4854,0.00042546413037005657,0.00042546413037005657,0.0
4855,0.00042546596594152726,0.00042546596594152726,0.0
4856,0.00042546351941822957,0.00042546351941822957,0.0
4857,0.00042546394989739387,0.00042546394989739387,0.0
4858,0.0004254657655430444,0.0004254657655430444,0.0
4859,0.00042546341336108164,0.00042546341336108164,0.0
4860,0.00042546505786212664,0.00042546505786212664,0.0
4861,0.00042546525218036007,0.00042546525218036007,0.0
4862,0.00042546426507802276,0.00042546426507802276,0.0
4863,0.0004254649779579438,0.0004254649779579438,0.0
4864,0.00042546441985451776,0.00042546441985451776,0.0
4865,0.00042546293322470307,0.00042546293322470307,0.0
4866,0.0004254640278967756,0.0004254640278967756,0.0
4867,0.0004254625477237964,0.0004254625477237964,0.0
4868,0.0004254625785942282,0.0004254625785942282,0.0
4869,0.0004254624853165511,0.0004254624853165511,0.0
4870,0.00042546280210617124,0.00042546280210617124,0.0
4871,0.00042546384057257726,0.00042546384057257726,0.0
4872,0.0004254637531675877,0.0004254637531675877,0.0
4873,0.00042546481665883454,0.00042546481665883454,0.0
4874,0.0004254632648908871,0.0004254632648908871,0.0
4875,0.00042546225680872466,0.00042546225680872466,0.0
4876,0.0004254628990249808,0.0004254628990249808,0.0
4877,0.0004254651370101864,0.0004254651370101864,0.0
4878,0.0004254632954325255,0.0004254632954325255,0.0
4879,0.0004254628893657032,0.0004254628893657032,0.0
4880,0.0004254636000180449,0.0004254636000180449,0.0
4881,0.00042546208537056445,0.00042546208537056445,0.0
4882,0.00042546328595530035,0.00042546328595530035,0.0
4883,0.0004254629376818553,0.0004254629376818553,0.0
4884,0.00042546149245164557,0.00042546149245164557,0.0
4885,0.00042546193627126817,0.00042546193627126817,0.0
4886,0.0004254631945847916,0.0004254631945847916,0.0
4887,0.00042546304442851735,0.00042546304442851735,0.0
4888,0.0004254622972627702,0.0004254622972627702,0.0
4889,0.0004254633663838344,0.0004254633663838344,0.0
4890,0.00042546226245989603,0.00042546226245989603,0.0
4891,0.000425463430329438,0.000425463430329438,0.0
4892,0.000425461919310638,0.000425461919310638,0.0
4893,0.00042546385379005754,0.00042546385379005754,0.0
4894,0.0004254622837611935,0.0004254622837611935,0.0
4895,0.0004254627196465748,0.0004254627196465748,0.0
4896,0.0004254631636519332,0.0004254631636519332,0.0
4897,0.0004254618390948707,0.0004254618390948707,0.0
4898,0.0004254612161964871,0.0004254612161964871,0.0
4899,0.00042546185393799966,0.00042546185393799966,0.0
4900,0.00042546082365580936,0.00042546082365580936,0.0
4901,0.00042546089303351856,0.00042546089303351856,0.0
4902,0.0004254629344433605,0.0004254629344433605,0.0
4903,0.000425463123517975,0.000425463123517975,0.0
4904,0.0004254619124272381,0.0004254619124272381,0.0
4905,0.00042546218547156284,0.00042546218547156284,0.0
4906,0.0004254632857818102,0.0004254632857818102,0.0
4907,0.00042546184051771454,0.00042546184051771454,0.0
4908,0.0004254626706732594,0.0004254626706732594,0.0
4909,0.00042546190470096375,0.00042546190470096375,0.0
4910,0.00042546134761687514,0.00042546134761687514,0.0
4911,0.0004254626655272384,0.0004254626655272384,0.0
4912,0.0004254625307365287,0.0004254625307365287,0.0
4913,0.00042546258817875775,0.00042546258817875775,0.0
4914,0.0004254616276202351,0.0004254616276202351,0.0
4915,0.0004254607419315918,0.0004254607419315918,0.0
4916,0.0004254610001144847,0.0004254610001144847,0.0
4917,0.00042546258979963983,0.00042546258979963983,0.0
4918,0.000425461516241609,0.000425461516241609,0.0
4919,0.00042546068603748795,0.00042546068603748795,0.0
4920,0.00042546107690432316,0.00042546107690432316,0.0
4921,0.000425462520477667,0.000425462520477667,0.0
4922,0.0004254614051813959,0.0004254614051813959,0.0
4923,0.00042546162100874044,0.00042546162100874044,0.0
4924,0.00042546154989057077,0.00042546154989057077,0.0
4925,0.0004254605988052634,0.0004254605988052634,0.0
4926,0.00042546113831758213,0.00042546113831758213,0.0
4927,0.00042546177893394786,0.00042546177893394786,0.0
4928,0.00042546122849218136,0.00042546122849218136,0.0
4929,0.00042546102944171585,0.00042546102944171585,0.0
4930,0.000425460819519441,0.000425460819519441,0.0
4931,0.0004254616482989082,0.0004254616482989082,0.0
4932,0.00042546058357909456,0.00042546058357909456,0.0
4933,0.00042546187038047914,0.00042546187038047914,0.0
4934,0.0004254610166267986,0.0004254610166267986,0.0
4935,0.0004254618221906191,0.0004254618221906191,0.0
4936,0.00042546093258445937,0.00042546093258445937,0.0
4937,0.00042546130641967514,0.00042546130641967514,0.0
4938,0.0004254605402801187,0.0004254605402801187,0.0
4939,0.0004254615637692845,0.0004254615637692845,0.0
4940,0.00042546121715295845,0.00042546121715295845,0.0
4941,0.0004254611817246981,0.0004254611817246981,0.0
4942,0.0004254603333390784,0.0004254603333390784,0.0
4943,0.0004254609406515089,0.0004254609406515089,0.0
4944,0.00042546035031994884,0.00042546035031994884,0.0
4945,0.00042545991945484586,0.00042545991945484586,0.0
4946,0.0004254601842440945,0.0004254601842440945,0.0
4947,0.0004254602779342725,0.0004254602779342725,0.0
4948,0.0004254605926653923,0.0004254605926653923,0.0
4949,0.0004254613568500246,0.0004254613568500246,0.0
4950,0.00042546048058434983,0.00042546048058434983,0.0
4951,0.00042546113308255276,0.00042546113308255276,0.0
4952,0.0004254600340965283,0.0004254600340965283,0.0
4953,0.0004254607651529515,0.0004254607651529515,0.0
4954,0.00042546117171537664,0.00042546117171537664,0.0
4955,0.00042546035267006,0.00042546035267006,0.0
4956,0.00042546048005260537,0.00042546048005260537,0.0
4957,0.00042546072107381243,0.00042546072107381243,0.0
4958,0.000425459655546174,0.000425459655546174,0.0
4959,0.0004254597391103473,0.0004254597391103473,0.0
4960,0.00042546037840057797,0.00042546037840057797,0.0
4961,0.00042546043306740795,0.00042546043306740795,0.0
4962,0.0004254606569619785,0.0004254606569619785,0.0
4963,0.0004254596595650061,0.0004254596595650061,0.0
4964,0.00042546068516940196,0.00042546068516940196,0.0
4965,0.0004254600501417607,0.0004254600501417607,0.0
4966,0.00042546049691049334,0.00042546049691049334,0.0
4967,0.00042546047167797403,0.00042546047167797403,0.0
4968,0.0004254597300386364,0.0004254597300386364,0.0
4969,0.00042546018480334354,0.00042546018480334354,0.0
4970,0.00042545976022147696,0.00042545976022147696,0.0
4971,0.0004254599059610337,0.0004254599059610337,0.0
4972,0.00042545973619343146,0.00042545973619343146,0.0
4973,0.00042545952334917324,0.00042545952334917324,0.0
4974,0.0004254602704299335,0.0004254602704299335,0.0
4975,0.0004254601074337385,0.0004254601074337385,0.0
4976,0.0004254598923574754,0.0004254598923574754,0.0
4977,0.0004254604225681229,0.0004254604225681229,0.0
4978,0.0004254597860718022,0.0004254597860718022,0.0
4979,0.0004254598853865049,0.0004254598853865049,0.0
4980,0.00042545952360803523,0.00042545952360803523,0.0
4981,0.0004254598006832781,0.0004254598006832781,0.0
4982,0.00042545919585436077,0.00042545919585436077,0.0
4983,0.0004254597756552391,0.0004254597756552391,0.0
4984,0.00042545971729176705,0.00042545971729176705,0.0
4985,0.00042545950963267725,0.00042545950963267725,0.0
4986,0.0004254598251612241,0.0004254598251612241,0.0
4987,0.0004254595814760388,0.0004254595814760388,0.0
4988,0.0004254590188247097,0.0004254590188247097,0.0
4989,0.000425459252657846,0.000425459252657846,0.0
4990,0.00042545877950651525,0.00042545877950651525,0.0
4991,0.0004254585901232884,0.0004254585901232884,0.0
4992,0.00042545949280524317,0.00042545949280524317,0.0
4993,0.00042545945277985614,0.00042545945277985614,0.0
4994,0.00042545997290483,0.00042545997290483,0.0
4995,0.0004254593151833409,0.0004254593151833409,0.0
4996,0.00042545964469002933,0.00042545964469002933,0.0
4997,0.00042545940957887466,0.00042545940957887466,0.0
4998,0.0004254588916312733,0.0004254588916312733,0.0
4999,0.0004254593555974481,0.0004254593555974481,0.0
5000,0.000425458987393936,0.000425458987393936,0.0
5001,0.0004254589346154321,0.0004254589346154321,0.0
5002,0.0004254590547514111,0.0004254590547514111,0.0
5003,0.00042545898810653613,0.00042545898810653613,0.0
5004,0.00042545835606813475,0.00042545835606813475,0.0
5005,0.00042545820666015793,0.00042545820666015793,0.0
5006,0.00042545927961971236,0.00042545927961971236,0.0
5007,0.0004254594495035441,0.0004254594495035441,0.0
5008,0.0004254596662876064,0.0004254596662876064,0.0
5009,0.0004254589212011427,0.0004254589212011427,0.0
5010,0.0004254584959472589,0.0004254584959472589,0.0
5011,0.0004254585716663759,0.0004254585716663759,0.0
5012,0.0004254588482563184,0.0004254588482563184,0.0
5013,0.0004254591932097261,0.0004254591932097261,0.0
5014,0.0004254594314067612,0.0004254594314067612,0.0
5015,0.0004254587998711501,0.0004254587998711501,0.0
5016,0.00042545865517838765,0.00042545865517838765,0.0
5017,0.00042545906055744366,0.00042545906055744366,0.0
5018,0.0004254579699812661,0.0004254579699812661,0.0
5019,0.00042545781145146637,0.00042545781145146637,0.0
5020,0.00042545919063609734,0.00042545919063609734,0.0
5021,0.00042545833416268096,0.00042545833416268096,0.0
5022,0.00042545909560208077,0.00042545909560208077,0.0
5023,0.00042545890007332303,0.00042545890007332303,0.0
5024,0.0004254592668049664,0.0004254592668049664,0.0
5025,0.00042545851900549123,0.00042545851900549123,0.0
5026,0.00042545876812256434,0.00042545876812256434,0.0
5027,0.0004254582329200633,0.0004254582329200633,0.0
5028,0.00042545817320254034,0.00042545817320254034,0.0
5029,0.0004254587229779668,0.0004254587229779668,0.0
5030,0.0004254584746458973,0.0004254584746458973,0.0
5031,0.0004254581449775463,0.0004254581449775463,0.0
5032,0.0004254579016162672,0.0004254579016162672,0.0
5033,0.0004254583748847178,0.0004254583748847178,0.0
5034,0.0004254582360228539,0.0004254582360228539,0.0
5035,0.0004254576666238148,0.0004254576666238148,0.0
5036,0.00042545783296943547,0.00042545783296943547,0.0
5037,0.0004254576195294746,0.0004254576195294746,0.0
5038,0.00042545792899984034,0.00042545792899984034,0.0
5039,0.00042545859319403006,0.00042545859319403006,0.0
5040,0.00042545812548494826,0.00042545812548494826,0.0
5041,0.0004254577986444314,0.0004254577986444314,0.0
5042,0.0004254586066934213,0.0004254586066934213,0.0
5043,0.00042545802455802985,0.00042545802455802985,0.0
5044,0.00042545733976240047,0.00042545733976240047,0.0
5045,0.0004254572257581671,0.0004254572257581671,0.0
5046,0.0004254576070405874,0.0004254576070405874,0.0
5047,0.0004254575990900571,0.0004254575990900571,0.0
5048,0.0004254578018523994,0.0004254578018523994,0.0
5049,0.0004254576950990695,0.0004254576950990695,0.0
5050,0.00042545738509459436,0.00042545738509459436,0.0
5051,0.00042545813891732527,0.00042545813891732527,0.0
5052,0.00042545771461275224,0.00042545771461275224,0.0
5053,0.0004254573948390147,0.0004254573948390147,0.0
5054,0.0004254572344306771,0.0004254572344306771,0.0
5055,0.0004254572750515095,0.0004254572750515095,0.0
5056,0.0004254571439570025,0.0004254571439570025,0.0
5057,0.0004254578208014682,0.0004254578208014682,0.0
5058,0.0004254576585639639,0.0004254576585639639,0.0
5059,0.0004254579878674558,0.0004254579878674558,0.0
5060,0.00042545722105145054,0.00042545722105145054,0.0
5061,0.00042545791104436746,0.00042545791104436746,0.0
5062,0.0004254573648108055,0.0004254573648108055,0.0
5063,0.00042545697457409374,0.00042545697457409374,0.0
5064,0.00042545732087585775,0.00042545732087585775,0.0
5065,0.0004254569440322438,0.0004254569440322438,0.0
5066,0.0004254573240706629,0.0004254573240706629,0.0
5067,0.00042545720924623017,0.00042545720924623017,0.0
5068,0.0004254577869880694,0.0004254577869880694,0.0
5069,0.00042545721395971113,0.00042545721395971113,0.0
5070,0.000425457293571039,0.000425457293571039,0.0
5071,0.00042545759530211963,0.00042545759530211963,0.0
5072,0.0004254569719040208,0.0004254569719040208,0.0
5073,0.00042545767131503434,0.00042545767131503434,0.0
5074,0.00042545718182338254,0.00042545718182338254,0.0
5075,0.0004254566221722632,0.0004254566221722632,0.0
5076,0.00042545662235026437,0.00042545662235026437,0.0
5077,0.00042545684651562333,0.00042545684651562333,0.0
5078,0.0004254570384449454,0.0004254570384449454,0.0
5079,0.0004254573177822477,0.0004254573177822477,0.0
5080,0.000425457197417919,0.000425457197417919,0.0
5081,0.0004254567080411385,0.0004254567080411385,0.0
5082,0.00042545663404928,0.00042545663404928,0.0
5083,0.00042545727552483663,0.00042545727552483663,0.0
5084,0.00042545743826222427,0.00042545743826222427,0.0
5085,0.00042545687429810234,0.00042545687429810234,0.0
5086,0.0004254573098648138,0.0004254573098648138,0.0
5087,0.0004254568749781019,0.0004254568749781019,0.0
5088,0.0004254571204387708,0.0004254571204387708,0.0
5089,0.00042545720330064115,0.00042545720330064115,0.0
5090,0.0004254565958326978,0.0004254565958326978,0.0
5091,0.0004254568484941934,0.0004254568484941934,0.0
5092,0.0004254574061748647,0.0004254574061748647,0.0
5093,0.00042545680766926784,0.00042545680766926784,0.0
5094,0.00042545664484713766,0.00042545664484713766,0.0
5095,0.00042545692919280733,0.00042545692919280733,0.0
5096,0.0004254570282335725,0.0004254570282335725,0.0
5097,0.0004254570553477968,0.0004254570553477968,0.0
5098,0.0004254565756259838,0.0004254565756259838,0.0
5099,0.0004254572371053424,0.0004254572371053424,0.0
5100,0.00042545660472743414,0.00042545660472743414,0.0
5101,0.00042545703367813885,0.00042545703367813885,0.0
5102,0.0004254570068955401,0.0004254570068955401,0.0
5103,0.00042545684983186894,0.00042545684983186894,0.0
5104,0.0004254571476312673,0.0004254571476312673,0.0
5105,0.0004254566725706569,0.0004254566725706569,0.0
5106,0.00042545694905802146,0.00042545694905802146,0.0
5107,0.00042545711283523526,0.00042545711283523526,0.0
5108,0.0004254566610039692,0.0004254566610039692,0.0
5109,0.0004254565165767609,0.0004254565165767609,0.0
5110,0.00042545688357879395,0.00042545688357879395,0.0
5111,0.00042545658444160525,0.00042545658444160525,0.0
5112,0.0004254569080748126,0.0004254569080748126,0.0
5113,0.00042545656332308246,0.00042545656332308246,0.0
5114,0.0004254566737515748,0.0004254566737515748,0.0
5115,0.0004254568844142124,0.0004254568844142124,0.0
5116,0.000425456578788001,0.000425456578788001,0.0
5117,0.0004254563222219842,0.0004254563222219842,0.0
5118,0.0004254564187922675,0.0004254564187922675,0.0
5119,0.00042545633393550837,0.00042545633393550837,0.0
5120,0.0004254568658245344,0.0004254568658245344,0.0
5121,0.0004254565265108495,0.0004254565265108495,0.0
5122,0.0004254564150681394,0.0004254564150681394,0.0
5123,0.00042545629385388746,0.00042545629385388746,0.0
5124,0.00042545651441603446,0.00042545651441603446,0.0
5125,0.0004254564958702586,0.0004254564958702586,0.0
5126,0.00042545667509471787,0.00042545667509471787,0.0
5127,0.0004254564361301762,0.0004254564361301762,0.0
5128,0.0004254564053625452,0.0004254564053625452,0.0
5129,0.0004254561928264502,0.0004254561928264502,0.0
5130,0.00042545623585577523,0.00042545623585577523,0.0
5131,0.0004254566041049272,0.0004254566041049272,0.0
5132,0.00042545626311286515,0.00042545626311286515,0.0
5133,0.00042545626755792097,0.00042545626755792097,0.0
5134,0.0004254566841715058,0.0004254566841715058,0.0
5135,0.0004254563562435217,0.0004254563562435217,0.0
5136,0.00042545664265002076,0.00042545664265002076,0.0
5137,0.00042545635035373366,0.00042545635035373366,0.0
5138,0.00042545638256842865,0.00042545638256842865,0.0
5139,0.0004254564473431743,0.0004254564473431743,0.0
5140,0.0004254561591798103,0.0004254561591798103,0.0
5141,0.00042545632739211646,0.00042545632739211646,0.0
5142,0.00042545640248440496,0.00042545640248440496,0.0
5143,0.0004254562742892854,0.0004254562742892854,0.0
5144,0.0004254561378398613,0.0004254561378398613,0.0
5145,0.0004254563296319321,0.0004254563296319321,0.0
5146,0.0004254561070535152,0.0004254561070535152,0.0
5147,0.00042545627970675374,0.00042545627970675374,0.0
5148,0.0004254563698208883,0.0004254563698208883,0.0
5149,0.00042545658446775897,0.00042545658446775897,0.0
5150,0.00042545621930460426,0.00042545621930460426,0.0
5151,0.0004254560948540152,0.0004254560948540152,0.0
5152,0.0004254562270192953,0.0004254562270192953,0.0
5153,0.00042545629999056424,0.00042545629999056424,0.0
5154,0.00042545621414371855,0.00042545621414371855,0.0
5155,0.0004254563544535568,0.0004254563544535568,0.0
5156,0.0004254561785956685,0.0004254561785956685,0.0
5157,0.0004254563758631388,0.0004254563758631388,0.0
5158,0.0004254561816121049,0.0004254561816121049,0.0
5159,0.0004254559936644847,0.0004254559936644847,0.0
5160,0.0004254560293978773,0.0004254560293978773,0.0
5161,0.0004254563227054123,0.0004254563227054123,0.0
5162,0.0004254561365196684,0.0004254561365196684,0.0
5163,0.0004254562929272997,0.0004254562929272997,0.0
5164,0.00042545627158914923,0.00042545627158914923,0.0
5165,0.0004254560089859589,0.0004254560089859589,0.0
5166,0.0004254562280624157,0.0004254562280624157,0.0
5167,0.00042545593836672453,0.00042545593836672453,0.0
5168,0.00042545596224336115,0.00042545596224336115,0.0
5169,0.0004254562876710758,0.0004254562876710758,0.0
5170,0.0004254561021930228,0.0004254561021930228,0.0
5171,0.000425456180623855,0.000425456180623855,0.0
5172,0.00042545620499957065,0.00042545620499957065,0.0
5173,0.00042545605863525567,0.00042545605863525567,0.0
5174,0.00042545602074275945,0.00042545602074275945,0.0
5175,0.00042545619500361466,0.00042545619500361466,0.0
5176,0.0004254558796274198,0.0004254558796274198,0.0
5177,0.00042545586238735655,0.00042545586238735655,0.0
5178,0.0004254560448167642,0.0004254560448167642,0.0
5179,0.0004254561755305354,0.0004254561755305354,0.0
5180,0.0004254561601328492,0.0004254561601328492,0.0
5181,0.0004254560328067631,0.0004254560328067631,0.0
5182,0.00042545587465576506,0.00042545587465576506,0.0
5183,0.00042545612626608255,0.00042545612626608255,0.0
5184,0.00042545602765356883,0.00042545602765356883,0.0
5185,0.00042545608602028806,0.00042545608602028806,0.0
5186,0.0004254561250489336,0.0004254561250489336,0.0
5187,0.00042545603230271275,0.00042545603230271275,0.0
5188,0.00042545589966232726,0.00042545589966232726,0.0
5189,0.00042545599067747315,0.00042545599067747315,0.0
5190,0.0004254561117466143,0.0004254561117466143,0.0
5191,0.00042545610799994276,0.00042545610799994276,0.0
5192,0.0004254561690845887,0.0004254561690845887,0.0
5193,0.0004254559404438468,0.0004254559404438468,0.0
5194,0.0004254561136625405,0.0004254561136625405,0.0
5195,0.00042545594828913226,0.00042545594828913226,0.0
5196,0.00042545592159572886,0.00042545592159572886,0.0
5197,0.00042545582437601736,0.00042545582437601736,0.0
5198,0.0004254559266182978,0.0004254559266182978,0.0
5199,0.0004254557393168738,0.0004254557393168738,0.0
5200,0.0004254557296003704,0.0004254557296003704,0.0
5201,0.0004254559950154577,0.0004254559950154577,0.0
5202,0.000425456177380982,0.000425456177380982,0.0
5203,0.00042545588725749126,0.00042545588725749126,0.0
5204,0.00042545585542216126,0.00042545585542216126,0.0
5205,0.0004254558710730497,0.0004254558710730497,0.0
5206,0.0004254560771332882,0.0004254560771332882,0.0
5207,0.000425455869153986,0.000425455869153986,0.0
5208,0.00042545591316037147,0.00042545591316037147,0.0
5209,0.000425455852798954,0.000425455852798954,0.0
5210,0.0004254557742746379,0.0004254557742746379,0.0
5211,0.00042545600747525745,0.00042545600747525745,0.0
5212,0.00042545584143208816,0.00042545584143208816,0.0
5213,0.00042545566939637555,0.00042545566939637555,0.0
5214,0.00042545564664967075,0.00042545564664967075,0.0
5215,0.00042545589465297186,0.00042545589465297186,0.0
5216,0.0004254556882696295,0.0004254556882696295,0.0
5217,0.00042545570230906614,0.00042545570230906614,0.0
5218,0.0004254557060203396,0.0004254557060203396,0.0
5219,0.00042545582041411505,0.00042545582041411505,0.0
5220,0.0004254557807410301,0.0004254557807410301,0.0
5221,0.0004254556492139107,0.0004254556492139107,0.0
5222,0.0004254558285973554,0.0004254558285973554,0.0
5223,0.0004254556471815824,0.0004254556471815824,0.0
5224,0.0004254556749707908,0.0004254556749707908,0.0
5225,0.00042545583456448505,0.00042545583456448505,0.0
5226,0.0004254555587745501,0.0004254555587745501,0.0
5227,0.00042545555898244864,0.00042545555898244864,0.0
5228,0.0004254556254626501,0.0004254556254626501,0.0
5229,0.00042545579589648087,0.00042545579589648087,0.0
5230,0.00042545570138088516,0.00042545570138088516,0.0
5231,0.00042545569417271663,0.00042545569417271663,0.0
5232,0.0004254557627971335,0.0004254557627971335,0.0
5233,0.0004254557274230843,0.0004254557274230843,0.0
5234,0.00042545554107213315,0.00042545554107213315,0.0
5235,0.0004254556293765084,0.0004254556293765084,0.0
5236,0.00042545564271874594,0.00042545564271874594,0.0
5237,0.0004254556977707907,0.0004254556977707907,0.0
5238,0.00042545561093676346,0.00042545561093676346,0.0
5239,0.00042545568889310054,0.00042545568889310054,0.0
5240,0.0004254557115769466,0.0004254557115769466,0.0
5241,0.00042545570182101904,0.00042545570182101904,0.0
5242,0.0004254556737334169,0.0004254556737334169,0.0
5243,0.00042545573699558965,0.00042545573699558965,0.0
5244,0.00042545559810018595,0.00042545559810018595,0.0
5245,0.000425455495061785,0.000425455495061785,0.0
5246,0.00042545551683755066,0.00042545551683755066,0.0
5247,0.0004254556477090377,0.0004254556477090377,0.0
5248,0.00042545573527869116,0.00042545573527869116,0.0
5249,0.00042545558683201206,0.00042545558683201206,0.0
5250,0.0004254556037630514,0.0004254556037630514,0.0
5251,0.0004254556970342916,0.0004254556970342916,0.0
5252,0.00042545558184272454,0.00042545558184272454,0.0
5253,0.00042545564247629833,0.00042545564247629833,0.0
5254,0.00042545575578268837,0.00042545575578268837,0.0
5255,0.0004254555715495429,0.0004254555715495429,0.0
5256,0.00042545564693419836,0.00042545564693419836,0.0
5257,0.00042545564829137494,0.00042545564829137494,0.0
5258,0.0004254556282775102,0.0004254556282775102,0.0
5259,0.000425455574401992,0.000425455574401992,0.0
5260,0.0004254556448209002,0.0004254556448209002,0.0
5261,0.00042545572300199376,0.00042545572300199376,0.0
5262,0.0004254555516095256,0.0004254555516095256,0.0
5263,0.00042545552401380217,0.00042545552401380217,0.0
5264,0.0004254556541262732,0.0004254556541262732,0.0
5265,0.00042545555532848484,0.00042545555532848484,0.0
5266,0.0004254555469733725,0.0004254555469733725,0.0
5267,0.0004254556362845149,0.0004254556362845149,0.0
5268,0.0004254556237810719,0.0004254556237810719,0.0
5269,0.000425455698859244,0.000425455698859244,0.0
5270,0.0004254555433325395,0.0004254555433325395,0.0
5271,0.0004254556651753381,0.0004254556651753381,0.0
5272,0.0004254555448654856,0.0004254555448654856,0.0
5273,0.0004254555502433739,0.0004254555502433739,0.0
5274,0.0004254555041027182,0.0004254555041027182,0.0
5275,0.00042545562399183264,0.00042545562399183264,0.0
5276,0.00042545553786437396,0.00042545553786437396,0.0
5277,0.00042545559329041385,0.00042545559329041385,0.0
5278,0.00042545560379518305,0.00042545560379518305,0.0
5279,0.0004254555317253833,0.0004254555317253833,0.0
5280,0.0004254554874190737,0.0004254554874190737,0.0
5281,0.0004254555477504694,0.0004254555477504694,0.0
5282,0.00042545560854624333,0.00042545560854624333,0.0
5283,0.00042545552298859366,0.00042545552298859366,0.0
5284,0.00042545554452274773,0.00042545554452274773,0.0
5285,0.0004254555016513835,0.0004254555016513835,0.0
5286,0.0004254555364992639,0.0004254555364992639,0.0
5287,0.00042545550089854544,0.00042545550089854544,0.0
5288,0.0004254555134449596,0.0004254555134449596,0.0
5289,0.0004254554892311251,0.0004254554892311251,0.0
5290,0.0004254554802442238,0.0004254554802442238,0.0
5291,0.0004254555466218247,0.0004254555466218247,0.0
5292,0.000425455544998354,0.000425455544998354,0.0
5293,0.00042545552657567254,0.00042545552657567254,0.0
5294,0.0004254555558573057,0.0004254555558573057,0.0
5295,0.00042545549407068507,0.00042545549407068507,0.0
5296,0.0004254554568401768,0.0004254554568401768,0.0
5297,0.000425455484901594,0.000425455484901594,0.0
5298,0.00042545551844986657,0.00042545551844986657,0.0
5299,0.0004254554812941893,0.0004254554812941893,0.0
5300,0.00042545547691135994,0.00042545547691135994,0.0
5301,0.0004254554466518152,0.0004254554466518152,0.0
5302,0.0004254554868658691,0.0004254554868658691,0.0
5303,0.0004254555015435207,0.0004254555015435207,0.0
5304,0.0004254554450800323,0.0004254554450800323,0.0
5305,0.00042545549550283845,0.00042545549550283845,0.0
5306,0.00042545548878089573,0.00042545548878089573,0.0
5307,0.00042545550788345484,0.00042545550788345484,0.0
5308,0.0004254554639324254,0.0004254554639324254,0.0
5309,0.0004254555401792162,0.0004254555401792162,0.0
5310,0.00042545546397505254,0.00042545546397505254,0.0
5311,0.00042545548356217965,0.00042545548356217965,0.0
5312,0.0004254555086210764,0.0004254555086210764,0.0
5313,0.00042545546215464397,0.00042545546215464397,0.0
5314,0.00042545549754295696,0.00042545549754295696,0.0
5315,0.00042545542678248,0.00042545542678248,0.0
5316,0.00042545544669334874,0.00042545544669334874,0.0
5317,0.0004254554876577036,0.0004254554876577036,0.0
5318,0.0004254554606127315,0.0004254554606127315,0.0
5319,0.0004254554975643259,0.0004254554975643259,0.0
5320,0.0004254554542173286,0.0004254554542173286,0.0
5321,0.0004254554418889435,0.0004254554418889435,0.0
5322,0.0004254554259257706,0.0004254554259257706,0.0
5323,0.0004254554657850568,0.0004254554657850568,0.0
5324,0.00042545542762899996,0.00042545542762899996,0.0
5325,0.0004254554801527317,0.0004254554801527317,0.0
5326,0.0004254554643686066,0.0004254554643686066,0.0
5327,0.0004254554410194874,0.0004254554410194874,0.0
5328,0.0004254554856215239,0.0004254554856215239,0.0
5329,0.00042545544041016064,0.00042545544041016064,0.0
5330,0.0004254554455354203,0.0004254554455354203,0.0
5331,0.0004254554530880762,0.0004254554530880762,0.0
5332,0.00042545548030389815,0.00042545548030389815,0.0
5333,0.00042545543750737764,0.00042545543750737764,0.0
5334,0.00042545542678160066,0.00042545542678160066,0.0
5335,0.000425455477051866,0.000425455477051866,0.0
5336,0.00042545542990819204,0.00042545542990819204,0.0
5337,0.0004254554112539155,0.0004254554112539155,0.0
5338,0.0004254554422358921,0.0004254554422358921,0.0
5339,0.00042545544830008817,0.00042545544830008817,0.0
5340,0.0004254554176573013,0.0004254554176573013,0.0
5341,0.00042545544647610526,0.00042545544647610526,0.0
5342,0.00042545541359696244,0.00042545541359696244,0.0
5343,0.0004254554174358555,0.0004254554174358555,0.0
5344,0.000425455437094163,0.000425455437094163,0.0
5345,0.00042545544919978125,0.00042545544919978125,0.0
5346,0.00042545541831983774,0.00042545541831983774,0.0
5347,0.00042545542915822793,0.00042545542915822793,0.0
5348,0.0004254554412299597,0.0004254554412299597,0.0
5349,0.0004254554740028273,0.0004254554740028273,0.0
5350,0.00042545541360377003,0.00042545541360377003,0.0
5351,0.00042545541092095106,0.00042545541092095106,0.0
5352,0.00042545545722624714,0.00042545545722624714,0.0
5353,0.00042545543016157236,0.00042545543016157236,0.0
5354,0.0004254554431290111,0.0004254554431290111,0.0
5355,0.00042545541401056215,0.00042545541401056215,0.0
5356,0.00042545542277946317,0.00042545542277946317,0.0
5357,0.0004254553954357931,0.0004254553954357931,0.0
5358,0.00042545541804276136,0.00042545541804276136,0.0
5359,0.0004254553929038165,0.0004254553929038165,0.0
5360,0.0004254554146954896,0.0004254554146954896,0.0
5361,0.0004254554252771624,0.0004254554252771624,0.0
5362,0.00042545542352985896,0.00042545542352985896,0.0
5363,0.00042545539641415127,0.00042545539641415127,0.0
5364,0.0004254554463048447,0.0004254554463048447,0.0
5365,0.00042545540295784985,0.00042545540295784985,0.0
5366,0.00042545539669340614,0.00042545539669340614,0.0
5367,0.00042545539953979967,0.00042545539953979967,0.0
5368,0.0004254554109774513,0.0004254554109774513,0.0
5369,0.00042545539448627474,0.00042545539448627474,0.0
5370,0.00042545542196464935,0.00042545542196464935,0.0
5371,0.0004254554066111629,0.0004254554066111629,0.0
5372,0.00042545541369605044,0.00042545541369605044,0.0
5373,0.0004254554324909527,0.0004254554324909527,0.0
5374,0.000425455396608348,0.000425455396608348,0.0
5375,0.000425455387283919,0.000425455387283919,0.0
5376,0.0004254554135120984,0.0004254554135120984,0.0
5377,0.00042545539765007816,0.00042545539765007816,0.0
5378,0.000425455421265855,0.000425455421265855,0.0
5379,0.0004254553942535744,0.0004254553942535744,0.0
5380,0.0004254553757863774,0.0004254553757863774,0.0
5381,0.00042545538329328674,0.00042545538329328674,0.0
5382,0.0004254554105224928,0.0004254554105224928,0.0
5383,0.00042545538398698667,0.00042545538398698667,0.0
5384,0.0004254553990367696,0.0004254553990367696,0.0
5385,0.0004254553727106244,0.0004254553727106244,0.0
5386,0.000425455384546516,0.000425455384546516,0.0
5387,0.00042545541877697977,0.00042545541877697977,0.0
5388,0.0004254553872915304,0.0004254553872915304,0.0
5389,0.00042545539862008116,0.00042545539862008116,0.0
5390,0.000425455407980761,0.000425455407980761,0.0
5391,0.00042545538664321775,0.00042545538664321775,0.0
5392,0.00042545540038415463,0.00042545540038415463,0.0
5393,0.0004254553766916082,0.0004254553766916082,0.0
5394,0.00042545540381402767,0.00042545540381402767,0.0
5395,0.0004254553832160582,0.0004254553832160582,0.0
5396,0.00042545538809906865,0.00042545538809906865,0.0
5397,0.0004254553970460559,0.0004254553970460559,0.0
5398,0.000425455404862842,0.000425455404862842,0.0
5399,0.0004254553819308032,0.0004254553819308032,0.0
5400,0.0004254553970898354,0.0004254553970898354,0.0
5401,0.0004254553822596354,0.0004254553822596354,0.0
5402,0.0004254554030579203,0.0004254554030579203,0.0
5403,0.0004254553813974042,0.0004254553813974042,0.0
5404,0.00042545538733465636,0.00042545538733465636,0.0
5405,0.00042545537844090165,0.00042545537844090165,0.0
5406,0.00042545538181920466,0.00042545538181920466,0.0
5407,0.00042545538093677484,0.00042545538093677484,0.0
5408,0.00042545538092947333,0.00042545538092947333,0.0
5409,0.00042545536869540655,0.00042545536869540655,0.0
5410,0.00042545538150345034,0.00042545538150345034,0.0
5411,0.0004254553777359118,0.0004254553777359118,0.0
5412,0.0004254554036372096,0.0004254554036372096,0.0
5413,0.00042545537398560045,0.00042545537398560045,0.0
5414,0.00042545538661245867,0.00042545538661245867,0.0
5415,0.0004254553695917787,0.0004254553695917787,0.0
5416,0.00042545537609932094,0.00042545537609932094,0.0
5417,0.00042545536879313106,0.00042545536879313106,0.0
5418,0.00042545538497615337,0.00042545538497615337,0.0
5419,0.00042545537287408386,0.00042545537287408386,0.0
5420,0.00042545536741216616,0.00042545536741216616,0.0
5421,0.00042545538037847165,0.00042545538037847165,0.0
5422,0.00042545536971646305,0.00042545536971646305,0.0
5423,0.000425455366190219,0.000425455366190219,0.0
5424,0.00042545537997925665,0.00042545537997925665,0.0
5425,0.0004254553560147442,0.0004254553560147442,0.0
5426,0.0004254553520555962,0.0004254553520555962,0.0
5427,0.0004254553793349042,0.0004254553793349042,0.0
5428,0.0004254553581446478,0.0004254553581446478,0.0
5429,0.0004254553685899413,0.0004254553685899413,0.0
5430,0.0004254553587445983,0.0004254553587445983,0.0
5431,0.00042545537383335315,0.00042545537383335315,0.0
5432,0.00042545536303132216,0.00042545536303132216,0.0
5433,0.00042545537208056567,0.00042545537208056567,0.0
5434,0.0004254553524671287,0.0004254553524671287,0.0
5435,0.0004254553559878236,0.0004254553559878236,0.0
5436,0.00042545536010620493,0.00042545536010620493,0.0
5437,0.00042545535066981354,0.00042545535066981354,0.0
5438,0.0004254553571576204,0.0004254553571576204,0.0
5439,0.0004254553628568355,0.0004254553628568355,0.0
5440,0.0004254553481427115,0.0004254553481427115,0.0
5441,0.0004254553539937978,0.0004254553539937978,0.0
5442,0.0004254553677662512,0.0004254553677662512,0.0
5443,0.0004254553643097633,0.0004254553643097633,0.0
5444,0.0004254553576194606,0.0004254553576194606,0.0
5445,0.00042545535048475893,0.00042545535048475893,0.0
5446,0.0004254553465295271,0.0004254553465295271,0.0
5447,0.00042545535558123827,0.00042545535558123827,0.0
5448,0.00042545534243454376,0.00042545534243454376,0.0
5449,0.00042545534718728027,0.00042545534718728027,0.0
5450,0.00042545536732415285,0.00042545536732415285,0.0
5451,0.00042545536779239673,0.00042545536779239673,0.0
5452,0.00042545535351964816,0.00042545535351964816,0.0
5453,0.0004254553459247949,0.0004254553459247949,0.0
5454,0.00042545536561473655,0.00042545536561473655,0.0
5455,0.0004254553457112277,0.0004254553457112277,0.0
5456,0.00042545536424555883,0.00042545536424555883,0.0
5457,0.00042545536215378026,0.00042545536215378026,0.0
5458,0.0004254553634722463,0.0004254553634722463,0.0
5459,0.0004254553504988244,0.0004254553504988244,0.0
5460,0.00042545534043177477,0.00042545534043177477,0.0
5461,0.0004254553472585773,0.0004254553472585773,0.0
5462,0.0004254553523285794,0.0004254553523285794,0.0
5463,0.00042545536364995025,0.00042545536364995025,0.0
5464,0.0004254553487730705,0.0004254553487730705,0.0
5465,0.0004254553449681141,0.0004254553449681141,0.0
5466,0.0004254553402476635,0.0004254553402476635,0.0
5467,0.0004254553498900116,0.0004254553498900116,0.0
5468,0.000425455338228219,0.000425455338228219,0.0
5469,0.0004254553463029206,0.0004254553463029206,0.0
5470,0.0004254553416474381,0.0004254553416474381,0.0
5471,0.00042545534461123146,0.00042545534461123146,0.0
5472,0.00042545533720558115,0.00042545533720558115,0.0
5473,0.00042545534559063373,0.00042545534559063373,0.0
5474,0.00042545535030010927,0.00042545535030010927,0.0
5475,0.0004254553612874778,0.0004254553612874778,0.0
5476,0.0004254553415645616,0.0004254553415645616,0.0
5477,0.00042545533176171303,0.00042545533176171303,0.0
5478,0.00042545533084087156,0.00042545533084087156,0.0
5479,0.00042545533356972326,0.00042545533356972326,0.0
5480,0.00042545533445096474,0.00042545533445096474,0.0
5481,0.00042545533737617706,0.00042545533737617706,0.0
5482,0.0004254553425965814,0.0004254553425965814,0.0
5483,0.00042545532901338195,0.00042545532901338195,0.0
5484,0.00042545533247657783,0.00042545533247657783,0.0
5485,0.0004254553273417763,0.0004254553273417763,0.0
5486,0.0004254553299737689,0.0004254553299737689,0.0
5487,0.00042545532275064027,0.00042545532275064027,0.0
5488,0.00042545531820526,0.00042545531820526,0.0
5489,0.0004254553291823797,0.0004254553291823797,0.0
5490,0.0004254553344638615,0.0004254553344638615,0.0
5491,0.0004254553257456694,0.0004254553257456694,0.0
5492,0.000425455325154535,0.000425455325154535,0.0
5493,0.00042545533132497645,0.00042545533132497645,0.0
5494,0.000425455318169018,0.000425455318169018,0.0
5495,0.0004254553183199366,0.0004254553183199366,0.0
5496,0.00042545532202433297,0.00042545532202433297,0.0
5497,0.00042545531414543616,0.00042545531414543616,0.0
5498,0.00042545531255472904,0.00042545531255472904,0.0
5499,0.0004254553194858847,0.0004254553194858847,0.0
5500,0.0004254553116987378,0.0004254553116987378,0.0
5501,0.00042545531356489967,0.00042545531356489967,0.0
5502,0.00042545532237691703,0.00042545532237691703,0.0
5503,0.0004254553174584558,0.0004254553174584558,0.0
5504,0.0004254553067622981,0.0004254553067622981,0.0
5505,0.0004254553061836642,0.0004254553061836642,0.0
5506,0.00042545532429369193,0.00042545532429369193,0.0
5507,0.0004254553113695234,0.0004254553113695234,0.0
5508,0.0004254553105358846,0.0004254553105358846,0.0
5509,0.00042545531056778155,0.00042545531056778155,0.0
5510,0.0004254553010828036,0.0004254553010828036,0.0
5511,0.0004254553018381263,0.0004254553018381263,0.0
5512,0.0004254553077521928,0.0004254553077521928,0.0
5513,0.00042545529988165687,0.00042545529988165687,0.0
5514,0.00042545530447025655,0.00042545530447025655,0.0
5515,0.0004254552937754442,0.0004254552937754442,0.0
5516,0.0004254552895440761,0.0004254552895440761,0.0
5517,0.00042545529892609187,0.00042545529892609187,0.0
5518,0.00042545530301989735,0.00042545530301989735,0.0
5519,0.0004254553037589011,0.0004254553037589011,0.0
5520,0.0004254553014261034,0.0004254553014261034,0.0
5521,0.00042545529947163844,0.00042545529947163844,0.0
5522,0.0004254553053233102,0.0004254553053233102,0.0
5523,0.00042545528261786437,0.00042545528261786437,0.0
5524,0.000425455274970581,0.000425455274970581,0.0
5525,0.0004254552900098217,0.0004254552900098217,0.0
5526,0.00042545528332305353,0.00042545528332305353,0.0
5527,0.00042545529787585824,0.00042545529787585824,0.0
5528,0.00042545529309398304,0.00042545529309398304,0.0
5529,0.0004254552795066711,0.0004254552795066711,0.0
5530,0.0004254552883159196,0.0004254552883159196,0.0
5531,0.0004254552743365848,0.0004254552743365848,0.0
5532,0.0004254552747277363,0.0004254552747277363,0.0
5533,0.00042545528028012884,0.00042545528028012884,0.0
5534,0.0004254552768050367,0.0004254552768050367,0.0
5535,0.00042545528534479015,0.00042545528534479015,0.0
5536,0.0004254552845310752,0.0004254552845310752,0.0
5537,0.00042545527350087254,0.00042545527350087254,0.0
5538,0.0004254552850122661,0.0004254552850122661,0.0
5539,0.00042545527701737956,0.00042545527701737956,0.0
5540,0.00042545530669460996,0.00042545530669460996,0.0
5541,0.00042545528276882776,0.00042545528276882776,0.0
5542,0.000425455276988264,0.000425455276988264,0.0
5543,0.00042545526516771655,0.00042545526516771655,0.0
5544,0.0004254552688320437,0.0004254552688320437,0.0
5545,0.0004254552551893674,0.0004254552551893674,0.0
5546,0.00042545524450261616,0.00042545524450261616,0.0
5547,0.00042545527808913867,0.00042545527808913867,0.0
5548,0.0004254552621991973,0.0004254552621991973,0.0
5549,0.0004254552582206004,0.0004254552582206004,0.0
5550,0.0004254552554142317,0.0004254552554142317,0.0
5551,0.00042545525672707773,0.00042545525672707773,0.0
5552,0.0004254552601692942,0.0004254552601692942,0.0
5553,0.00042545526536306766,0.00042545526536306766,0.0
5554,0.0004254552562622314,0.0004254552562622314,0.0
5555,0.00042545525070795,0.00042545525070795,0.0
5556,0.0004254552505897677,0.0004254552505897677,0.0
5557,0.0004254552415238955,0.0004254552415238955,0.0
5558,0.0004254552382177788,0.0004254552382177788,0.0
5559,0.00042545525436729495,0.00042545525436729495,0.0
5560,0.00042545523708249365,0.00042545523708249365,0.0
5561,0.0004254552353779339,0.0004254552353779339,0.0
5562,0.0004254552404159463,0.0004254552404159463,0.0
5563,0.0004254552337247773,0.0004254552337247773,0.0
5564,0.0004254552406934435,0.0004254552406934435,0.0
5565,0.00042545522594409453,0.00042545522594409453,0.0
5566,0.0004254552227394665,0.0004254552227394665,0.0
5567,0.0004254552242783438,0.0004254552242783438,0.0
5568,0.0004254552229824775,0.0004254552229824775,0.0
5569,0.00042545524206174276,0.00042545524206174276,0.0
5570,0.00042545521611780387,0.00042545521611780387,0.0
5571,0.0004254552139845513,0.0004254552139845513,0.0
5572,0.0004254552075885645,0.0004254552075885645,0.0
5573,0.00042545519744300014,0.00042545519744300014,0.0
5574,0.0004254552144631314,0.0004254552144631314,0.0
5575,0.0004254552044770365,0.0004254552044770365,0.0
5576,0.00042545520268516215,0.00042545520268516215,0.0
5577,0.00042545519794220314,0.00042545519794220314,0.0
5578,0.000425455183786303,0.000425455183786303,0.0
5579,0.00042545516683751156,0.00042545516683751156,0.0
5580,0.00042545518498400244,0.00042545518498400244,0.0
5581,0.000425455175556635,0.000425455175556635,0.0
5582,0.0004254551655357413,0.0004254551655357413,0.0
5583,0.00042545514825341924,0.00042545514825341924,0.0
5584,0.0004254551701161978,0.0004254551701161978,0.0
5585,0.000425455164181954,0.000425455164181954,0.0
5586,0.00042545516201386607,0.00042545516201386607,0.0
5587,0.0004254551771850491,0.0004254551771850491,0.0
5588,0.0004254551747990587,0.0004254551747990587,0.0
5589,0.0004254551484181908,0.0004254551484181908,0.0
5590,0.0004254551400970022,0.0004254551400970022,0.0
5591,0.0004254551345393986,0.0004254551345393986,0.0
5592,0.0004254551382443615,0.0004254551382443615,0.0
5593,0.0004254551457119912,0.0004254551457119912,0.0
5594,0.00042545512939265375,0.00042545512939265375,0.0
5595,0.0004254551373939153,0.0004254551373939153,0.0
5596,0.00042545513663060005,0.00042545513663060005,0.0
5597,0.00042545510851268515,0.00042545510851268515,0.0
5598,0.0004254550915367466,0.0004254550915367466,0.0
5599,0.00042545509510965267,0.00042545509510965267,0.0
5600,0.0004254551089946799,0.0004254551089946799,0.0
5601,0.0004254551086560915,0.0004254551086560915,0.0
5602,0.0004254550975088766,0.0004254550975088766,0.0
5603,0.0004254551113721827,0.0004254551113721827,0.0
5604,0.00042545511274696897,0.00042545511274696897,0.0
5605,0.0004254551050609781,0.0004254551050609781,0.0
5606,0.000425455118870857,0.000425455118870857,0.0
5607,0.0004254550678356238,0.0004254550678356238,0.0
5608,0.00042545505366269157,0.00042545505366269157,0.0
5609,0.0004254551216712049,0.0004254551216712049,0.0
5610,0.00042545507363606007,0.00042545507363606007,0.0
5611,0.000425455060758156,0.000425455060758156,0.0
5612,0.00042545505930523226,0.00042545505930523226,0.0
5613,0.0004254551337698441,0.0004254551337698441,0.0
5614,0.00042545505024322124,0.00042545505024322124,0.0
5615,0.0004254550451749799,0.0004254550451749799,0.0
5616,0.0004254550715152133,0.0004254550715152133,0.0
5617,0.0004254550436762608,0.0004254550436762608,0.0
5618,0.00042545505211030277,0.00042545505211030277,0.0
5619,0.0004254551077883484,0.0004254551077883484,0.0
5620,0.0004254550548810428,0.0004254550548810428,0.0
5621,0.00042545504900364726,0.00042545504900364726,0.0
5622,0.0004254550334500261,0.0004254550334500261,0.0
5623,0.00042545504669276374,0.00042545504669276374,0.0
5624,0.00042545501454729526,0.00042545501454729526,0.0
5625,0.0004254549986017598,0.0004254549986017598,0.0
5626,0.000425455041186231,0.000425455041186231,0.0
5627,0.00042545499075667095,0.00042545499075667095,0.0
5628,0.00042545495972186873,0.00042545495972186873,0.0
5629,0.0004254549968195013,0.0004254549968195013,0.0
5630,0.00042545507017040837,0.00042545507017040837,0.0
5631,0.00042545500609457877,0.00042545500609457877,0.0
5632,0.00042545498522834766,0.00042545498522834766,0.0
5633,0.0004254549894998418,0.0004254549894998418,0.0
5634,0.0004254549779756009,0.0004254549779756009,0.0
5635,0.0004254549582912174,0.0004254549582912174,0.0
5636,0.00042545494578963896,0.00042545494578963896,0.0
5637,0.00042545495473047927,0.00042545495473047927,0.0
5638,0.00042545502433376323,0.00042545502433376323,0.0
5639,0.0004254549449833972,0.0004254549449833972,0.0
5640,0.00042545494483739026,0.00042545494483739026,0.0
5641,0.0004254549126369857,0.0004254549126369857,0.0
5642,0.0004254548766010948,0.0004254548766010948,0.0
5643,0.0004254549134450717,0.0004254549134450717,0.0
5644,0.00042545491808165906,0.00042545491808165906,0.0
5645,0.0004254549409113171,0.0004254549409113171,0.0
5646,0.0004254549183924569,0.0004254549183924569,0.0
5647,0.0004254548965553532,0.0004254548965553532,0.0
5648,0.0004254548765966055,0.0004254548765966055,0.0
5649,0.00042545488739634035,0.00042545488739634035,0.0
5650,0.00042545488352824755,0.00042545488352824755,0.0
5651,0.0004254549174626632,0.0004254549174626632,0.0
5652,0.0004254548291870171,0.0004254548291870171,0.0
5653,0.0004254547802407077,0.0004254547802407077,0.0
5654,0.00042545492501225486,0.00042545492501225486,0.0
5655,0.0004254548578963415,0.0004254548578963415,0.0
5656,0.00042545481815707054,0.00042545481815707054,0.0
5657,0.00042545479650138137,0.00042545479650138137,0.0
5658,0.00042545483172307824,0.00042545483172307824,0.0
5659,0.0004254548322677849,0.0004254548322677849,0.0
5660,0.0004254548253004643,0.0004254548253004643,0.0
5661,0.00042545483946559775,0.00042545483946559775,0.0
5662,0.0004254547708767551,0.0004254547708767551,0.0
5663,0.0004254547580081026,0.0004254547580081026,0.0
5664,0.00042545475231602634,0.00042545475231602634,0.0
5665,0.00042545473836489377,0.00042545473836489377,0.0
5666,0.00042545484123885947,0.00042545484123885947,0.0
5667,0.00042545477426644596,0.00042545477426644596,0.0
5668,0.00042545473397759135,0.00042545473397759135,0.0
5669,0.0004254547408725904,0.0004254547408725904,0.0
5670,0.0004254547820492605,0.0004254547820492605,0.0
5671,0.00042545474341479465,0.00042545474341479465,0.0
5672,0.0004254546764847531,0.0004254546764847531,0.0
5673,0.0004254546251714419,0.0004254546251714419,0.0
5674,0.0004254547124657132,0.0004254547124657132,0.0
5675,0.0004254547282105054,0.0004254547282105054,0.0
5676,0.00042545470494551073,0.00042545470494551073,0.0
5677,0.00042545460981674004,0.00042545460981674004,0.0
5678,0.0004254545183565113,0.0004254545183565113,0.0
5679,0.00042545470684375505,0.00042545470684375505,0.0
5680,0.00042545467318397517,0.00042545467318397517,0.0
5681,0.00042545460682391026,0.00042545460682391026,0.0
5682,0.0004254545812657823,0.0004254545812657823,0.0
5683,0.00042545458274519967,0.00042545458274519967,0.0
5684,0.0004254545358930229,0.0004254545358930229,0.0
5685,0.00042545452211785744,0.00042545452211785744,0.0
5686,0.0004254546033163356,0.0004254546033163356,0.0
5687,0.00042545453562551104,0.00042545453562551104,0.0
5688,0.0004254545853614856,0.0004254545853614856,0.0
5689,0.00042545472584863827,0.00042545472584863827,0.0
5690,0.0004254544872637627,0.0004254544872637627,0.0
5691,0.0004254544456564535,0.0004254544456564535,0.0
5692,0.00042545452840382674,0.00042545452840382674,0.0
5693,0.000425454490557896,0.000425454490557896,0.0
5694,0.000425454508825616,0.000425454508825616,0.0
5695,0.00042545463409537383,0.00042545463409537383,0.0
5696,0.00042545440461957273,0.00042545440461957273,0.0
5697,0.0004254543599112716,0.0004254543599112716,0.0
5698,0.0004254544849437315,0.0004254544849437315,0.0
5699,0.00042545432492488764,0.00042545432492488764,0.0
5700,0.00042545422084321787,0.00042545422084321787,0.0
5701,0.0004254543330738923,0.0004254543330738923,0.0
5702,0.00042545452652052664,0.00042545452652052664,0.0
5703,0.0004254543431915464,0.0004254543431915464,0.0
5704,0.0004254543279558713,0.0004254543279558713,0.0
5705,0.0004254544015109239,0.0004254544015109239,0.0
5706,0.00042545424122859013,0.00042545424122859013,0.0
5707,0.00042545424073239455,0.00042545424073239455,0.0
5708,0.0004254542413435699,0.0004254542413435699,0.0
5709,0.0004254542228172515,0.0004254542228172515,0.0
5710,0.00042545424239468497,0.00042545424239468497,0.0
5711,0.00042545428456101193,0.00042545428456101193,0.0
5712,0.0004254542941262686,0.0004254542941262686,0.0
5713,0.0004254541802276091,0.0004254541802276091,0.0
5714,0.0004254542134620839,0.0004254542134620839,0.0
5715,0.0004254541958292251,0.0004254541958292251,0.0
5716,0.00042545411594285424,0.00042545411594285424,0.0
5717,0.00042545412534450086,0.00042545412534450086,0.0
5718,0.0004254540742660732,0.0004254540742660732,0.0
5719,0.00042545404189647736,0.00042545404189647736,0.0
5720,0.0004254540394565546,0.0004254540394565546,0.0
5721,0.00042545403851222316,0.00042545403851222316,0.0
5722,0.0004254539865658966,0.0004254539865658966,0.0
5723,0.00042545393797687223,0.00042545393797687223,0.0
5724,0.00042545401489980884,0.00042545401489980884,0.0
5725,0.0004254540832526137,0.0004254540832526137,0.0
5726,0.00042545396849319103,0.00042545396849319103,0.0
5727,0.0004254540057746857,0.0004254540057746857,0.0
5728,0.0004254538736839639,0.0004254538736839639,0.0
5729,0.00042545380645142464,0.00042545380645142464,0.0
5730,0.0004254539283621659,0.0004254539283621659,0.0
5731,0.00042545387420882865,0.00042545387420882865,0.0
5732,0.0004254538335745109,0.0004254538335745109,0.0
5733,0.000425453826685541,0.000425453826685541,0.0
5734,0.00042545396864322385,0.00042545396864322385,0.0
5735,0.0004254538095225655,0.0004254538095225655,0.0
5736,0.00042545371051647585,0.00042545371051647585,0.0
5737,0.00042545369972002786,0.00042545369972002786,0.0
5738,0.00042545370211300343,0.00042545370211300343,0.0
5739,0.00042545362424138255,0.00042545362424138255,0.0
5740,0.0004254536056371514,0.0004254536056371514,0.0
5741,0.0004254535163123946,0.0004254535163123946,0.0
5742,0.0004254534232057293,0.0004254534232057293,0.0
5743,0.00042545374829378003,0.00042545374829378003,0.0
5744,0.0004254539870496427,0.0004254539870496427,0.0
5745,0.00042545360160657495,0.00042545360160657495,0.0
5746,0.0004254536401691215,0.0004254536401691215,0.0
5747,0.00042545369401545395,0.00042545369401545395,0.0
5748,0.0004254535024239044,0.0004254535024239044,0.0
5749,0.0004254538221590717,0.0004254538221590717,0.0
5750,0.0004254533630016293,0.0004254533630016293,0.0
5751,0.00042545326083730635,0.00042545326083730635,0.0
5752,0.0004254533831902077,0.0004254533831902077,0.0
5753,0.0004254536342450747,0.0004254536342450747,0.0
5754,0.00042545369859103035,0.00042545369859103035,0.0
5755,0.0004254534733254725,0.0004254534733254725,0.0
5756,0.0004254534237645438,0.0004254534237645438,0.0
5757,0.0004254532906446871,0.0004254532906446871,0.0
5758,0.0004254540430092912,0.0004254540430092912,0.0
5759,0.000425453522454182,0.000425453522454182,0.0
5760,0.00042545325761447013,0.00042545325761447013,0.0
5761,0.000425453336089536,0.000425453336089536,0.0
5762,0.00042545348716217346,0.00042545348716217346,0.0
5763,0.0004254533243221812,0.0004254533243221812,0.0
5764,0.0004254534809179882,0.0004254534809179882,0.0
5765,0.00042545307693049806,0.00042545307693049806,0.0
5766,0.00042545292154059236,0.00042545292154059236,0.0
5767,0.0004254531680059121,0.0004254531680059121,0.0
5768,0.00042545304886417514,0.00042545304886417514,0.0
5769,0.0004254532532085028,0.0004254532532085028,0.0
5770,0.00042545314762091956,0.00042545314762091956,0.0
5771,0.0004254532283441429,0.0004254532283441429,0.0
5772,0.0004254530630840631,0.0004254530630840631,0.0
5773,0.00042545331901328465,0.00042545331901328465,0.0
5774,0.00042545288424857155,0.00042545288424857155,0.0
5775,0.0004254528055340199,0.0004254528055340199,0.0
5776,0.0004254531137195984,0.0004254531137195984,0.0
5777,0.00042545292074822576,0.00042545292074822576,0.0
5778,0.0004254528769207551,0.0004254528769207551,0.0
5779,0.0004254528805505921,0.0004254528805505921,0.0
5780,0.00042545278035633743,0.00042545278035633743,0.0
5781,0.0004254528823426563,0.0004254528823426563,0.0
5782,0.00042545258173837925,0.00042545258173837925,0.0
5783,0.00042545236126726967,0.00042545236126726967,0.0
5784,0.0004254527076047824,0.0004254527076047824,0.0
5785,0.0004254529102920278,0.0004254529102920278,0.0
5786,0.0004254526973551462,0.0004254526973551462,0.0
5787,0.0004254528630229887,0.0004254528630229887,0.0
5788,0.00042545244702629054,0.00042545244702629054,0.0
5789,0.00042545253772253305,0.00042545253772253305,0.0
5790,0.00042545278527899444,0.00042545278527899444,0.0
5791,0.0004254526751755347,0.0004254526751755347,0.0
5792,0.0004254525465853271,0.0004254525465853271,0.0
5793,0.0004254523520805358,0.0004254523520805358,0.0
5794,0.0004254525669185384,0.0004254525669185384,0.0
5795,0.0004254524532932841,0.0004254524532932841,0.0
5796,0.0004254522332596785,0.0004254522332596785,0.0
5797,0.0004254521756834479,0.0004254521756834479,0.0
5798,0.0004254522245666633,0.0004254522245666633,0.0
5799,0.00042545250183666423,0.00042545250183666423,0.0
5800,0.0004254526555201283,0.0004254526555201283,0.0
5801,0.00042545206576163544,0.00042545206576163544,0.0
5802,0.00042545193942809746,0.00042545193942809746,0.0
5803,0.0004254520393890146,0.0004254520393890146,0.0
5804,0.00042545232685499646,0.00042545232685499646,0.0
5805,0.00042545236826027513,0.00042545236826027513,0.0
5806,0.0004254522665846442,0.0004254522665846442,0.0
5807,0.0004254520751995425,0.0004254520751995425,0.0
5808,0.00042545210164498707,0.00042545210164498707,0.0
5809,0.0004254517882523024,0.0004254517882523024,0.0
5810,0.0004254517394330378,0.0004254517394330378,0.0
5811,0.0004254517731878599,0.0004254517731878599,0.0
5812,0.0004254519963925655,0.0004254519963925655,0.0
5813,0.00042545189415637636,0.00042545189415637636,0.0
5814,0.00042545224759192373,0.00042545224759192373,0.0
5815,0.0004254516122210884,0.0004254516122210884,0.0
5816,0.00042545162591674923,0.00042545162591674923,0.0
5817,0.0004254517965883832,0.0004254517965883832,0.0
5818,0.00042545172295155363,0.00042545172295155363,0.0
5819,0.00042545204392902415,0.00042545204392902415,0.0
5820,0.00042545143648279915,0.00042545143648279915,0.0
5821,0.00042545136707269296,0.00042545136707269296,0.0
5822,0.0004254515883469554,0.0004254515883469554,0.0
5823,0.00042545177676577906,0.00042545177676577906,0.0
5824,0.0004254515742699652,0.0004254515742699652,0.0
5825,0.0004254514819708752,0.0004254514819708752,0.0
5826,0.000425451432419884,0.000425451432419884,0.0
5827,0.00042545127526692636,0.00042545127526692636,0.0
5828,0.0004254515007364954,0.0004254515007364954,0.0
5829,0.0004254515905632216,0.0004254515905632216,0.0
5830,0.0004254511880079257,0.0004254511880079257,0.0
5831,0.00042545136361489154,0.00042545136361489154,0.0
5832,0.0004254512829443949,0.0004254512829443949,0.0
5833,0.0004254509415087977,0.0004254509415087977,0.0
5834,0.0004254509115835329,0.0004254509115835329,0.0
5835,0.0004254524136692976,0.0004254524136692976,0.0
5836,0.000425451480337859,0.000425451480337859,0.0
5837,0.0004254512275497879,0.0004254512275497879,0.0
5838,0.0004254513119900628,0.0004254513119900628,0.0
5839,0.0004254508916210495,0.0004254508916210495,0.0
5840,0.0004254509105939613,0.0004254509105939613,0.0
5841,0.00042545116999248453,0.00042545116999248453,0.0
5842,0.00042545087337522686,0.00042545087337522686,0.0
5843,0.00042545116302583115,0.00042545116302583115,0.0
5844,0.00042545108943873976,0.00042545108943873976,0.0
5845,0.00042545091021809,0.00042545091021809,0.0
5846,0.00042545115675287997,0.00042545115675287997,0.0
5847,0.0004254515622262879,0.0004254515622262879,0.0
5848,0.0004254505496748101,0.0004254505496748101,0.0
5849,0.0004254503794195548,0.0004254503794195548,0.0
5850,0.000425450769873743,0.000425450769873743,0.0
5851,0.00042545140563732037,0.00042545140563732037,0.0
5852,0.00042545102712527233,0.00042545102712527233,0.0
5853,0.0004254508711249549,0.0004254508711249549,0.0
5854,0.00042545043731265263,0.00042545043731265263,0.0
5855,0.00042545132880272976,0.00042545132880272976,0.0
5856,0.0004254503715613927,0.0004254503715613927,0.0
5857,0.00042545037417995353,0.00042545037417995353,0.0
5858,0.00042545131585192836,0.00042545131585192836,0.0
5859,0.0004254508300383607,0.0004254508300383607,0.0
5860,0.00042545072571138775,0.00042545072571138775,0.0
5861,0.00042545075512091774,0.00042545075512091774,0.0
5862,0.0004254507036401631,0.0004254507036401631,0.0
5863,0.000425450403876336,0.000425450403876336,0.0
5864,0.0004254505960376689,0.0004254505960376689,0.0
5865,0.00042545094803531064,0.00042545094803531064,0.0
5866,0.00042545053468303327,0.00042545053468303327,0.0
5867,0.00042545067889305924,0.00042545067889305924,0.0
5868,0.00042545055655069324,0.00042545055655069324,0.0
5869,0.00042545089655452557,0.00042545089655452557,0.0
5870,0.00042545045101814646,0.00042545045101814646,0.0
5871,0.0004254505168429553,0.0004254505168429553,0.0
5872,0.0004254509149245899,0.0004254509149245899,0.0
5873,0.00042545051769840467,0.00042545051769840467,0.0
5874,0.0004254502312648483,0.0004254502312648483,0.0
5875,0.00042545074463691426,0.00042545074463691426,0.0
5876,0.00042545036072006034,0.00042545036072006034,0.0
5877,0.0004254505595508276,0.0004254505595508276,0.0
5878,0.00042545022122545605,0.00042545022122545605,0.0
5879,0.00042545070923251225,0.00042545070923251225,0.0
5880,0.0004254499928689267,0.0004254499928689267,0.0
5881,0.0004254501035489814,0.0004254501035489814,0.0
5882,0.00042545040132667416,0.00042545040132667416,0.0
5883,0.00042545020124690425,0.00042545020124690425,0.0
5884,0.0004254504394107247,0.0004254504394107247,0.0
5885,0.0004254506989089509,0.0004254506989089509,0.0
5886,0.000425450251614426,0.000425450251614426,0.0
5887,0.00042545060407720933,0.00042545060407720933,0.0
5888,0.0004254502496106735,0.0004254502496106735,0.0
5889,0.000425450316493029,0.000425450316493029,0.0
5890,0.0004254501765762536,0.0004254501765762536,0.0
5891,0.0004254501846623077,0.0004254501846623077,0.0
5892,0.0004254499815658544,0.0004254499815658544,0.0
5893,0.0004254503704517984,0.0004254503704517984,0.0
5894,0.0004254504797136408,0.0004254504797136408,0.0
5895,0.00042545016934123744,0.00042545016934123744,0.0
5896,0.0004254501252681284,0.0004254501252681284,0.0
5897,0.00042545062565515953,0.00042545062565515953,0.0
5898,0.0004254501110310673,0.0004254501110310673,0.0
5899,0.0004254499272362081,0.0004254499272362081,0.0
5900,0.0004254501705821772,0.0004254501705821772,0.0
5901,0.0004254501671600906,0.0004254501671600906,0.0
5902,0.00042545060793076634,0.00042545060793076634,0.0
5903,0.0004254500818805434,0.0004254500818805434,0.0
5904,0.00042545019119011383,0.00042545019119011383,0.0
5905,0.00042545036139313624,0.00042545036139313624,0.0
5906,0.0004254500685267173,0.0004254500685267173,0.0
5907,0.0004254500390587229,0.0004254500390587229,0.0
5908,0.00042545002401306916,0.00042545002401306916,0.0
5909,0.0004254498397658731,0.0004254498397658731,0.0
5910,0.0004254499345032066,0.0004254499345032066,0.0
5911,0.00042544983308995894,0.00042544983308995894,0.0
5912,0.0004254499944442722,0.0004254499944442722,0.0
5913,0.00042545005834366596,0.00042545005834366596,0.0
5914,0.00042545001484317813,0.00042545001484317813,0.0
5915,0.0004254499724282741,0.0004254499724282741,0.0
5916,0.0004254501551383397,0.0004254501551383397,0.0
5917,0.0004254502201878312,0.0004254502201878312,0.0
5918,0.00042544995031432555,0.00042544995031432555,0.0
5919,0.0004254500038580793,0.0004254500038580793,0.0
5920,0.0004254499388816654,0.0004254499388816654,0.0
5921,0.00042545003801851874,0.00042545003801851874,0.0
5922,0.0004254501866008599,0.0004254501866008599,0.0
5923,0.0004254499207588117,0.0004254499207588117,0.0
5924,0.00042545002074114964,0.00042545002074114964,0.0
5925,0.0004254498180837461,0.0004254498180837461,0.0
5926,0.00042545008882848527,0.00042545008882848527,0.0
5927,0.0004254499121986423,0.0004254499121986423,0.0
5928,0.00042544983249575587,0.00042544983249575587,0.0
5929,0.0004254499423296282,0.0004254499423296282,0.0
5930,0.000425450012733609,0.000425450012733609,0.0
5931,0.00042545002419293635,0.00042545002419293635,0.0
5932,0.0004254498471365533,0.0004254498471365533,0.0
5933,0.00042544996352138773,0.00042544996352138773,0.0
5934,0.0004254501185825227,0.0004254501185825227,0.0
5935,0.00042544984285414455,0.00042544984285414455,0.0
5936,0.00042544988478887633,0.00042544988478887633,0.0
5937,0.000425450013868807,0.000425450013868807,0.0
5938,0.0004254498402970808,0.0004254498402970808,0.0
5939,0.00042545000470225276,0.00042545000470225276,0.0
5940,0.00042544983642430823,0.00042544983642430823,0.0
5941,0.0004254498407441236,0.0004254498407441236,0.0
5942,0.00042544969480723583,0.00042544969480723583,0.0
5943,0.00042544976790929057,0.00042544976790929057,0.0
5944,0.0004254501020398828,0.0004254501020398828,0.0
5945,0.00042544979677082927,0.00042544979677082927,0.0
5946,0.0004254500018408919,0.0004254500018408919,0.0
5947,0.0004254498044950657,0.0004254498044950657,0.0
5948,0.00042544983603475293,0.00042544983603475293,0.0
5949,0.00042544996986291464,0.00042544996986291464,0.0
5950,0.00042544979530779493,0.00042544979530779493,0.0
5951,0.00042544998003126626,0.00042544998003126626,0.0
5952,0.0004254497900227535,0.0004254497900227535,0.0
5953,0.0004254497168160669,0.0004254497168160669,0.0
5954,0.00042544979048104054,0.00042544979048104054,0.0
5955,0.00042544985896803683,0.00042544985896803683,0.0
5956,0.0004254498438390703,0.0004254498438390703,0.0
5957,0.00042544993664852816,0.00042544993664852816,0.0
5958,0.00042544975421693386,0.00042544975421693386,0.0
5959,0.0004254497404937999,0.0004254497404937999,0.0
5960,0.0004254498642226823,0.0004254498642226823,0.0
5961,0.0004254497523937842,0.0004254497523937842,0.0
5962,0.0004254497476697126,0.0004254497476697126,0.0
5963,0.00042544981908237793,0.00042544981908237793,0.0
5964,0.0004254496987323116,0.0004254496987323116,0.0
5965,0.00042544981479592344,0.00042544981479592344,0.0
5966,0.0004254497174389003,0.0004254497174389003,0.0
5967,0.000425449832690561,0.000425449832690561,0.0
5968,0.00042544966421614877,0.00042544966421614877,0.0
5969,0.00042544973028718587,0.00042544973028718587,0.0
5970,0.0004254498089461554,0.0004254498089461554,0.0
5971,0.0004254499614515556,0.0004254499614515556,0.0
5972,0.000425449717565893,0.000425449717565893,0.0
5973,0.0004254498173834808,0.0004254498173834808,0.0
5974,0.00042544979918266194,0.00042544979918266194,0.0
5975,0.0004254498153559548,0.0004254498153559548,0.0
5976,0.00042544972248669124,0.00042544972248669124,0.0
5977,0.00042544979172793874,0.00042544979172793874,0.0
5978,0.00042544983028336306,0.00042544983028336306,0.0
5979,0.0004254497160234902,0.0004254497160234902,0.0
5980,0.00042544973298848073,0.00042544973298848073,0.0
5981,0.0004254498119209931,0.0004254498119209931,0.0
5982,0.00042544971327612496,0.00042544971327612496,0.0
5983,0.00042544965668571335,0.00042544965668571335,0.0
5984,0.0004254497179572972,0.0004254497179572972,0.0
5985,0.00042544967174894363,0.00042544967174894363,0.0
5986,0.0004254497554228054,0.0004254497554228054,0.0
5987,0.00042544976148383795,0.00042544976148383795,0.0
5988,0.00042544967114210955,0.00042544967114210955,0.0
5989,0.0004254497631193705,0.0004254497631193705,0.0
5990,0.0004254496887035733,0.0004254496887035733,0.0
5991,0.0004254497848911332,0.0004254497848911332,0.0
5992,0.0004254496820713927,0.0004254496820713927,0.0
5993,0.0004254497171815721,0.0004254497171815721,0.0
5994,0.00042544964915607785,0.00042544964915607785,0.0
5995,0.00042544972420560575,0.00042544972420560575,0.0
5996,0.0004254497291952699,0.0004254497291952699,0.0
5997,0.0004254496765556299,0.0004254496765556299,0.0
5998,0.0004254497223337825,0.0004254497223337825,0.0
5999,0.00042544973482763044,0.00042544973482763044,0.0
6000,0.00042544967159840894,0.00042544967159840894,0.0
6001,0.00042544964614396033,0.00042544964614396033,0.0
6002,0.00042544971035504117,0.00042544971035504117,0.0
6003,0.00042544972338444317,0.00042544972338444317,0.0
6004,0.00042544966599746936,0.00042544966599746936,0.0
6005,0.00042544965765977565,0.00042544965765977565,0.0
6006,0.0004254496721065212,0.0004254496721065212,0.0
6007,0.00042544969444437646,0.00042544969444437646,0.0
6008,0.0004254496737362727,0.0004254496737362727,0.0
6009,0.00042544967696469925,0.00042544967696469925,0.0
6010,0.0004254496376414657,0.0004254496376414657,0.0
6011,0.0004254497226954847,0.0004254497226954847,0.0
6012,0.0004254496752341777,0.0004254496752341777,0.0
6013,0.00042544961149182045,0.00042544961149182045,0.0
6014,0.00042544964904453144,0.00042544964904453144,0.0
6015,0.00042544971959910643,0.00042544971959910643,0.0
6016,0.00042544964113156244,0.00042544964113156244,0.0
6017,0.00042544961787106155,0.00042544961787106155,0.0
6018,0.0004254496521740558,0.0004254496521740558,0.0
6019,0.000425449666215739,0.000425449666215739,0.0
6020,0.00042544967402933744,0.00042544967402933744,0.0
6021,0.00042544967380546417,0.00042544967380546417,0.0
6022,0.0004254496789904774,0.0004254496789904774,0.0
6023,0.0004254496333952258,0.0004254496333952258,0.0
6024,0.00042544967423224615,0.00042544967423224615,0.0
6025,0.00042544963349375805,0.00042544963349375805,0.0
6026,0.000425449677311516,0.000425449677311516,0.0
6027,0.0004254496333537154,0.0004254496333537154,0.0
6028,0.0004254496868221749,0.0004254496868221749,0.0
6029,0.0004254496319704134,0.0004254496319704134,0.0
6030,0.00042544961445159507,0.00042544961445159507,0.0
6031,0.00042544960348171566,0.00042544960348171566,0.0
6032,0.0004254496404349106,0.0004254496404349106,0.0
6033,0.0004254496380373339,0.0004254496380373339,0.0
6034,0.0004254496447629493,0.0004254496447629493,0.0
6035,0.0004254496204110657,0.0004254496204110657,0.0
6036,0.00042544964008604406,0.00042544964008604406,0.0
6037,0.0004254496185686443,0.0004254496185686443,0.0
6038,0.00042544966122356743,0.00042544966122356743,0.0
6039,0.00042544961742621345,0.00042544961742621345,0.0
6040,0.00042544967568837206,0.00042544967568837206,0.0
6041,0.0004254496147378787,0.0004254496147378787,0.0
6042,0.00042544962566405583,0.00042544962566405583,0.0
6043,0.0004254495889196758,0.0004254495889196758,0.0
6044,0.0004254496058222322,0.0004254496058222322,0.0
6045,0.0004254496431876086,0.0004254496431876086,0.0
6046,0.00042544961119700647,0.00042544961119700647,0.0
6047,0.0004254496272548742,0.0004254496272548742,0.0
6048,0.0004254496429572107,0.0004254496429572107,0.0
6049,0.00042544960963517426,0.00042544960963517426,0.0
6050,0.0004254496665157009,0.0004254496665157009,0.0
6051,0.0004254496060766343,0.0004254496060766343,0.0
6052,0.00042544964156059046,0.00042544964156059046,0.0
6053,0.00042544960924810596,0.00042544960924810596,0.0
6054,0.0004254495872257665,0.0004254495872257665,0.0
6055,0.00042544959800137726,0.00042544959800137726,0.0
6056,0.000425449590271877,0.000425449590271877,0.0
6057,0.0004254495873752198,0.0004254495873752198,0.0
6058,0.0004254496061325621,0.0004254496061325621,0.0
6059,0.00042544961120243984,0.00042544961120243984,0.0
6060,0.000425449626172809,0.000425449626172809,0.0
6061,0.0004254495995012692,0.0004254495995012692,0.0
6062,0.00042544962179436356,0.00042544962179436356,0.0
6063,0.0004254495979777005,0.0004254495979777005,0.0
6064,0.00042544965415607365,0.00042544965415607365,0.0
6065,0.00042544959424982133,0.00042544959424982133,0.0
6066,0.00042544958744201566,0.00042544958744201566,0.0
6067,0.00042544957817526726,0.00042544957817526726,0.0
6068,0.000425449586511426,0.000425449586511426,0.0
6069,0.00042544959065401436,0.00042544959065401436,0.0
6070,0.00042544961762297083,0.00042544961762297083,0.0
6071,0.00042544959269449906,0.00042544959269449906,0.0
6072,0.00042544958577311204,0.00042544958577311204,0.0
6073,0.00042544961080600793,0.00042544961080600793,0.0
6074,0.0004254495739556179,0.0004254495739556179,0.0
6075,0.00042544958204886765,0.00042544958204886765,0.0
6076,0.0004254496040838755,0.0004254496040838755,0.0
6077,0.00042544957379978297,0.00042544957379978297,0.0
6078,0.00042544958657708074,0.00042544958657708074,0.0
6079,0.00042544957432985326,0.00042544957432985326,0.0
6080,0.000425449607856712,0.000425449607856712,0.0
6081,0.0004254495851539767,0.0004254495851539767,0.0
6082,0.00042544956737468223,0.00042544956737468223,0.0
6083,0.00042544957517500295,0.00042544957517500295,0.0
6084,0.0004254495954510695,0.0004254495954510695,0.0
6085,0.00042544957164136,0.00042544957164136,0.0
6086,0.0004254495654221726,0.0004254495654221726,0.0
6087,0.0004254495752317662,0.0004254495752317662,0.0
6088,0.00042544956073661946,0.00042544956073661946,0.0
6089,0.0004254495650722089,0.0004254495650722089,0.0
6090,0.00042544959521181034,0.00042544959521181034,0.0
6091,0.00042544957694086926,0.00042544957694086926,0.0
6092,0.00042544957514260276,0.00042544957514260276,0.0
6093,0.0004254495662152495,0.0004254495662152495,0.0
6094,0.00042544958395573414,0.00042544958395573414,0.0
6095,0.0004254495604620648,0.0004254495604620648,0.0
6096,0.00042544956965448683,0.00042544956965448683,0.0
6097,0.0004254495606754032,0.0004254495606754032,0.0
6098,0.00042544957506342857,0.00042544957506342857,0.0
6099,0.00042544956059289047,0.00042544956059289047,0.0
6100,0.00042544956111864493,0.00042544956111864493,0.0
6101,0.0004254495608508191,0.0004254495608508191,0.0
6102,0.0004254495515702184,0.0004254495515702184,0.0
6103,0.0004254495616971645,0.0004254495616971645,0.0
6104,0.00042544956154611625,0.00042544956154611625,0.0
6105,0.0004254495499182984,0.0004254495499182984,0.0
6106,0.0004254495585842839,0.0004254495585842839,0.0
6107,0.0004254495520293741,0.0004254495520293741,0.0
6108,0.0004254495554391203,0.0004254495554391203,0.0
6109,0.0004254495682514538,0.0004254495682514538,0.0
6110,0.00042544955981206064,0.00042544955981206064,0.0
6111,0.0004254495476925025,0.0004254495476925025,0.0
6112,0.0004254495622427772,0.0004254495622427772,0.0
6113,0.00042544954715448117,0.00042544954715448117,0.0
6114,0.00042544956480048156,0.00042544956480048156,0.0
6115,0.00042544954378263806,0.00042544954378263806,0.0
6116,0.00042544955769763536,0.00042544955769763536,0.0
6117,0.0004254495671769625,0.0004254495671769625,0.0
6118,0.00042544953969270556,0.00042544953969270556,0.0
6119,0.0004254495450804087,0.0004254495450804087,0.0
6120,0.0004254495654672647,0.0004254495654672647,0.0
6121,0.0004254495449889947,0.0004254495449889947,0.0
6122,0.0004254495613438085,0.0004254495613438085,0.0
6123,0.00042544954431283775,0.00042544954431283775,0.0
6124,0.0004254495580929662,0.0004254495580929662,0.0
6125,0.00042544956206326426,0.00042544956206326426,0.0
6126,0.0004254495480889074,0.0004254495480889074,0.0
6127,0.00042544954867534355,0.00042544954867534355,0.0
6128,0.000425449558932617,0.000425449558932617,0.0
6129,0.00042544954424797237,0.00042544954424797237,0.0
6130,0.00042544953836550837,0.00042544953836550837,0.0
6131,0.0004254495510397653,0.0004254495510397653,0.0
6132,0.0004254495358510223,0.0004254495358510223,0.0
6133,0.0004254495471825938,0.0004254495471825938,0.0
6134,0.0004254495320177789,0.0004254495320177789,0.0
6135,0.0004254495401245712,0.0004254495401245712,0.0
6136,0.0004254495350403203,0.0004254495350403203,0.0
6137,0.00042544954928876383,0.00042544954928876383,0.0
6138,0.00042544954322954934,0.00042544954322954934,0.0
6139,0.0004254495396077504,0.0004254495396077504,0.0
6140,0.00042544953277070066,0.00042544953277070066,0.0
6141,0.0004254495368816388,0.0004254495368816388,0.0
6142,0.0004254495245440436,0.0004254495245440436,0.0
6143,0.0004254495267899461,0.0004254495267899461,0.0
6144,0.0004254495474240688,0.0004254495474240688,0.0
6145,0.00042544954046242226,0.00042544954046242226,0.0
6146,0.0004254495245500235,0.0004254495245500235,0.0
6147,0.0004254495296284332,0.0004254495296284332,0.0
6148,0.00042544954508186126,0.00042544954508186126,0.0
6149,0.0004254495285971071,0.0004254495285971071,0.0
6150,0.00042544954358737075,0.00042544954358737075,0.0
6151,0.00042544953437105527,0.00042544953437105527,0.0
6152,0.0004254495344704762,0.0004254495344704762,0.0
6153,0.0004254495399713444,0.0004254495399713444,0.0
6154,0.0004254495197293018,0.0004254495197293018,0.0
6155,0.00042544952581891765,0.00042544952581891765,0.0
6156,0.0004254495433600868,0.0004254495433600868,0.0
6157,0.0004254495295399049,0.0004254495295399049,0.0
6158,0.0004254495281672009,0.0004254495281672009,0.0
6159,0.0004254495234457429,0.0004254495234457429,0.0
6160,0.0004254495430922952,0.0004254495430922952,0.0
6161,0.00042544952706740995,0.00042544952706740995,0.0
6162,0.0004254495186200501,0.0004254495186200501,0.0
6163,0.00042544952710103453,0.00042544952710103453,0.0
6164,0.00042544952003173095,0.00042544952003173095,0.0
6165,0.00042544952892628634,0.00042544952892628634,0.0
6166,0.0004254495228253856,0.0004254495228253856,0.0
6167,0.00042544952511690016,0.00042544952511690016,0.0
6168,0.0004254495126933409,0.0004254495126933409,0.0
6169,0.0004254495167336438,0.0004254495167336438,0.0
6170,0.0004254495284428945,0.0004254495284428945,0.0
6171,0.0004254495251337516,0.0004254495251337516,0.0
6172,0.0004254495248100468,0.0004254495248100468,0.0
6173,0.00042544950404312316,0.00042544950404312316,0.0
6174,0.0004254494954761232,0.0004254494954761232,0.0
6175,0.00042544951971749056,0.00042544951971749056,0.0
6176,0.0004254495115886015,0.0004254495115886015,0.0
6177,0.0004254495309995746,0.0004254495309995746,0.0
6178,0.0004254495168198272,0.0004254495168198272,0.0
6179,0.0004254495198709359,0.0004254495198709359,0.0
6180,0.0004254495181805404,0.0004254495181805404,0.0
6181,0.00042544951385764,0.00042544951385764,0.0
6182,0.00042544950870368296,0.00042544950870368296,0.0
6183,0.0004254495218398348,0.0004254495218398348,0.0
6184,0.0004254495202564817,0.0004254495202564817,0.0
6185,0.00042544953316099284,0.00042544953316099284,0.0
6186,0.0004254495127808061,0.0004254495127808061,0.0
6187,0.00042544951146400515,0.00042544951146400515,0.0
6188,0.00042544950781130125,0.00042544950781130125,0.0
6189,0.0004254495025199043,0.0004254495025199043,0.0
6190,0.0004254495086113452,0.0004254495086113452,0.0
6191,0.00042544951605430465,0.00042544951605430465,0.0
6192,0.0004254495147522689,0.0004254495147522689,0.0
6193,0.0004254495081074855,0.0004254495081074855,0.0
6194,0.0004254495091749357,0.0004254495091749357,0.0
6195,0.0004254494978131058,0.0004254494978131058,0.0
6196,0.00042544950859572017,0.00042544950859572017,0.0
6197,0.000425449493369614,0.000425449493369614,0.0
6198,0.0004254494908866899,0.0004254494908866899,0.0
6199,0.0004254495038884566,0.0004254495038884566,0.0
6200,0.00042544949192977057,0.00042544949192977057,0.0
6201,0.00042544950477528515,0.00042544950477528515,0.0
6202,0.00042544949834478417,0.00042544949834478417,0.0
6203,0.0004254495026005045,0.0004254495026005045,0.0
6204,0.0004254494882993263,0.0004254494882993263,0.0
6205,0.00042544948784250516,0.00042544948784250516,0.0
6206,0.00042544948874886104,0.00042544948874886104,0.0
6207,0.0004254494848016256,0.0004254494848016256,0.0
6208,0.0004254494860749252,0.0004254494860749252,0.0
6209,0.00042544949786777153,0.00042544949786777153,0.0
6210,0.0004254494934027448,0.0004254494934027448,0.0
6211,0.00042544948763961505,0.00042544948763961505,0.0
6212,0.00042544948554175903,0.00042544948554175903,0.0
6213,0.0004254494949936637,0.0004254494949936637,0.0
6214,0.0004254494832946286,0.0004254494832946286,0.0
6215,0.00042544949574302047,0.00042544949574302047,0.0
6216,0.00042544947689859673,0.00042544947689859673,0.0
6217,0.0004254494806830008,0.0004254494806830008,0.0
6218,0.0004254494868057433,0.0004254494868057433,0.0
6219,0.0004254494895711309,0.0004254494895711309,0.0
6220,0.0004254494850465467,0.0004254494850465467,0.0
6221,0.00042544947322765395,0.00042544947322765395,0.0
6222,0.0004254494770041112,0.0004254494770041112,0.0
6223,0.0004254494849062505,0.0004254494849062505,0.0
6224,0.0004254494824269791,0.0004254494824269791,0.0
6225,0.0004254494723906301,0.0004254494723906301,0.0
6226,0.0004254494787408025,0.0004254494787408025,0.0
6227,0.0004254494672947103,0.0004254494672947103,0.0
6228,0.00042544946525649636,0.00042544946525649636,0.0
6229,0.0004254494823731388,0.0004254494823731388,0.0
6230,0.0004254494826622586,0.0004254494826622586,0.0
6231,0.0004254494674000681,0.0004254494674000681,0.0
6232,0.0004254494865603208,0.0004254494865603208,0.0
6233,0.00042544947479528436,0.00042544947479528436,0.0
6234,0.00042544946499509836,0.00042544946499509836,0.0
6235,0.00042544946844857816,0.00042544946844857816,0.0
6236,0.0004254494694083061,0.0004254494694083061,0.0
6237,0.0004254494729887586,0.0004254494729887586,0.0
6238,0.0004254494740982722,0.0004254494740982722,0.0
6239,0.00042544948608540397,0.00042544948608540397,0.0
6240,0.00042544947287478295,0.00042544947287478295,0.0
6241,0.00042544946694017777,0.00042544946694017777,0.0
6242,0.0004254494685947204,0.0004254494685947204,0.0
6243,0.0004254494713653339,0.0004254494713653339,0.0
6244,0.0004254494672984163,0.0004254494672984163,0.0
6245,0.0004254494608016707,0.0004254494608016707,0.0
6246,0.00042544947211968184,0.00042544947211968184,0.0
6247,0.0004254494694588999,0.0004254494694588999,0.0
6248,0.0004254494643146267,0.0004254494643146267,0.0
6249,0.00042544946503193695,0.00042544946503193695,0.0
6250,0.00042544945856599496,0.00042544945856599496,0.0
6251,0.00042544946992076647,0.00042544946992076647,0.0
6252,0.0004254494668567048,0.0004254494668567048,0.0
6253,0.00042544947191950814,0.00042544947191950814,0.0
6254,0.00042544945531899973,0.00042544945531899973,0.0
6255,0.00042544946083694364,0.00042544946083694364,0.0
6256,0.0004254494625770505,0.0004254494625770505,0.0
6257,0.0004254494586034715,0.0004254494586034715,0.0
6258,0.0004254494567182965,0.0004254494567182965,0.0
6259,0.0004254494665421932,0.0004254494665421932,0.0
6260,0.00042544946614790895,0.00042544946614790895,0.0
6261,0.00042544947929776364,0.00042544947929776364,0.0
6262,0.000425449458509632,0.000425449458509632,0.0
6263,0.00042544946384245175,0.00042544946384245175,0.0
6264,0.00042544945964296355,0.00042544945964296355,0.0
6265,0.00042544945964750625,0.00042544945964750625,0.0
6266,0.00042544945694516985,0.00042544945694516985,0.0
6267,0.00042544946434102716,0.00042544946434102716,0.0
6268,0.00042544945965830176,0.00042544945965830176,0.0
6269,0.00042544947177596313,0.00042544947177596313,0.0
6270,0.000425449456642303,0.000425449456642303,0.0
6271,0.00042544946313216277,0.00042544946313216277,0.0
6272,0.0004254494550915821,0.0004254494550915821,0.0
6273,0.00042544946950378643,0.00042544946950378643,0.0
6274,0.0004254494619665715,0.0004254494619665715,0.0
6275,0.00042544945752461005,0.00042544945752461005,0.0
6276,0.00042544946813160114,0.00042544946813160114,0.0
6277,0.00042544945534842617,0.00042544945534842617,0.0
6278,0.0004254494592541003,0.0004254494592541003,0.0
6279,0.00042544945835540024,0.00042544945835540024,0.0
6280,0.0004254494604810739,0.0004254494604810739,0.0
6281,0.00042544945873218125,0.00042544945873218125,0.0
6282,0.00042544945935040244,0.00042544945935040244,0.0
6283,0.0004254494510800343,0.0004254494510800343,0.0
6284,0.00042544945905828406,0.00042544945905828406,0.0
6285,0.0004254494620226944,0.0004254494620226944,0.0
6286,0.00042544945346541165,0.00042544945346541165,0.0
6287,0.0004254494619990961,0.0004254494619990961,0.0
6288,0.000425449453205091,0.000425449453205091,0.0
6289,0.0004254494561717697,0.0004254494561717697,0.0
6290,0.0004254494591986042,0.0004254494591986042,0.0
6291,0.00042544946137400665,0.00042544946137400665,0.0
6292,0.0004254494530267195,0.0004254494530267195,0.0
6293,0.00042544946021513016,0.00042544946021513016,0.0
6294,0.00042544945310701534,0.00042544945310701534,0.0
6295,0.00042544945990106,0.00042544945990106,0.0
6296,0.00042544945311812847,0.00042544945311812847,0.0
6297,0.0004254494625120947,0.0004254494625120947,0.0
6298,0.00042544945268008574,0.00042544945268008574,0.0
6299,0.0004254494552137286,0.0004254494552137286,0.0
6300,0.0004254494529855385,0.0004254494529855385,0.0
6301,0.00042544945382980425,0.00042544945382980425,0.0
6302,0.0004254494600475411,0.0004254494600475411,0.0
6303,0.0004254494522623718,0.0004254494522623718,0.0
6304,0.00042544945924467733,0.00042544945924467733,0.0
6305,0.00042544945206459344,0.00042544945206459344,0.0
6306,0.0004254494539439683,0.0004254494539439683,0.0
6307,0.00042544945471958224,0.00042544945471958224,0.0
6308,0.0004254494505723214,0.0004254494505723214,0.0
6309,0.000425449458164677,0.000425449458164677,0.0
6310,0.0004254494570816951,0.0004254494570816951,0.0
6311,0.0004254494513714975,0.0004254494513714975,0.0
6312,0.0004254494484410967,0.0004254494484410967,0.0
6313,0.00042544945145966793,0.00042544945145966793,0.0
6314,0.00042544945356330714,0.00042544945356330714,0.0
6315,0.0004254494554261276,0.0004254494554261276,0.0
6316,0.0004254494508540439,0.0004254494508540439,0.0
6317,0.0004254494536879064,0.0004254494536879064,0.0
6318,0.0004254494558745708,0.0004254494558745708,0.0
6319,0.0004254494505836603,0.0004254494505836603,0.0
6320,0.0004254494563255945,0.0004254494563255945,0.0
6321,0.00042544945026809933,0.00042544945026809933,0.0
6322,0.00042544945611992145,0.00042544945611992145,0.0
6323,0.0004254494502521824,0.0004254494502521824,0.0
6324,0.0004254494547763546,0.0004254494547763546,0.0
6325,0.00042544945036946264,0.00042544945036946264,0.0
6326,0.000425449455195469,0.000425449455195469,0.0
6327,0.00042544945027377963,0.00042544945027377963,0.0
6328,0.0004254494500211487,0.0004254494500211487,0.0
6329,0.000425449451417077,0.000425449451417077,0.0
6330,0.000425449448791213,0.000425449448791213,0.0
6331,0.00042544944943651394,0.00042544944943651394,0.0
6332,0.0004254494501837907,0.0004254494501837907,0.0
6333,0.00042544945391521883,0.00042544945391521883,0.0
6334,0.0004254494495811748,0.0004254494495811748,0.0
6335,0.0004254494506206918,0.0004254494506206918,0.0
6336,0.0004254494487516986,0.0004254494487516986,0.0
6337,0.00042544944570049165,0.00042544944570049165,0.0
6338,0.0004254494447790348,0.0004254494447790348,0.0
6339,0.0004254494502599515,0.0004254494502599515,0.0
6340,0.00042544944770491285,0.00042544944770491285,0.0
6341,0.0004254494547641167,0.0004254494547641167,0.0
6342,0.00042544944804649275,0.00042544944804649275,0.0
6343,0.0004254494480624512,0.0004254494480624512,0.0
6344,0.00042544945076406615,0.00042544945076406615,0.0
6345,0.00042544944820028683,0.00042544944820028683,0.0
6346,0.00042544944776258097,0.00042544944776258097,0.0
6347,0.00042544944844967334,0.00042544944844967334,0.0
6348,0.00042544944788081447,0.00042544944788081447,0.0
6349,0.0004254494459391171,0.0004254494459391171,0.0
6350,0.000425449445795155,0.000425449445795155,0.0
6351,0.0004254494490129461,0.0004254494490129461,0.0
6352,0.0004254494453318148,0.0004254494453318148,0.0
6353,0.0004254494462629364,0.0004254494462629364,0.0
6354,0.0004254494482801233,0.0004254494482801233,0.0
6355,0.0004254494447203738,0.0004254494447203738,0.0
6356,0.00042544944628695097,0.00042544944628695097,0.0
6357,0.00042544944476509156,0.00042544944476509156,0.0
6358,0.0004254494484165748,0.0004254494484165748,0.0
6359,0.0004254494446217246,0.0004254494446217246,0.0
6360,0.000425449446726032,0.000425449446726032,0.0
6361,0.00042544944533498183,0.00042544944533498183,0.0
6362,0.00042544944726167507,0.00042544944726167507,0.0
6363,0.00042544944597887427,0.00042544944597887427,0.0
6364,0.00042544944753861044,0.00042544944753861044,0.0
6365,0.00042544944878039165,0.00042544944878039165,0.0
6366,0.00042544944559112135,0.00042544944559112135,0.0
6367,0.0004254494430359633,0.0004254494430359633,0.0
6368,0.0004254494433666286,0.0004254494433666286,0.0
6369,0.0004254494431722141,0.0004254494431722141,0.0
6370,0.0004254494443085426,0.0004254494443085426,0.0
6371,0.0004254494418217436,0.0004254494418217436,0.0
6372,0.00042544944165703614,0.00042544944165703614,0.0
6373,0.0004254494418980418,0.0004254494418980418,0.0
6374,0.00042544944252319376,0.00042544944252319376,0.0
6375,0.00042544944350025215,0.00042544944350025215,0.0
6376,0.00042544944256739533,0.00042544944256739533,0.0
6377,0.000425449443399334,0.000425449443399334,0.0
6378,0.00042544944362294345,0.00042544944362294345,0.0
6379,0.0004254494391390613,0.0004254494391390613,0.0
6380,0.0004254494370908542,0.0004254494370908542,0.0
6381,0.0004254494411808152,0.0004254494411808152,0.0
6382,0.0004254494393587039,0.0004254494393587039,0.0
6383,0.0004254494405051177,0.0004254494405051177,0.0
6384,0.00042544943823246285,0.00042544943823246285,0.0
6385,0.00042544944191437467,0.00042544944191437467,0.0
6386,0.0004254494388367386,0.0004254494388367386,0.0
6387,0.0004254494382621363,0.0004254494382621363,0.0
6388,0.00042544943619595495,0.00042544943619595495,0.0
6389,0.0004254494346762074,0.0004254494346762074,0.0
6390,0.0004254494382211282,0.0004254494382211282,0.0
6391,0.00042544943867869493,0.00042544943867869493,0.0
6392,0.0004254494391071482,0.0004254494391071482,0.0
6393,0.00042544943833397627,0.00042544943833397627,0.0
6394,0.00042544943660761004,0.00042544943660761004,0.0
6395,0.00042544943494849394,0.00042544943494849394,0.0
6396,0.0004254494367971371,0.0004254494367971371,0.0
6397,0.00042544943272000815,0.00042544943272000815,0.0
6398,0.00042544943067396405,0.00042544943067396405,0.0
6399,0.0004254494387011858,0.0004254494387011858,0.0
6400,0.00042544943069718045,0.00042544943069718045,0.0
6401,0.00042544943592276045,0.00042544943592276045,0.0
6402,0.00042544943194977553,0.00042544943194977553,0.0
6403,0.0004254494306996537,0.0004254494306996537,0.0
6404,0.00042544943072771706,0.00042544943072771706,0.0
6405,0.00042544943452275745,0.00042544943452275745,0.0
6406,0.00042544943315958963,0.00042544943315958963,0.0
6407,0.0004254494336533194,0.0004254494336533194,0.0
6408,0.0004254494316462892,0.0004254494316462892,0.0
6409,0.00042544943031090095,0.00042544943031090095,0.0
6410,0.0004254494325467667,0.0004254494325467667,0.0
6411,0.0004254494303631442,0.0004254494303631442,0.0
6412,0.00042544942670474884,0.00042544942670474884,0.0
6413,0.0004254494243763198,0.0004254494243763198,0.0
6414,0.0004254494265881824,0.0004254494265881824,0.0
6415,0.0004254494271141836,0.0004254494271141836,0.0
6416,0.000425449427645164,0.000425449427645164,0.0
6417,0.0004254494245000472,0.0004254494245000472,0.0
6418,0.0004254494274012929,0.0004254494274012929,0.0
6419,0.00042544942384335153,0.00042544942384335153,0.0
6420,0.00042544942328794083,0.00042544942328794083,0.0
6421,0.0004254494247115795,0.0004254494247115795,0.0
6422,0.00042544942280639027,0.00042544942280639027,0.0
6423,0.0004254494239362576,0.0004254494239362576,0.0
6424,0.00042544942538298236,0.00042544942538298236,0.0
6425,0.0004254494217952681,0.0004254494217952681,0.0
6426,0.00042544942274346897,0.00042544942274346897,0.0
6427,0.00042544941989147353,0.00042544941989147353,0.0
6428,0.0004254494176159114,0.0004254494176159114,0.0
6429,0.00042544942121767494,0.00042544942121767494,0.0
6430,0.0004254494195768284,0.0004254494195768284,0.0
6431,0.00042544942013858787,0.00042544942013858787,0.0
6432,0.0004254494180624918,0.0004254494180624918,0.0
6433,0.0004254494202171623,0.0004254494202171623,0.0
6434,0.00042544941428710386,0.00042544941428710386,0.0
6435,0.000425449411074794,0.000425449411074794,0.0
6436,0.0004254494140159376,0.0004254494140159376,0.0
6437,0.00042544941698448627,0.00042544941698448627,0.0
6438,0.0004254494132462876,0.0004254494132462876,0.0
6439,0.0004254494150379865,0.0004254494150379865,0.0
6440,0.0004254494138855754,0.0004254494138855754,0.0
6441,0.00042544941708659004,0.00042544941708659004,0.0
6442,0.0004254494130795576,0.0004254494130795576,0.0
6443,0.00042544941516418965,0.00042544941516418965,0.0
6444,0.00042544940994291956,0.00042544940994291956,0.0
6445,0.000425449410744059,0.000425449410744059,0.0
6446,0.0004254494091713661,0.0004254494091713661,0.0
6447,0.00042544940955219104,0.00042544940955219104,0.0
6448,0.00042544941396337524,0.00042544941396337524,0.0
6449,0.0004254494108175001,0.0004254494108175001,0.0
6450,0.0004254494093217593,0.0004254494093217593,0.0
6451,0.0004254494140254816,0.0004254494140254816,0.0
6452,0.000425449406235146,0.000425449406235146,0.0
6453,0.00042544940579394575,0.00042544940579394575,0.0
6454,0.0004254494025120056,0.0004254494025120056,0.0
6455,0.0004254493975561185,0.0004254493975561185,0.0
6456,0.0004254494064792085,0.0004254494064792085,0.0
6457,0.00042544940538946044,0.00042544940538946044,0.0
6458,0.00042544940540963837,0.00042544940540963837,0.0
6459,0.0004254494025435325,0.0004254494025435325,0.0
6460,0.00042544940327496914,0.00042544940327496914,0.0
6461,0.00042544940089493725,0.00042544940089493725,0.0
6462,0.0004254494071688617,0.0004254494071688617,0.0
6463,0.00042544940219925323,0.00042544940219925323,0.0
6464,0.00042544939964647954,0.00042544939964647954,0.0
6465,0.0004254493993540252,0.0004254493993540252,0.0
6466,0.0004254493990465559,0.0004254493990465559,0.0
6467,0.0004254493962309977,0.0004254493962309977,0.0
6468,0.0004254493979547849,0.0004254493979547849,0.0
6469,0.00042544940084587597,0.00042544940084587597,0.0
6470,0.00042544939890475395,0.00042544939890475395,0.0
6471,0.0004254494017083226,0.0004254494017083226,0.0
6472,0.00042544939166401,0.00042544939166401,0.0
6473,0.0004254493880374477,0.0004254493880374477,0.0
6474,0.00042544939905738913,0.00042544939905738913,0.0
6475,0.0004254493995420379,0.0004254493995420379,0.0
6476,0.00042544939185808336,0.00042544939185808336,0.0
6477,0.00042544939285802714,0.00042544939285802714,0.0
6478,0.0004254493917673641,0.0004254493917673641,0.0
6479,0.00042544939264624825,0.00042544939264624825,0.0
6480,0.00042544939278818696,0.00042544939278818696,0.0
6481,0.0004254493912986671,0.0004254493912986671,0.0
6482,0.0004254493879361517,0.0004254493879361517,0.0
6483,0.00042544938829730127,0.00042544938829730127,0.0
6484,0.00042544939223427804,0.00042544939223427804,0.0
6485,0.00042544939012313025,0.00042544939012313025,0.0
6486,0.00042544939299635133,0.00042544939299635133,0.0
6487,0.00042544939623500786,0.00042544939623500786,0.0
6488,0.0004254493906382669,0.0004254493906382669,0.0
6489,0.0004254493877694346,0.0004254493877694346,0.0
6490,0.0004254493934172384,0.0004254493934172384,0.0
6491,0.00042544938627106824,0.00042544938627106824,0.0
6492,0.000425449390599689,0.000425449390599689,0.0
6493,0.0004254493830265556,0.0004254493830265556,0.0
6494,0.00042544938313178254,0.00042544938313178254,0.0
6495,0.0004254493843065721,0.0004254493843065721,0.0
6496,0.0004254493857530189,0.0004254493857530189,0.0
6497,0.000425449389935912,0.000425449389935912,0.0
6498,0.0004254493820155972,0.0004254493820155972,0.0
6499,0.00042544938504612335,0.00042544938504612335,0.0
6500,0.00042544938683697705,0.00042544938683697705,0.0
6501,0.0004254493860519048,0.0004254493860519048,0.0
6502,0.000425449384234656,0.000425449384234656,0.0
6503,0.00042544938493728875,0.00042544938493728875,0.0
6504,0.00042544938785295857,0.00042544938785295857,0.0
6505,0.00042544938116500987,0.00042544938116500987,0.0
6506,0.00042544938511932776,0.00042544938511932776,0.0
6507,0.00042544938218318484,0.00042544938218318484,0.0
6508,0.0004254493796100615,0.0004254493796100615,0.0
6509,0.0004254493833247691,0.0004254493833247691,0.0
6510,0.0004254493800980074,0.0004254493800980074,0.0
6511,0.0004254493788738862,0.0004254493788738862,0.0
6512,0.00042544938332537437,0.00042544938332537437,0.0
6513,0.00042544938772046294,0.00042544938772046294,0.0
6514,0.00042544937720690677,0.00042544937720690677,0.0
6515,0.0004254493783002282,0.0004254493783002282,0.0
6516,0.0004254493773610769,0.0004254493773610769,0.0
6517,0.00042544938345533535,0.00042544938345533535,0.0
6518,0.0004254493781842947,0.0004254493781842947,0.0
6519,0.00042544938533652945,0.00042544938533652945,0.0
6520,0.0004254493860218705,0.0004254493860218705,0.0
6521,0.00042544937843658274,0.00042544937843658274,0.0
6522,0.00042544938023228674,0.00042544938023228674,0.0
6523,0.00042544938496034973,0.00042544938496034973,0.0
6524,0.0004254493791293774,0.0004254493791293774,0.0
6525,0.0004254493856353886,0.0004254493856353886,0.0
6526,0.000425449379468197,0.000425449379468197,0.0
6527,0.00042544938413398227,0.00042544938413398227,0.0
6528,0.0004254493757795024,0.0004254493757795024,0.0
6529,0.0004254493804694956,0.0004254493804694956,0.0
6530,0.0004254493803275046,0.0004254493803275046,0.0
6531,0.0004254493767174497,0.0004254493767174497,0.0
6532,0.0004254493814564318,0.0004254493814564318,0.0
6533,0.00042544938159814083,0.00042544938159814083,0.0
6534,0.00042544937055014287,0.00042544937055014287,0.0
6535,0.0004254493670810567,0.0004254493670810567,0.0
6536,0.0004254493732203911,0.0004254493732203911,0.0
6537,0.00042544937142118683,0.00042544937142118683,0.0
6538,0.0004254493801464632,0.0004254493801464632,0.0
6539,0.0004254493808948342,0.0004254493808948342,0.0
6540,0.00042544937031689114,0.00042544937031689114,0.0
6541,0.0004254493805129042,0.0004254493805129042,0.0
6542,0.00042544937519133297,0.00042544937519133297,0.0
6543,0.00042544937998250585,0.00042544937998250585,0.0
6544,0.0004254493743022621,0.0004254493743022621,0.0
6545,0.00042544937865670565,0.00042544937865670565,0.0
6546,0.0004254493738101022,0.0004254493738101022,0.0
6547,0.0004254493812621822,0.0004254493812621822,0.0
6548,0.00042544937441527694,0.00042544937441527694,0.0
6549,0.00042544937200947043,0.00042544937200947043,0.0
6550,0.0004254493701377047,0.0004254493701377047,0.0
6551,0.00042544937547244567,0.00042544937547244567,0.0
6552,0.00042544937268585136,0.00042544937268585136,0.0
6553,0.00042544937400508217,0.00042544937400508217,0.0
6554,0.0004254493678355144,0.0004254493678355144,0.0
6555,0.0004254493701496688,0.0004254493701496688,0.0
6556,0.0004254493687487517,0.0004254493687487517,0.0
6557,0.0004254493651313308,0.0004254493651313308,0.0
6558,0.000425449364591243,0.000425449364591243,0.0
6559,0.00042544936518141023,0.00042544936518141023,0.0
6560,0.0004254493657249554,0.0004254493657249554,0.0
6561,0.0004254493745784927,0.0004254493745784927,0.0
6562,0.0004254493619994924,0.0004254493619994924,0.0
6563,0.00042544935961772335,0.00042544935961772335,0.0
6564,0.0004254493736622861,0.0004254493736622861,0.0
6565,0.00042544936137453853,0.00042544936137453853,0.0
6566,0.0004254493651847656,0.0004254493651847656,0.0
6567,0.00042544936559920775,0.00042544936559920775,0.0
6568,0.00042544936479131635,0.00042544936479131635,0.0
6569,0.000425449368561972,0.000425449368561972,0.0
6570,0.000425449362210385,0.000425449362210385,0.0
6571,0.00042544936585928,0.00042544936585928,0.0
6572,0.000425449361957693,0.000425449361957693,0.0
6573,0.0004254493568438636,0.0004254493568438636,0.0
6574,0.00042544935526083046,0.00042544935526083046,0.0
6575,0.00042544935684291264,0.00042544935684291264,0.0
6576,0.00042544935898000355,0.00042544935898000355,0.0
6577,0.00042544935711199617,0.00042544935711199617,0.0
6578,0.0004254493589135446,0.0004254493589135446,0.0
6579,0.00042544936202379153,0.00042544936202379153,0.0
6580,0.0004254493556562698,0.0004254493556562698,0.0
6581,0.0004254493522771819,0.0004254493522771819,0.0
6582,0.00042544935105499513,0.00042544935105499513,0.0
6583,0.0004254493595847782,0.0004254493595847782,0.0
6584,0.0004254493532126509,0.0004254493532126509,0.0
6585,0.00042544935758636167,0.00042544935758636167,0.0
6586,0.0004254493499390805,0.0004254493499390805,0.0
6587,0.0004254493499115341,0.0004254493499115341,0.0
6588,0.0004254493607158719,0.0004254493607158719,0.0
6589,0.000425449353555247,0.000425449353555247,0.0
6590,0.000425449349982883,0.000425449349982883,0.0
6591,0.000425449351626715,0.000425449351626715,0.0
6592,0.00042544935519011414,0.00042544935519011414,0.0
6593,0.00042544935376930486,0.00042544935376930486,0.0
6594,0.00042544934930438354,0.00042544934930438354,0.0
6595,0.00042544935618169574,0.00042544935618169574,0.0
6596,0.00042544935375208204,0.00042544935375208204,0.0
6597,0.00042544934484950605,0.00042544934484950605,0.0
6598,0.00042544934453878785,0.00042544934453878785,0.0
6599,0.00042544934791806794,0.00042544934791806794,0.0
6600,0.0004254493475174711,0.0004254493475174711,0.0
6601,0.0004254493439376922,0.0004254493439376922,0.0
6602,0.000425449348149566,0.000425449348149566,0.0
6603,0.0004254493450794126,0.0004254493450794126,0.0
6604,0.0004254493546662358,0.0004254493546662358,0.0
6605,0.0004254493474042326,0.0004254493474042326,0.0
6606,0.0004254493455828371,0.0004254493455828371,0.0
6607,0.0004254493457633778,0.0004254493457633778,0.0
6608,0.00042544934535595943,0.00042544934535595943,0.0
6609,0.00042544934813887596,0.00042544934813887596,0.0
6610,0.0004254493438054738,0.0004254493438054738,0.0
6611,0.00042544935407271483,0.00042544935407271483,0.0
6612,0.0004254493491968288,0.0004254493491968288,0.0
6613,0.00042544933812761054,0.00042544933812761054,0.0
6614,0.0004254493395413278,0.0004254493395413278,0.0
6615,0.00042544934112751,0.00042544934112751,0.0
6616,0.0004254493385391952,0.0004254493385391952,0.0
6617,0.00042544933716088764,0.00042544933716088764,0.0
6618,0.0004254493407209009,0.0004254493407209009,0.0
6619,0.00042544934712562935,0.00042544934712562935,0.0
6620,0.00042544934653700027,0.00042544934653700027,0.0
6621,0.00042544934003032,0.00042544934003032,0.0
6622,0.0004254493439160668,0.0004254493439160668,0.0
6623,0.00042544934881217164,0.00042544934881217164,0.0
6624,0.0004254493413857544,0.0004254493413857544,0.0
6625,0.00042544934491536417,0.00042544934491536417,0.0
6626,0.00042544933997454445,0.00042544933997454445,0.0
6627,0.0004254493361677947,0.0004254493361677947,0.0
6628,0.0004254493407843518,0.0004254493407843518,0.0
6629,0.00042544934467606194,0.00042544934467606194,0.0
6630,0.0004254493479221688,0.0004254493479221688,0.0
6631,0.00042544933991795305,0.00042544933991795305,0.0
6632,0.0004254493429841162,0.0004254493429841162,0.0
6633,0.00042544933653762687,0.00042544933653762687,0.0
6634,0.00042544934309656353,0.00042544934309656353,0.0
6635,0.00042544933488259637,0.00042544933488259637,0.0
6636,0.0004254493390125144,0.0004254493390125144,0.0
6637,0.00042544934354791884,0.00042544934354791884,0.0
6638,0.00042544934144924117,0.00042544934144924117,0.0
6639,0.00042544933512407346,0.00042544933512407346,0.0
6640,0.0004254493371471841,0.0004254493371471841,0.0
6641,0.00042544933739710765,0.00042544933739710765,0.0
6642,0.0004254493335129521,0.0004254493335129521,0.0
6643,0.0004254493396449236,0.0004254493396449236,0.0
6644,0.0004254493412139731,0.0004254493412139731,0.0
6645,0.00042544934129141624,0.00042544934129141624,0.0
6646,0.0004254493425694798,0.0004254493425694798,0.0
6647,0.0004254493364091904,0.0004254493364091904,0.0
6648,0.0004254493375002551,0.0004254493375002551,0.0
6649,0.00042544933325637996,0.00042544933325637996,0.0
6650,0.00042544933939185614,0.00042544933939185614,0.0
6651,0.0004254493396052189,0.0004254493396052189,0.0
6652,0.00042544933977208585,0.00042544933977208585,0.0
6653,0.0004254493361174022,0.0004254493361174022,0.0
6654,0.00042544933446121393,0.00042544933446121393,0.0
6655,0.00042544933932439676,0.00042544933932439676,0.0
6656,0.00042544932996130947,0.00042544932996130947,0.0
6657,0.0004254493314922375,0.0004254493314922375,0.0
6658,0.0004254493352476636,0.0004254493352476636,0.0
6659,0.000425449339239585,0.000425449339239585,0.0
6660,0.0004254493375665403,0.0004254493375665403,0.0
6661,0.0004254493399739808,0.0004254493399739808,0.0
6662,0.0004254493338293138,0.0004254493338293138,0.0
6663,0.00042544933186060323,0.00042544933186060323,0.0
6664,0.0004254493338181216,0.0004254493338181216,0.0
6665,0.0004254493370572695,0.0004254493370572695,0.0
6666,0.00042544933321710994,0.00042544933321710994,0.0
6667,0.000425449331524822,0.000425449331524822,0.0
6668,0.0004254493308111752,0.0004254493308111752,0.0
6669,0.00042544933376412414,0.00042544933376412414,0.0
6670,0.00042544933549752695,0.00042544933549752695,0.0
6671,0.0004254493329530086,0.0004254493329530086,0.0
6672,0.0004254493303741273,0.0004254493303741273,0.0
6673,0.00042544932840142227,0.00042544932840142227,0.0
6674,0.00042544933241986393,0.00042544933241986393,0.0
6675,0.0004254493340520205,0.0004254493340520205,0.0
6676,0.0004254493360699902,0.0004254493360699902,0.0
6677,0.0004254493308330199,0.0004254493308330199,0.0
6678,0.00042544933056789364,0.00042544933056789364,0.0
6679,0.00042544933014316644,0.00042544933014316644,0.0
6680,0.0004254493276958221,0.0004254493276958221,0.0
6681,0.00042544933192971586,0.00042544933192971586,0.0
6682,0.00042544933525941723,0.00042544933525941723,0.0
6683,0.0004254493298932724,0.0004254493298932724,0.0
6684,0.00042544933475495894,0.00042544933475495894,0.0
6685,0.00042544932978786005,0.00042544932978786005,0.0
6686,0.0004254493284113779,0.0004254493284113779,0.0
6687,0.00042544933260143717,0.00042544933260143717,0.0
6688,0.0004254493324427397,0.0004254493324427397,0.0
6689,0.00042544932866869984,0.00042544932866869984,0.0
6690,0.0004254493294114939,0.0004254493294114939,0.0
6691,0.0004254493273244468,0.0004254493273244468,0.0
6692,0.0004254493328528689,0.0004254493328528689,0.0
6693,0.0004254493295032096,0.0004254493295032096,0.0
6694,0.00042544933447578707,0.00042544933447578707,0.0
6695,0.00042544932828097223,0.00042544932828097223,0.0
6696,0.00042544933227972256,0.00042544933227972256,0.0
6697,0.00042544932839345056,0.00042544932839345056,0.0
6698,0.0004254493288571852,0.0004254493288571852,0.0
6699,0.00042544932722938476,0.00042544932722938476,0.0
6700,0.00042544933260903124,0.00042544933260903124,0.0
6701,0.0004254493273213243,0.0004254493273213243,0.0
6702,0.0004254493272237283,0.0004254493272237283,0.0
6703,0.00042544933323999067,0.00042544933323999067,0.0
6704,0.0004254493287013423,0.0004254493287013423,0.0
6705,0.00042544932644543844,0.00042544932644543844,0.0
6706,0.00042544933125885894,0.00042544933125885894,0.0
6707,0.00042544933056120157,0.00042544933056120157,0.0
6708,0.00042544932700180985,0.00042544932700180985,0.0
6709,0.0004254493250807898,0.0004254493250807898,0.0
6710,0.0004254493275193907,0.0004254493275193907,0.0
6711,0.00042544932430922195,0.00042544932430922195,0.0
6712,0.0004254493259085629,0.0004254493259085629,0.0
6713,0.00042544932517090664,0.00042544932517090664,0.0
6714,0.0004254493288567195,0.0004254493288567195,0.0
6715,0.0004254493296636264,0.0004254493296636264,0.0
6716,0.0004254493262461479,0.0004254493262461479,0.0
6717,0.0004254493301859822,0.0004254493301859822,0.0
6718,0.0004254493259928188,0.0004254493259928188,0.0
6719,0.0004254493293044548,0.0004254493293044548,0.0
6720,0.00042544932608030767,0.00042544932608030767,0.0
6721,0.0004254493277617202,0.0004254493277617202,0.0
6722,0.00042544932757988715,0.00042544932757988715,0.0
6723,0.00042544932797613003,0.00042544932797613003,0.0
6724,0.0004254493267758999,0.0004254493267758999,0.0
6725,0.0004254493239556035,0.0004254493239556035,0.0
6726,0.00042544932562316504,0.00042544932562316504,0.0
6727,0.00042544932397231577,0.00042544932397231577,0.0
6728,0.0004254493271889977,0.0004254493271889977,0.0
6729,0.0004254493273214231,0.0004254493273214231,0.0
6730,0.00042544932623891126,0.00042544932623891126,0.0
6731,0.00042544932691996717,0.00042544932691996717,0.0
6732,0.00042544932635146576,0.00042544932635146576,0.0
6733,0.00042544932841989127,0.00042544932841989127,0.0
6734,0.0004254493249406257,0.0004254493249406257,0.0
6735,0.0004254493253091348,0.0004254493253091348,0.0
6736,0.0004254493252205959,0.0004254493252205959,0.0
6737,0.0004254493256916448,0.0004254493256916448,0.0
6738,0.00042544932508473474,0.00042544932508473474,0.0
6739,0.00042544932274969454,0.00042544932274969454,0.0
6740,0.000425449323820977,0.000425449323820977,0.0
6741,0.00042544932624072584,0.00042544932624072584,0.0
6742,0.0004254493275632494,0.0004254493275632494,0.0
6743,0.00042544932435989316,0.00042544932435989316,0.0
6744,0.0004254493259996873,0.0004254493259996873,0.0
6745,0.0004254493255457704,0.0004254493255457704,0.0
6746,0.00042544932311837,0.00042544932311837,0.0
6747,0.0004254493269012264,0.0004254493269012264,0.0
6748,0.0004254493240568232,0.0004254493240568232,0.0
6749,0.00042544932565271443,0.00042544932565271443,0.0
6750,0.0004254493233451907,0.0004254493233451907,0.0
6751,0.0004254493252794537,0.0004254493252794537,0.0
6752,0.0004254493227094441,0.0004254493227094441,0.0
6753,0.0004254493247865552,0.0004254493247865552,0.0
6754,0.00042544932568882633,0.00042544932568882633,0.0
6755,0.0004254493237004269,0.0004254493237004269,0.0
6756,0.0004254493252489168,0.0004254493252489168,0.0
6757,0.00042544932443582293,0.00042544932443582293,0.0
6758,0.00042544932451019215,0.00042544932451019215,0.0
6759,0.0004254493258201523,0.0004254493258201523,0.0
6760,0.0004254493234486082,0.0004254493234486082,0.0
6761,0.00042544932492852885,0.00042544932492852885,0.0
6762,0.0004254493257318005,0.0004254493257318005,0.0
6763,0.0004254493234246149,0.0004254493234246149,0.0
6764,0.0004254493243832113,0.0004254493243832113,0.0
6765,0.00042544932421352246,0.00042544932421352246,0.0
6766,0.0004254493228106304,0.0004254493228106304,0.0
6767,0.0004254493216505148,0.0004254493216505148,0.0
6768,0.00042544932205473216,0.00042544932205473216,0.0
6769,0.0004254493239873424,0.0004254493239873424,0.0
6770,0.00042544932464312987,0.00042544932464312987,0.0
6771,0.0004254493229709369,0.0004254493229709369,0.0
6772,0.0004254493242764065,0.0004254493242764065,0.0
6773,0.0004254493247727,0.0004254493247727,0.0
6774,0.0004254493228971649,0.0004254493228971649,0.0
6775,0.0004254493222709207,0.0004254493222709207,0.0
6776,0.00042544932283189983,0.00042544932283189983,0.0
6777,0.00042544932444330246,0.00042544932444330246,0.0
6778,0.00042544932275452634,0.00042544932275452634,0.0
6779,0.00042544932408846,0.00042544932408846,0.0
6780,0.00042544932270830956,0.00042544932270830956,0.0
6781,0.0004254493224056973,0.0004254493224056973,0.0
6782,0.000425449324261744,0.000425449324261744,0.0
6783,0.0004254493225992568,0.0004254493225992568,0.0
6784,0.0004254493220494342,0.0004254493220494342,0.0
6785,0.0004254493223026912,0.0004254493223026912,0.0
6786,0.000425449321454996,0.000425449321454996,0.0
6787,0.0004254493222714045,0.0004254493222714045,0.0
6788,0.00042544932201688906,0.00042544932201688906,0.0
6789,0.0004254493213154956,0.0004254493213154956,0.0
6790,0.0004254493221420941,0.0004254493221420941,0.0
6791,0.0004254493223729695,0.0004254493223729695,0.0
6792,0.00042544932276875774,0.00042544932276875774,0.0
6793,0.00042544932102160367,0.00042544932102160367,0.0
6794,0.0004254493213468803,0.0004254493213468803,0.0
6795,0.0004254493219383214,0.0004254493219383214,0.0
6796,0.0004254493229240595,0.0004254493229240595,0.0
6797,0.0004254493217945715,0.0004254493217945715,0.0
6798,0.0004254493214382256,0.0004254493214382256,0.0
6799,0.0004254493225749936,0.0004254493225749936,0.0
6800,0.0004254493211123445,0.0004254493211123445,0.0
6801,0.0004254493227645566,0.0004254493227645566,0.0
6802,0.0004254493216575417,0.0004254493216575417,0.0
6803,0.00042544932150241215,0.00042544932150241215,0.0
6804,0.00042544932109760667,0.00042544932109760667,0.0
6805,0.0004254493206943558,0.0004254493206943558,0.0
6806,0.000425449321406693,0.000425449321406693,0.0
6807,0.0004254493221606533,0.0004254493221606533,0.0
6808,0.00042544932102549546,0.00042544932102549546,0.0
6809,0.000425449322273623,0.000425449322273623,0.0
6810,0.0004254493220604999,0.0004254493220604999,0.0
6811,0.0004254493224807662,0.0004254493224807662,0.0
6812,0.00042544932124104787,0.00042544932124104787,0.0
6813,0.00042544932165229486,0.00042544932165229486,0.0
6814,0.0004254493219689989,0.0004254493219689989,0.0
6815,0.0004254493221543221,0.0004254493221543221,0.0
6816,0.0004254493211688299,0.0004254493211688299,0.0
6817,0.0004254493221471382,0.0004254493221471382,0.0
6818,0.00042544932116434935,0.00042544932116434935,0.0
6819,0.00042544932099116784,0.00042544932099116784,0.0
6820,0.00042544932210106213,0.00042544932210106213,0.0
6821,0.0004254493210986898,0.0004254493210986898,0.0
6822,0.0004254493216495512,0.0004254493216495512,0.0
6823,0.00042544932079586914,0.00042544932079586914,0.0
6824,0.0004254493204470826,0.0004254493204470826,0.0
6825,0.0004254493208102745,0.0004254493208102745,0.0
6826,0.00042544932229270804,0.00042544932229270804,0.0
6827,0.00042544932087112627,0.00042544932087112627,0.0
6828,0.0004254493206683305,0.0004254493206683305,0.0
6829,0.0004254493215078336,0.0004254493215078336,0.0
6830,0.0004254493208445841,0.0004254493208445841,0.0
6831,0.0004254493214674424,0.0004254493214674424,0.0
6832,0.00042544932084297003,0.00042544932084297003,0.0
6833,0.00042544932025735216,0.00042544932025735216,0.0
6834,0.00042544932040322375,0.00042544932040322375,0.0
6835,0.00042544932090126433,0.00042544932090126433,0.0
6836,0.00042544932101439676,0.00042544932101439676,0.0
6837,0.000425449320693059,0.000425449320693059,0.0
6838,0.00042544932032103293,0.00042544932032103293,0.0
6839,0.00042544932044736114,0.00042544932044736114,0.0
6840,0.00042544932093814406,0.00042544932093814406,0.0
6841,0.0004254493202891855,0.0004254493202891855,0.0
6842,0.00042544932047878094,0.00042544932047878094,0.0
6843,0.00042544932078462656,0.00042544932078462656,0.0
6844,0.0004254493203625407,0.0004254493203625407,0.0
6845,0.0004254493208606224,0.0004254493208606224,0.0
6846,0.00042544932114837417,0.00042544932114837417,0.0
6847,0.00042544932044281237,0.00042544932044281237,0.0
6848,0.00042544932100548787,0.00042544932100548787,0.0
6849,0.0004254493204393755,0.0004254493204393755,0.0
6850,0.0004254493205403561,0.0004254493205403561,0.0
6851,0.0004254493205088723,0.0004254493205088723,0.0
6852,0.00042544932112283985,0.00042544932112283985,0.0
6853,0.0004254493203701626,0.0004254493203701626,0.0
6854,0.00042544932036894724,0.00042544932036894724,0.0
6855,0.0004254493199473119,0.0004254493199473119,0.0
6856,0.00042544932008995557,0.00042544932008995557,0.0
6857,0.0004254493203224149,0.0004254493203224149,0.0
6858,0.000425449320465862,0.000425449320465862,0.0
6859,0.0004254493202866576,0.0004254493202866576,0.0
6860,0.0004254493201636543,0.0004254493201636543,0.0
6861,0.00042544932029732875,0.00042544932029732875,0.0
6862,0.0004254493204196344,0.0004254493204196344,0.0
6863,0.0004254493204777552,0.0004254493204777552,0.0
6864,0.0004254493203054495,0.0004254493203054495,0.0
6865,0.00042544932056166407,0.00042544932056166407,0.0
6866,0.00042544932014685846,0.00042544932014685846,0.0
6867,0.0004254493204723893,0.0004254493204723893,0.0
6868,0.0004254493201506795,0.0004254493201506795,0.0
6869,0.00042544932000595424,0.00042544932000595424,0.0
6870,0.00042544932008215853,0.00042544932008215853,0.0
6871,0.00042544932006324414,0.00042544932006324414,0.0
6872,0.0004254493198785635,0.0004254493198785635,0.0
6873,0.0004254493201674723,0.0004254493201674723,0.0
6874,0.00042544932037072073,0.00042544932037072073,0.0
6875,0.0004254493200507249,0.0004254493200507249,0.0
6876,0.00042544932002337065,0.00042544932002337065,0.0
6877,0.00042544932024784446,0.00042544932024784446,0.0
6878,0.0004254493202506455,0.0004254493202506455,0.0
6879,0.00042544932031124866,0.00042544932031124866,0.0
6880,0.00042544932001039026,0.00042544932001039026,0.0
6881,0.00042544932027048645,0.00042544932027048645,0.0
6882,0.0004254493201914277,0.0004254493201914277,0.0
6883,0.00042544932031164944,0.00042544932031164944,0.0
6884,0.0004254493199943549,0.0004254493199943549,0.0
6885,0.00042544931993209704,0.00042544931993209704,0.0
6886,0.00042544932008339566,0.00042544932008339566,0.0
6887,0.00042544932018359074,0.00042544932018359074,0.0
6888,0.00042544931990602767,0.00042544931990602767,0.0
6889,0.0004254493203302194,0.0004254493203302194,0.0
6890,0.00042544931993534227,0.00042544931993534227,0.0
6891,0.00042544932013958064,0.00042544932013958064,0.0
6892,0.00042544932016393985,0.00042544932016393985,0.0
6893,0.0004254493201763976,0.0004254493201763976,0.0
6894,0.0004254493199192179,0.0004254493199192179,0.0
6895,0.0004254493201849538,0.0004254493201849538,0.0
6896,0.000425449319914591,0.000425449319914591,0.0
6897,0.0004254493201629824,0.0004254493201629824,0.0
6898,0.0004254493199163459,0.0004254493199163459,0.0
6899,0.00042544931977530676,0.00042544931977530676,0.0
6900,0.0004254493200042546,0.0004254493200042546,0.0
6901,0.0004254493199085829,0.0004254493199085829,0.0
6902,0.00042544932008091495,0.00042544932008091495,0.0
6903,0.0004254493202270622,0.0004254493202270622,0.0
6904,0.00042544931985408023,0.00042544931985408023,0.0
6905,0.0004254493198936512,0.0004254493198936512,0.0
6906,0.0004254493201252538,0.0004254493201252538,0.0
6907,0.0004254493198574738,0.0004254493198574738,0.0
6908,0.00042544931989381906,0.00042544931989381906,0.0
6909,0.00042544931979543286,0.00042544931979543286,0.0
6910,0.0004254493199775726,0.0004254493199775726,0.0
6911,0.00042544932003171516,0.00042544932003171516,0.0
6912,0.00042544931982372203,0.00042544931982372203,0.0
6913,0.0004254493199756508,0.0004254493199756508,0.0
6914,0.00042544931971559704,0.00042544931971559704,0.0
6915,0.0004254493198739231,0.0004254493198739231,0.0
6916,0.0004254493200034254,0.0004254493200034254,0.0
6917,0.0004254493198027173,0.0004254493198027173,0.0
6918,0.000425449319950598,0.000425449319950598,0.0
6919,0.0004254493197949536,0.0004254493197949536,0.0
6920,0.00042544931991558144,0.00042544931991558144,0.0
6921,0.0004254493197231484,0.0004254493197231484,0.0
6922,0.00042544931998227906,0.00042544931998227906,0.0
6923,0.0004254493197779307,0.0004254493197779307,0.0
6924,0.00042544931969511603,0.00042544931969511603,0.0
6925,0.00042544931981924915,0.00042544931981924915,0.0
6926,0.0004254493197466615,0.0004254493197466615,0.0
6927,0.00042544931990538853,0.00042544931990538853,0.0
6928,0.0004254493197967995,0.0004254493197967995,0.0
6929,0.00042544931998101,0.00042544931998101,0.0
6930,0.00042544931974892195,0.00042544931974892195,0.0
6931,0.00042544931988064416,0.00042544931988064416,0.0
6932,0.00042544931995479085,0.00042544931995479085,0.0
6933,0.00042544931975033396,0.00042544931975033396,0.0
6934,0.00042544931992843086,0.00042544931992843086,0.0
6935,0.00042544931974910024,0.00042544931974910024,0.0
6936,0.0004254493199022184,0.0004254493199022184,0.0
6937,0.0004254493197518192,0.0004254493197518192,0.0
6938,0.00042544931990666767,0.00042544931990666767,0.0
6939,0.0004254493197463762,0.0004254493197463762,0.0
6940,0.00042544931969434386,0.00042544931969434386,0.0
6941,0.0004254493198590873,0.0004254493198590873,0.0
6942,0.00042544931967556727,0.00042544931967556727,0.0
6943,0.00042544931981023206,0.00042544931981023206,0.0
6944,0.0004254493196954183,0.0004254493196954183,0.0
6945,0.00042544931966810394,0.00042544931966810394,0.0
6946,0.0004254493198057101,0.0004254493198057101,0.0
6947,0.0004254493196671227,0.0004254493196671227,0.0
6948,0.0004254493198048729,0.0004254493198048729,0.0
6949,0.0004254493197855249,0.0004254493197855249,0.0
6950,0.0004254493197513806,0.0004254493197513806,0.0
6951,0.00042544931969682354,0.00042544931969682354,0.0
6952,0.0004254493197725078,0.0004254493197725078,0.0
6953,0.0004254493196804068,0.0004254493196804068,0.0
6954,0.00042544931971704787,0.00042544931971704787,0.0
6955,0.0004254493197621658,0.0004254493197621658,0.0
6956,0.00042544931967333674,0.00042544931967333674,0.0
6957,0.00042544931962705133,0.00042544931962705133,0.0
6958,0.0004254493197069257,0.0004254493197069257,0.0
6959,0.00042544931977758787,0.00042544931977758787,0.0
6960,0.00042544931966394554,0.00042544931966394554,0.0
6961,0.000425449319642844,0.000425449319642844,0.0
6962,0.0004254493196992577,0.0004254493196992577,0.0
6963,0.0004254493195900521,0.0004254493195900521,0.0
6964,0.00042544931963993686,0.00042544931963993686,0.0
6965,0.00042544931969833025,0.00042544931969833025,0.0
6966,0.000425449319679789,0.000425449319679789,0.0
6967,0.0004254493196799166,0.0004254493196799166,0.0
6968,0.00042544931970084604,0.00042544931970084604,0.0
6969,0.00042544931964821767,0.00042544931964821767,0.0
6970,0.00042544931970197203,0.00042544931970197203,0.0
6971,0.0004254493196320865,0.0004254493196320865,0.0
6972,0.00042544931967976166,0.00042544931967976166,0.0
6973,0.00042544931969721895,0.00042544931969721895,0.0
6974,0.0004254493196302136,0.0004254493196302136,0.0
6975,0.00042544931964941794,0.00042544931964941794,0.0
6976,0.00042544931965917776,0.00042544931965917776,0.0
6977,0.0004254493196202518,0.0004254493196202518,0.0
6978,0.00042544931963252753,0.00042544931963252753,0.0
6979,0.0004254493196589559,0.0004254493196589559,0.0
6980,0.0004254493196660759,0.0004254493196660759,0.0
6981,0.00042544931971424846,0.00042544931971424846,0.0
6982,0.0004254493196121147,0.0004254493196121147,0.0
6983,0.00042544931966709824,0.00042544931966709824,0.0
6984,0.0004254493196711863,0.0004254493196711863,0.0
6985,0.00042544931962753575,0.00042544931962753575,0.0
6986,0.00042544931967129535,0.00042544931967129535,0.0
6987,0.00042544931961132764,0.00042544931961132764,0.0
6988,0.0004254493196208181,0.0004254493196208181,0.0
6989,0.00042544931957336983,0.00042544931957336983,0.0
6990,0.00042544931962799654,0.00042544931962799654,0.0
6991,0.0004254493196500749,0.0004254493196500749,0.0
6992,0.00042544931967109195,0.00042544931967109195,0.0
6993,0.0004254493196031659,0.0004254493196031659,0.0
6994,0.0004254493196304053,0.0004254493196304053,0.0
6995,0.000425449319657785,0.000425449319657785,0.0
6996,0.000425449319671713,0.000425449319671713,0.0
6997,0.0004254493195991053,0.0004254493195991053,0.0
6998,0.00042544931965912,0.00042544931965912,0.0
6999,0.0004254493196000473,0.0004254493196000473,0.0
7000,0.0004254493196604182,0.0004254493196604182,0.0
7001,0.0004254493195970572,0.0004254493195970572,0.0
7002,0.00042544931969350675,0.00042544931969350675,0.0
7003,0.0004254493195932857,0.0004254493195932857,0.0
7004,0.00042544931960702894,0.00042544931960702894,0.0
7005,0.00042544931961438476,0.00042544931961438476,0.0
7006,0.0004254493196468501,0.0004254493196468501,0.0
7007,0.0004254493195897888,0.0004254493195897888,0.0
7008,0.0004254493195654991,0.0004254493195654991,0.0
7009,0.00042544931960058417,0.00042544931960058417,0.0
7010,0.0004254493196504307,0.0004254493196504307,0.0
7011,0.00042544931958609446,0.00042544931958609446,0.0
7012,0.0004254493195636779,0.0004254493195636779,0.0
7013,0.0004254493196033585,0.0004254493196033585,0.0
7014,0.0004254493196149071,0.0004254493196149071,0.0
7015,0.00042544931956797804,0.00042544931956797804,0.0
7016,0.0004254493196151527,0.0004254493196151527,0.0
7017,0.00042544931963253127,0.00042544931963253127,0.0
7018,0.00042544931957877566,0.00042544931957877566,0.0
7019,0.0004254493196224526,0.0004254493196224526,0.0
7020,0.0004254493195780885,0.0004254493195780885,0.0
7021,0.00042544931962083533,0.00042544931962083533,0.0
7022,0.00042544931957816065,0.00042544931957816065,0.0
7023,0.0004254493196222912,0.0004254493196222912,0.0
7024,0.00042544931957782134,0.00042544931957782134,0.0
7025,0.00042544931954778623,0.00042544931954778623,0.0
7026,0.0004254493195600941,0.0004254493195600941,0.0
7027,0.0004254493195794206,0.0004254493195794206,0.0
7028,0.00042544931961968553,0.00042544931961968553,0.0
7029,0.0004254493195716573,0.0004254493195716573,0.0
7030,0.00042544931955533087,0.00042544931955533087,0.0
7031,0.00042544931955687,0.00042544931955687,0.0
7032,0.0004254493195513182,0.0004254493195513182,0.0
7033,0.0004254493195524694,0.0004254493195524694,0.0
7034,0.0004254493195662089,0.0004254493195662089,0.0
7035,0.0004254493195959328,0.0004254493195959328,0.0
7036,0.0004254493195598859,0.0004254493195598859,0.0
7037,0.00042544931955192995,0.00042544931955192995,0.0
7038,0.00042544931955079386,0.00042544931955079386,0.0
7039,0.00042544931958673376,0.00042544931958673376,0.0
7040,0.0004254493195542001,0.0004254493195542001,0.0
7041,0.00042544931954188985,0.00042544931954188985,0.0
7042,0.00042544931956660034,0.00042544931956660034,0.0
7043,0.00042544931954279684,0.00042544931954279684,0.0
7044,0.00042544931952138363,0.00042544931952138363,0.0
7045,0.0004254493195173717,0.0004254493195173717,0.0
7046,0.0004254493195337047,0.0004254493195337047,0.0
7047,0.00042544931955291787,0.00042544931955291787,0.0
7048,0.0004254493195280637,0.0004254493195280637,0.0
7049,0.00042544931955683493,0.00042544931955683493,0.0
7050,0.0004254493195362973,0.0004254493195362973,0.0
7051,0.0004254493195168602,0.0004254493195168602,0.0
7052,0.0004254493195273821,0.0004254493195273821,0.0
7053,0.0004254493195735571,0.0004254493195735571,0.0
7054,0.0004254493195360365,0.0004254493195360365,0.0
7055,0.0004254493195122171,0.0004254493195122171,0.0
7056,0.0004254493195152863,0.0004254493195152863,0.0
7057,0.0004254493195291856,0.0004254493195291856,0.0
7058,0.00042544931954985186,0.00042544931954985186,0.0
7059,0.00042544931952660456,0.00042544931952660456,0.0
7060,0.000425449319510037,0.000425449319510037,0.0
7061,0.000425449319520339,0.000425449319520339,0.0
7062,0.0004254493195384239,0.0004254493195384239,0.0
7063,0.00042544931951559416,0.00042544931951559416,0.0
7064,0.0004254493195066464,0.0004254493195066464,0.0
7065,0.00042544931952309727,0.00042544931952309727,0.0
7066,0.000425449319512481,0.000425449319512481,0.0
7067,0.00042544931951981664,0.00042544931951981664,0.0
7068,0.0004254493195334287,0.0004254493195334287,0.0
7069,0.00042544931951427447,0.00042544931951427447,0.0
7070,0.00042544931949895827,0.00042544931949895827,0.0
7071,0.00042544931951683004,0.00042544931951683004,0.0
7072,0.00042544931948705964,0.00042544931948705964,0.0
7073,0.00042544931948798457,0.00042544931948798457,0.0
7074,0.0004254493195306876,0.0004254493195306876,0.0
7075,0.0004254493195200805,0.0004254493195200805,0.0
7076,0.0004254493195012459,0.0004254493195012459,0.0
7077,0.0004254493194996412,0.0004254493194996412,0.0
7078,0.0004254493195342079,0.0004254493195342079,0.0
7079,0.00042544931950725323,0.00042544931950725323,0.0
7080,0.0004254493195232887,0.0004254493195232887,0.0
7081,0.0004254493194945356,0.0004254493194945356,0.0
7082,0.00042544931948206607,0.00042544931948206607,0.0
7083,0.00042544931948860294,0.00042544931948860294,0.0
7084,0.00042544931949189914,0.00042544931949189914,0.0
7085,0.00042544931951525946,0.00042544931951525946,0.0
7086,0.00042544931951416106,0.00042544931951416106,0.0
7087,0.00042544931950405147,0.00042544931950405147,0.0
7088,0.00042544931950305465,0.00042544931950305465,0.0
7089,0.0004254493194921145,0.0004254493194921145,0.0
7090,0.0004254493194879127,0.0004254493194879127,0.0
7091,0.0004254493195103973,0.0004254493195103973,0.0
7092,0.0004254493194930821,0.0004254493194930821,0.0
7093,0.0004254493195084185,0.0004254493195084185,0.0
7094,0.0004254493194959759,0.0004254493194959759,0.0
7095,0.0004254493194741635,0.0004254493194741635,0.0
7096,0.00042544931948403374,0.00042544931948403374,0.0
7097,0.0004254493195072873,0.0004254493195072873,0.0
7098,0.00042544931947072196,0.00042544931947072196,0.0
7099,0.0004254493194781192,0.0004254493194781192,0.0
7100,0.0004254493194985794,0.0004254493194985794,0.0
7101,0.00042544931950464827,0.00042544931950464827,0.0
7102,0.0004254493194645122,0.0004254493194645122,0.0
7103,0.0004254493194651453,0.0004254493194651453,0.0
7104,0.0004254493194860628,0.0004254493194860628,0.0
7105,0.00042544931949994256,0.00042544931949994256,0.0
7106,0.0004254493194840423,0.0004254493194840423,0.0
7107,0.0004254493194981208,0.0004254493194981208,0.0
7108,0.00042544931948178624,0.00042544931948178624,0.0
7109,0.0004254493194989631,0.0004254493194989631,0.0
7110,0.00042544931946982814,0.00042544931946982814,0.0
7111,0.0004254493194967363,0.0004254493194967363,0.0
7112,0.0004254493194717451,0.0004254493194717451,0.0
7113,0.00042544931948522706,0.00042544931948522706,0.0
7114,0.00042544931949467697,0.00042544931949467697,0.0
7115,0.00042544931950015767,0.00042544931950015767,0.0
7116,0.0004254493194760576,0.0004254493194760576,0.0
7117,0.00042544931948405846,0.00042544931948405846,0.0
7118,0.0004254493194949044,0.0004254493194949044,0.0
7119,0.00042544931947540327,0.00042544931947540327,0.0
7120,0.00042544931947339327,0.00042544931947339327,0.0
7121,0.0004254493194870134,0.0004254493194870134,0.0
7122,0.00042544931947111915,0.00042544931947111915,0.0
7123,0.00042544931945975596,0.00042544931945975596,0.0
7124,0.00042544931947430817,0.00042544931947430817,0.0
7125,0.00042544931946647264,0.00042544931946647264,0.0
7126,0.00042544931945518664,0.00042544931945518664,0.0
7127,0.0004254493194641701,0.0004254493194641701,0.0
7128,0.00042544931948487334,0.00042544931948487334,0.0
7129,0.0004254493194776444,0.0004254493194776444,0.0
7130,0.0004254493194843998,0.0004254493194843998,0.0
7131,0.0004254493194798697,0.0004254493194798697,0.0
7132,0.00042544931948941436,0.00042544931948941436,0.0
7133,0.00042544931946636476,0.00042544931946636476,0.0
7134,0.00042544931948377217,0.00042544931948377217,0.0
7135,0.00042544931947443443,0.00042544931947443443,0.0
7136,0.00042544931948133955,0.00042544931948133955,0.0
7137,0.00042544931945612426,0.00042544931945612426,0.0
7138,0.00042544931947560493,0.00042544931947560493,0.0
7139,0.0004254493194763444,0.0004254493194763444,0.0
7140,0.0004254493194800343,0.0004254493194800343,0.0
7141,0.00042544931946381174,0.00042544931946381174,0.0
7142,0.00042544931947981174,0.00042544931947981174,0.0
7143,0.00042544931946300726,0.00042544931946300726,0.0
7144,0.0004254493194815765,0.0004254493194815765,0.0
7145,0.0004254493194623573,0.0004254493194623573,0.0
7146,0.0004254493194490005,0.0004254493194490005,0.0
7147,0.0004254493194496974,0.0004254493194496974,0.0
7148,0.00042544931948006404,0.00042544931948006404,0.0
7149,0.0004254493194612039,0.0004254493194612039,0.0
7150,0.00042544931945494524,0.00042544931945494524,0.0
7151,0.0004254493194751009,0.0004254493194751009,0.0
7152,0.0004254493194605186,0.0004254493194605186,0.0
7153,0.00042544931945656667,0.00042544931945656667,0.0
7154,0.00042544931946123427,0.00042544931946123427,0.0
7155,0.0004254493194602175,0.0004254493194602175,0.0
7156,0.0004254493194642178,0.0004254493194642178,0.0
7157,0.00042544931945656276,0.00042544931945656276,0.0
7158,0.0004254493194547271,0.0004254493194547271,0.0
7159,0.00042544931945680503,0.00042544931945680503,0.0
7160,0.00042544931945213987,0.00042544931945213987,0.0
7161,0.00042544931944697956,0.00042544931944697956,0.0
7162,0.00042544931945488404,0.00042544931945488404,0.0
7163,0.00042544931946752806,0.00042544931946752806,0.0
7164,0.00042544931945297823,0.00042544931945297823,0.0
7165,0.00042544931944662887,0.00042544931944662887,0.0
7166,0.0004254493194558521,0.0004254493194558521,0.0
7167,0.00042544931944828407,0.00042544931944828407,0.0
7168,0.0004254493194439908,0.0004254493194439908,0.0
7169,0.0004254493194516097,0.0004254493194516097,0.0
7170,0.0004254493194603458,0.0004254493194603458,0.0
7171,0.00042544931944341866,0.00042544931944341866,0.0
7172,0.0004254493194517356,0.0004254493194517356,0.0
7173,0.00042544931944078133,0.00042544931944078133,0.0
7174,0.0004254493194460917,0.0004254493194460917,0.0
7175,0.00042544931945790723,0.00042544931945790723,0.0
7176,0.00042544931945285967,0.00042544931945285967,0.0
7177,0.00042544931944452584,0.00042544931944452584,0.0
7178,0.00042544931945940186,0.00042544931945940186,0.0
7179,0.0004254493194471156,0.0004254493194471156,0.0
7180,0.00042544931945304664,0.00042544931945304664,0.0
7181,0.00042544931945478885,0.00042544931945478885,0.0
7182,0.0004254493194515087,0.0004254493194515087,0.0
7183,0.0004254493194537574,0.0004254493194537574,0.0
7184,0.0004254493194392397,0.0004254493194392397,0.0
7185,0.00042544931944498587,0.00042544931944498587,0.0
7186,0.000425449319440486,0.000425449319440486,0.0
7187,0.0004254493194520788,0.0004254493194520788,0.0
7188,0.0004254493194442579,0.0004254493194442579,0.0
7189,0.00042544931945181407,0.00042544931945181407,0.0
7190,0.0004254493194480545,0.0004254493194480545,0.0
7191,0.0004254493194380774,0.0004254493194380774,0.0
7192,0.0004254493194471861,0.0004254493194471861,0.0
7193,0.0004254493194458241,0.0004254493194458241,0.0
7194,0.00042544931944017846,0.00042544931944017846,0.0
7195,0.0004254493194448297,0.0004254493194448297,0.0
7196,0.00042544931945157196,0.00042544931945157196,0.0
7197,0.00042544931944151724,0.00042544931944151724,0.0
7198,0.0004254493194502812,0.0004254493194502812,0.0
7199,0.0004254493194410243,0.0004254493194410243,0.0
7200,0.00042544931943925434,0.00042544931943925434,0.0
7201,0.0004254493194351383,0.0004254493194351383,0.0
7202,0.0004254493194419149,0.0004254493194419149,0.0
7203,0.00042544931944423154,0.00042544931944423154,0.0
7204,0.0004254493194327503,0.0004254493194327503,0.0
7205,0.0004254493194363425,0.0004254493194363425,0.0
7206,0.00042544931943953564,0.00042544931943953564,0.0
7207,0.0004254493194330056,0.0004254493194330056,0.0
7208,0.0004254493194459222,0.0004254493194459222,0.0
7209,0.0004254493194375721,0.0004254493194375721,0.0
7210,0.00042544931944543977,0.00042544931944543977,0.0
7211,0.00042544931943725453,0.00042544931943725453,0.0
7212,0.00042544931944636004,0.00042544931944636004,0.0
7213,0.00042544931943703926,0.00042544931943703926,0.0
7214,0.00042544931944275025,0.00042544931944275025,0.0
7215,0.0004254493194417601,0.0004254493194417601,0.0
7216,0.00042544931943283993,0.00042544931943283993,0.0
7217,0.00042544931943077995,0.00042544931943077995,0.0
7218,0.00042544931943467755,0.00042544931943467755,0.0
7219,0.0004254493194410055,0.0004254493194410055,0.0
7220,0.0004254493194425022,0.0004254493194425022,0.0
7221,0.0004254493194353021,0.0004254493194353021,0.0
7222,0.0004254493194338552,0.0004254493194338552,0.0
7223,0.0004254493194318801,0.0004254493194318801,0.0
7224,0.00042544931944247513,0.00042544931944247513,0.0
7225,0.0004254493194343664,0.0004254493194343664,0.0
7226,0.00042544931943092133,0.00042544931943092133,0.0
7227,0.000425449319432736,0.000425449319432736,0.0
7228,0.0004254493194378329,0.0004254493194378329,0.0
7229,0.0004254493194398692,0.0004254493194398692,0.0
7230,0.0004254493194333328,0.0004254493194333328,0.0
7231,0.00042544931943308464,0.00042544931943308464,0.0
7232,0.0004254493194307206,0.0004254493194307206,0.0
7233,0.0004254493194391161,0.0004254493194391161,0.0
7234,0.0004254493194331128,0.0004254493194331128,0.0
7235,0.0004254493194398585,0.0004254493194398585,0.0
7236,0.00042544931943194357,0.00042544931943194357,0.0
7237,0.000425449319429192,0.000425449319429192,0.0
7238,0.0004254493194349465,0.0004254493194349465,0.0
7239,0.000425449319428928,0.000425449319428928,0.0
7240,0.0004254493194351596,0.0004254493194351596,0.0
7241,0.0004254493194248946,0.0004254493194248946,0.0
7242,0.0004254493194244451,0.0004254493194244451,0.0
7243,0.00042544931942665754,0.00042544931942665754,0.0
7244,0.000425449319428496,0.000425449319428496,0.0
7245,0.0004254493194267324,0.0004254493194267324,0.0
7246,0.00042544931942713004,0.00042544931942713004,0.0
7247,0.0004254493194250917,0.0004254493194250917,0.0
7248,0.00042544931943224677,0.00042544931943224677,0.0
7249,0.0004254493194312007,0.0004254493194312007,0.0
7250,0.00042544931942687996,0.00042544931942687996,0.0
7251,0.00042544931942837215,0.00042544931942837215,0.0
7252,0.0004254493194229847,0.0004254493194229847,0.0
7253,0.00042544931942516026,0.00042544931942516026,0.0
7254,0.00042544931942853283,0.00042544931942853283,0.0
7255,0.0004254493194295814,0.0004254493194295814,0.0
7256,0.0004254493194230693,0.0004254493194230693,0.0
7257,0.0004254493194230014,0.0004254493194230014,0.0
7258,0.0004254493194273051,0.0004254493194273051,0.0
7259,0.00042544931942562375,0.00042544931942562375,0.0
7260,0.0004254493194220826,0.0004254493194220826,0.0
7261,0.0004254493194272893,0.0004254493194272893,0.0
7262,0.00042544931942305224,0.00042544931942305224,0.0
7263,0.0004254493194295934,0.0004254493194295934,0.0
7264,0.0004254493194243465,0.0004254493194243465,0.0
7265,0.00042544931942246764,0.00042544931942246764,0.0
7266,0.0004254493194197802,0.0004254493194197802,0.0
7267,0.0004254493194222471,0.0004254493194222471,0.0
7268,0.0004254493194255602,0.0004254493194255602,0.0
7269,0.00042544931942320566,0.00042544931942320566,0.0
7270,0.0004254493194221406,0.0004254493194221406,0.0
7271,0.0004254493194266687,0.0004254493194266687,0.0
7272,0.000425449319423126,0.000425449319423126,0.0
7273,0.0004254493194210161,0.0004254493194210161,0.0
7274,0.0004254493194185537,0.0004254493194185537,0.0
7275,0.00042544931942168805,0.00042544931942168805,0.0
7276,0.00042544931942599856,0.00042544931942599856,0.0
7277,0.0004254493194181873,0.0004254493194181873,0.0
7278,0.00042544931942193665,0.00042544931942193665,0.0
7279,0.0004254493194263117,0.0004254493194263117,0.0
7280,0.00042544931942111206,0.00042544931942111206,0.0
7281,0.00042544931942188467,0.00042544931942188467,0.0
7282,0.000425449319424206,0.000425449319424206,0.0
7283,0.00042544931942096743,0.00042544931942096743,0.0
7284,0.00042544931942073243,0.00042544931942073243,0.0
7285,0.0004254493194190282,0.0004254493194190282,0.0
7286,0.00042544931942342906,0.00042544931942342906,0.0
7287,0.00042544931941966503,0.00042544931941966503,0.0
7288,0.0004254493194217915,0.0004254493194217915,0.0
7289,0.0004254493194203696,0.0004254493194203696,0.0
7290,0.0004254493194171919,0.0004254493194171919,0.0
7291,0.00042544931942018247,0.00042544931942018247,0.0
7292,0.00042544931941853145,0.00042544931941853145,0.0
7293,0.000425449319418878,0.000425449319418878,0.0
7294,0.0004254493194175287,0.0004254493194175287,0.0
7295,0.0004254493194160438,0.0004254493194160438,0.0
7296,0.0004254493194193362,0.0004254493194193362,0.0
7297,0.0004254493194198582,0.0004254493194198582,0.0
7298,0.0004254493194162058,0.0004254493194162058,0.0
7299,0.0004254493194189399,0.0004254493194189399,0.0
7300,0.00042544931941858495,0.00042544931941858495,0.0
7301,0.0004254493194156395,0.0004254493194156395,0.0
7302,0.0004254493194199668,0.0004254493194199668,0.0
7303,0.000425449319419079,0.000425449319419079,0.0
7304,0.0004254493194163094,0.0004254493194163094,0.0
7305,0.00042544931942114947,0.00042544931942114947,0.0
7306,0.0004254493194167807,0.0004254493194167807,0.0
7307,0.00042544931941757903,0.00042544931941757903,0.0
7308,0.0004254493194185089,0.0004254493194185089,0.0
7309,0.0004254493194171727,0.0004254493194171727,0.0
7310,0.00042544931941475745,0.00042544931941475745,0.0
7311,0.0004254493194188167,0.0004254493194188167,0.0
7312,0.0004254493194192135,0.0004254493194192135,0.0
7313,0.0004254493194159345,0.0004254493194159345,0.0
7314,0.000425449319414871,0.000425449319414871,0.0
7315,0.00042544931941986973,0.00042544931941986973,0.0
7316,0.000425449319415646,0.000425449319415646,0.0
7317,0.00042544931941779945,0.00042544931941779945,0.0
7318,0.00042544931941593093,0.00042544931941593093,0.0
7319,0.0004254493194132878,0.0004254493194132878,0.0
7320,0.0004254493194153537,0.0004254493194153537,0.0
7321,0.00042544931941646317,0.00042544931941646317,0.0
7322,0.00042544931941684004,0.00042544931941684004,0.0
7323,0.0004254493194120719,0.0004254493194120719,0.0
7324,0.0004254493194128258,0.0004254493194128258,0.0
7325,0.0004254493194177709,0.0004254493194177709,0.0
7326,0.0004254493194147065,0.0004254493194147065,0.0
7327,0.0004254493194163494,0.0004254493194163494,0.0
7328,0.0004254493194156351,0.0004254493194156351,0.0
7329,0.00042544931941331627,0.00042544931941331627,0.0
7330,0.0004254493194177941,0.0004254493194177941,0.0
7331,0.0004254493194142116,0.0004254493194142116,0.0
7332,0.00042544931941875463,0.00042544931941875463,0.0
7333,0.0004254493194139916,0.0004254493194139916,0.0
7334,0.00042544931941231935,0.00042544931941231935,0.0
7335,0.00042544931941673953,0.00042544931941673953,0.0
7336,0.00042544931941390765,0.00042544931941390765,0.0
7337,0.0004254493194159856,0.0004254493194159856,0.0
7338,0.0004254493194166141,0.0004254493194166141,0.0
7339,0.0004254493194138496,0.0004254493194138496,0.0
7340,0.0004254493194158792,0.0004254493194158792,0.0
7341,0.0004254493194144971,0.0004254493194144971,0.0
7342,0.0004254493194156944,0.0004254493194156944,0.0
7343,0.00042544931941341,0.00042544931941341,0.0
7344,0.00042544931941337926,0.00042544931941337926,0.0
7345,0.0004254493194151836,0.0004254493194151836,0.0
7346,0.00042544931941534226,0.00042544931941534226,0.0
7347,0.000425449319410455,0.000425449319410455,0.0
7348,0.0004254493194094972,0.0004254493194094972,0.0
7349,0.00042544931941180153,0.00042544931941180153,0.0
7350,0.0004254493194148634,0.0004254493194148634,0.0
7351,0.0004254493194145062,0.0004254493194145062,0.0
7352,0.00042544931941412454,0.00042544931941412454,0.0
7353,0.00042544931941457557,0.00042544931941457557,0.0
7354,0.00042544931941555173,0.00042544931941555173,0.0
7355,0.0004254493194125459,0.0004254493194125459,0.0
7356,0.0004254493194121165,0.0004254493194121165,0.0
7357,0.00042544931940996256,0.00042544931940996256,0.0
7358,0.000425449319414325,0.000425449319414325,0.0
7359,0.00042544931941500014,0.00042544931941500014,0.0
7360,0.0004254493194121777,0.0004254493194121777,0.0
7361,0.0004254493194126275,0.0004254493194126275,0.0
7362,0.00042544931941413457,0.00042544931941413457,0.0
7363,0.0004254493194096515,0.0004254493194096515,0.0
7364,0.0004254493194140221,0.0004254493194140221,0.0
7365,0.00042544931941267047,0.00042544931941267047,0.0
7366,0.00042544931941387117,0.00042544931941387117,0.0
7367,0.00042544931941101456,0.00042544931941101456,0.0
7368,0.0004254493194088296,0.0004254493194088296,0.0
7369,0.0004254493194081505,0.0004254493194081505,0.0
7370,0.0004254493194128183,0.0004254493194128183,0.0
7371,0.00042544931940805366,0.00042544931940805366,0.0
7372,0.00042544931940717573,0.00042544931940717573,0.0
7373,0.0004254493194106689,0.0004254493194106689,0.0
7374,0.0004254493194089301,0.0004254493194089301,0.0
7375,0.000425449319409712,0.000425449319409712,0.0
7376,0.0004254493194079616,0.0004254493194079616,0.0
7377,0.0004254493194119792,0.0004254493194119792,0.0
7378,0.0004254493194098115,0.0004254493194098115,0.0
7379,0.0004254493194095014,0.0004254493194095014,0.0
7380,0.0004254493194068312,0.0004254493194068312,0.0
7381,0.00042544931940718023,0.00042544931940718023,0.0
7382,0.0004254493194074063,0.0004254493194074063,0.0
7383,0.0004254493194050421,0.0004254493194050421,0.0
7384,0.00042544931940323075,0.00042544931940323075,0.0
7385,0.0004254493194071038,0.0004254493194071038,0.0
7386,0.00042544931940588797,0.00042544931940588797,0.0
7387,0.00042544931940724203,0.00042544931940724203,0.0
7388,0.00042544931940706465,0.00042544931940706465,0.0
7389,0.00042544931940392583,0.00042544931940392583,0.0
7390,0.0004254493194046512,0.0004254493194046512,0.0
7391,0.0004254493194033693,0.0004254493194033693,0.0
7392,0.0004254493194044486,0.0004254493194044486,0.0
7393,0.0004254493194049713,0.0004254493194049713,0.0
7394,0.0004254493194030877,0.0004254493194030877,0.0
7395,0.0004254493194044484,0.0004254493194044484,0.0
7396,0.0004254493194045471,0.0004254493194045471,0.0
7397,0.000425449319401243,0.000425449319401243,0.0
7398,0.00042544931940070906,0.00042544931940070906,0.0
7399,0.00042544931940271586,0.00042544931940271586,0.0
7400,0.00042544931940239494,0.00042544931940239494,0.0
7401,0.0004254493194025332,0.0004254493194025332,0.0
7402,0.0004254493194029437,0.0004254493194029437,0.0
7403,0.0004254493194049841,0.0004254493194049841,0.0
7404,0.0004254493193996623,0.0004254493193996623,0.0
7405,0.0004254493193993209,0.0004254493193993209,0.0
7406,0.0004254493193994798,0.0004254493193994798,0.0
7407,0.00042544931939930805,0.00042544931939930805,0.0
7408,0.00042544931940112805,0.00042544931940112805,0.0
7409,0.0004254493193979426,0.0004254493193979426,0.0
7410,0.0004254493193981082,0.0004254493193981082,0.0
7411,0.00042544931939867027,0.00042544931939867027,0.0
7412,0.00042544931940186335,0.00042544931940186335,0.0
7413,0.0004254493193990696,0.0004254493193990696,0.0
7414,0.0004254493193984497,0.0004254493193984497,0.0
7415,0.00042544931939711065,0.00042544931939711065,0.0
7416,0.00042544931939816075,0.00042544931939816075,0.0
7417,0.00042544931939867553,0.00042544931939867553,0.0
7418,0.0004254493193975074,0.0004254493193975074,0.0
7419,0.0004254493193964502,0.0004254493193964502,0.0
7420,0.00042544931939806106,0.00042544931939806106,0.0
7421,0.0004254493193962403,0.0004254493193962403,0.0
7422,0.00042544931939838995,0.00042544931939838995,0.0
7423,0.00042544931939474183,0.00042544931939474183,0.0
7424,0.00042544931939496024,0.00042544931939496024,0.0
7425,0.0004254493193955601,0.0004254493193955601,0.0
7426,0.00042544931939374024,0.00042544931939374024,0.0
7427,0.00042544931939411944,0.00042544931939411944,0.0
7428,0.0004254493193933368,0.0004254493193933368,0.0
7429,0.00042544931939416275,0.00042544931939416275,0.0
7430,0.0004254493193948261,0.0004254493193948261,0.0
7431,0.00042544931939627955,0.00042544931939627955,0.0
7432,0.0004254493193951109,0.0004254493193951109,0.0
7433,0.00042544931939373195,0.00042544931939373195,0.0
7434,0.0004254493193992603,0.0004254493193992603,0.0
7435,0.0004254493193945599,0.0004254493193945599,0.0
7436,0.000425449319398601,0.000425449319398601,0.0
7437,0.00042544931939357967,0.00042544931939357967,0.0
7438,0.0004254493193925438,0.0004254493193925438,0.0
7439,0.00042544931939473353,0.00042544931939473353,0.0
7440,0.0004254493193922753,0.0004254493193922753,0.0
7441,0.00042544931939491264,0.00042544931939491264,0.0
7442,0.00042544931939684344,0.00042544931939684344,0.0
7443,0.0004254493193912068,0.0004254493193912068,0.0
7444,0.00042544931939284046,0.00042544931939284046,0.0
7445,0.00042544931939058174,0.00042544931939058174,0.0
7446,0.00042544931939160924,0.00042544931939160924,0.0
7447,0.0004254493193895002,0.0004254493193895002,0.0
7448,0.00042544931938914013,0.00042544931938914013,0.0
7449,0.0004254493193936764,0.0004254493193936764,0.0
7450,0.0004254493193959633,0.0004254493193959633,0.0
7451,0.00042544931938804525,0.00042544931938804525,0.0
7452,0.00042544931938629313,0.00042544931938629313,0.0
7453,0.0004254493193915824,0.0004254493193915824,0.0
7454,0.0004254493193886736,0.0004254493193886736,0.0
7455,0.0004254493193927509,0.0004254493193927509,0.0
7456,0.0004254493193894606,0.0004254493193894606,0.0
7457,0.0004254493193929455,0.0004254493193929455,0.0
7458,0.00042544931938819867,0.00042544931938819867,0.0
7459,0.0004254493193867705,0.0004254493193867705,0.0
7460,0.00042544931938891364,0.00042544931938891364,0.0
7461,0.00042544931938805913,0.00042544931938805913,0.0
7462,0.0004254493193850771,0.0004254493193850771,0.0
7463,0.0004254493193845057,0.0004254493193845057,0.0
7464,0.0004254493193872788,0.0004254493193872788,0.0
7465,0.00042544931938550974,0.00042544931938550974,0.0
7466,0.0004254493193830046,0.0004254493193830046,0.0
7467,0.00042544931938233026,0.00042544931938233026,0.0
7468,0.00042544931938652184,0.00042544931938652184,0.0
7469,0.0004254493193893749,0.0004254493193893749,0.0
7470,0.0004254493193809136,0.0004254493193809136,0.0
7471,0.0004254493193793234,0.0004254493193793234,0.0
7472,0.0004254493193811892,0.0004254493193811892,0.0
7473,0.00042544931938267504,0.00042544931938267504,0.0
7474,0.0004254493193816165,0.0004254493193816165,0.0
7475,0.00042544931937789555,0.00042544931937789555,0.0
7476,0.0004254493193757806,0.0004254493193757806,0.0
7477,0.00042544931937824146,0.00042544931937824146,0.0
7478,0.0004254493193812054,0.0004254493193812054,0.0
7479,0.0004254493193792413,0.0004254493193792413,0.0
7480,0.00042544931937814004,0.00042544931937814004,0.0
7481,0.00042544931937539256,0.00042544931937539256,0.0
7482,0.0004254493193757107,0.0004254493193757107,0.0
7483,0.0004254493193737559,0.0004254493193737559,0.0
7484,0.00042544931937251335,0.00042544931937251335,0.0
7485,0.0004254493193731276,0.0004254493193731276,0.0
7486,0.00042544931937565965,0.00042544931937565965,0.0
7487,0.00042544931936960715,0.00042544931936960715,0.0
7488,0.000425449319366416,0.000425449319366416,0.0
7489,0.00042544931937668433,0.00042544931937668433,0.0
7490,0.00042544931937087767,0.00042544931937087767,0.0
7491,0.0004254493193701953,0.0004254493193701953,0.0
7492,0.0004254493193697412,0.0004254493193697412,0.0
7493,0.00042544931936926866,0.00042544931936926866,0.0
7494,0.00042544931936665736,0.00042544931936665736,0.0
7495,0.0004254493193669353,0.0004254493193669353,0.0
7496,0.0004254493193748652,0.0004254493193748652,0.0
7497,0.00042544931936375733,0.00042544931936375733,0.0
7498,0.00042544931936397976,0.00042544931936397976,0.0
7499,0.00042544931936643765,0.00042544931936643765,0.0
7500,0.0004254493193693448,0.0004254493193693448,0.0
7501,0.0004254493193672847,0.0004254493193672847,0.0
7502,0.0004254493193652129,0.0004254493193652129,0.0
7503,0.00042544931936281343,0.00042544931936281343,0.0
7504,0.00042544931936649316,0.00042544931936649316,0.0
7505,0.0004254493193664339,0.0004254493193664339,0.0
7506,0.000425449319361468,0.000425449319361468,0.0
7507,0.00042544931936511904,0.00042544931936511904,0.0
7508,0.00042544931936312064,0.00042544931936312064,0.0
7509,0.00042544931936079535,0.00042544931936079535,0.0
7510,0.00042544931936648584,0.00042544931936648584,0.0
7511,0.0004254493193626581,0.0004254493193626581,0.0
7512,0.0004254493193583352,0.0004254493193583352,0.0
7513,0.0004254493193606236,0.0004254493193606236,0.0
7514,0.00042544931935927595,0.00042544931935927595,0.0
7515,0.0004254493193571271,0.0004254493193571271,0.0
7516,0.00042544931935865963,0.00042544931935865963,0.0
7517,0.000425449319365702,0.000425449319365702,0.0
7518,0.0004254493193582675,0.0004254493193582675,0.0
7519,0.0004254493193548243,0.0004254493193548243,0.0
7520,0.00042544931935538247,0.00042544931935538247,0.0
7521,0.00042544931935646965,0.00042544931935646965,0.0
7522,0.0004254493193554176,0.0004254493193554176,0.0
7523,0.00042544931936287994,0.00042544931936287994,0.0
7524,0.00042544931935871926,0.00042544931935871926,0.0
7525,0.00042544931935610303,0.00042544931935610303,0.0
7526,0.00042544931935164886,0.00042544931935164886,0.0
7527,0.00042544931935228225,0.00042544931935228225,0.0
7528,0.00042544931935946384,0.00042544931935946384,0.0
7529,0.000425449319352815,0.000425449319352815,0.0
7530,0.00042544931935048497,0.00042544931935048497,0.0
7531,0.0004254493193512879,0.0004254493193512879,0.0
7532,0.0004254493193523614,0.0004254493193523614,0.0
7533,0.0004254493193587983,0.0004254493193587983,0.0
7534,0.0004254493193499699,0.0004254493193499699,0.0
7535,0.00042544931935320664,0.00042544931935320664,0.0
7536,0.00042544931935263917,0.00042544931935263917,0.0
7537,0.0004254493193458231,0.0004254493193458231,0.0
7538,0.00042544931934324385,0.00042544931934324385,0.0
7539,0.0004254493193551262,0.0004254493193551262,0.0
7540,0.00042544931935547506,0.00042544931935547506,0.0
7541,0.00042544931934913595,0.00042544931934913595,0.0
7542,0.0004254493193562659,0.0004254493193562659,0.0
7543,0.00042544931935162495,0.00042544931935162495,0.0
7544,0.0004254493193442496,0.0004254493193442496,0.0
7545,0.000425449319347448,0.000425449319347448,0.0
7546,0.00042544931934224823,0.00042544931934224823,0.0
7547,0.0004254493193403572,0.0004254493193403572,0.0
7548,0.00042544931934457227,0.00042544931934457227,0.0
7549,0.0004254493193514233,0.0004254493193514233,0.0
7550,0.00042544931934169203,0.00042544931934169203,0.0
7551,0.00042544931934876694,0.00042544931934876694,0.0
7552,0.00042544931933844387,0.00042544931933844387,0.0
7553,0.0004254493193368602,0.0004254493193368602,0.0
7554,0.0004254493193461042,0.0004254493193461042,0.0
7555,0.0004254493193359596,0.0004254493193359596,0.0
7556,0.00042544931933435697,0.00042544931933435697,0.0
7557,0.00042544931933544686,0.00042544931933544686,0.0
7558,0.0004254493193364562,0.0004254493193364562,0.0
7559,0.0004254493193340139,0.0004254493193340139,0.0
7560,0.0004254493193357212,0.0004254493193357212,0.0
7561,0.00042544931933519647,0.00042544931933519647,0.0
7562,0.00042544931933205147,0.00042544931933205147,0.0
7563,0.0004254493193346957,0.0004254493193346957,0.0
7564,0.00042544931933445395,0.00042544931933445395,0.0
7565,0.00042544931932525054,0.00042544931932525054,0.0
7566,0.00042544931931935253,0.00042544931931935253,0.0
7567,0.0004254493193267479,0.0004254493193267479,0.0
7568,0.00042544931932266976,0.00042544931932266976,0.0
7569,0.0004254493193264551,0.0004254493193264551,0.0
7570,0.00042544931932366896,0.00042544931932366896,0.0
7571,0.0004254493193256394,0.0004254493193256394,0.0
7572,0.0004254493193239582,0.0004254493193239582,0.0
7573,0.00042544931932392613,0.00042544931932392613,0.0
7574,0.00042544931931982855,0.00042544931931982855,0.0
7575,0.000425449319315252,0.000425449319315252,0.0
7576,0.0004254493193151145,0.0004254493193151145,0.0
7577,0.00042544931930963965,0.00042544931930963965,0.0
7578,0.00042544931930342593,0.00042544931930342593,0.0
7579,0.0004254493193130068,0.0004254493193130068,0.0
7580,0.0004254493193115691,0.0004254493193115691,0.0
7581,0.0004254493193121699,0.0004254493193121699,0.0
7582,0.0004254493193061693,0.0004254493193061693,0.0
7583,0.00042544931931268106,0.00042544931931268106,0.0
7584,0.00042544931931273283,0.00042544931931273283,0.0
7585,0.0004254493193005617,0.0004254493193005617,0.0
7586,0.0004254493193000896,0.0004254493193000896,0.0
7587,0.00042544931929655344,0.00042544931929655344,0.0
7588,0.00042544931929404997,0.00042544931929404997,0.0
7589,0.0004254493192948554,0.0004254493192948554,0.0
7590,0.00042544931930409906,0.00042544931930409906,0.0
7591,0.0004254493193054946,0.0004254493193054946,0.0
7592,0.00042544931928879375,0.00042544931928879375,0.0
7593,0.0004254493192826666,0.0004254493192826666,0.0
7594,0.00042544931927943595,0.00042544931927943595,0.0
7595,0.0004254493192635163,0.0004254493192635163,0.0
7596,0.000425449319279617,0.000425449319279617,0.0
7597,0.00042544931928653184,0.00042544931928653184,0.0
7598,0.00042544931928891963,0.00042544931928891963,0.0
7599,0.0004254493192675367,0.0004254493192675367,0.0
7600,0.00042544931929044277,0.00042544931929044277,0.0
7601,0.00042544931929134694,0.00042544931929134694,0.0
7602,0.0004254493192947997,0.0004254493192947997,0.0
7603,0.00042544931926702156,0.00042544931926702156,0.0
7604,0.00042544931925880743,0.00042544931925880743,0.0
7605,0.0004254493192441648,0.0004254493192441648,0.0
7606,0.0004254493192604776,0.0004254493192604776,0.0
7607,0.0004254493192704849,0.0004254493192704849,0.0
7608,0.00042544931925496583,0.00042544931925496583,0.0
7609,0.00042544931924952314,0.00042544931924952314,0.0
7610,0.00042544931927333314,0.00042544931927333314,0.0
7611,0.0004254493192445644,0.0004254493192445644,0.0
7612,0.00042544931925991484,0.00042544931925991484,0.0
7613,0.0004254493192471113,0.0004254493192471113,0.0
7614,0.0004254493192415037,0.0004254493192415037,0.0
7615,0.0004254493192435248,0.0004254493192435248,0.0
7616,0.0004254493192371629,0.0004254493192371629,0.0
7617,0.00042544931923621315,0.00042544931923621315,0.0
7618,0.0004254493192439013,0.0004254493192439013,0.0
7619,0.00042544931922570294,0.00042544931922570294,0.0
7620,0.00042544931922008255,0.00042544931922008255,0.0
7621,0.00042544931921049034,0.00042544931921049034,0.0
7622,0.00042544931918779506,0.00042544931918779506,0.0
7623,0.0004254493192188908,0.0004254493192188908,0.0
7624,0.00042544931920461684,0.00042544931920461684,0.0
7625,0.00042544931922953766,0.00042544931922953766,0.0
7626,0.00042544931921385034,0.00042544931921385034,0.0
7627,0.00042544931920380016,0.00042544931920380016,0.0
7628,0.00042544931919054883,0.00042544931919054883,0.0
7629,0.0004254493192002497,0.0004254493192002497,0.0
7630,0.00042544931918088897,0.00042544931918088897,0.0
7631,0.00042544931916101153,0.00042544931916101153,0.0
7632,0.0004254493191864693,0.0004254493191864693,0.0
7633,0.0004254493191700671,0.0004254493191700671,0.0
7634,0.00042544931917299267,0.00042544931917299267,0.0
7635,0.0004254493191906336,0.0004254493191906336,0.0
7636,0.00042544931915579164,0.00042544931915579164,0.0
7637,0.0004254493191352284,0.0004254493191352284,0.0
7638,0.0004254493191591736,0.0004254493191591736,0.0
7639,0.0004254493191573985,0.0004254493191573985,0.0
7640,0.00042544931915197107,0.00042544931915197107,0.0
7641,0.0004254493191451869,0.0004254493191451869,0.0
7642,0.0004254493191416254,0.0004254493191416254,0.0
7643,0.0004254493191461608,0.0004254493191461608,0.0
7644,0.0004254493191482232,0.0004254493191482232,0.0
7645,0.00042544931912492776,0.00042544931912492776,0.0
7646,0.00042544931912512146,0.00042544931912512146,0.0
7647,0.00042544931913784235,0.00042544931913784235,0.0
7648,0.00042544931910676266,0.00042544931910676266,0.0
7649,0.0004254493190857428,0.0004254493190857428,0.0
7650,0.00042544931913132965,0.00042544931913132965,0.0
7651,0.0004254493191029847,0.0004254493191029847,0.0
7652,0.0004254493190979528,0.0004254493190979528,0.0
7653,0.0004254493191023239,0.0004254493191023239,0.0
7654,0.00042544931910250885,0.00042544931910250885,0.0
7655,0.0004254493190885137,0.0004254493190885137,0.0
7656,0.000425449319096493,0.000425449319096493,0.0
7657,0.0004254493190915299,0.0004254493190915299,0.0
7658,0.000425449319081577,0.000425449319081577,0.0
7659,0.0004254493190888415,0.0004254493190888415,0.0
7660,0.000425449319090869,0.000425449319090869,0.0
7661,0.00042544931906135454,0.00042544931906135454,0.0
7662,0.0004254493190447065,0.0004254493190447065,0.0
7663,0.0004254493190497623,0.0004254493190497623,0.0
7664,0.0004254493191255559,0.0004254493191255559,0.0
7665,0.00042544931908571244,0.00042544931908571244,0.0
7666,0.0004254493190732519,0.0004254493190732519,0.0
7667,0.0004254493190365483,0.0004254493190365483,0.0
7668,0.00042544931901722133,0.00042544931901722133,0.0
7669,0.0004254493190308979,0.0004254493190308979,0.0
7670,0.00042544931903036576,0.00042544931903036576,0.0
7671,0.00042544931906887115,0.00042544931906887115,0.0
7672,0.0004254493190382136,0.0004254493190382136,0.0
7673,0.0004254493190714858,0.0004254493190714858,0.0
7674,0.00042544931901583594,0.00042544931901583594,0.0
7675,0.00042544931900231263,0.00042544931900231263,0.0
7676,0.00042544931902252096,0.00042544931902252096,0.0
7677,0.00042544931899948346,0.00042544931899948346,0.0
7678,0.0004254493189825549,0.0004254493189825549,0.0
7679,0.0004254493189858702,0.0004254493189858702,0.0
7680,0.0004254493189914029,0.0004254493189914029,0.0
7681,0.00042544931897134304,0.00042544931897134304,0.0
7682,0.00042544931894906117,0.00042544931894906117,0.0
7683,0.00042544931895886713,0.00042544931895886713,0.0
7684,0.0004254493189783605,0.0004254493189783605,0.0
7685,0.00042544931893902726,0.00042544931893902726,0.0
7686,0.0004254493189145428,0.0004254493189145428,0.0
7687,0.0004254493189298147,0.0004254493189298147,0.0
7688,0.00042544931892777086,0.00042544931892777086,0.0
7689,0.00042544931890788187,0.00042544931890788187,0.0
7690,0.0004254493188895217,0.0004254493188895217,0.0
7691,0.00042544931896574086,0.00042544931896574086,0.0
7692,0.000425449318911875,0.000425449318911875,0.0
7693,0.0004254493188964619,0.0004254493188964619,0.0
7694,0.0004254493188895217,0.0004254493188895217,0.0
