Evaluation,Objective,DataMSE,Penalty
0,0.0013919910628611663,0.0013919910628611663,0.0
1,0.0013919910628611663,0.0013919910628611663,0.0
2,0.0013856455281194072,0.0013856455281194072,0.0
3,0.001396196732957865,0.001396196732957865,0.0
4,0.0013958063694999683,0.0013958063694999683,0.0
5,0.0013824199032940643,0.0013824199032940643,0.0
6,0.001395426684502088,0.001395426684502088,0.0
7,0.0014014658028147717,0.0014014658028147717,0.0
8,0.0013804892416813166,0.0013804892416813166,0.0
9,0.0013980448088290415,0.0013980448088290415,0.0
10,0.0013968113100938585,0.0013968113100938585,0.0
11,0.0013804790604363263,0.0013804790604363263,0.0
12,0.0013980542228622102,0.0013980542228622102,0.0
13,0.001396767712138573,0.001396767712138573,0.0
14,0.0013897146242326053,0.0013897146242326053,0.0
15,0.0013928723693371937,0.0013928723693371937,0.0
16,0.0013940563805235763,0.0013940563805235763,0.0
17,0.0013908594683768624,0.0013908594683768624,0.0
18,0.001393035897548154,0.001393035897548154,0.0
19,0.0013923127760593888,0.0013923127760593888,0.0
20,0.0013842955289867045,0.0013842955289867045,0.0
21,0.001383740182304029,0.001383740182304029,0.0
22,0.0013820435872172994,0.0013820435872172994,0.0
23,0.001381222873213496,0.001381222873213496,0.0
24,0.0013788928030944172,0.0013788928030944172,0.0
25,0.0013686738115792406,0.0013686738115792406,0.0
26,0.0013782433931615512,0.0013782433931615512,0.0
27,0.0013765189466316801,0.0013765189466316801,0.0
28,0.0013747109835632219,0.0013747109835632219,0.0
29,0.0013740828908297919,0.0013740828908297919,0.0
30,0.0013723487715607168,0.0013723487715607168,0.0
31,0.0013701261043315008,0.0013701261043315008,0.0
32,0.0013685181456491661,0.0013685181456491661,0.0
33,0.0013572068453027847,0.0013572068453027847,0.0
34,0.0013645391791823691,0.0013645391791823691,0.0
35,0.0013632002569722726,0.0013632002569722726,0.0
36,0.001361255527651595,0.001361255527651595,0.0
37,0.0013649386472446268,0.0013649386472446268,0.0
38,0.001362766890922305,0.001362766890922305,0.0
39,0.0013584949253908362,0.0013584949253908362,0.0
40,0.0013582613246984308,0.0013582613246984308,0.0
41,0.0013531416278698464,0.0013531416278698464,0.0
42,0.0013341492108145732,0.0013341492108145732,0.0
43,0.0013540314475178601,0.0013540314475178601,0.0
44,0.001350987878818614,0.001350987878818614,0.0
45,0.0013471450364785898,0.0013471450364785898,0.0
46,0.001344580450465716,0.001344580450465716,0.0
47,0.0013453038710520436,0.0013453038710520436,0.0
48,0.0013412538064965667,0.0013412538064965667,0.0
49,0.0013387958500767811,0.0013387958500767811,0.0
50,0.0013359321244207393,0.0013359321244207393,0.0
51,0.0013337252973836934,0.0013337252973836934,0.0
52,0.0013126174703348233,0.0013126174703348233,0.0
53,0.0013327141794784274,0.0013327141794784274,0.0
54,0.0013323964568654019,0.0013323964568654019,0.0
55,0.0013259111374779137,0.0013259111374779137,0.0
56,0.0013233240914699042,0.0013233240914699042,0.0
57,0.0013215836375036177,0.0013215836375036177,0.0
58,0.0013150321824880505,0.0013150321824880505,0.0
59,0.0013172090557704709,0.0013172090557704709,0.0
60,0.0013124056959925659,0.0013124056959925659,0.0
61,0.0012894117606020053,0.0012894117606020053,0.0
62,0.001301353276409814,0.001301353276409814,0.0
63,0.0012982931816487603,0.0012982931816487603,0.0
64,0.0012962367948284549,0.0012962367948284549,0.0
65,0.0012948340699645408,0.0012948340699645408,0.0
66,0.0012921911820010137,0.0012921911820010137,0.0
67,0.0012878144482576194,0.0012878144482576194,0.0
68,0.0012565799293920176,0.0012565799293920176,0.0
69,0.0012813129094423343,0.0012813129094423343,0.0
70,0.0012755336231474092,0.0012755336231474092,0.0
71,0.001272620869498712,0.001272620869498712,0.0
72,0.0012746587633637168,0.0012746587633637168,0.0
73,0.0012472332111978272,0.0012472332111978272,0.0
74,0.0011713965767951953,0.0011713965767951953,0.0
75,0.001246891057414241,0.001246891057414241,0.0
76,0.0012438643126287373,0.0012438643126287373,0.0
77,0.0012385968196241192,0.0012385968196241192,0.0
78,0.0012274638763303393,0.0012274638763303393,0.0
79,0.0012133576048832366,0.0012133576048832366,0.0
80,0.0012145210905311471,0.0012145210905311471,0.0
81,0.001206008560350407,0.001206008560350407,0.0
82,0.001208975620066834,0.001208975620066834,0.0
83,0.0012005966945917634,0.0012005966945917634,0.0
84,0.0011973376240241777,0.0011973376240241777,0.0
85,0.0011778287849681837,0.0011778287849681837,0.0
86,0.0011706513183891486,0.0011706513183891486,0.0
87,0.001145941541867149,0.001145941541867149,0.0
88,0.0011448857228335383,0.0011448857228335383,0.0
89,0.0012770180922231213,0.0012770180922231213,0.0
90,0.0011448104060612317,0.0011448104060612317,0.0
91,0.0011919351644979568,0.0011919351644979568,0.0
92,0.0011378067686979658,0.0011378067686979658,0.0
93,0.0012787803873233541,0.0012787803873233541,0.0
94,0.0011518061831158133,0.0011518061831158133,0.0
95,0.0011375221124314513,0.0011375221124314513,0.0
96,0.001808778643076247,0.001808778643076247,0.0
97,0.0011185374376417039,0.0011185374376417039,0.0
98,0.0013887227672544087,0.0013887227672544087,0.0
99,0.0011240831783331622,0.0011240831783331622,0.0
100,0.0011486798185837877,0.0011486798185837877,0.0
101,0.0011770192006452674,0.0011770192006452674,0.0
102,0.0011861289979022704,0.0011861289979022704,0.0
103,0.0011957379305463835,0.0011957379305463835,0.0
104,0.0012913039062688143,0.0012913039062688143,0.0
105,0.0011704344542336795,0.0011704344542336795,0.0
106,0.0013013018422353578,0.0013013018422353578,0.0
107,0.001169644963441557,0.001169644963441557,0.0
108,0.0013159067139598285,0.0013159067139598285,0.0
109,0.001167438248493725,0.001167438248493725,0.0
110,0.0013537649324230716,0.0013537649324230716,0.0
111,0.0011634254501182778,0.0011634254501182778,0.0
112,0.001265176700026476,0.001265176700026476,0.0
113,0.001163003624433571,0.001163003624433571,0.0
114,0.0011943772209857082,0.0011943772209857082,0.0
115,0.0011620367902396907,0.0011620367902396907,0.0
116,0.0012017694875622732,0.0012017694875622732,0.0
117,0.0011277283459716753,0.0011277283459716753,0.0
118,0.0012026586353817543,0.0012026586353817543,0.0
119,0.0011527379892960154,0.0011527379892960154,0.0
120,0.0011991274283405429,0.0011991274283405429,0.0
121,0.0011267759615615235,0.0011267759615615235,0.0
122,0.0011294184867482817,0.0011294184867482817,0.0
123,0.001165525192036408,0.001165525192036408,0.0
124,0.0011793230668223783,0.0011793230668223783,0.0
125,0.0011469769981042666,0.0011469769981042666,0.0
126,0.001177331754489338,0.001177331754489338,0.0
127,0.001145729786959714,0.001145729786959714,0.0
128,0.0011648279136620826,0.0011648279136620826,0.0
129,0.0011446869073165442,0.0011446869073165442,0.0
130,0.0011588513684159868,0.0011588513684159868,0.0
131,0.0011466052995117413,0.0011466052995117413,0.0
132,0.001191903271614669,0.001191903271614669,0.0
133,0.0011404442094376833,0.0011404442094376833,0.0
134,0.0011513902602217215,0.0011513902602217215,0.0
135,0.0011760152840607874,0.0011760152840607874,0.0
136,0.0011365086557919117,0.0011365086557919117,0.0
137,0.0011279027599249208,0.0011279027599249208,0.0
138,0.0011484801178159572,0.0011484801178159572,0.0
139,0.0011518742913153239,0.0011518742913153239,0.0
140,0.001127106314951086,0.001127106314951086,0.0
141,0.0011532125489915404,0.0011532125489915404,0.0
142,0.0011267675010892878,0.0011267675010892878,0.0
143,0.0011348239998909824,0.0011348239998909824,0.0
144,0.0011569198074389503,0.0011569198074389503,0.0
145,0.0011233581507049224,0.0011233581507049224,0.0
146,0.0011316404945490761,0.0011316404945490761,0.0
147,0.0011268703994552125,0.0011268703994552125,0.0
148,0.0011320354262492074,0.0011320354262492074,0.0
149,0.0011457171311650724,0.0011457171311650724,0.0
150,0.001130641961621311,0.001130641961621311,0.0
151,0.0011598058450988846,0.0011598058450988846,0.0
152,0.0011297500112134808,0.0011297500112134808,0.0
153,0.0011368519874590598,0.0011368519874590598,0.0
154,0.001132765851541925,0.001132765851541925,0.0
155,0.0011122754083056942,0.0011122754083056942,0.0
156,0.0011119326456608116,0.0011119326456608116,0.0
157,0.001134560007444491,0.001134560007444491,0.0
158,0.0011405783980744427,0.0011405783980744427,0.0
159,0.0011250395733198458,0.0011250395733198458,0.0
160,0.0011281344876934172,0.0011281344876934172,0.0
161,0.001129692387140265,0.001129692387140265,0.0
162,0.001139251613599598,0.001139251613599598,0.0
163,0.0011189175520903475,0.0011189175520903475,0.0
164,0.0011333927858035316,0.0011333927858035316,0.0
165,0.0011207780760648476,0.0011207780760648476,0.0
166,0.001158680765879814,0.001158680765879814,0.0
167,0.0011212517228915615,0.0011212517228915615,0.0
168,0.0011209074619290998,0.0011209074619290998,0.0
169,0.001127336288421268,0.001127336288421268,0.0
170,0.0011278407247608026,0.0011278407247608026,0.0
171,0.0011165013939731794,0.0011165013939731794,0.0
172,0.0011417808315743263,0.0011417808315743263,0.0
173,0.0011202209167995307,0.0011202209167995307,0.0
174,0.001179987872996944,0.001179987872996944,0.0
175,0.0011178905964516347,0.0011178905964516347,0.0
176,0.0011309648831077756,0.0011309648831077756,0.0
177,0.0011207550611956273,0.0011207550611956273,0.0
178,0.0011103919878187771,0.0011103919878187771,0.0
179,0.001107664604032438,0.001107664604032438,0.0
180,0.0011305064875629749,0.0011305064875629749,0.0
181,0.001117306086071809,0.001117306086071809,0.0
182,0.0011096546036144734,0.0011096546036144734,0.0
183,0.001123256662366575,0.001123256662366575,0.0
184,0.0011093732583420334,0.0011093732583420334,0.0
185,0.0011116458170924899,0.0011116458170924899,0.0
186,0.0011054307217038591,0.0011054307217038591,0.0
187,0.0011035780215042635,0.0011035780215042635,0.0
188,0.0011082080189503418,0.0011082080189503418,0.0
189,0.0011143436212638432,0.0011143436212638432,0.0
190,0.0011067604547375719,0.0011067604547375719,0.0
191,0.0011026786029423455,0.0011026786029423455,0.0
192,0.001103499338415758,0.001103499338415758,0.0
193,0.001119842908337507,0.001119842908337507,0.0
194,0.0011136489686309624,0.0011136489686309624,0.0
195,0.0010985397206892177,0.0010985397206892177,0.0
196,0.0010918963792754023,0.0010918963792754023,0.0
197,0.0010957346553507866,0.0010957346553507866,0.0
198,0.001108641350634035,0.001108641350634035,0.0
199,0.001110179854809746,0.001110179854809746,0.0
200,0.0010978001997767179,0.0010978001997767179,0.0
201,0.0010965853361221158,0.0010965853361221158,0.0
202,0.0011105032944968797,0.0011105032944968797,0.0
203,0.001093318411633239,0.001093318411633239,0.0
204,0.0010920668254371215,0.0010920668254371215,0.0
205,0.0010964301150526554,0.0010964301150526554,0.0
206,0.0010956268151907228,0.0010956268151907228,0.0
207,0.0010894824929181663,0.0010894824929181663,0.0
208,0.0010943200709544558,0.0010943200709544558,0.0
209,0.0011230018056241006,0.0011230018056241006,0.0
210,0.0011002545473649049,0.0011002545473649049,0.0
211,0.001110473434999759,0.001110473434999759,0.0
212,0.0011010401298520577,0.0011010401298520577,0.0
213,0.0010876668812331667,0.0010876668812331667,0.0
214,0.001087377343212582,0.001087377343212582,0.0
215,0.0010901127727842095,0.0010901127727842095,0.0
216,0.0010944632509543345,0.0010944632509543345,0.0
217,0.0010926567111136235,0.0010926567111136235,0.0
218,0.0010866284927732084,0.0010866284927732084,0.0
219,0.001104293160238901,0.001104293160238901,0.0
220,0.0010908297207140381,0.0010908297207140381,0.0
221,0.0010890994735464504,0.0010890994735464504,0.0
222,0.0010886302481435061,0.0010886302481435061,0.0
223,0.0010837998565769139,0.0010837998565769139,0.0
224,0.001096032508878172,0.001096032508878172,0.0
225,0.0010878901358383774,0.0010878901358383774,0.0
226,0.0011072470894241237,0.0011072470894241237,0.0
227,0.0010894629636489087,0.0010894629636489087,0.0
228,0.0010771092867947096,0.0010771092867947096,0.0
229,0.0010702458414909878,0.0010702458414909878,0.0
230,0.0010849746813089345,0.0010849746813089345,0.0
231,0.0010801289194363752,0.0010801289194363752,0.0
232,0.001082206208391409,0.001082206208391409,0.0
233,0.0010903774424873408,0.0010903774424873408,0.0
234,0.0010899112701265921,0.0010899112701265921,0.0
235,0.0010805687221937688,0.0010805687221937688,0.0
236,0.0010914644921484193,0.0010914644921484193,0.0
237,0.0010824431227796525,0.0010824431227796525,0.0
238,0.0010895038839407465,0.0010895038839407465,0.0
239,0.0010849735447913667,0.0010849735447913667,0.0
240,0.0010849863202693926,0.0010849863202693926,0.0
241,0.0010765554353698243,0.0010765554353698243,0.0
242,0.001088405284473108,0.001088405284473108,0.0
243,0.0010898023042797554,0.0010898023042797554,0.0
244,0.0010824264167535148,0.0010824264167535148,0.0
245,0.0010816081143247957,0.0010816081143247957,0.0
246,0.0010835637332256435,0.0010835637332256435,0.0
247,0.0010882908007778197,0.0010882908007778197,0.0
248,0.0010813220172818801,0.0010813220172818801,0.0
249,0.0011047259263635642,0.0011047259263635642,0.0
250,0.0010805704309511323,0.0010805704309511323,0.0
251,0.0010848445224086324,0.0010848445224086324,0.0
252,0.0010788259432834247,0.0010788259432834247,0.0
253,0.0010741377898439222,0.0010741377898439222,0.0
254,0.00107925955928051,0.00107925955928051,0.0
255,0.0010756044838637641,0.0010756044838637641,0.0
256,0.0010720069641489776,0.0010720069641489776,0.0
257,0.0010902555182159784,0.0010902555182159784,0.0
258,0.0010760700056684496,0.0010760700056684496,0.0
259,0.0010788150405142674,0.0010788150405142674,0.0
260,0.001072815980007767,0.001072815980007767,0.0
261,0.0010766964683632902,0.0010766964683632902,0.0
262,0.0010797955019863014,0.0010797955019863014,0.0
263,0.0010781182121989059,0.0010781182121989059,0.0
264,0.0010690195284848803,0.0010690195284848803,0.0
265,0.0010726682689114826,0.0010726682689114826,0.0
266,0.0010713628656649184,0.0010713628656649184,0.0
267,0.0010843825231339904,0.0010843825231339904,0.0
268,0.0010731000220712073,0.0010731000220712073,0.0
269,0.0010679336636254164,0.0010679336636254164,0.0
270,0.0010716943059235625,0.0010716943059235625,0.0
271,0.0010683039610637091,0.0010683039610637091,0.0
272,0.0010672298843561352,0.0010672298843561352,0.0
273,0.0010704113443875264,0.0010704113443875264,0.0
274,0.0010797595609914072,0.0010797595609914072,0.0
275,0.0010712292497023677,0.0010712292497023677,0.0
276,0.0010786371540515917,0.0010786371540515917,0.0
277,0.0010759449276508991,0.0010759449276508991,0.0
278,0.001071895508369986,0.001071895508369986,0.0
279,0.0010766096665602244,0.0010766096665602244,0.0
280,0.0010787666951800584,0.0010787666951800584,0.0
281,0.001071004215295707,0.001071004215295707,0.0
282,0.0010749974756467258,0.0010749974756467258,0.0
283,0.0010823378682124766,0.0010823378682124766,0.0
284,0.0010708974192312076,0.0010708974192312076,0.0
285,0.0010687621603242806,0.0010687621603242806,0.0
286,0.0010652440646639343,0.0010652440646639343,0.0
287,0.0010679636517802239,0.0010679636517802239,0.0
288,0.0010763133217086298,0.0010763133217086298,0.0
289,0.0010692080808542975,0.0010692080808542975,0.0
290,0.0010672137135842796,0.0010672137135842796,0.0
291,0.001074033256682728,0.001074033256682728,0.0
292,0.001069137382608247,0.001069137382608247,0.0
293,0.001077068036916396,0.001077068036916396,0.0
294,0.0010690975903376331,0.0010690975903376331,0.0
295,0.0010651126805093897,0.0010651126805093897,0.0
296,0.0010676176386374121,0.0010676176386374121,0.0
297,0.0010712197635914826,0.0010712197635914826,0.0
298,0.0010653453717722604,0.0010653453717722604,0.0
299,0.0010720688114893408,0.0010720688114893408,0.0
300,0.001067941679834605,0.001067941679834605,0.0
301,0.0010671327602171387,0.0010671327602171387,0.0
302,0.0010651257260559184,0.0010651257260559184,0.0
303,0.0010732390902228538,0.0010732390902228538,0.0
304,0.0010666301550118836,0.0010666301550118836,0.0
305,0.0010657966839020233,0.0010657966839020233,0.0
306,0.0010657633764783998,0.0010657633764783998,0.0
307,0.001063523198192878,0.001063523198192878,0.0
308,0.0010666596532803083,0.0010666596532803083,0.0
309,0.0010656060406774367,0.0010656060406774367,0.0
310,0.0010687971585487631,0.0010687971585487631,0.0
311,0.0010643456504085109,0.0010643456504085109,0.0
312,0.0010640157818755294,0.0010640157818755294,0.0
313,0.0010677115562978718,0.0010677115562978718,0.0
314,0.0010693744772287542,0.0010693744772287542,0.0
315,0.0010647954582492492,0.0010647954582492492,0.0
316,0.0010666775274642832,0.0010666775274642832,0.0
317,0.0010641634584209081,0.0010641634584209081,0.0
318,0.0010630818114276042,0.0010630818114276042,0.0
319,0.0010665539505227094,0.0010665539505227094,0.0
320,0.0010693951413931954,0.0010693951413931954,0.0
321,0.0010639788763958662,0.0010639788763958662,0.0
322,0.001063585603097468,0.001063585603097468,0.0
323,0.001063824301693639,0.001063824301693639,0.0
324,0.001064180866172499,0.001064180866172499,0.0
325,0.001066540624819359,0.001066540624819359,0.0
326,0.0010642080496091964,0.0010642080496091964,0.0
327,0.0010671980099450698,0.0010671980099450698,0.0
328,0.0010634692266984515,0.0010634692266984515,0.0
329,0.0010655389026761593,0.0010655389026761593,0.0
330,0.0010666518108091946,0.0010666518108091946,0.0
331,0.0010632703250785167,0.0010632703250785167,0.0
332,0.0010638799452396099,0.0010638799452396099,0.0
333,0.00106561458534062,0.00106561458534062,0.0
334,0.001063315213083658,0.001063315213083658,0.0
335,0.0010631377242634188,0.0010631377242634188,0.0
336,0.0010645556104011988,0.0010645556104011988,0.0
337,0.001068112810061193,0.001068112810061193,0.0
338,0.0010629967544192817,0.0010629967544192817,0.0
339,0.0010646060254315137,0.0010646060254315137,0.0
340,0.0010636648901462505,0.0010636648901462505,0.0
341,0.0010649749687182833,0.0010649749687182833,0.0
342,0.0010627614750300647,0.0010627614750300647,0.0
343,0.0010642304245137646,0.0010642304245137646,0.0
344,0.001061635910478935,0.001061635910478935,0.0
345,0.001062343786516016,0.001062343786516016,0.0
346,0.001064311278325837,0.001064311278325837,0.0
347,0.001062687887388765,0.001062687887388765,0.0
348,0.0010645036542395883,0.0010645036542395883,0.0
349,0.0010626812568415832,0.0010626812568415832,0.0
350,0.0010674681162436315,0.0010674681162436315,0.0
351,0.0010624003742090947,0.0010624003742090947,0.0
352,0.001061968230110308,0.001061968230110308,0.0
353,0.001065149472628463,0.001065149472628463,0.0
354,0.0010625611540370616,0.0010625611540370616,0.0
355,0.0010621203068134734,0.0010621203068134734,0.0
356,0.0010633680060486471,0.0010633680060486471,0.0
357,0.0010638406713656626,0.0010638406713656626,0.0
358,0.0010624112153077364,0.0010624112153077364,0.0
359,0.0010638615682858439,0.0010638615682858439,0.0
360,0.0010623658407426283,0.0010623658407426283,0.0
361,0.00106333407922223,0.00106333407922223,0.0
362,0.0010611547262502291,0.0010611547262502291,0.0
363,0.0010611576248096284,0.0010611576248096284,0.0
364,0.0010631500776321528,0.0010631500776321528,0.0
365,0.0010623439210159465,0.0010623439210159465,0.0
366,0.0010631419056752883,0.0010631419056752883,0.0
367,0.0010624669918736019,0.0010624669918736019,0.0
368,0.0010615535296650681,0.0010615535296650681,0.0
369,0.001063748276823643,0.001063748276823643,0.0
370,0.0010619966071967555,0.0010619966071967555,0.0
371,0.0010631090839391475,0.0010631090839391475,0.0
372,0.0010632307079407966,0.0010632307079407966,0.0
373,0.001061971296657685,0.001061971296657685,0.0
374,0.0010630051245668153,0.0010630051245668153,0.0
375,0.0010638609753220525,0.0010638609753220525,0.0
376,0.001061958266437477,0.001061958266437477,0.0
377,0.0010630080619074332,0.0010630080619074332,0.0
378,0.00106193603744888,0.00106193603744888,0.0
379,0.001062228551787259,0.001062228551787259,0.0
380,0.0010620657569575718,0.0010620657569575718,0.0
381,0.0010622620994249817,0.0010622620994249817,0.0
382,0.0010616295797177277,0.0010616295797177277,0.0
383,0.0010614587229356347,0.0010614587229356347,0.0
384,0.00106197050851732,0.00106197050851732,0.0
385,0.0010620533335170314,0.0010620533335170314,0.0
386,0.0010614033785486434,0.0010614033785486434,0.0
387,0.0010610840237009066,0.0010610840237009066,0.0
388,0.001061688529714974,0.001061688529714974,0.0
389,0.0010624760061262537,0.0010624760061262537,0.0
390,0.0010615065932789286,0.0010615065932789286,0.0
391,0.0010616315523295451,0.0010616315523295451,0.0
392,0.0010624156741577675,0.0010624156741577675,0.0
393,0.0010614386126278884,0.0010614386126278884,0.0
394,0.0010615468773974713,0.0010615468773974713,0.0
395,0.0010617171712093525,0.0010617171712093525,0.0
396,0.0010620993084439828,0.0010620993084439828,0.0
397,0.0010614048398345692,0.0010614048398345692,0.0
398,0.0010613326259062523,0.0010613326259062523,0.0
399,0.0010607618258806804,0.0010607618258806804,0.0
400,0.0010608603277929317,0.0010608603277929317,0.0
401,0.0010623298025257003,0.0010623298025257003,0.0
402,0.0010612724634467628,0.0010612724634467628,0.0
403,0.0010613890587989406,0.0010613890587989406,0.0
404,0.0010611141521255057,0.0010611141521255057,0.0
405,0.0010611796900924122,0.0010611796900924122,0.0
406,0.0010613701142508645,0.0010613701142508645,0.0
407,0.0010605118993846372,0.0010605118993846372,0.0
408,0.0010604351954298424,0.0010604351954298424,0.0
409,0.0010619654535245777,0.0010619654535245777,0.0
410,0.0010610191709216293,0.0010610191709216293,0.0
411,0.0010608723210130564,0.0010608723210130564,0.0
412,0.001061424024488245,0.001061424024488245,0.0
413,0.0010614461796923274,0.0010614461796923274,0.0
414,0.0010604898577660509,0.0010604898577660509,0.0
415,0.0010612413427457585,0.0010612413427457585,0.0
416,0.0010612756892307371,0.0010612756892307371,0.0
417,0.0010604571165861148,0.0010604571165861148,0.0
418,0.0010615412153689957,0.0010615412153689957,0.0
419,0.0010608506123091458,0.0010608506123091458,0.0
420,0.0010602919210089077,0.0010602919210089077,0.0
421,0.0010603097455674376,0.0010603097455674376,0.0
422,0.0010608185677537423,0.0010608185677537423,0.0
423,0.001061202919452289,0.001061202919452289,0.0
424,0.0010608531481188187,0.0010608531481188187,0.0
425,0.0010606129299033456,0.0010606129299033456,0.0
426,0.0010605916687694025,0.0010605916687694025,0.0
427,0.001060289106105818,0.001060289106105818,0.0
428,0.0010607904516396157,0.0010607904516396157,0.0
429,0.0010609660771428904,0.0010609660771428904,0.0
430,0.0010612758613143356,0.0010612758613143356,0.0
431,0.0010606259504323421,0.0010606259504323421,0.0
432,0.001060411418234464,0.001060411418234464,0.0
433,0.0010601561826387444,0.0010601561826387444,0.0
434,0.0010606997778657772,0.0010606997778657772,0.0
435,0.0010603022105087716,0.0010603022105087716,0.0
436,0.0010598040265783846,0.0010598040265783846,0.0
437,0.0010598083725344286,0.0010598083725344286,0.0
438,0.0010598949643995837,0.0010598949643995837,0.0
439,0.0010607310231654896,0.0010607310231654896,0.0
440,0.0010604351045545193,0.0010604351045545193,0.0
441,0.0010604887497127115,0.0010604887497127115,0.0
442,0.0010596993540782562,0.0010596993540782562,0.0
443,0.0010597716601443686,0.0010597716601443686,0.0
444,0.0010604388403090339,0.0010604388403090339,0.0
445,0.0010598911385308872,0.0010598911385308872,0.0
446,0.0010602662066117095,0.0010602662066117095,0.0
447,0.0010599992801200015,0.0010599992801200015,0.0
448,0.0010599650684183501,0.0010599650684183501,0.0
449,0.0010596878853178892,0.0010596878853178892,0.0
450,0.001060108229420403,0.001060108229420403,0.0
451,0.001059496173614465,0.001059496173614465,0.0
452,0.0010596017175853725,0.0010596017175853725,0.0
453,0.0010605426307882962,0.0010605426307882962,0.0
454,0.00105996603568357,0.00105996603568357,0.0
455,0.001059826338102837,0.001059826338102837,0.0
456,0.001060470078766161,0.001060470078766161,0.0
457,0.0010599083346911977,0.0010599083346911977,0.0
458,0.0010597321519083239,0.0010597321519083239,0.0
459,0.0010599779689113293,0.0010599779689113293,0.0
460,0.0010601642046389114,0.0010601642046389114,0.0
461,0.0010604374817726038,0.0010604374817726038,0.0
462,0.0010598212814769631,0.0010598212814769631,0.0
463,0.0010595077658530762,0.0010595077658530762,0.0
464,0.0010594287858905036,0.0010594287858905036,0.0
465,0.0010598481009320621,0.0010598481009320621,0.0
466,0.001060017935637361,0.001060017935637361,0.0
467,0.001060042073548232,0.001060042073548232,0.0
468,0.0010593345976112765,0.0010593345976112765,0.0
469,0.001059624477412079,0.001059624477412079,0.0
470,0.001060055964610523,0.001060055964610523,0.0
471,0.0010596391861777833,0.0010596391861777833,0.0
472,0.0010602345621558264,0.0010602345621558264,0.0
473,0.0010596050270648566,0.0010596050270648566,0.0
474,0.0010595560730939117,0.0010595560730939117,0.0
475,0.00105985115208481,0.00105985115208481,0.0
476,0.001059288219746858,0.001059288219746858,0.0
477,0.001059494712466308,0.001059494712466308,0.0
478,0.0010595010841247558,0.0010595010841247558,0.0
479,0.0010591605880604924,0.0010591605880604924,0.0
480,0.001059192985361509,0.001059192985361509,0.0
481,0.001059238442085877,0.001059238442085877,0.0
482,0.001059416510561932,0.001059416510561932,0.0
483,0.0010595827396689028,0.0010595827396689028,0.0
484,0.0010598109718720316,0.0010598109718720316,0.0
485,0.0010589407337986954,0.0010589407337986954,0.0
486,0.0010588192816796437,0.0010588192816796437,0.0
487,0.001059793431261765,0.001059793431261765,0.0
488,0.0010589331940679097,0.0010589331940679097,0.0
489,0.0010597375346432874,0.0010597375346432874,0.0
490,0.0010593329119403378,0.0010593329119403378,0.0
491,0.0010592773660035328,0.0010592773660035328,0.0
492,0.0010590281703074336,0.0010590281703074336,0.0
493,0.0010593386853762364,0.0010593386853762364,0.0
494,0.001058755574602472,0.001058755574602472,0.0
495,0.001058698379985875,0.001058698379985875,0.0
496,0.0010588171426339963,0.0010588171426339963,0.0
497,0.0010591850448619813,0.0010591850448619813,0.0
498,0.0010589783427914087,0.0010589783427914087,0.0
499,0.0010589973016809874,0.0010589973016809874,0.0
500,0.001058990437756821,0.001058990437756821,0.0
501,0.0010587673536003152,0.0010587673536003152,0.0
502,0.0010587824149236199,0.0010587824149236199,0.0
503,0.0010589953785361467,0.0010589953785361467,0.0
504,0.001059124826495891,0.001059124826495891,0.0
505,0.0010585672487997187,0.0010585672487997187,0.0
506,0.0010588084406049098,0.0010588084406049098,0.0
507,0.001058934903220086,0.001058934903220086,0.0
508,0.0010584005964706083,0.0010584005964706083,0.0
509,0.0010584380361092528,0.0010584380361092528,0.0
510,0.0010587232447038487,0.0010587232447038487,0.0
511,0.0010589353013103994,0.0010589353013103994,0.0
512,0.0010585413647944768,0.0010585413647944768,0.0
513,0.0010585709370663616,0.0010585709370663616,0.0
514,0.0010589187240225898,0.0010589187240225898,0.0
515,0.0010585080721406907,0.0010585080721406907,0.0
516,0.0010591594779716864,0.0010591594779716864,0.0
517,0.0010586268104880404,0.0010586268104880404,0.0
518,0.0010586297070806446,0.0010586297070806446,0.0
519,0.001058488904658696,0.001058488904658696,0.0
520,0.0010584239210788256,0.0010584239210788256,0.0
521,0.001058903470607212,0.001058903470607212,0.0
522,0.001058835449892712,0.001058835449892712,0.0
523,0.0010583241139114439,0.0010583241139114439,0.0
524,0.0010587331033886055,0.0010587331033886055,0.0
525,0.0010588937045688267,0.0010588937045688267,0.0
526,0.0010588273090234046,0.0010588273090234046,0.0
527,0.0010588014825197115,0.0010588014825197115,0.0
528,0.0010590163635665895,0.0010590163635665895,0.0
529,0.001058490643644948,0.001058490643644948,0.0
530,0.0010589754869737228,0.0010589754869737228,0.0
531,0.001058476950472623,0.001058476950472623,0.0
532,0.0010584469328833983,0.0010584469328833983,0.0
533,0.0010584557153050546,0.0010584557153050546,0.0
534,0.0010587969711841787,0.0010587969711841787,0.0
535,0.0010584642682857984,0.0010584642682857984,0.0
536,0.0010583942474695137,0.0010583942474695137,0.0
537,0.0010583396434352915,0.0010583396434352915,0.0
538,0.0010584990246733197,0.0010584990246733197,0.0
539,0.0010583659731252188,0.0010583659731252188,0.0
540,0.0010585198653182014,0.0010585198653182014,0.0
541,0.0010583461751558845,0.0010583461751558845,0.0
542,0.0010583150436025376,0.0010583150436025376,0.0
543,0.001058741870541882,0.001058741870541882,0.0
544,0.0010586521641370785,0.0010586521641370785,0.0
545,0.0010583070676974133,0.0010583070676974133,0.0
546,0.0010584974346371059,0.0010584974346371059,0.0
547,0.0010587089647801327,0.0010587089647801327,0.0
548,0.0010582762737543702,0.0010582762737543702,0.0
549,0.0010582416043099453,0.0010582416043099453,0.0
550,0.0010585140376601675,0.0010585140376601675,0.0
551,0.0010587296814971328,0.0010587296814971328,0.0
552,0.0010582610583269626,0.0010582610583269626,0.0
553,0.0010584557763945203,0.0010584557763945203,0.0
554,0.0010582058578728411,0.0010582058578728411,0.0
555,0.0010585345494237312,0.0010585345494237312,0.0
556,0.0010583494488493428,0.0010583494488493428,0.0
557,0.0010581615566185487,0.0010581615566185487,0.0
558,0.0010584028464699757,0.0010584028464699757,0.0
559,0.0010583068820092518,0.0010583068820092518,0.0
560,0.001058348217407095,0.001058348217407095,0.0
561,0.0010582216062518265,0.0010582216062518265,0.0
562,0.0010584687384704648,0.0010584687384704648,0.0
563,0.0010582265717130376,0.0010582265717130376,0.0
564,0.0010582555166402032,0.0010582555166402032,0.0
565,0.001058116679296361,0.001058116679296361,0.0
566,0.0010583706964183207,0.0010583706964183207,0.0
567,0.0010583599856435774,0.0010583599856435774,0.0
568,0.0010582559399154555,0.0010582559399154555,0.0
569,0.0010584380535060122,0.0010584380535060122,0.0
570,0.0010581738145015302,0.0010581738145015302,0.0
571,0.0010582843676111545,0.0010582843676111545,0.0
572,0.0010582740700940203,0.0010582740700940203,0.0
573,0.0010583275857931598,0.0010583275857931598,0.0
574,0.0010583047219034632,0.0010583047219034632,0.0
575,0.0010583425271900315,0.0010583425271900315,0.0
576,0.001058170471528592,0.001058170471528592,0.0
577,0.0010580801007777545,0.0010580801007777545,0.0
578,0.0010582379450914622,0.0010582379450914622,0.0
579,0.0010583131280396587,0.0010583131280396587,0.0
580,0.00105814715759292,0.00105814715759292,0.0
581,0.001058120390036341,0.001058120390036341,0.0
582,0.0010582305317703108,0.0010582305317703108,0.0
583,0.001058290888772553,0.001058290888772553,0.0
584,0.0010581345814265621,0.0010581345814265621,0.0
585,0.0010582630474126452,0.0010582630474126452,0.0
586,0.0010580305822134965,0.0010580305822134965,0.0
587,0.0010581354691082713,0.0010581354691082713,0.0
588,0.00105827449057842,0.00105827449057842,0.0
589,0.0010581197277410375,0.0010581197277410375,0.0
590,0.0010582473076887705,0.0010582473076887705,0.0
591,0.0010580606032567538,0.0010580606032567538,0.0
592,0.0010582311580455387,0.0010582311580455387,0.0
593,0.0010583416345571156,0.0010583416345571156,0.0
594,0.0010580948119566723,0.0010580948119566723,0.0
595,0.0010583380551377334,0.0010583380551377334,0.0
596,0.0010580977183053774,0.0010580977183053774,0.0
597,0.0010581051156939227,0.0010581051156939227,0.0
598,0.0010582488159153716,0.0010582488159153716,0.0
599,0.00105809399721928,0.00105809399721928,0.0
600,0.001058225954777306,0.001058225954777306,0.0
601,0.0010580478204773387,0.0010580478204773387,0.0
602,0.0010581584743689636,0.0010581584743689636,0.0
603,0.0010582589446471087,0.0010582589446471087,0.0
604,0.0010580838159204603,0.0010580838159204603,0.0
605,0.0010580636886174362,0.0010580636886174362,0.0
606,0.0010580016490907935,0.0010580016490907935,0.0
607,0.0010581019508475956,0.0010581019508475956,0.0
608,0.0010579985290326227,0.0010579985290326227,0.0
609,0.001058139560161127,0.001058139560161127,0.0
610,0.0010580277534029613,0.0010580277534029613,0.0
611,0.0010581245444114,0.0010581245444114,0.0
612,0.0010579779793861675,0.0010579779793861675,0.0
613,0.0010580804608523106,0.0010580804608523106,0.0
614,0.0010579346885048215,0.0010579346885048215,0.0
615,0.0010579749441563758,0.0010579749441563758,0.0
616,0.0010581373592474517,0.0010581373592474517,0.0
617,0.001058014675943614,0.001058014675943614,0.0
618,0.0010580837811740788,0.0010580837811740788,0.0
619,0.0010579736988189825,0.0010579736988189825,0.0
620,0.0010580488226689198,0.0010580488226689198,0.0
621,0.0010580795657999613,0.0010580795657999613,0.0
622,0.0010579150195544357,0.0010579150195544357,0.0
623,0.0010579517846867974,0.0010579517846867974,0.0
624,0.0010579634784333271,0.0010579634784333271,0.0
625,0.001057897356895346,0.001057897356895346,0.0
626,0.0010579377697687781,0.0010579377697687781,0.0
627,0.0010578638676005476,0.0010578638676005476,0.0
628,0.0010578681039379026,0.0010578681039379026,0.0
629,0.001057964613571099,0.001057964613571099,0.0
630,0.0010579437271693944,0.0010579437271693944,0.0
631,0.0010579950347640369,0.0010579950347640369,0.0
632,0.001057982828318103,0.001057982828318103,0.0
633,0.0010578963907665615,0.0010578963907665615,0.0
634,0.0010580683229743247,0.0010580683229743247,0.0
635,0.0010579365855042523,0.0010579365855042523,0.0
636,0.0010580308892670647,0.0010580308892670647,0.0
637,0.001057929662629836,0.001057929662629836,0.0
638,0.0010578957011958471,0.0010578957011958471,0.0
639,0.0010579260497857092,0.0010579260497857092,0.0
640,0.0010578358392789862,0.0010578358392789862,0.0
641,0.0010578792485602228,0.0010578792485602228,0.0
642,0.0010579359258894932,0.0010579359258894932,0.0
643,0.0010578083680261971,0.0010578083680261971,0.0
644,0.0010578179171004775,0.0010578179171004775,0.0
645,0.0010579463728963433,0.0010579463728963433,0.0
646,0.0010580010156605567,0.0010580010156605567,0.0
647,0.0010578865225218431,0.0010578865225218431,0.0
648,0.0010577810645761951,0.0010577810645761951,0.0
649,0.0010577609025328094,0.0010577609025328094,0.0
650,0.0010577720400030465,0.0010577720400030465,0.0
651,0.0010577937843915303,0.0010577937843915303,0.0
652,0.0010579288040393655,0.0010579288040393655,0.0
653,0.0010579845758058965,0.0010579845758058965,0.0
654,0.0010578518080805997,0.0010578518080805997,0.0
655,0.0010578261808614033,0.0010578261808614033,0.0
656,0.0010577696809066308,0.0010577696809066308,0.0
657,0.0010578968936154544,0.0010578968936154544,0.0
658,0.0010577571227489927,0.0010577571227489927,0.0
659,0.001057801802709453,0.001057801802709453,0.0
660,0.0010577499284904286,0.0010577499284904286,0.0
661,0.001057809435812047,0.001057809435812047,0.0
662,0.0010578512294405309,0.0010578512294405309,0.0
663,0.0010577944444536652,0.0010577944444536652,0.0
664,0.0010577903519116084,0.0010577903519116084,0.0
665,0.0010577383524419629,0.0010577383524419629,0.0
666,0.0010578196999644848,0.0010578196999644848,0.0
667,0.0010578644737277495,0.0010578644737277495,0.0
668,0.0010577729211810657,0.0010577729211810657,0.0
669,0.0010577522435952504,0.0010577522435952504,0.0
670,0.001057638843634993,0.001057638843634993,0.0
671,0.001057582466640503,0.001057582466640503,0.0
672,0.0010577819195960788,0.0010577819195960788,0.0
673,0.001057596181384436,0.001057596181384436,0.0
674,0.0010576001084308113,0.0010576001084308113,0.0
675,0.0010577003425321974,0.0010577003425321974,0.0
676,0.0010576148757451924,0.0010576148757451924,0.0
677,0.001057643672283509,0.001057643672283509,0.0
678,0.0010575681662148317,0.0010575681662148317,0.0
679,0.00105754395612538,0.00105754395612538,0.0
680,0.001057712947821247,0.001057712947821247,0.0
681,0.0010576408630294557,0.0010576408630294557,0.0
682,0.0010576283194662567,0.0010576283194662567,0.0
683,0.0010576393685815964,0.0010576393685815964,0.0
684,0.0010577236138395569,0.0010577236138395569,0.0
685,0.0010575384142028049,0.0010575384142028049,0.0
686,0.0010575768223145532,0.0010575768223145532,0.0
687,0.0010574555982332298,0.0010574555982332298,0.0
688,0.0010573546605458326,0.0010573546605458326,0.0
689,0.0010574765471223896,0.0010574765471223896,0.0
690,0.001057533357631825,0.001057533357631825,0.0
691,0.0010577396887182522,0.0010577396887182522,0.0
692,0.001057363646748919,0.001057363646748919,0.0
693,0.0010577183297518359,0.0010577183297518359,0.0
694,0.0010573387998963355,0.0010573387998963355,0.0
695,0.001057199566532833,0.001057199566532833,0.0
696,0.0010575216338355312,0.0010575216338355312,0.0
697,0.0010575822232664967,0.0010575822232664967,0.0
698,0.0010573598854017533,0.0010573598854017533,0.0
699,0.0010573527429218214,0.0010573527429218214,0.0
700,0.00105730520955502,0.00105730520955502,0.0
701,0.0010574101238778617,0.0010574101238778617,0.0
702,0.0010573912235810248,0.0010573912235810248,0.0
703,0.0010572832162909155,0.0010572832162909155,0.0
704,0.0010571648274043128,0.0010571648274043128,0.0
705,0.0010570007407803268,0.0010570007407803268,0.0
706,0.0010570976331578722,0.0010570976331578722,0.0
707,0.0010570778826326504,0.0010570778826326504,0.0
708,0.0010571384914700782,0.0010571384914700782,0.0
709,0.0010573191414102266,0.0010573191414102266,0.0
710,0.0010572641312249762,0.0010572641312249762,0.0
711,0.0010571110301434877,0.0010571110301434877,0.0
712,0.0010571943561945563,0.0010571943561945563,0.0
713,0.0010570231838931113,0.0010570231838931113,0.0
714,0.0010568474491869627,0.0010568474491869627,0.0
715,0.0010565546819194542,0.0010565546819194542,0.0
716,0.0010569815195081813,0.0010569815195081813,0.0
717,0.001056966189495086,0.001056966189495086,0.0
718,0.0010569033275001011,0.0010569033275001011,0.0
719,0.0010568396975871325,0.0010568396975871325,0.0
720,0.0010568622943326704,0.0010568622943326704,0.0
721,0.0010567324690219533,0.0010567324690219533,0.0
722,0.0010569180073823094,0.0010569180073823094,0.0
723,0.0010566492104667029,0.0010566492104667029,0.0
724,0.001056642115897501,0.001056642115897501,0.0
725,0.001056699037046199,0.001056699037046199,0.0
726,0.001056555768829818,0.001056555768829818,0.0
727,0.0010567942454348428,0.0010567942454348428,0.0
728,0.0010567037719390602,0.0010567037719390602,0.0
729,0.0010566389262711524,0.0010566389262711524,0.0
730,0.0010564029738303628,0.0010564029738303628,0.0
731,0.0010561355545358263,0.0010561355545358263,0.0
732,0.0010563199097772017,0.0010563199097772017,0.0
733,0.001056437964954053,0.001056437964954053,0.0
734,0.001056299795318038,0.001056299795318038,0.0
735,0.0010562839828466965,0.0010562839828466965,0.0
736,0.0010563337957929626,0.0010563337957929626,0.0
737,0.0010563118807350017,0.0010563118807350017,0.0
738,0.0010561999237830933,0.0010561999237830933,0.0
739,0.0010562226115747436,0.0010562226115747436,0.0
740,0.0010560292213480725,0.0010560292213480725,0.0
741,0.0010558020526818823,0.0010558020526818823,0.0
742,0.0010562373817142232,0.0010562373817142232,0.0
743,0.0010559837740200819,0.0010559837740200819,0.0
744,0.0010561031008888095,0.0010561031008888095,0.0
745,0.0010560258810555772,0.0010560258810555772,0.0
746,0.0010558707808001105,0.0010558707808001105,0.0
747,0.0010559361497186719,0.0010559361497186719,0.0
748,0.0010558129171359845,0.0010558129171359845,0.0
749,0.0010557153974322688,0.0010557153974322688,0.0
750,0.0010555769918851998,0.0010555769918851998,0.0
751,0.0010556988030269866,0.0010556988030269866,0.0
752,0.0010557344533164152,0.0010557344533164152,0.0
753,0.001055854720553205,0.001055854720553205,0.0
754,0.0010556497767280743,0.0010556497767280743,0.0
755,0.0010557778627873378,0.0010557778627873378,0.0
756,0.0010555483852943278,0.0010555483852943278,0.0
757,0.0010555443574394516,0.0010555443574394516,0.0
758,0.0010555041576300103,0.0010555041576300103,0.0
759,0.0010555887015613052,0.0010555887015613052,0.0
760,0.0010558679828149436,0.0010558679828149436,0.0
761,0.0010556332019136898,0.0010556332019136898,0.0
762,0.0010554766680218254,0.0010554766680218254,0.0
763,0.0010557519188497705,0.0010557519188497705,0.0
764,0.001055509268390554,0.001055509268390554,0.0
765,0.0010554692296034511,0.0010554692296034511,0.0
766,0.001055756477067328,0.001055756477067328,0.0
767,0.0010556478709349455,0.0010556478709349455,0.0
768,0.0010556271373019627,0.0010556271373019627,0.0
769,0.001055457004208662,0.001055457004208662,0.0
770,0.001055807882469544,0.001055807882469544,0.0
771,0.0010555051808359968,0.0010555051808359968,0.0
772,0.0010556272031318026,0.0010556272031318026,0.0
773,0.0010554399367593015,0.0010554399367593015,0.0
774,0.0010558305225114354,0.0010558305225114354,0.0
775,0.0010559151036554912,0.0010559151036554912,0.0
776,0.001055541912694449,0.001055541912694449,0.0
777,0.0010555384192320156,0.0010555384192320156,0.0
778,0.0010554950673617692,0.0010554950673617692,0.0
779,0.001055804269455261,0.001055804269455261,0.0
780,0.0010554964495792347,0.0010554964495792347,0.0
781,0.001055613058648785,0.001055613058648785,0.0
782,0.0010555007983123945,0.0010555007983123945,0.0
783,0.0010555862270317765,0.0010555862270317765,0.0
784,0.0010553884865722063,0.0010553884865722063,0.0
785,0.0010556062244278382,0.0010556062244278382,0.0
786,0.001055729309712409,0.001055729309712409,0.0
787,0.0010554380169115218,0.0010554380169115218,0.0
788,0.0010554948306992365,0.0010554948306992365,0.0
789,0.0010555989553534494,0.0010555989553534494,0.0
790,0.0010554400484294156,0.0010554400484294156,0.0
791,0.001055490916867084,0.001055490916867084,0.0
792,0.001055615356917191,0.001055615356917191,0.0
793,0.0010554242004916618,0.0010554242004916618,0.0
794,0.0010554765984337779,0.0010554765984337779,0.0
795,0.001055580597798573,0.001055580597798573,0.0
796,0.0010554152246481131,0.0010554152246481131,0.0
797,0.0010555111813268425,0.0010555111813268425,0.0
798,0.0010554052213313685,0.0010554052213313685,0.0
799,0.0010553360081579717,0.0010553360081579717,0.0
800,0.0010554040520492963,0.0010554040520492963,0.0
801,0.0010553920976655374,0.0010553920976655374,0.0
802,0.0010555578840618267,0.0010555578840618267,0.0
803,0.0010553893304025312,0.0010553893304025312,0.0
804,0.0010556660695675226,0.0010556660695675226,0.0
805,0.0010553700635642924,0.0010553700635642924,0.0
806,0.0010553913715960045,0.0010553913715960045,0.0
807,0.001055565128249939,0.001055565128249939,0.0
808,0.0010553809099742722,0.0010553809099742722,0.0
809,0.0010555212358118718,0.0010555212358118718,0.0
810,0.0010553884742908258,0.0010553884742908258,0.0
811,0.0010555794697859695,0.0010555794697859695,0.0
812,0.0010553747653802615,0.0010553747653802615,0.0
813,0.0010553296522530916,0.0010553296522530916,0.0
814,0.001055399619563862,0.001055399619563862,0.0
815,0.0010554841853816842,0.0010554841853816842,0.0
816,0.0010553786261625318,0.0010553786261625318,0.0
817,0.0010552626017104254,0.0010552626017104254,0.0
818,0.001055230079715182,0.001055230079715182,0.0
819,0.0010553382765951427,0.0010553382765951427,0.0
820,0.0010552826285501616,0.0010552826285501616,0.0
821,0.0010554392712327247,0.0010554392712327247,0.0
822,0.0010553481544142752,0.0010553481544142752,0.0
823,0.0010553067121389494,0.0010553067121389494,0.0
824,0.0010552945822973274,0.0010552945822973274,0.0
825,0.0010552511514968564,0.0010552511514968564,0.0
826,0.0010552741877792884,0.0010552741877792884,0.0
827,0.0010554080963489393,0.0010554080963489393,0.0
828,0.0010553136642040446,0.0010553136642040446,0.0
829,0.001055329946500811,0.001055329946500811,0.0
830,0.0010552840800473117,0.0010552840800473117,0.0
831,0.001055343881114959,0.001055343881114959,0.0
832,0.0010552391234986216,0.0010552391234986216,0.0
833,0.0010552425893101296,0.0010552425893101296,0.0
834,0.0010551906797991947,0.0010551906797991947,0.0
835,0.0010551806423299652,0.0010551806423299652,0.0
836,0.0010551963606829958,0.0010551963606829958,0.0
837,0.001055209855992668,0.001055209855992668,0.0
838,0.0010552405105853045,0.0010552405105853045,0.0
839,0.0010552876288345374,0.0010552876288345374,0.0
840,0.0010552278580073825,0.0010552278580073825,0.0
841,0.0010551508019724456,0.0010551508019724456,0.0
842,0.0010551614302615115,0.0010551614302615115,0.0
843,0.001055233392249211,0.001055233392249211,0.0
844,0.0010551975390518163,0.0010551975390518163,0.0
845,0.0010551837895529208,0.0010551837895529208,0.0
846,0.001055155588357719,0.001055155588357719,0.0
847,0.001055117696447203,0.001055117696447203,0.0
848,0.0010551334213501982,0.0010551334213501982,0.0
849,0.0010551977098090636,0.0010551977098090636,0.0
850,0.0010551263981658258,0.0010551263981658258,0.0
851,0.0010550540673479147,0.0010550540673479147,0.0
852,0.0010549956117853402,0.0010549956117853402,0.0
853,0.0010550528610902361,0.0010550528610902361,0.0
854,0.0010550570201770869,0.0010550570201770869,0.0
855,0.0010550881660444274,0.0010550881660444274,0.0
856,0.0010550471032407123,0.0010550471032407123,0.0
857,0.001055000164531258,0.001055000164531258,0.0
858,0.0010551001458669403,0.0010551001458669403,0.0
859,0.0010551137562003015,0.0010551137562003015,0.0
860,0.0010550350437080246,0.0010550350437080246,0.0
861,0.0010551020664062245,0.0010551020664062245,0.0
862,0.001055066841092628,0.001055066841092628,0.0
863,0.0010549565377676671,0.0010549565377676671,0.0
864,0.0010549372985945154,0.0010549372985945154,0.0
865,0.0010550049277495885,0.0010550049277495885,0.0
866,0.001054959948026697,0.001054959948026697,0.0
867,0.0010550170495163714,0.0010550170495163714,0.0
868,0.0010549256869506235,0.0010549256869506235,0.0
869,0.001054956693152839,0.001054956693152839,0.0
870,0.001054898146657935,0.001054898146657935,0.0
871,0.0010549017047361447,0.0010549017047361447,0.0
872,0.0010548724873437807,0.0010548724873437807,0.0
873,0.0010548425807274102,0.0010548425807274102,0.0
874,0.001054900424118539,0.001054900424118539,0.0
875,0.0010549048762999098,0.0010549048762999098,0.0
876,0.0010549812364222466,0.0010549812364222466,0.0
877,0.001054885941845954,0.001054885941845954,0.0
878,0.0010548660602914877,0.0010548660602914877,0.0
879,0.0010548966927203243,0.0010548966927203243,0.0
880,0.001054769611129466,0.001054769611129466,0.0
881,0.0010547070634229698,0.0010547070634229698,0.0
882,0.0010547350158153558,0.0010547350158153558,0.0
883,0.0010547929795383555,0.0010547929795383555,0.0
884,0.0010547431175117077,0.0010547431175117077,0.0
885,0.0010548537674358335,0.0010548537674358335,0.0
886,0.001054876866714568,0.001054876866714568,0.0
887,0.0010547603192368612,0.0010547603192368612,0.0
888,0.0010546867545750806,0.0010546867545750806,0.0
889,0.0010546854623190711,0.0010546854623190711,0.0
890,0.0010547139849000856,0.0010547139849000856,0.0
891,0.0010546400070623927,0.0010546400070623927,0.0
892,0.0010546260048668256,0.0010546260048668256,0.0
893,0.0010547015865033952,0.0010547015865033952,0.0
894,0.0010546827584933833,0.0010546827584933833,0.0
895,0.0010547434733179266,0.0010547434733179266,0.0
896,0.001054638447507245,0.001054638447507245,0.0
897,0.001054619013112669,0.001054619013112669,0.0
898,0.0010546942196061385,0.0010546942196061385,0.0
899,0.0010547139827696906,0.0010547139827696906,0.0
900,0.0010545728618864885,0.0010545728618864885,0.0
901,0.0010546310067114674,0.0010546310067114674,0.0
902,0.0010546081923198834,0.0010546081923198834,0.0
903,0.0010546334274876903,0.0010546334274876903,0.0
904,0.001054620666260376,0.001054620666260376,0.0
905,0.0010545145410021562,0.0010545145410021562,0.0
906,0.0010545768707383681,0.0010545768707383681,0.0
907,0.0010546194455722726,0.0010546194455722726,0.0
908,0.0010546603277499745,0.0010546603277499745,0.0
909,0.001054575163480493,0.001054575163480493,0.0
910,0.0010545598578960702,0.0010545598578960702,0.0
911,0.0010545034426698973,0.0010545034426698973,0.0
912,0.0010545880027529513,0.0010545880027529513,0.0
913,0.001054509485453395,0.001054509485453395,0.0
914,0.0010545695077816533,0.0010545695077816533,0.0
915,0.0010544313369115733,0.0010544313369115733,0.0
916,0.0010544454418802863,0.0010544454418802863,0.0
917,0.001054639552118134,0.001054639552118134,0.0
918,0.001054712988137552,0.001054712988137552,0.0
919,0.0010545511410536114,0.0010545511410536114,0.0
920,0.0010544468482923048,0.0010544468482923048,0.0
921,0.001054509751518465,0.001054509751518465,0.0
922,0.001054650254551197,0.001054650254551197,0.0
923,0.001054527628555892,0.001054527628555892,0.0
924,0.0010545353850049874,0.0010545353850049874,0.0
925,0.0010544720453227066,0.0010544720453227066,0.0
926,0.0010545508254001413,0.0010545508254001413,0.0
927,0.0010546275962130098,0.0010546275962130098,0.0
928,0.0010545065309828824,0.0010545065309828824,0.0
929,0.001054449538381255,0.001054449538381255,0.0
930,0.0010544263520223794,0.0010544263520223794,0.0
931,0.0010545388311474116,0.0010545388311474116,0.0
932,0.0010545597668168546,0.0010545597668168546,0.0
933,0.0010545030984675757,0.0010545030984675757,0.0
934,0.0010544742555609948,0.0010544742555609948,0.0
935,0.001054529803106774,0.001054529803106774,0.0
936,0.001054432437129054,0.001054432437129054,0.0
937,0.0010545724812360366,0.0010545724812360366,0.0
938,0.0010544634175496945,0.0010544634175496945,0.0
939,0.0010543892249770803,0.0010543892249770803,0.0
940,0.0010544319955091016,0.0010544319955091016,0.0
941,0.001054505455032523,0.001054505455032523,0.0
942,0.0010544552469909175,0.0010544552469909175,0.0
943,0.0010544939518952335,0.0010544939518952335,0.0
944,0.0010544155501405388,0.0010544155501405388,0.0
945,0.0010544834872465607,0.0010544834872465607,0.0
946,0.0010544929532623566,0.0010544929532623566,0.0
947,0.0010543622399178736,0.0010543622399178736,0.0
948,0.0010543986029168402,0.0010543986029168402,0.0
949,0.0010543678640454986,0.0010543678640454986,0.0
950,0.0010545034293791787,0.0010545034293791787,0.0
951,0.0010544107890841882,0.0010544107890841882,0.0
952,0.0010544802417280558,0.0010544802417280558,0.0
953,0.001054522152931332,0.001054522152931332,0.0
954,0.0010544127065977376,0.0010544127065977376,0.0
955,0.0010544392176570923,0.0010544392176570923,0.0
956,0.0010544601621068634,0.0010544601621068634,0.0
957,0.0010544556365243633,0.0010544556365243633,0.0
958,0.0010545006905707476,0.0010545006905707476,0.0
959,0.0010544024332793376,0.0010544024332793376,0.0
960,0.0010545106437275591,0.0010545106437275591,0.0
961,0.0010543979183486611,0.0010543979183486611,0.0
962,0.0010543511110522536,0.0010543511110522536,0.0
963,0.0010544030790137543,0.0010544030790137543,0.0
964,0.001054362171307613,0.001054362171307613,0.0
965,0.0010544311062089815,0.0010544311062089815,0.0
966,0.0010544846134562368,0.0010544846134562368,0.0
967,0.0010543861596828132,0.0010543861596828132,0.0
968,0.0010544580446679001,0.0010544580446679001,0.0
969,0.0010543884995229296,0.0010543884995229296,0.0
970,0.0010544037353342002,0.0010544037353342002,0.0
971,0.0010543922291695942,0.0010543922291695942,0.0
972,0.001054417442903701,0.001054417442903701,0.0
973,0.0010543865392326132,0.0010543865392326132,0.0
974,0.0010543410579932897,0.0010543410579932897,0.0
975,0.0010543922666039365,0.0010543922666039365,0.0
976,0.0010544188533456065,0.0010544188533456065,0.0
977,0.0010544099609731965,0.0010544099609731965,0.0
978,0.0010544344827664138,0.0010544344827664138,0.0
979,0.0010543663671482354,0.0010543663671482354,0.0
980,0.001054428044001607,0.001054428044001607,0.0
981,0.0010543653011336968,0.0010543653011336968,0.0
982,0.0010543575544082638,0.0010543575544082638,0.0
983,0.0010543292349892769,0.0010543292349892769,0.0
984,0.0010543660786071242,0.0010543660786071242,0.0
985,0.0010544388505927351,0.0010544388505927351,0.0
986,0.0010543571677283814,0.0010543571677283814,0.0
987,0.0010544114375220892,0.0010544114375220892,0.0
988,0.0010543599683139671,0.0010543599683139671,0.0
989,0.001054421897083348,0.001054421897083348,0.0
990,0.0010543562918629006,0.0010543562918629006,0.0
991,0.001054339829038479,0.001054339829038479,0.0
992,0.0010543309809227452,0.0010543309809227452,0.0
993,0.0010543814622303918,0.0010543814622303918,0.0
994,0.0010543411955838636,0.0010543411955838636,0.0
995,0.001054333618041211,0.001054333618041211,0.0
996,0.0010544020463609976,0.0010544020463609976,0.0
997,0.0010543427188444403,0.0010543427188444403,0.0
998,0.0010543293577266702,0.0010543293577266702,0.0
999,0.0010543803043705261,0.0010543803043705261,0.0
1000,0.0010543401490967729,0.0010543401490967729,0.0
1001,0.001054334436047154,0.001054334436047154,0.0
1002,0.0010543376466169365,0.0010543376466169365,0.0
1003,0.0010543229594578419,0.0010543229594578419,0.0
1004,0.0010543655505859822,0.0010543655505859822,0.0
1005,0.0010543328602374816,0.0010543328602374816,0.0
1006,0.0010543449567603914,0.0010543449567603914,0.0
1007,0.0010543352603006545,0.0010543352603006545,0.0
1008,0.0010543644779890723,0.0010543644779890723,0.0
1009,0.0010543272191362223,0.0010543272191362223,0.0
1010,0.0010543365391258188,0.0010543365391258188,0.0
1011,0.0010543257290384516,0.0010543257290384516,0.0
1012,0.0010543319411193636,0.0010543319411193636,0.0
1013,0.001054355875855978,0.001054355875855978,0.0
1014,0.0010543205872728186,0.0010543205872728186,0.0
1015,0.0010543183984941856,0.0010543183984941856,0.0
1016,0.0010543588405194752,0.0010543588405194752,0.0
1017,0.0010543530711286117,0.0010543530711286117,0.0
1018,0.0010543185425586985,0.0010543185425586985,0.0
1019,0.001054326998196011,0.001054326998196011,0.0
1020,0.001054321128312945,0.001054321128312945,0.0
1021,0.0010543252140242884,0.0010543252140242884,0.0
1022,0.0010543156903629065,0.0010543156903629065,0.0
1023,0.001054355413096476,0.001054355413096476,0.0
1024,0.0010543303420813175,0.0010543303420813175,0.0
1025,0.0010543278501559312,0.0010543278501559312,0.0
1026,0.0010543360461231683,0.0010543360461231683,0.0
1027,0.0010543146710064754,0.0010543146710064754,0.0
1028,0.001054312465923499,0.001054312465923499,0.0
1029,0.0010543476649367417,0.0010543476649367417,0.0
1030,0.001054328353305008,0.001054328353305008,0.0
1031,0.0010543162407609264,0.0010543162407609264,0.0
1032,0.001054336217380418,0.001054336217380418,0.0
1033,0.001054311967167362,0.001054311967167362,0.0
1034,0.0010543258250623941,0.0010543258250623941,0.0
1035,0.001054313184420166,0.001054313184420166,0.0
1036,0.0010543071166178608,0.0010543071166178608,0.0
1037,0.0010543368150333018,0.0010543368150333018,0.0
1038,0.001054339424977714,0.001054339424977714,0.0
1039,0.0010543086680343727,0.0010543086680343727,0.0
1040,0.0010543296424033192,0.0010543296424033192,0.0
1041,0.0010543098568477744,0.0010543098568477744,0.0
1042,0.0010543206307104462,0.0010543206307104462,0.0
1043,0.0010543264742753338,0.0010543264742753338,0.0
1044,0.0010543094016344334,0.0010543094016344334,0.0
1045,0.0010543292835745953,0.0010543292835745953,0.0
1046,0.001054308657347117,0.001054308657347117,0.0
1047,0.0010543182938042642,0.0010543182938042642,0.0
1048,0.0010543227274876635,0.0010543227274876635,0.0
1049,0.001054315105408431,0.001054315105408431,0.0
1050,0.0010543215692636215,0.0010543215692636215,0.0
1051,0.0010543071842737844,0.0010543071842737844,0.0
1052,0.0010543250684225496,0.0010543250684225496,0.0
1053,0.0010543067401383144,0.0010543067401383144,0.0
1054,0.0010543286904253464,0.0010543286904253464,0.0
1055,0.0010543061750434156,0.0010543061750434156,0.0
1056,0.0010543166804805725,0.0010543166804805725,0.0
1057,0.0010543059996013988,0.0010543059996013988,0.0
1058,0.001054329677080057,0.001054329677080057,0.0
1059,0.0010543246897343917,0.0010543246897343917,0.0
1060,0.001054305221589435,0.001054305221589435,0.0
1061,0.0010543255685127428,0.0010543255685127428,0.0
1062,0.0010543053032124753,0.0010543053032124753,0.0
1063,0.0010543178365411473,0.0010543178365411473,0.0
1064,0.0010543054957342895,0.0010543054957342895,0.0
1065,0.0010543248756437853,0.0010543248756437853,0.0
1066,0.0010543047310936663,0.0010543047310936663,0.0
1067,0.001054322852935956,0.001054322852935956,0.0
1068,0.0010543046475439048,0.0010543046475439048,0.0
1069,0.0010543247726786315,0.0010543247726786315,0.0
1070,0.0010543042514007425,0.0010543042514007425,0.0
1071,0.0010542994052660044,0.0010542994052660044,0.0
1072,0.001054307166583423,0.001054307166583423,0.0
1073,0.0010543089147204213,0.0010543089147204213,0.0
1074,0.0010543176772078763,0.0010543176772078763,0.0
1075,0.0010543034203060698,0.0010543034203060698,0.0
1076,0.0010543036494441594,0.0010543036494441594,0.0
1077,0.00105429928731915,0.00105429928731915,0.0
1078,0.0010543066904841595,0.0010543066904841595,0.0
1079,0.001054303849784155,0.001054303849784155,0.0
1080,0.0010543087047738815,0.0010543087047738815,0.0
1081,0.0010543020392079414,0.0010543020392079414,0.0
1082,0.0010543077965446338,0.0010543077965446338,0.0
1083,0.0010542990823931577,0.0010542990823931577,0.0
1084,0.0010543072177382077,0.0010543072177382077,0.0
1085,0.0010543073359270863,0.0010543073359270863,0.0
1086,0.0010543011803957648,0.0010543011803957648,0.0
1087,0.0010542969970680411,0.0010542969970680411,0.0
1088,0.0010543011963876439,0.0010543011963876439,0.0
1089,0.0010543146827785212,0.0010543146827785212,0.0
1090,0.0010543000002089463,0.0010543000002089463,0.0
1091,0.0010542969002103762,0.0010542969002103762,0.0
1092,0.001054301757446258,0.001054301757446258,0.0
1093,0.001054296736576252,0.001054296736576252,0.0
1094,0.0010543021529109092,0.0010543021529109092,0.0
1095,0.0010543043033902967,0.0010543043033902967,0.0
1096,0.0010542983747987178,0.0010542983747987178,0.0
1097,0.0010543018839238093,0.0010543018839238093,0.0
1098,0.001054297461740127,0.001054297461740127,0.0
1099,0.001054301492127547,0.001054301492127547,0.0
1100,0.001054294289620601,0.001054294289620601,0.0
1101,0.0010542987591801991,0.0010542987591801991,0.0
1102,0.001054302948205748,0.001054302948205748,0.0
1103,0.0010542981636145286,0.0010542981636145286,0.0
1104,0.0010543015556054326,0.0010543015556054326,0.0
1105,0.001054299162550522,0.001054299162550522,0.0
1106,0.0010542979912790285,0.0010542979912790285,0.0
1107,0.0010543021464310594,0.0010543021464310594,0.0
1108,0.001054296645927675,0.001054296645927675,0.0
1109,0.001054292460748494,0.001054292460748494,0.0
1110,0.0010542953520517912,0.0010542953520517912,0.0
1111,0.0010542960027826844,0.0010542960027826844,0.0
1112,0.0010542986079417724,0.0010542986079417724,0.0
1113,0.001054299228541235,0.001054299228541235,0.0
1114,0.0010542959266679377,0.0010542959266679377,0.0
1115,0.0010542888975190623,0.0010542888975190623,0.0
1116,0.001054286822864518,0.001054286822864518,0.0
1117,0.0010542930215327046,0.0010542930215327046,0.0
1118,0.0010542941526392132,0.0010542941526392132,0.0
1119,0.0010542967319737402,0.0010542967319737402,0.0
1120,0.0010542965443396672,0.0010542965443396672,0.0
1121,0.0010542945813600394,0.0010542945813600394,0.0
1122,0.0010542952936958023,0.0010542952936958023,0.0
1123,0.0010542911055350071,0.0010542911055350071,0.0
1124,0.0010542940544346273,0.0010542940544346273,0.0
1125,0.001054296224271025,0.001054296224271025,0.0
1126,0.0010542908079224885,0.0010542908079224885,0.0
1127,0.0010542870525353143,0.0010542870525353143,0.0
1128,0.0010542907822643415,0.0010542907822643415,0.0
1129,0.001054287839388959,0.001054287839388959,0.0
1130,0.001054293334265958,0.001054293334265958,0.0
1131,0.0010542914805995297,0.0010542914805995297,0.0
1132,0.001054293780385641,0.001054293780385641,0.0
1133,0.0010542903390069846,0.0010542903390069846,0.0
1134,0.0010542861314363438,0.0010542861314363438,0.0
1135,0.0010542906221900595,0.0010542906221900595,0.0
1136,0.0010542845684162656,0.0010542845684162656,0.0
1137,0.001054287558943645,0.001054287558943645,0.0
1138,0.0010542874234065387,0.0010542874234065387,0.0
1139,0.0010542927336439425,0.0010542927336439425,0.0
1140,0.001054285994148217,0.001054285994148217,0.0
1141,0.0010542828204741278,0.0010542828204741278,0.0
1142,0.0010542852762625886,0.0010542852762625886,0.0
1143,0.00105428763476719,0.00105428763476719,0.0
1144,0.0010542922958589834,0.0010542922958589834,0.0
1145,0.001054291226620405,0.001054291226620405,0.0
1146,0.0010542904722446959,0.0010542904722446959,0.0
1147,0.0010542936901430273,0.0010542936901430273,0.0
1148,0.0010542867241726032,0.0010542867241726032,0.0
1149,0.0010542827221589844,0.0010542827221589844,0.0
1150,0.0010542868212100852,0.0010542868212100852,0.0
1151,0.0010542911112034457,0.0010542911112034457,0.0
1152,0.0010542872976649353,0.0010542872976649353,0.0
1153,0.0010542900967592018,0.0010542900967592018,0.0
1154,0.001054290742249111,0.001054290742249111,0.0
1155,0.00105428423137033,0.00105428423137033,0.0
1156,0.0010542827977794353,0.0010542827977794353,0.0
1157,0.0010542803174297065,0.0010542803174297065,0.0
1158,0.0010542829857704008,0.0010542829857704008,0.0
1159,0.0010542881823269626,0.0010542881823269626,0.0
1160,0.0010542874311492189,0.0010542874311492189,0.0
1161,0.0010542852982189255,0.0010542852982189255,0.0
1162,0.0010542869370920769,0.0010542869370920769,0.0
1163,0.0010542897428454819,0.0010542897428454819,0.0
1164,0.0010542833173660265,0.0010542833173660265,0.0
1165,0.0010542799061873814,0.0010542799061873814,0.0
1166,0.0010542824270489248,0.0010542824270489248,0.0
1167,0.0010542868853661651,0.0010542868853661651,0.0
1168,0.0010542881934160156,0.0010542881934160156,0.0
1169,0.0010542828546316562,0.0010542828546316562,0.0
1170,0.0010542845149110194,0.0010542845149110194,0.0
1171,0.0010542866266974437,0.0010542866266974437,0.0
1172,0.0010542773420985957,0.0010542773420985957,0.0
1173,0.0010542760323695164,0.0010542760323695164,0.0
1174,0.0010542888188770556,0.0010542888188770556,0.0
1175,0.0010542818808288769,0.0010542818808288769,0.0
1176,0.0010542848217782838,0.0010542848217782838,0.0
1177,0.0010542769082743325,0.0010542769082743325,0.0
1178,0.0010542744586983668,0.0010542744586983668,0.0
1179,0.0010542713702027507,0.0010542713702027507,0.0
1180,0.0010542820557662652,0.0010542820557662652,0.0
1181,0.0010542779504211068,0.0010542779504211068,0.0
1182,0.001054281979870766,0.001054281979870766,0.0
1183,0.0010542824514490283,0.0010542824514490283,0.0
1184,0.0010542810187607636,0.0010542810187607636,0.0
1185,0.0010542736495426934,0.0010542736495426934,0.0
1186,0.0010542810600274934,0.0010542810600274934,0.0
1187,0.0010542770400075745,0.0010542770400075745,0.0
1188,0.001054275959348059,0.001054275959348059,0.0
1189,0.0010542730014408439,0.0010542730014408439,0.0
1190,0.0010542689799321265,0.0010542689799321265,0.0
1191,0.0010542638981190166,0.0010542638981190166,0.0
1192,0.0010542708968598999,0.0010542708968598999,0.0
1193,0.0010542729100908727,0.0010542729100908727,0.0
1194,0.0010542744798773636,0.0010542744798773636,0.0
1195,0.0010542725620328293,0.0010542725620328293,0.0
1196,0.0010542711028256866,0.0010542711028256866,0.0
1197,0.0010542624178888661,0.0010542624178888661,0.0
1198,0.0010542548866079994,0.0010542548866079994,0.0
1199,0.0010542717480093822,0.0010542717480093822,0.0
1200,0.0010542664428714753,0.0010542664428714753,0.0
1201,0.0010542638663740005,0.0010542638663740005,0.0
1202,0.0010542615642348014,0.0010542615642348014,0.0
1203,0.0010542660761271533,0.0010542660761271533,0.0
1204,0.0010542645604088002,0.0010542645604088002,0.0
1205,0.001054257109501105,0.001054257109501105,0.0
1206,0.0010542601713052168,0.0010542601713052168,0.0
1207,0.00105426131103456,0.00105426131103456,0.0
1208,0.0010542623126830392,0.0010542623126830392,0.0
1209,0.0010542531679015883,0.0010542531679015883,0.0
1210,0.001054246569171718,0.001054246569171718,0.0
1211,0.001054254706055182,0.001054254706055182,0.0
1212,0.0010542555209968093,0.0010542555209968093,0.0
1213,0.0010542564341615903,0.0010542564341615903,0.0
1214,0.0010542571180139307,0.0010542571180139307,0.0
1215,0.0010542479945260612,0.0010542479945260612,0.0
1216,0.001054245894288637,0.001054245894288637,0.0
1217,0.0010542416328750512,0.0010542416328750512,0.0
1218,0.0010542455716750318,0.0010542455716750318,0.0
1219,0.001054249004093841,0.001054249004093841,0.0
1220,0.0010542490126958788,0.0010542490126958788,0.0
1221,0.0010542415225550706,0.0010542415225550706,0.0
1222,0.0010542370562660389,0.0010542370562660389,0.0
1223,0.0010542378043485747,0.0010542378043485747,0.0
1224,0.001054233656656575,0.001054233656656575,0.0
1225,0.0010542228280307627,0.0010542228280307627,0.0
1226,0.0010542388475365322,0.0010542388475365322,0.0
1227,0.0010542353771596906,0.0010542353771596906,0.0
1228,0.0010542340301051198,0.0010542340301051198,0.0
1229,0.0010542291613999835,0.0010542291613999835,0.0
1230,0.0010542369176813526,0.0010542369176813526,0.0
1231,0.0010542230126376635,0.0010542230126376635,0.0
1232,0.0010542338927483279,0.0010542338927483279,0.0
1233,0.0010542220232715109,0.0010542220232715109,0.0
1234,0.001054216307307901,0.001054216307307901,0.0
1235,0.0010542138797004455,0.0010542138797004455,0.0
1236,0.0010541994746441638,0.0010541994746441638,0.0
1237,0.0010542112649885613,0.0010542112649885613,0.0
1238,0.001054212839801986,0.001054212839801986,0.0
1239,0.0010542103406553822,0.0010542103406553822,0.0
1240,0.0010542077965134177,0.0010542077965134177,0.0
1241,0.0010541978174056898,0.0010541978174056898,0.0
1242,0.0010541784047502242,0.0010541784047502242,0.0
1243,0.0010542001685531243,0.0010542001685531243,0.0
1244,0.0010542068890117611,0.0010542068890117611,0.0
1245,0.0010541932146996102,0.0010541932146996102,0.0
1246,0.0010541889253863346,0.0010541889253863346,0.0
1247,0.0010541961492573527,0.0010541961492573527,0.0
1248,0.0010541865085182936,0.0010541865085182936,0.0
1249,0.0010541759240245332,0.0010541759240245332,0.0
1250,0.0010541561352585469,0.0010541561352585469,0.0
1251,0.0010541718995044627,0.0010541718995044627,0.0
1252,0.0010541699417962675,0.0010541699417962675,0.0
1253,0.0010541579238327811,0.0010541579238327811,0.0
1254,0.001054159060264113,0.001054159060264113,0.0
1255,0.0010541675132873728,0.0010541675132873728,0.0
1256,0.0010541676811672486,0.0010541676811672486,0.0
1257,0.0010541550170002781,0.0010541550170002781,0.0
1258,0.001054142099949687,0.001054142099949687,0.0
1259,0.0010541401989439098,0.0010541401989439098,0.0
1260,0.0010541106294296885,0.0010541106294296885,0.0
1261,0.0010541353080438995,0.0010541353080438995,0.0
1262,0.0010541307266069418,0.0010541307266069418,0.0
1263,0.0010541369794609858,0.0010541369794609858,0.0
1264,0.0010541225321917696,0.0010541225321917696,0.0
1265,0.00105411761936171,0.00105411761936171,0.0
1266,0.0010541157578667923,0.0010541157578667923,0.0
1267,0.00105410420079724,0.00105410420079724,0.0
1268,0.0010540758625627907,0.0010540758625627907,0.0
1269,0.0010540907014978994,0.0010540907014978994,0.0
1270,0.0010540933369258213,0.0010540933369258213,0.0
1271,0.0010540960281428798,0.0010540960281428798,0.0
1272,0.0010540835317515785,0.0010540835317515785,0.0
1273,0.0010540855385566875,0.0010540855385566875,0.0
1274,0.001054086785249309,0.001054086785249309,0.0
1275,0.0010540656699480847,0.0010540656699480847,0.0
1276,0.0010540396269693218,0.0010540396269693218,0.0
1277,0.0010540439557175684,0.0010540439557175684,0.0
1278,0.0010540398898456602,0.0010540398898456602,0.0
1279,0.001054035624506489,0.001054035624506489,0.0
1280,0.001054000875622507,0.001054000875622507,0.0
1281,0.0010540576646406417,0.0010540576646406417,0.0
1282,0.0010540298875052314,0.0010540298875052314,0.0
1283,0.001054013320253632,0.001054013320253632,0.0
1284,0.001054002311556854,0.001054002311556854,0.0
1285,0.001054003192282396,0.001054003192282396,0.0
1286,0.0010540009989191434,0.0010540009989191434,0.0
1287,0.0010539961346170464,0.0010539961346170464,0.0
1288,0.0010539765306051354,0.0010539765306051354,0.0
1289,0.0010539856082268026,0.0010539856082268026,0.0
1290,0.001053973315300993,0.001053973315300993,0.0
1291,0.0010539402539752492,0.0010539402539752492,0.0
1292,0.0010539627177670954,0.0010539627177670954,0.0
1293,0.001053948261414676,0.001053948261414676,0.0
1294,0.0010539491927226772,0.0010539491927226772,0.0
1295,0.0010539286233045683,0.0010539286233045683,0.0
1296,0.0010538889156832404,0.0010538889156832404,0.0
1297,0.0010539134870306821,0.0010539134870306821,0.0
1298,0.0010538913392475725,0.0010538913392475725,0.0
1299,0.0010539314936759442,0.0010539314936759442,0.0
1300,0.0010538918124893663,0.0010538918124893663,0.0
1301,0.0010538860059611176,0.0010538860059611176,0.0
1302,0.0010538571652391417,0.0010538571652391417,0.0
1303,0.001053880002072949,0.001053880002072949,0.0
1304,0.0010538889439400808,0.0010538889439400808,0.0
1305,0.001053850310616121,0.001053850310616121,0.0
1306,0.0010538053470604439,0.0010538053470604439,0.0
1307,0.0010538685005450543,0.0010538685005450543,0.0
1308,0.0010538476666795773,0.0010538476666795773,0.0
1309,0.001053848212732245,0.001053848212732245,0.0
1310,0.0010538228235491677,0.0010538228235491677,0.0
1311,0.001053832277644559,0.001053832277644559,0.0
1312,0.0010538382862022924,0.0010538382862022924,0.0
1313,0.0010538088270075816,0.0010538088270075816,0.0
1314,0.0010538038509454349,0.0010538038509454349,0.0
1315,0.0010538104092700069,0.0010538104092700069,0.0
1316,0.0010538071129355191,0.0010538071129355191,0.0
1317,0.0010538155491680852,0.0010538155491680852,0.0
1318,0.0010537772902364931,0.0010537772902364931,0.0
1319,0.0010537793123159716,0.0010537793123159716,0.0
1320,0.0010537898432587689,0.0010537898432587689,0.0
1321,0.001053782143909415,0.001053782143909415,0.0
1322,0.0010538448307410274,0.0010538448307410274,0.0
1323,0.0010537645848238957,0.0010537645848238957,0.0
1324,0.0010537634074977377,0.0010537634074977377,0.0
1325,0.0010538667109516193,0.0010538667109516193,0.0
1326,0.0010538822818617665,0.0010538822818617665,0.0
1327,0.001053819691058783,0.001053819691058783,0.0
1328,0.0010537612742733747,0.0010537612742733747,0.0
1329,0.0010537695420823542,0.0010537695420823542,0.0
1330,0.0010538659713769452,0.0010538659713769452,0.0
1331,0.0010538120374187121,0.0010538120374187121,0.0
1332,0.0010537619390481759,0.0010537619390481759,0.0
1333,0.0010537548455450928,0.0010537548455450928,0.0
1334,0.0010537559212910458,0.0010537559212910458,0.0
1335,0.0010537433397038742,0.0010537433397038742,0.0
1336,0.0010537427631270304,0.0010537427631270304,0.0
1337,0.0010537737944965315,0.0010537737944965315,0.0
1338,0.0010537948954896493,0.0010537948954896493,0.0
1339,0.0010537327136982582,0.0010537327136982582,0.0
1340,0.0010537359265727396,0.0010537359265727396,0.0
1341,0.0010537667635199869,0.0010537667635199869,0.0
1342,0.001053772505205276,0.001053772505205276,0.0
1343,0.001053733301980619,0.001053733301980619,0.0
1344,0.001053757243649747,0.001053757243649747,0.0
1345,0.0010537410478914163,0.0010537410478914163,0.0
1346,0.0010537159958427915,0.0010537159958427915,0.0
1347,0.0010537228167771537,0.0010537228167771537,0.0
1348,0.0010537692758479426,0.0010537692758479426,0.0
1349,0.0010537289878766749,0.0010537289878766749,0.0
1350,0.0010537618000129683,0.0010537618000129683,0.0
1351,0.001053718663023576,0.001053718663023576,0.0
1352,0.001053711206621281,0.001053711206621281,0.0
1353,0.0010537301889605875,0.0010537301889605875,0.0
1354,0.0010537372212480632,0.0010537372212480632,0.0
1355,0.0010539058668435069,0.0010539058668435069,0.0
1356,0.0010537256880567946,0.0010537256880567946,0.0
1357,0.001053694650905563,0.001053694650905563,0.0
1358,0.0010536870867029163,0.0010536870867029163,0.0
1359,0.0010537192920483838,0.0010537192920483838,0.0
1360,0.0010537049004634726,0.0010537049004634726,0.0
1361,0.0010537145528488755,0.0010537145528488755,0.0
1362,0.0010537145390009657,0.0010537145390009657,0.0
1363,0.0010537376386562387,0.0010537376386562387,0.0
1364,0.0010536846703754397,0.0010536846703754397,0.0
1365,0.0010536974442615112,0.0010536974442615112,0.0
1366,0.0010536890893692724,0.0010536890893692724,0.0
1367,0.0010536785095748545,0.0010536785095748545,0.0
1368,0.0010537012273912556,0.0010537012273912556,0.0
1369,0.0010536837644412307,0.0010536837644412307,0.0
1370,0.0010536676804246236,0.0010536676804246236,0.0
1371,0.0010536728994143577,0.0010536728994143577,0.0
1372,0.0010537182277560106,0.0010537182277560106,0.0
1373,0.0010537270699187255,0.0010537270699187255,0.0
1374,0.0010536732478452241,0.0010536732478452241,0.0
1375,0.0010536827887662548,0.0010536827887662548,0.0
1376,0.0010536861269116258,0.0010536861269116258,0.0
1377,0.0010537121607755583,0.0010537121607755583,0.0
1378,0.0010536825968363841,0.0010536825968363841,0.0
1379,0.0010537161233066963,0.0010537161233066963,0.0
1380,0.0010536521179418928,0.0010536521179418928,0.0
1381,0.0010536556973075794,0.0010536556973075794,0.0
1382,0.0010537106594185443,0.0010537106594185443,0.0
1383,0.0010537149686377205,0.0010537149686377205,0.0
1384,0.001053644763288944,0.001053644763288944,0.0
1385,0.0010536419383127677,0.0010536419383127677,0.0
1386,0.0010537140291745517,0.0010537140291745517,0.0
1387,0.0010536982966662704,0.0010536982966662704,0.0
1388,0.0010536561565547729,0.0010536561565547729,0.0
1389,0.0010537053356608653,0.0010537053356608653,0.0
1390,0.0010537019391432835,0.0010537019391432835,0.0
1391,0.001053651353371404,0.001053651353371404,0.0
1392,0.001053689040281588,0.001053689040281588,0.0
1393,0.0010536969237348,0.0010536969237348,0.0
1394,0.001053628542631105,0.001053628542631105,0.0
1395,0.0010536278796594324,0.0010536278796594324,0.0
1396,0.0010536827626861172,0.0010536827626861172,0.0
1397,0.0010536797534248428,0.0010536797534248428,0.0
1398,0.0010536947481996047,0.0010536947481996047,0.0
1399,0.0010536601088473013,0.0010536601088473013,0.0
1400,0.001053636236862022,0.001053636236862022,0.0
1401,0.0010536848128729595,0.0010536848128729595,0.0
1402,0.00105364941773602,0.00105364941773602,0.0
1403,0.0010536717967363518,0.0010536717967363518,0.0
1404,0.0010536736964264896,0.0010536736964264896,0.0
1405,0.0010536221200984457,0.0010536221200984457,0.0
1406,0.001053632241520376,0.001053632241520376,0.0
1407,0.0010536529110091836,0.0010536529110091836,0.0
1408,0.0010536211922138538,0.0010536211922138538,0.0
1409,0.0010536435091533778,0.0010536435091533778,0.0
1410,0.0010536529122182918,0.0010536529122182918,0.0
1411,0.0010536302452476326,0.0010536302452476326,0.0
1412,0.0010536506065338567,0.0010536506065338567,0.0
1413,0.0010536272182482393,0.0010536272182482393,0.0
1414,0.0010536490627591883,0.0010536490627591883,0.0
1415,0.0010536067092119933,0.0010536067092119933,0.0
1416,0.0010536292588709507,0.0010536292588709507,0.0
1417,0.0010536719360668525,0.0010536719360668525,0.0
1418,0.0010536320488215016,0.0010536320488215016,0.0
1419,0.0010536107032281586,0.0010536107032281586,0.0
1420,0.0010536125061158578,0.0010536125061158578,0.0
1421,0.001053619502941113,0.001053619502941113,0.0
1422,0.001053635598262324,0.001053635598262324,0.0
1423,0.0010536233900737837,0.0010536233900737837,0.0
1424,0.001053608269760224,0.001053608269760224,0.0
1425,0.001053620479195151,0.001053620479195151,0.0
1426,0.0010536131468952183,0.0010536131468952183,0.0
1427,0.0010536309284464383,0.0010536309284464383,0.0
1428,0.001053653162987843,0.001053653162987843,0.0
1429,0.0010536138747645862,0.0010536138747645862,0.0
1430,0.0010536213988909591,0.0010536213988909591,0.0
1431,0.0010535944509484656,0.0010535944509484656,0.0
1432,0.0010536174912509442,0.0010536174912509442,0.0
1433,0.0010536380098442669,0.0010536380098442669,0.0
1434,0.0010536079537072033,0.0010536079537072033,0.0
1435,0.0010536081347557768,0.0010536081347557768,0.0
1436,0.0010536266318762798,0.0010536266318762798,0.0
1437,0.0010536199552961159,0.0010536199552961159,0.0
1438,0.0010536048731106013,0.0010536048731106013,0.0
1439,0.0010536145982623464,0.0010536145982623464,0.0
1440,0.0010536220390350776,0.0010536220390350776,0.0
1441,0.0010536347936865179,0.0010536347936865179,0.0
1442,0.00105360154086604,0.00105360154086604,0.0
1443,0.0010536002613033306,0.0010536002613033306,0.0
1444,0.0010536223355172977,0.0010536223355172977,0.0
1445,0.0010536009158000686,0.0010536009158000686,0.0
1446,0.0010536223131514233,0.0010536223131514233,0.0
1447,0.0010536009196641678,0.0010536009196641678,0.0
1448,0.0010536156665929472,0.0010536156665929472,0.0
1449,0.0010536260684349673,0.0010536260684349673,0.0
1450,0.0010535996837999953,0.0010535996837999953,0.0
1451,0.0010536102193013104,0.0010536102193013104,0.0
1452,0.0010536050120502605,0.0010536050120502605,0.0
1453,0.0010536269467993902,0.0010536269467993902,0.0
1454,0.001053597116622979,0.001053597116622979,0.0
1455,0.0010536241616475488,0.0010536241616475488,0.0
1456,0.001053596765082508,0.001053596765082508,0.0
1457,0.0010535969920415634,0.0010535969920415634,0.0
1458,0.0010536186481932444,0.0010536186481932444,0.0
1459,0.0010535963802901153,0.0010535963802901153,0.0
1460,0.001053604716131434,0.001053604716131434,0.0
1461,0.0010535916467805057,0.0010535916467805057,0.0
1462,0.0010536125907153464,0.0010536125907153464,0.0
1463,0.0010536061037227993,0.0010536061037227993,0.0
1464,0.0010535991589669177,0.0010535991589669177,0.0
1465,0.0010536108516868922,0.0010536108516868922,0.0
1466,0.0010535940127729504,0.0010535940127729504,0.0
1467,0.0010536010892851389,0.0010536010892851389,0.0
1468,0.0010535964783631212,0.0010535964783631212,0.0
1469,0.00105360890374198,0.00105360890374198,0.0
1470,0.0010535926847199428,0.0010535926847199428,0.0
1471,0.0010535999865167662,0.0010535999865167662,0.0
1472,0.0010536185073159556,0.0010536185073159556,0.0
1473,0.001053590984129237,0.001053590984129237,0.0
1474,0.0010536041120368935,0.0010536041120368935,0.0
1475,0.0010535922120610232,0.0010535922120610232,0.0
1476,0.0010535957010849282,0.0010535957010849282,0.0
1477,0.0010536081145942073,0.0010536081145942073,0.0
1478,0.0010535906277256226,0.0010535906277256226,0.0
1479,0.0010535899069724836,0.0010535899069724836,0.0
1480,0.0010536073093845358,0.0010536073093845358,0.0
1481,0.0010535873913476935,0.0010535873913476935,0.0
1482,0.001053601440708682,0.001053601440708682,0.0
1483,0.0010535971633814736,0.0010535971633814736,0.0
1484,0.0010535959024911036,0.0010535959024911036,0.0
1485,0.001053596518706202,0.001053596518706202,0.0
1486,0.00105359695328417,0.00105359695328417,0.0
1487,0.0010536031770534498,0.0010536031770534498,0.0
1488,0.0010535882701144192,0.0010535882701144192,0.0
1489,0.0010535900116385717,0.0010535900116385717,0.0
1490,0.0010535948870220575,0.0010535948870220575,0.0
1491,0.0010536007397361248,0.0010536007397361248,0.0
1492,0.0010535882303905045,0.0010535882303905045,0.0
1493,0.0010535972265773362,0.0010535972265773362,0.0
1494,0.0010535885159950473,0.0010535885159950473,0.0
1495,0.0010535978638898183,0.0010535978638898183,0.0
1496,0.0010535883362268105,0.0010535883362268105,0.0
1497,0.0010535980643230339,0.0010535980643230339,0.0
1498,0.0010535882713361602,0.0010535882713361602,0.0
1499,0.0010535912047682588,0.0010535912047682588,0.0
1500,0.0010535903263157577,0.0010535903263157577,0.0
1501,0.0010535989432127702,0.0010535989432127702,0.0
1502,0.0010535874879360103,0.0010535874879360103,0.0
1503,0.0010535969614135039,0.0010535969614135039,0.0
1504,0.0010535874761063292,0.0010535874761063292,0.0
1505,0.001053594649359763,0.001053594649359763,0.0
1506,0.0010535876135357404,0.0010535876135357404,0.0
1507,0.001053586188865197,0.001053586188865197,0.0
1508,0.0010535978352555053,0.0010535978352555053,0.0
1509,0.0010535865573222014,0.0010535865573222014,0.0
1510,0.0010535848910318223,0.0010535848910318223,0.0
1511,0.0010535937724537455,0.0010535937724537455,0.0
1512,0.0010535970434666856,0.0010535970434666856,0.0
1513,0.0010535854731436797,0.0010535854731436797,0.0
1514,0.0010535953890195193,0.0010535953890195193,0.0
1515,0.0010535855187004508,0.0010535855187004508,0.0
1516,0.0010535881147851615,0.0010535881147851615,0.0
1517,0.0010535828830769884,0.0010535828830769884,0.0
1518,0.0010535875036189486,0.0010535875036189486,0.0
1519,0.0010535935403632054,0.0010535935403632054,0.0
1520,0.001053584984373867,0.001053584984373867,0.0
1521,0.0010535898678616345,0.0010535898678616345,0.0
1522,0.0010535939571497096,0.0010535939571497096,0.0
1523,0.0010535847778595376,0.0010535847778595376,0.0
1524,0.00105359033576731,0.00105359033576731,0.0
1525,0.0010535852275862382,0.0010535852275862382,0.0
1526,0.0010535860428415493,0.0010535860428415493,0.0
1527,0.0010535854907503387,0.0010535854907503387,0.0
1528,0.0010535851622938315,0.0010535851622938315,0.0
1529,0.0010535845645577961,0.0010535845645577961,0.0
1530,0.0010535829124518985,0.0010535829124518985,0.0
1531,0.0010535853697583668,0.0010535853697583668,0.0
1532,0.0010535849718461966,0.0010535849718461966,0.0
1533,0.0010535823796961569,0.0010535823796961569,0.0
1534,0.0010535874961636485,0.0010535874961636485,0.0
1535,0.0010535869053324,0.0010535869053324,0.0
1536,0.0010535849373558839,0.0010535849373558839,0.0
1537,0.0010535868316316117,0.0010535868316316117,0.0
1538,0.0010535832714616408,0.0010535832714616408,0.0
1539,0.0010535861407981405,0.0010535861407981405,0.0
1540,0.0010535861690308549,0.0010535861690308549,0.0
1541,0.0010535831029182161,0.0010535831029182161,0.0
1542,0.0010535872383938079,0.0010535872383938079,0.0
1543,0.001053582962627194,0.001053582962627194,0.0
1544,0.001053584984895397,0.001053584984895397,0.0
1545,0.0010535823988090131,0.0010535823988090131,0.0
1546,0.0010535834689210052,0.0010535834689210052,0.0
1547,0.0010535821747487887,0.0010535821747487887,0.0
1548,0.0010535871627287965,0.0010535871627287965,0.0
1549,0.001053584713307314,0.001053584713307314,0.0
1550,0.0010535821628727185,0.0010535821628727185,0.0
1551,0.001053587431294836,0.001053587431294836,0.0
1552,0.0010535827777632546,0.0010535827777632546,0.0
1553,0.0010535853747762807,0.0010535853747762807,0.0
1554,0.0010535821344539165,0.0010535821344539165,0.0
1555,0.0010535812464102135,0.0010535812464102135,0.0
1556,0.0010535853119603472,0.0010535853119603472,0.0
1557,0.001053582486418682,0.001053582486418682,0.0
1558,0.0010535848150358235,0.0010535848150358235,0.0
1559,0.0010535836767320823,0.0010535836767320823,0.0
1560,0.0010535851917153297,0.0010535851917153297,0.0
1561,0.001053581788282595,0.001053581788282595,0.0
1562,0.0010535811644113184,0.0010535811644113184,0.0
1563,0.001053586055005756,0.001053586055005756,0.0
1564,0.0010535842608451853,0.0010535842608451853,0.0
1565,0.001053585766792196,0.001053585766792196,0.0
1566,0.0010535814903809455,0.0010535814903809455,0.0
1567,0.0010535845270725267,0.0010535845270725267,0.0
1568,0.0010535815030348545,0.0010535815030348545,0.0
1569,0.0010535846883163336,0.0010535846883163336,0.0
1570,0.0010535812600075596,0.0010535812600075596,0.0
1571,0.0010535840726632838,0.0010535840726632838,0.0
1572,0.0010535812664768133,0.0010535812664768133,0.0
1573,0.0010535805737892986,0.0010535805737892986,0.0
1574,0.0010535832978850902,0.0010535832978850902,0.0
1575,0.0010535815180742975,0.0010535815180742975,0.0
1576,0.0010535814904324755,0.0010535814904324755,0.0
1577,0.0010535794783353002,0.0010535794783353002,0.0
1578,0.00105358058920338,0.00105358058920338,0.0
1579,0.0010535801747536316,0.0010535801747536316,0.0
1580,0.0010535819752515061,0.0010535819752515061,0.0
1581,0.0010535858447596569,0.0010535858447596569,0.0
1582,0.0010535802598048913,0.0010535802598048913,0.0
1583,0.0010535825591344741,0.0010535825591344741,0.0
1584,0.0010535805804503962,0.0010535805804503962,0.0
1585,0.0010535813047658998,0.0010535813047658998,0.0
1586,0.0010535820760151986,0.0010535820760151986,0.0
1587,0.0010535804013631868,0.0010535804013631868,0.0
1588,0.0010535802578548708,0.0010535802578548708,0.0
1589,0.001053581669392578,0.001053581669392578,0.0
1590,0.0010535827318907077,0.0010535827318907077,0.0
1591,0.0010535802098534618,0.0010535802098534618,0.0
1592,0.0010535789353257297,0.0010535789353257297,0.0
1593,0.0010535796277009305,0.0010535796277009305,0.0
1594,0.0010535817475140444,0.0010535817475140444,0.0
1595,0.0010535800863625939,0.0010535800863625939,0.0
1596,0.0010535807209160703,0.0010535807209160703,0.0
1597,0.0010535795730994256,0.0010535795730994256,0.0
1598,0.0010535812382986575,0.0010535812382986575,0.0
1599,0.0010535791176471336,0.0010535791176471336,0.0
1600,0.0010535814955369412,0.0010535814955369412,0.0
1601,0.0010535797723328338,0.0010535797723328338,0.0
1602,0.0010535792287841123,0.0010535792287841123,0.0
1603,0.0010535789737788545,0.0010535789737788545,0.0
1604,0.0010535784718010842,0.0010535784718010842,0.0
1605,0.0010535796831945574,0.0010535796831945574,0.0
1606,0.0010535808121143516,0.0010535808121143516,0.0
1607,0.0010535804725078932,0.0010535804725078932,0.0
1608,0.001053581053162881,0.001053581053162881,0.0
1609,0.0010535793188973894,0.0010535793188973894,0.0
1610,0.0010535795906836396,0.0010535795906836396,0.0
1611,0.001053577959831544,0.001053577959831544,0.0
1612,0.0010535782644410295,0.0010535782644410295,0.0
1613,0.0010535779171659744,0.0010535779171659744,0.0
1614,0.001053578552703343,0.001053578552703343,0.0
1615,0.0010535808651582215,0.0010535808651582215,0.0
1616,0.0010535789639584626,0.0010535789639584626,0.0
1617,0.0010535798189913591,0.0010535798189913591,0.0
1618,0.0010535788605105759,0.0010535788605105759,0.0
1619,0.0010535791858634572,0.0010535791858634572,0.0
1620,0.0010535773328630002,0.0010535773328630002,0.0
1621,0.0010535773603814514,0.0010535773603814514,0.0
1622,0.0010535795180250359,0.0010535795180250359,0.0
1623,0.0010535770950309922,0.0010535770950309922,0.0
1624,0.0010535770793093006,0.0010535770793093006,0.0
1625,0.0010535791708615261,0.0010535791708615261,0.0
1626,0.0010535767805334533,0.0010535767805334533,0.0
1627,0.001053576624871609,0.001053576624871609,0.0
1628,0.0010535780549605824,0.0010535780549605824,0.0
1629,0.0010535776748493175,0.0010535776748493175,0.0
1630,0.0010535783118892682,0.0010535783118892682,0.0
1631,0.0010535777291806948,0.0010535777291806948,0.0
1632,0.0010535761202787274,0.0010535761202787274,0.0
1633,0.001053575910284695,0.001053575910284695,0.0
1634,0.0010535769193991049,0.0010535769193991049,0.0
1635,0.0010535772278521488,0.0010535772278521488,0.0
1636,0.001053578475768778,0.001053578475768778,0.0
1637,0.001053575372644579,0.001053575372644579,0.0
1638,0.0010535750424679466,0.0010535750424679466,0.0
1639,0.0010535754689067122,0.0010535754689067122,0.0
1640,0.0010535753381835102,0.0010535753381835102,0.0
1641,0.0010535742047934617,0.0010535742047934617,0.0
1642,0.0010535734310984626,0.0010535734310984626,0.0
1643,0.0010535760049613088,0.0010535760049613088,0.0
1644,0.0010535773671277637,0.0010535773671277637,0.0
1645,0.0010535749217829276,0.0010535749217829276,0.0
1646,0.0010535742437545968,0.0010535742437545968,0.0
1647,0.001053574662518394,0.001053574662518394,0.0
1648,0.0010535733216898956,0.0010535733216898956,0.0
1649,0.0010535732765146767,0.0010535732765146767,0.0
1650,0.0010535727040704343,0.0010535727040704343,0.0
1651,0.0010535724797352593,0.0010535724797352593,0.0
1652,0.0010535748744952766,0.0010535748744952766,0.0
1653,0.0010535729256193967,0.0010535729256193967,0.0
1654,0.0010535746944394769,0.0010535746944394769,0.0
1655,0.0010535726114105082,0.0010535726114105082,0.0
1656,0.0010535707409357095,0.0010535707409357095,0.0
1657,0.0010535695899503848,0.0010535695899503848,0.0
1658,0.0010535708031371453,0.0010535708031371453,0.0
1659,0.001053573143496288,0.001053573143496288,0.0
1660,0.001053570740700538,0.001053570740700538,0.0
1661,0.001053571204315984,0.001053571204315984,0.0
1662,0.0010535708484967164,0.0010535708484967164,0.0
1663,0.0010535735078572622,0.0010535735078572622,0.0
1664,0.0010535683029892955,0.0010535683029892955,0.0
1665,0.0010535663249792264,0.0010535663249792264,0.0
1666,0.0010535699330806606,0.0010535699330806606,0.0
1667,0.0010535673521232202,0.0010535673521232202,0.0
1668,0.0010535681266465625,0.0010535681266465625,0.0
1669,0.0010535703180601132,0.0010535703180601132,0.0
1670,0.0010535685265332547,0.0010535685265332547,0.0
1671,0.001053568449093631,0.001053568449093631,0.0
1672,0.0010535681204233405,0.0010535681204233405,0.0
1673,0.0010535687892733623,0.0010535687892733623,0.0
1674,0.0010535678523854526,0.0010535678523854526,0.0
1675,0.0010535654474346423,0.0010535654474346423,0.0
1676,0.0010535653877498368,0.0010535653877498368,0.0
1677,0.001053564597766088,0.001053564597766088,0.0
1678,0.0010535644032440188,0.0010535644032440188,0.0
1679,0.0010535636003421074,0.0010535636003421074,0.0
1680,0.0010535631602613452,0.0010535631602613452,0.0
1681,0.0010535637057214912,0.0010535637057214912,0.0
1682,0.0010535641694009927,0.0010535641694009927,0.0
1683,0.0010535658123777558,0.0010535658123777558,0.0
1684,0.0010535642761388242,0.0010535642761388242,0.0
1685,0.00105356195091507,0.00105356195091507,0.0
1686,0.0010535626792416463,0.0010535626792416463,0.0
1687,0.001053562066022321,0.001053562066022321,0.0
1688,0.001053560125997516,0.001053560125997516,0.0
1689,0.001053559155094659,0.001053559155094659,0.0
1690,0.0010535583841251798,0.0010535583841251798,0.0
1691,0.0010535560156847263,0.0010535560156847263,0.0
1692,0.0010535587601760152,0.0010535587601760152,0.0
1693,0.001053557852248944,0.001053557852248944,0.0
1694,0.0010535580375573702,0.0010535580375573702,0.0
1695,0.0010535597573368665,0.0010535597573368665,0.0
1696,0.001053557096390523,0.001053557096390523,0.0
1697,0.0010535610346466798,0.0010535610346466798,0.0
1698,0.0010535528756246031,0.0010535528756246031,0.0
1699,0.0010535491623217335,0.0010535491623217335,0.0
1700,0.001053557109965809,0.001053557109965809,0.0
1701,0.001053552277176283,0.001053552277176283,0.0
1702,0.0010535572172066315,0.0010535572172066315,0.0
1703,0.0010535554072331357,0.0010535554072331357,0.0
1704,0.0010535499514077841,0.0010535499514077841,0.0
1705,0.0010535505731205136,0.0010535505731205136,0.0
1706,0.0010535502303343765,0.0010535502303343765,0.0
1707,0.0010535492542297436,0.0010535492542297436,0.0
1708,0.001053551844675554,0.001053551844675554,0.0
1709,0.0010535495004880388,0.0010535495004880388,0.0
1710,0.0010535492057300573,0.0010535492057300573,0.0
1711,0.0010535466432295077,0.0010535466432295077,0.0
1712,0.0010535466970569777,0.0010535466970569777,0.0
1713,0.0010535474037779544,0.0010535474037779544,0.0
1714,0.0010535463346397218,0.0010535463346397218,0.0
1715,0.0010535486154795825,0.0010535486154795825,0.0
1716,0.001053549382333731,0.001053549382333731,0.0
1717,0.001053544766996432,0.001053544766996432,0.0
1718,0.001053546282807081,0.001053546282807081,0.0
1719,0.001053546795789428,0.001053546795789428,0.0
1720,0.001053546402607722,0.001053546402607722,0.0
1721,0.001053538738386687,0.001053538738386687,0.0
1722,0.0010535333909016287,0.0010535333909016287,0.0
1723,0.0010535482037368426,0.0010535482037368426,0.0
1724,0.0010535396641083367,0.0010535396641083367,0.0
1725,0.0010535426409056506,0.0010535426409056506,0.0
1726,0.0010535411814006686,0.0010535411814006686,0.0
1727,0.001053539388842524,0.001053539388842524,0.0
1728,0.001053539085127262,0.001053539085127262,0.0
1729,0.0010535414468511191,0.0010535414468511191,0.0
1730,0.001053538770089259,0.001053538770089259,0.0
1731,0.0010535376580417183,0.0010535376580417183,0.0
1732,0.0010535406189475997,0.0010535406189475997,0.0
1733,0.0010535406221669564,0.0010535406221669564,0.0
1734,0.0010535313320756965,0.0010535313320756965,0.0
1735,0.0010535255654117407,0.0010535255654117407,0.0
1736,0.0010535408824806853,0.0010535408824806853,0.0
1737,0.0010535334366642431,0.0010535334366642431,0.0
1738,0.0010535328765518294,0.0010535328765518294,0.0
1739,0.0010535296679085552,0.0010535296679085552,0.0
1740,0.0010535329640261855,0.0010535329640261855,0.0
1741,0.0010535295685266083,0.0010535295685266083,0.0
1742,0.0010535282576938647,0.0010535282576938647,0.0
1743,0.0010535309374595898,0.0010535309374595898,0.0
1744,0.0010535258420299733,0.0010535258420299733,0.0
1745,0.0010535263844840125,0.0010535263844840125,0.0
1746,0.0010535358366503874,0.0010535358366503874,0.0
1747,0.0010535274675753865,0.0010535274675753865,0.0
1748,0.0010535255949399535,0.0010535255949399535,0.0
1749,0.00105352446770257,0.00105352446770257,0.0
1750,0.0010535270613164414,0.0010535270613164414,0.0
1751,0.001053519862361808,0.001053519862361808,0.0
1752,0.0010535158469621867,0.0010535158469621867,0.0
1753,0.0010535201740006616,0.0010535201740006616,0.0
1754,0.0010535194234866823,0.0010535194234866823,0.0
1755,0.001053519744686136,0.001053519744686136,0.0
1756,0.0010535259008975333,0.0010535259008975333,0.0
1757,0.0010535179262000961,0.0010535179262000961,0.0
1758,0.0010535164421136712,0.0010535164421136712,0.0
1759,0.0010535238741302385,0.0010535238741302385,0.0
1760,0.001053519288311444,0.001053519288311444,0.0
1761,0.001053516215458026,0.001053516215458026,0.0
1762,0.0010535178977021658,0.0010535178977021658,0.0
1763,0.0010535097060056558,0.0010535097060056558,0.0
1764,0.0010535033688357388,0.0010535033688357388,0.0
1765,0.0010535075684222936,0.0010535075684222936,0.0
1766,0.0010535110657775464,0.0010535110657775464,0.0
1767,0.0010535094432345623,0.0010535094432345623,0.0
1768,0.0010535138382730183,0.0010535138382730183,0.0
1769,0.0010535079710461545,0.0010535079710461545,0.0
1770,0.0010535133539682129,0.0010535133539682129,0.0
1771,0.0010535036219828688,0.0010535036219828688,0.0
1772,0.0010535053475207068,0.0010535053475207068,0.0
1773,0.001053509578939607,0.001053509578939607,0.0
1774,0.001053504542921669,0.001053504542921669,0.0
1775,0.0010535040718077477,0.0010535040718077477,0.0
1776,0.0010535042466914529,0.0010535042466914529,0.0
1777,0.0010535022217515047,0.0010535022217515047,0.0
1778,0.0010535065490050344,0.0010535065490050344,0.0
1779,0.0010535003587536255,0.0010535003587536255,0.0
1780,0.001053502016968206,0.001053502016968206,0.0
1781,0.0010535004722405233,0.0010535004722405233,0.0
1782,0.0010535051573056006,0.0010535051573056006,0.0
1783,0.0010534985124940218,0.0010534985124940218,0.0
1784,0.0010535025931707584,0.0010535025931707584,0.0
1785,0.0010534918707621936,0.0010534918707621936,0.0
1786,0.0010534852748436178,0.0010534852748436178,0.0
1787,0.001053495772732886,0.001053495772732886,0.0
1788,0.0010534944952589173,0.0010534944952589173,0.0
1789,0.001053492659150029,0.001053492659150029,0.0
1790,0.0010535029507853406,0.0010535029507853406,0.0
1791,0.001053493860318707,0.001053493860318707,0.0
1792,0.0010534909990870573,0.0010534909990870573,0.0
1793,0.0010534970049922844,0.0010534970049922844,0.0
1794,0.0010534863830474657,0.0010534863830474657,0.0
1795,0.001053494217726655,0.001053494217726655,0.0
1796,0.0010534893918031929,0.0010534893918031929,0.0
1797,0.0010534871743943176,0.0010534871743943176,0.0
1798,0.0010534857753206441,0.0010534857753206441,0.0
1799,0.0010534816235203976,0.0010534816235203976,0.0
1800,0.0010534771577038373,0.0010534771577038373,0.0
1801,0.0010534810314946938,0.0010534810314946938,0.0
1802,0.0010534896342967125,0.0010534896342967125,0.0
1803,0.0010534766414164037,0.0010534766414164037,0.0
1804,0.001053472101949265,0.001053472101949265,0.0
1805,0.001053479895915334,0.001053479895915334,0.0
1806,0.0010534761675342374,0.0010534761675342374,0.0
1807,0.0010534739508832574,0.0010534739508832574,0.0
1808,0.0010534762929055002,0.0010534762929055002,0.0
1809,0.0010534716997461517,0.0010534716997461517,0.0
1810,0.0010534708620684545,0.0010534708620684545,0.0
1811,0.001053472131336849,0.001053472131336849,0.0
1812,0.0010534744262907178,0.0010534744262907178,0.0
1813,0.0010534621662084665,0.0010534621662084665,0.0
1814,0.0010534532844204128,0.0010534532844204128,0.0
1815,0.001053458157839462,0.001053458157839462,0.0
1816,0.0010534575449967164,0.0010534575449967164,0.0
1817,0.0010534735482390575,0.0010534735482390575,0.0
1818,0.0010534587168937487,0.0010534587168937487,0.0
1819,0.0010534594178168953,0.0010534594178168953,0.0
1820,0.0010534528612362267,0.0010534528612362267,0.0
1821,0.0010534483733715357,0.0010534483733715357,0.0
1822,0.0010534504877452798,0.0010534504877452798,0.0
1823,0.0010534549542484317,0.0010534549542484317,0.0
1824,0.001053446264363374,0.001053446264363374,0.0
1825,0.0010534415145637493,0.0010534415145637493,0.0
1826,0.0010534388452769273,0.0010534388452769273,0.0
1827,0.0010534263540830293,0.0010534263540830293,0.0
1828,0.0010534458033024299,0.0010534458033024299,0.0
1829,0.0010534516719795236,0.0010534516719795236,0.0
1830,0.0010534331700202473,0.0010534331700202473,0.0
1831,0.0010534405891763309,0.0010534405891763309,0.0
1832,0.001053432296638203,0.001053432296638203,0.0
1833,0.0010534307841891463,0.0010534307841891463,0.0
1834,0.0010534303222324555,0.0010534303222324555,0.0
1835,0.0010534174989232472,0.0010534174989232472,0.0
1836,0.0010534059190974267,0.0010534059190974267,0.0
1837,0.0010534387397382221,0.0010534387397382221,0.0
1838,0.001053417760071302,0.001053417760071302,0.0
1839,0.001053416753815212,0.001053416753815212,0.0
1840,0.0010534128828180826,0.0010534128828180826,0.0
1841,0.0010534187782887258,0.0010534187782887258,0.0
1842,0.0010534126009138966,0.0010534126009138966,0.0
1843,0.0010534238603182313,0.0010534238603182313,0.0
1844,0.0010534063669010276,0.0010534063669010276,0.0
1845,0.001053401198534271,0.001053401198534271,0.0
1846,0.0010533986918543478,0.0010533986918543478,0.0
1847,0.0010533955795308685,0.0010533955795308685,0.0
1848,0.0010533917240486226,0.0010533917240486226,0.0
1849,0.001053396288661823,0.001053396288661823,0.0
1850,0.0010533955308634122,0.0010533955308634122,0.0
1851,0.0010533923042632932,0.0010533923042632932,0.0
1852,0.0010534137567132374,0.0010534137567132374,0.0
1853,0.0010533978079922918,0.0010533978079922918,0.0
1854,0.0010533888453922273,0.0010533888453922273,0.0
1855,0.001053397822182432,0.001053397822182432,0.0
1856,0.0010533971655634058,0.0010533971655634058,0.0
1857,0.0010533763973080645,0.0010533763973080645,0.0
1858,0.0010533724323083468,0.0010533724323083468,0.0
1859,0.0010533897160021756,0.0010533897160021756,0.0
1860,0.0010533721215548872,0.0010533721215548872,0.0
1861,0.0010533719187125151,0.0010533719187125151,0.0
1862,0.001053366831921995,0.001053366831921995,0.0
1863,0.0010533629445318251,0.0010533629445318251,0.0
1864,0.0010533659880161428,0.0010533659880161428,0.0
1865,0.0010533679911285388,0.0010533679911285388,0.0
1866,0.0010533782197437876,0.0010533782197437876,0.0
1867,0.0010533634602344747,0.0010533634602344747,0.0
1868,0.001053371404648999,0.001053371404648999,0.0
1869,0.001053374015992854,0.001053374015992854,0.0
1870,0.0010533609975135862,0.0010533609975135862,0.0
1871,0.0010533912684869732,0.0010533912684869732,0.0
1872,0.0010533538963152147,0.0010533538963152147,0.0
1873,0.0010533642833687178,0.0010533642833687178,0.0
1874,0.001053342728021686,0.001053342728021686,0.0
1875,0.0010533373926882954,0.0010533373926882954,0.0
1876,0.0010533396019521664,0.0010533396019521664,0.0
1877,0.0010533480012590462,0.0010533480012590462,0.0
1878,0.0010533674376804183,0.0010533674376804183,0.0
1879,0.001053351543180948,0.001053351543180948,0.0
1880,0.0010533665109591134,0.0010533665109591134,0.0
1881,0.001053354643072885,0.001053354643072885,0.0
1882,0.0010533228321739458,0.0010533228321739458,0.0
1883,0.0010533190480478739,0.0010533190480478739,0.0
1884,0.0010533888028346622,0.0010533888028346622,0.0
1885,0.0010533504914135544,0.0010533504914135544,0.0
1886,0.0010533379893933994,0.0010533379893933994,0.0
1887,0.0010533472141081813,0.0010533472141081813,0.0
1888,0.0010533805612851985,0.0010533805612851985,0.0
1889,0.001053347122739929,0.001053347122739929,0.0
1890,0.0010533251801484996,0.0010533251801484996,0.0
1891,0.001053320353340056,0.001053320353340056,0.0
1892,0.0010533388979225402,0.0010533388979225402,0.0
1893,0.0010533580566654181,0.0010533580566654181,0.0
1894,0.0010533249422646604,0.0010533249422646604,0.0
1895,0.0010533125868678029,0.0010533125868678029,0.0
1896,0.0010533135256511337,0.0010533135256511337,0.0
1897,0.0010533271001528384,0.0010533271001528384,0.0
1898,0.0010533466302698887,0.0010533466302698887,0.0
1899,0.001053340222495527,0.001053340222495527,0.0
1900,0.0010533231075674039,0.0010533231075674039,0.0
1901,0.001053314782162839,0.001053314782162839,0.0
1902,0.0010533081447966885,0.0010533081447966885,0.0
1903,0.001053318179145633,0.001053318179145633,0.0
1904,0.0010533235059949607,0.0010533235059949607,0.0
1905,0.0010533189863799846,0.0010533189863799846,0.0
1906,0.0010533124872962108,0.0010533124872962108,0.0
1907,0.0010533064983418879,0.0010533064983418879,0.0
1908,0.0010533316392556506,0.0010533316392556506,0.0
1909,0.0010533252741625222,0.0010533252741625222,0.0
1910,0.001053329070233381,0.001053329070233381,0.0
1911,0.001053320596082594,0.001053320596082594,0.0
1912,0.0010533411429909955,0.0010533411429909955,0.0
1913,0.0010533158849030937,0.0010533158849030937,0.0
1914,0.001053303115684622,0.001053303115684622,0.0
1915,0.0010533310304431875,0.0010533310304431875,0.0
1916,0.0010533090220958728,0.0010533090220958728,0.0
1917,0.0010533297535561912,0.0010533297535561912,0.0
1918,0.0010533104378251904,0.0010533104378251904,0.0
1919,0.0010533104069138054,0.0010533104069138054,0.0
1920,0.001053340428317562,0.001053340428317562,0.0
1921,0.0010533074532338756,0.0010533074532338756,0.0
1922,0.0010533021765622957,0.0010533021765622957,0.0
1923,0.001053322625610887,0.001053322625610887,0.0
1924,0.0010532951220975336,0.0010532951220975336,0.0
1925,0.0010533047104742464,0.0010533047104742464,0.0
1926,0.001053307681068212,0.001053307681068212,0.0
1927,0.0010533182816635715,0.0010533182816635715,0.0
1928,0.001053317340021947,0.001053317340021947,0.0
1929,0.0010533003116130536,0.0010533003116130536,0.0
1930,0.0010533135770475041,0.0010533135770475041,0.0
1931,0.001053314691783985,0.001053314691783985,0.0
1932,0.00105331891697109,0.00105331891697109,0.0
1933,0.001053303344285313,0.001053303344285313,0.0
1934,0.001053313080061475,0.001053313080061475,0.0
1935,0.0010532994493078144,0.0010532994493078144,0.0
1936,0.001053294624215672,0.001053294624215672,0.0
1937,0.0010533092535368487,0.0010533092535368487,0.0
1938,0.0010533177544877971,0.0010533177544877971,0.0
1939,0.0010533003301798523,0.0010533003301798523,0.0
1940,0.001053316335279356,0.001053316335279356,0.0
1941,0.001053300258178805,0.001053300258178805,0.0
1942,0.0010533102510451012,0.0010533102510451012,0.0
1943,0.0010532961697335107,0.0010532961697335107,0.0
1944,0.0010533097980474576,0.0010533097980474576,0.0
1945,0.0010533032563934661,0.0010533032563934661,0.0
1946,0.0010533002075382067,0.0010533002075382067,0.0
1947,0.0010533107057277165,0.0010533107057277165,0.0
1948,0.0010532979759457822,0.0010532979759457822,0.0
1949,0.001053309841536229,0.001053309841536229,0.0
1950,0.001053297738243116,0.001053297738243116,0.0
1951,0.0010533161294035954,0.0010533161294035954,0.0
1952,0.0010532968307285096,0.0010532968307285096,0.0
1953,0.0010533050768571498,0.0010533050768571498,0.0
1954,0.0010533173073924472,0.0010533173073924472,0.0
1955,0.0010532963595057461,0.0010532963595057461,0.0
1956,0.0010532991455650838,0.0010532991455650838,0.0
1957,0.0010532963009520135,0.0010532963009520135,0.0
1958,0.0010533043948667633,0.0010533043948667633,0.0
1959,0.0010532956885530127,0.0010532956885530127,0.0
1960,0.001053295876828906,0.001053295876828906,0.0
1961,0.0010533034702469928,0.0010533034702469928,0.0
1962,0.0010532950635985627,0.0010532950635985627,0.0
1963,0.0010532938252391464,0.0010532938252391464,0.0
1964,0.0010533078079308414,0.0010533078079308414,0.0
1965,0.0010532984049458208,0.0010532984049458208,0.0
1966,0.0010532945980916667,0.0010532945980916667,0.0
1967,0.001053293167327348,0.001053293167327348,0.0
1968,0.0010533058461149854,0.0010533058461149854,0.0
1969,0.0010533004983051594,0.0010533004983051594,0.0
1970,0.0010532934340777979,0.0010532934340777979,0.0
1971,0.0010532987007253409,0.0010532987007253409,0.0
1972,0.0010532993309673082,0.0010532993309673082,0.0
1973,0.0010532930751690538,0.0010532930751690538,0.0
1974,0.0010533103154562863,0.0010533103154562863,0.0
1975,0.0010532917756025924,0.0010532917756025924,0.0
1976,0.0010532999102526868,0.0010532999102526868,0.0
1977,0.0010532929160102392,0.0010532929160102392,0.0
1978,0.001053298225506043,0.001053298225506043,0.0
1979,0.0010532928425810468,0.0010532928425810468,0.0
1980,0.0010532933056325616,0.0010532933056325616,0.0
1981,0.0010532924823045376,0.0010532924823045376,0.0
1982,0.001053296151289858,0.001053296151289858,0.0
1983,0.0010532923711119545,0.0010532923711119545,0.0
1984,0.0010532928167330644,0.0010532928167330644,0.0
1985,0.001053295297800631,0.001053295297800631,0.0
1986,0.0010532960690856458,0.0010532960690856458,0.0
1987,0.001053291561555189,0.001053291561555189,0.0
1988,0.0010532976938282005,0.0010532976938282005,0.0
1989,0.0010532912845117451,0.0010532912845117451,0.0
1990,0.001053291105232903,0.001053291105232903,0.0
1991,0.0010532991801113405,0.0010532991801113405,0.0
1992,0.0010532957464106482,0.0010532957464106482,0.0
1993,0.001053291156027412,0.001053291156027412,0.0
1994,0.0010532950844482543,0.0010532950844482543,0.0
1995,0.001053291129186093,0.001053291129186093,0.0
1996,0.0010532936604416595,0.0010532936604416595,0.0
1997,0.0010532970210752552,0.0010532970210752552,0.0
1998,0.0010532906861679605,0.0010532906861679605,0.0
1999,0.001053293594279153,0.001053293594279153,0.0
2000,0.0010532921172978686,0.0010532921172978686,0.0
2001,0.0010532955913379767,0.0010532955913379767,0.0
2002,0.001053290422372199,0.001053290422372199,0.0
2003,0.0010532943114691235,0.0010532943114691235,0.0
2004,0.0010532905599570626,0.0010532905599570626,0.0
2005,0.001053289541341246,0.001053289541341246,0.0
2006,0.0010532934789174494,0.0010532934789174494,0.0
2007,0.0010532936516081388,0.0010532936516081388,0.0
2008,0.0010532903556781962,0.0010532903556781962,0.0
2009,0.0010532950055614097,0.0010532950055614097,0.0
2010,0.0010532901724894363,0.0010532901724894363,0.0
2011,0.001053292048975259,0.001053292048975259,0.0
2012,0.001053291666481688,0.001053291666481688,0.0
2013,0.0010532904992870608,0.0010532904992870608,0.0
2014,0.0010532948427349094,0.0010532948427349094,0.0
2015,0.0010532899026451392,0.0010532899026451392,0.0
2016,0.00105329464823102,0.00105329464823102,0.0
2017,0.0010532897993545374,0.0010532897993545374,0.0
2018,0.0010532927400775192,0.0010532927400775192,0.0
2019,0.0010532899622560123,0.0010532899622560123,0.0
2020,0.0010532913793729467,0.0010532913793729467,0.0
2021,0.001053292234302116,0.001053292234302116,0.0
2022,0.0010532898817403888,0.0010532898817403888,0.0
2023,0.001053291787552062,0.001053291787552062,0.0
2024,0.001053289834889712,0.001053289834889712,0.0
2025,0.0010532927086982272,0.0010532927086982272,0.0
2026,0.001053289687979819,0.001053289687979819,0.0
2027,0.001053291632520699,0.001053291632520699,0.0
2028,0.0010532897740816183,0.0010532897740816183,0.0
2029,0.0010532918896874154,0.0010532918896874154,0.0
2030,0.0010532896813100032,0.0010532896813100032,0.0
2031,0.0010532900750917212,0.0010532900750917212,0.0
2032,0.0010532892849032028,0.0010532892849032028,0.0
2033,0.0010532918650591621,0.0010532918650591621,0.0
2034,0.001053289258468579,0.001053289258468579,0.0
2035,0.001053291981384584,0.001053291981384584,0.0
2036,0.001053291888791224,0.001053291888791224,0.0
2037,0.0010532893832733846,0.0010532893832733846,0.0
2038,0.0010532899522533877,0.0010532899522533877,0.0
2039,0.0010532915562099913,0.0010532915562099913,0.0
2040,0.0010532892066473635,0.0010532892066473635,0.0
2041,0.0010532919584544942,0.0010532919584544942,0.0
2042,0.001053289139785933,0.001053289139785933,0.0
2043,0.0010532900262534585,0.0010532900262534585,0.0
2044,0.0010532887815287943,0.0010532887815287943,0.0
2045,0.0010532901284678788,0.0010532901284678788,0.0
2046,0.0010532910014988612,0.0010532910014988612,0.0
2047,0.0010532890673979123,0.0010532890673979123,0.0
2048,0.001053290505281894,0.001053290505281894,0.0
2049,0.001053289093427048,0.001053289093427048,0.0
2050,0.0010532900667605115,0.0010532900667605115,0.0
2051,0.0010532891171312554,0.0010532891171312554,0.0
2052,0.001053289511832707,0.001053289511832707,0.0
2053,0.0010532899638957393,0.0010532899638957393,0.0
2054,0.0010532890877147322,0.0010532890877147322,0.0
2055,0.001053289560332192,0.001053289560332192,0.0
2056,0.0010532890554085204,0.0010532890554085204,0.0
2057,0.0010532889971355912,0.0010532889971355912,0.0
2058,0.0010532893515722366,0.0010532893515722366,0.0
2059,0.0010532896984977258,0.0010532896984977258,0.0
2060,0.001053288914264801,0.001053288914264801,0.0
2061,0.0010532891192259264,0.0010532891192259264,0.0
2062,0.0010532888131928402,0.0010532888131928402,0.0
2063,0.0010532892257928057,0.0010532892257928057,0.0
2064,0.0010532889138339927,0.0010532889138339927,0.0
2065,0.001053288981968845,0.001053288981968845,0.0
2066,0.0010532881218466037,0.0010532881218466037,0.0
2067,0.0010532883127124125,0.0010532883127124125,0.0
2068,0.0010532891218415687,0.0010532891218415687,0.0
2069,0.0010532895261804985,0.0010532895261804985,0.0
2070,0.0010532886169501235,0.0010532886169501235,0.0
2071,0.0010532898497332705,0.0010532898497332705,0.0
2072,0.0010532885756313476,0.0010532885756313476,0.0
2073,0.0010532892049745508,0.0010532892049745508,0.0
2074,0.0010532889848860543,0.0010532889848860543,0.0
2075,0.0010532890956003636,0.0010532890956003636,0.0
2076,0.0010532892516134389,0.0010532892516134389,0.0
2077,0.0010532885860169501,0.0010532885860169501,0.0
2078,0.0010532894208961417,0.0010532894208961417,0.0
2079,0.0010532885643748434,0.0010532885643748434,0.0
2080,0.001053289043380505,0.001053289043380505,0.0
2081,0.001053288305357529,0.001053288305357529,0.0
2082,0.0010532891615791027,0.0010532891615791027,0.0
2083,0.0010532885488577504,0.0010532885488577504,0.0
2084,0.0010532885155545894,0.0010532885155545894,0.0
2085,0.0010532881264221196,0.0010532881264221196,0.0
2086,0.0010532884331206,0.0010532884331206,0.0
2087,0.0010532885980234124,0.0010532885980234124,0.0
2088,0.0010532885854444263,0.0010532885854444263,0.0
2089,0.0010532886610034003,0.0010532886610034003,0.0
2090,0.0010532887940080244,0.0010532887940080244,0.0
2091,0.0010532887274094188,0.0010532887274094188,0.0
2092,0.0010532880977280627,0.0010532880977280627,0.0
2093,0.0010532887607345397,0.0010532887607345397,0.0
2094,0.001053288704773216,0.001053288704773216,0.0
2095,0.0010532887760081064,0.0010532887760081064,0.0
2096,0.001053288625383184,0.001053288625383184,0.0
2097,0.0010532886887051666,0.0010532886887051666,0.0
2098,0.0010532890426017457,0.0010532890426017457,0.0
2099,0.0010532882430533466,0.0010532882430533466,0.0
2100,0.0010532889221219447,0.0010532889221219447,0.0
2101,0.001053288239982256,0.001053288239982256,0.0
2102,0.0010532888880955928,0.0010532888880955928,0.0
2103,0.0010532882327395048,0.0010532882327395048,0.0
2104,0.0010532887516572728,0.0010532887516572728,0.0
2105,0.0010532882456617022,0.0010532882456617022,0.0
2106,0.0010532888373836185,0.0010532888373836185,0.0
2107,0.0010532882248805574,0.0010532882248805574,0.0
2108,0.001053288743746102,0.001053288743746102,0.0
2109,0.0010532882235668702,0.0010532882235668702,0.0
2110,0.0010532881666560007,0.0010532881666560007,0.0
2111,0.00105328888377182,0.00105328888377182,0.0
2112,0.0010532881809384549,0.0010532881809384549,0.0
2113,0.0010532879341177762,0.0010532879341177762,0.0
2114,0.0010532881817303236,0.0010532881817303236,0.0
2115,0.0010532887097027188,0.0010532887097027188,0.0
2116,0.0010532881710445898,0.0010532881710445898,0.0
2117,0.001053288023216176,0.001053288023216176,0.0
2118,0.0010532879324117587,0.0010532879324117587,0.0
2119,0.0010532883421393142,0.0010532883421393142,0.0
2120,0.0010532877029721757,0.0010532877029721757,0.0
2121,0.0010532877567015417,0.0010532877567015417,0.0
2122,0.0010532883529862493,0.0010532883529862493,0.0
2123,0.0010532882118365974,0.0010532882118365974,0.0
2124,0.0010532884865297842,0.0010532884865297842,0.0
2125,0.0010532880182471203,0.0010532880182471203,0.0
2126,0.001053288165886532,0.001053288165886532,0.0
2127,0.0010532880255889655,0.0010532880255889655,0.0
2128,0.0010532879606404573,0.0010532879606404573,0.0
2129,0.0010532879232202736,0.0010532879232202736,0.0
2130,0.0010532878193006566,0.0010532878193006566,0.0
2131,0.0010532878317667928,0.0010532878317667928,0.0
2132,0.0010532881149888493,0.0010532881149888493,0.0
2133,0.001053288018597983,0.001053288018597983,0.0
2134,0.0010532878243663748,0.0010532878243663748,0.0
2135,0.0010532879468790595,0.0010532879468790595,0.0
2136,0.0010532881051661652,0.0010532881051661652,0.0
2137,0.0010532879140749015,0.0010532879140749015,0.0
2138,0.0010532878189813953,0.0010532878189813953,0.0
2139,0.0010532876991850885,0.0010532876991850885,0.0
2140,0.0010532879910898285,0.0010532879910898285,0.0
2141,0.0010532878513201962,0.0010532878513201962,0.0
2142,0.0010532881272311927,0.0010532881272311927,0.0
2143,0.0010532878115751974,0.0010532878115751974,0.0
2144,0.0010532881834573577,0.0010532881834573577,0.0
2145,0.0010532878026491806,0.0010532878026491806,0.0
2146,0.0010532877419364964,0.0010532877419364964,0.0
2147,0.001053287631099442,0.001053287631099442,0.0
2148,0.0010532878398089582,0.0010532878398089582,0.0
2149,0.001053287862960649,0.001053287862960649,0.0
2150,0.0010532876830462875,0.0010532876830462875,0.0
2151,0.0010532876125540012,0.0010532876125540012,0.0
2152,0.001053287855625332,0.001053287855625332,0.0
2153,0.0010532878653502146,0.0010532878653502146,0.0
2154,0.0010532876135912433,0.0010532876135912433,0.0
2155,0.0010532877461590306,0.0010532877461590306,0.0
2156,0.001053287666338826,0.001053287666338826,0.0
2157,0.0010532876704909965,0.0010532876704909965,0.0
2158,0.001053287880985291,0.001053287880985291,0.0
2159,0.0010532876496822125,0.0010532876496822125,0.0
2160,0.0010532877825689443,0.0010532877825689443,0.0
2161,0.0010532878914808546,0.0010532878914808546,0.0
2162,0.001053287640316189,0.001053287640316189,0.0
2163,0.0010532875771856172,0.0010532875771856172,0.0
2164,0.0010532878561200771,0.0010532878561200771,0.0
2165,0.001053287494716253,0.001053287494716253,0.0
2166,0.0010532876471967515,0.0010532876471967515,0.0
2167,0.001053287547096604,0.001053287547096604,0.0
2168,0.001053287636442366,0.001053287636442366,0.0
2169,0.001053287463639517,0.001053287463639517,0.0
2170,0.0010532876658638564,0.0010532876658638564,0.0
2171,0.0010532874948478127,0.0010532874948478127,0.0
2172,0.0010532875416294867,0.0010532875416294867,0.0
2173,0.0010532878989699946,0.0010532878989699946,0.0
2174,0.0010532875256478507,0.0010532875256478507,0.0
2175,0.0010532874080603604,0.0010532874080603604,0.0
2176,0.0010532875670171155,0.0010532875670171155,0.0
2177,0.0010532875739322465,0.0010532875739322465,0.0
2178,0.0010532873599549324,0.0010532873599549324,0.0
2179,0.0010532874535672955,0.0010532874535672955,0.0
2180,0.0010532875326323217,0.0010532875326323217,0.0
2181,0.0010532875563871056,0.0010532875563871056,0.0
2182,0.001053287517938223,0.001053287517938223,0.0
2183,0.001053287278194807,0.001053287278194807,0.0
2184,0.001053287279443022,0.001053287279443022,0.0
2185,0.0010532872710199415,0.0010532872710199415,0.0
2186,0.001053287307896864,0.001053287307896864,0.0
2187,0.0010532875038970586,0.0010532875038970586,0.0
2188,0.0010532874238397363,0.0010532874238397363,0.0
2189,0.0010532873093732095,0.0010532873093732095,0.0
2190,0.0010532872595230515,0.0010532872595230515,0.0
2191,0.001053287404844366,0.001053287404844366,0.0
2192,0.0010532874341053966,0.0010532874341053966,0.0
2193,0.0010532874735342443,0.0010532874735342443,0.0
2194,0.0010532873930802881,0.0010532873930802881,0.0
2195,0.0010532872734012367,0.0010532872734012367,0.0
2196,0.0010532873447766263,0.0010532873447766263,0.0
2197,0.0010532873665160248,0.0010532873665160248,0.0
2198,0.0010532871162204516,0.0010532871162204516,0.0
2199,0.0010532871118964732,0.0010532871118964732,0.0
2200,0.0010532872020651753,0.0010532872020651753,0.0
2201,0.001053287450098282,0.001053287450098282,0.0
2202,0.0010532872151344142,0.0010532872151344142,0.0
2203,0.0010532871124330576,0.0010532871124330576,0.0
2204,0.0010532872923966344,0.0010532872923966344,0.0
2205,0.0010532871011083994,0.0010532871011083994,0.0
2206,0.0010532872883837403,0.0010532872883837403,0.0
2207,0.0010532874844131383,0.0010532874844131383,0.0
2208,0.001053287220665871,0.001053287220665871,0.0
2209,0.00105328727207513,0.00105328727207513,0.0
2210,0.001053287281357709,0.001053287281357709,0.0
2211,0.0010532870001282299,0.0010532870001282299,0.0
2212,0.0010532870380410343,0.0010532870380410343,0.0
2213,0.001053287061943172,0.001053287061943172,0.0
2214,0.001053287198555693,0.001053287198555693,0.0
2215,0.0010532870492018305,0.0010532870492018305,0.0
2216,0.001053287168581449,0.001053287168581449,0.0
2217,0.0010532870047124426,0.0010532870047124426,0.0
2218,0.001053287115479191,0.001053287115479191,0.0
2219,0.0010532872039370033,0.0010532872039370033,0.0
2220,0.0010532868225825898,0.0010532868225825898,0.0
2221,0.0010532866875791898,0.0010532866875791898,0.0
2222,0.001053286960312568,0.001053286960312568,0.0
2223,0.0010532872353875972,0.0010532872353875972,0.0
2224,0.0010532868319091285,0.0010532868319091285,0.0
2225,0.0010532867948571745,0.0010532867948571745,0.0
2226,0.0010532871568075463,0.0010532871568075463,0.0
2227,0.001053286770831992,0.001053286770831992,0.0
2228,0.0010532868485242169,0.0010532868485242169,0.0
2229,0.0010532869998619073,0.0010532869998619073,0.0
2230,0.00105328672997803,0.00105328672997803,0.0
2231,0.001053286926111451,0.001053286926111451,0.0
2232,0.0010532869555024379,0.0010532869555024379,0.0
2233,0.001053287022962051,0.001053287022962051,0.0
2234,0.0010532867996104161,0.0010532867996104161,0.0
2235,0.0010532868462980708,0.0010532868462980708,0.0
2236,0.0010532866908635492,0.0010532866908635492,0.0
2237,0.0010532868212632346,0.0010532868212632346,0.0
2238,0.0010532867188563142,0.0010532867188563142,0.0
2239,0.001053286648315731,0.001053286648315731,0.0
2240,0.0010532868428799716,0.0010532868428799716,0.0
2241,0.001053286945007979,0.001053286945007979,0.0
2242,0.0010532866413769202,0.0010532866413769202,0.0
2243,0.0010532868482029778,0.0010532868482029778,0.0
2244,0.001053286411239951,0.001053286411239951,0.0
2245,0.0010532862270280653,0.0010532862270280653,0.0
2246,0.001053286653927549,0.001053286653927549,0.0
2247,0.001053286357591652,0.001053286357591652,0.0
2248,0.001053286606768211,0.001053286606768211,0.0
2249,0.001053286744741223,0.001053286744741223,0.0
2250,0.0010532866782984147,0.0010532866782984147,0.0
2251,0.0010532863993231113,0.0010532863993231113,0.0
2252,0.0010532865341378087,0.0010532865341378087,0.0
2253,0.0010532863040236381,0.0010532863040236381,0.0
2254,0.0010532865316083095,0.0010532865316083095,0.0
2255,0.001053286391056939,0.001053286391056939,0.0
2256,0.0010532863475355438,0.0010532863475355438,0.0
2257,0.0010532862385413944,0.0010532862385413944,0.0
2258,0.0010532866938271117,0.0010532866938271117,0.0
2259,0.0010532862476222205,0.0010532862476222205,0.0
2260,0.001053286387197508,0.001053286387197508,0.0
2261,0.0010532866719757034,0.0010532866719757034,0.0
2262,0.0010532862773566399,0.0010532862773566399,0.0
2263,0.0010532860232285437,0.0010532860232285437,0.0
2264,0.001053285844885483,0.001053285844885483,0.0
2265,0.0010532863355062286,0.0010532863355062286,0.0
2266,0.0010532864369196377,0.0010532864369196377,0.0
2267,0.0010532862010867513,0.0010532862010867513,0.0
2268,0.0010532859938249138,0.0010532859938249138,0.0
2269,0.0010532861013765819,0.0010532861013765819,0.0
2270,0.0010532860131722136,0.0010532860131722136,0.0
2271,0.001053286024744728,0.001053286024744728,0.0
2272,0.001053285951795713,0.001053285951795713,0.0
2273,0.0010532863088209886,0.0010532863088209886,0.0
2274,0.0010532858210571033,0.0010532858210571033,0.0
2275,0.0010532857365551584,0.0010532857365551584,0.0
2276,0.0010532859521947835,0.0010532859521947835,0.0
2277,0.0010532861022710493,0.0010532861022710493,0.0
2278,0.0010532857209192084,0.0010532857209192084,0.0
2279,0.0010532856491601015,0.0010532856491601015,0.0
2280,0.0010532857398374623,0.0010532857398374623,0.0
2281,0.0010532859150309294,0.0010532859150309294,0.0
2282,0.0010532859743273262,0.0010532859743273262,0.0
2283,0.0010532856787100915,0.0010532856787100915,0.0
2284,0.0010532856466719765,0.0010532856466719765,0.0
2285,0.0010532858084162401,0.0010532858084162401,0.0
2286,0.0010532855947375907,0.0010532855947375907,0.0
2287,0.0010532857247089861,0.0010532857247089861,0.0
2288,0.0010532854801971836,0.0010532854801971836,0.0
2289,0.0010532854828496912,0.0010532854828496912,0.0
2290,0.0010532853468671866,0.0010532853468671866,0.0
2291,0.001053285200008436,0.001053285200008436,0.0
2292,0.0010532855967016492,0.0010532855967016492,0.0
2293,0.0010532854899339202,0.0010532854899339202,0.0
2294,0.0010532856703000036,0.0010532856703000036,0.0
2295,0.001053285596306896,0.001053285596306896,0.0
2296,0.0010532855568560137,0.0010532855568560137,0.0
2297,0.0010532854417816644,0.0010532854417816644,0.0
2298,0.0010532857342614604,0.0010532857342614604,0.0
2299,0.0010532851921823776,0.0010532851921823776,0.0
2300,0.001053285183322475,0.001053285183322475,0.0
2301,0.001053285185284495,0.001053285185284495,0.0
2302,0.0010532854798593597,0.0010532854798593597,0.0
2303,0.0010532851065020695,0.0010532851065020695,0.0
2304,0.0010532851860875366,0.0010532851860875366,0.0
2305,0.001053285127429788,0.001053285127429788,0.0
2306,0.0010532851070860544,0.0010532851070860544,0.0
2307,0.0010532853821174242,0.0010532853821174242,0.0
2308,0.001053285103465143,0.001053285103465143,0.0
2309,0.0010532853712524127,0.0010532853712524127,0.0
2310,0.0010532853871080433,0.0010532853871080433,0.0
2311,0.001053284962032843,0.001053284962032843,0.0
2312,0.0010532850541843566,0.0010532850541843566,0.0
2313,0.0010532850226696022,0.0010532850226696022,0.0
2314,0.0010532849782128267,0.0010532849782128267,0.0
2315,0.0010532849726610106,0.0010532849726610106,0.0
2316,0.0010532849401970442,0.0010532849401970442,0.0
2317,0.0010532853466436723,0.0010532853466436723,0.0
2318,0.001053284945252671,0.001053284945252671,0.0
2319,0.0010532852246244668,0.0010532852246244668,0.0
2320,0.0010532850029289938,0.0010532850029289938,0.0
2321,0.001053284864496887,0.001053284864496887,0.0
2322,0.0010532853050027203,0.0010532853050027203,0.0
2323,0.0010532847838403054,0.0010532847838403054,0.0
2324,0.0010532851317455784,0.0010532851317455784,0.0
2325,0.0010532848997041049,0.0010532848997041049,0.0
2326,0.001053285114134726,0.001053285114134726,0.0
2327,0.0010532851303813706,0.0010532851303813706,0.0
2328,0.001053285042305817,0.001053285042305817,0.0
2329,0.001053284642588973,0.001053284642588973,0.0
2330,0.0010532847018487898,0.0010532847018487898,0.0
2331,0.0010532850036324628,0.0010532850036324628,0.0
2332,0.0010532852223841293,0.0010532852223841293,0.0
2333,0.0010532848568255533,0.0010532848568255533,0.0
2334,0.0010532847849864496,0.0010532847849864496,0.0
2335,0.0010532851615409908,0.0010532851615409908,0.0
2336,0.0010532848438271284,0.0010532848438271284,0.0
2337,0.0010532847445030118,0.0010532847445030118,0.0
2338,0.0010532847359155729,0.0010532847359155729,0.0
2339,0.0010532846974599735,0.0010532846974599735,0.0
2340,0.0010532850985188373,0.0010532850985188373,0.0
2341,0.0010532847804705782,0.0010532847804705782,0.0
2342,0.0010532846024017845,0.0010532846024017845,0.0
2343,0.0010532847576646463,0.0010532847576646463,0.0
2344,0.0010532849857211191,0.0010532849857211191,0.0
2345,0.0010532850109584565,0.0010532850109584565,0.0
2346,0.0010532847583814915,0.0010532847583814915,0.0
2347,0.0010532849958094467,0.0010532849958094467,0.0
2348,0.0010532847537730076,0.0010532847537730076,0.0
2349,0.0010532849334640645,0.0010532849334640645,0.0
2350,0.0010532848861835899,0.0010532848861835899,0.0
2351,0.0010532847263871553,0.0010532847263871553,0.0
2352,0.0010532847910015484,0.0010532847910015484,0.0
2353,0.0010532846357828804,0.0010532846357828804,0.0
2354,0.0010532848276247806,0.0010532848276247806,0.0
2355,0.0010532851336261372,0.0010532851336261372,0.0
2356,0.001053284671121512,0.001053284671121512,0.0
2357,0.0010532848649957168,0.0010532848649957168,0.0
2358,0.0010532846860224485,0.0010532846860224485,0.0
2359,0.0010532847086345029,0.0010532847086345029,0.0
2360,0.0010532846517517494,0.0010532846517517494,0.0
2361,0.0010532845614436245,0.0010532845614436245,0.0
2362,0.0010532847187842947,0.0010532847187842947,0.0
2363,0.001053284908027109,0.001053284908027109,0.0
2364,0.0010532846448152756,0.0010532846448152756,0.0
2365,0.001053284909570811,0.001053284909570811,0.0
2366,0.0010532846324185976,0.0010532846324185976,0.0
2367,0.0010532845372006679,0.0010532845372006679,0.0
2368,0.0010532846256961165,0.0010532846256961165,0.0
2369,0.0010532845981773575,0.0010532845981773575,0.0
2370,0.0010532845877130154,0.0010532845877130154,0.0
2371,0.0010532845215380133,0.0010532845215380133,0.0
2372,0.001053284648525404,0.001053284648525404,0.0
2373,0.0010532845412254787,0.0010532845412254787,0.0
2374,0.0010532846977191817,0.0010532846977191817,0.0
2375,0.001053284609620239,0.001053284609620239,0.0
2376,0.001053284538070611,0.001053284538070611,0.0
2377,0.0010532848203834665,0.0010532848203834665,0.0
2378,0.0010532845561826247,0.0010532845561826247,0.0
2379,0.0010532846703917654,0.0010532846703917654,0.0
2380,0.0010532844577848279,0.0010532844577848279,0.0
2381,0.0010532845258724788,0.0010532845258724788,0.0
2382,0.0010532844764939164,0.0010532844764939164,0.0
2383,0.0010532845068409486,0.0010532845068409486,0.0
2384,0.0010532846179708885,0.0010532846179708885,0.0
2385,0.001053284547622144,0.001053284547622144,0.0
2386,0.001053284464307153,0.001053284464307153,0.0
2387,0.0010532843996600215,0.0010532843996600215,0.0
2388,0.0010532844474129411,0.0010532844474129411,0.0
2389,0.0010532845172963221,0.0010532845172963221,0.0
2390,0.0010532843762398527,0.0010532843762398527,0.0
2391,0.0010532844250680012,0.0010532844250680012,0.0
2392,0.0010532845955454006,0.0010532845955454006,0.0
2393,0.0010532845325705495,0.0010532845325705495,0.0
2394,0.0010532845365243272,0.0010532845365243272,0.0
2395,0.0010532845352335962,0.0010532845352335962,0.0
2396,0.0010532845782293616,0.0010532845782293616,0.0
2397,0.0010532843842029776,0.0010532843842029776,0.0
2398,0.0010532845751230994,0.0010532845751230994,0.0
2399,0.0010532844544570677,0.0010532844544570677,0.0
2400,0.0010532843198441735,0.0010532843198441735,0.0
2401,0.0010532842960527256,0.0010532842960527256,0.0
2402,0.0010532843793612536,0.0010532843793612536,0.0
2403,0.0010532844808500343,0.0010532844808500343,0.0
2404,0.0010532843305583644,0.0010532843305583644,0.0
2405,0.001053284515511585,0.001053284515511585,0.0
2406,0.0010532843866770938,0.0010532843866770938,0.0
2407,0.0010532844911854355,0.0010532844911854355,0.0
2408,0.0010532844053838383,0.0010532844053838383,0.0
2409,0.0010532844272501981,0.0010532844272501981,0.0
2410,0.0010532842886064222,0.0010532842886064222,0.0
2411,0.0010532843620427701,0.0010532843620427701,0.0
2412,0.0010532843393787593,0.0010532843393787593,0.0
2413,0.0010532844496167345,0.0010532844496167345,0.0
2414,0.0010532843030095064,0.0010532843030095064,0.0
2415,0.0010532845201625875,0.0010532845201625875,0.0
2416,0.0010532843536656868,0.0010532843536656868,0.0
2417,0.0010532844033882844,0.0010532844033882844,0.0
2418,0.0010532842217001897,0.0010532842217001897,0.0
2419,0.0010532842373233257,0.0010532842373233257,0.0
2420,0.0010532842777222576,0.0010532842777222576,0.0
2421,0.001053284300812177,0.001053284300812177,0.0
2422,0.0010532841983595458,0.0010532841983595458,0.0
2423,0.0010532842402148493,0.0010532842402148493,0.0
2424,0.0010532842897703857,0.0010532842897703857,0.0
2425,0.001053284270538176,0.001053284270538176,0.0
2426,0.0010532843170374525,0.0010532843170374525,0.0
2427,0.0010532843548553188,0.0010532843548553188,0.0
2428,0.0010532840925103239,0.0010532840925103239,0.0
2429,0.001053283983515108,0.001053283983515108,0.0
2430,0.0010532842831257633,0.0010532842831257633,0.0
2431,0.0010532840825124628,0.0010532840825124628,0.0
2432,0.001053284150723642,0.001053284150723642,0.0
2433,0.00105328412600101,0.00105328412600101,0.0
2434,0.0010532842799759014,0.0010532842799759014,0.0
2435,0.0010532840330471597,0.0010532840330471597,0.0
2436,0.0010532841889067076,0.0010532841889067076,0.0
2437,0.0010532840915092904,0.0010532840915092904,0.0
2438,0.0010532842662022365,0.0010532842662022365,0.0
2439,0.001053284042451765,0.001053284042451765,0.0
2440,0.0010532842173192564,0.0010532842173192564,0.0
2441,0.00105328404732965,0.00105328404732965,0.0
2442,0.0010532842005557292,0.0010532842005557292,0.0
2443,0.001053284054923309,0.001053284054923309,0.0
2444,0.001053284015192148,0.001053284015192148,0.0
2445,0.001053284081142719,0.001053284081142719,0.0
2446,0.0010532839146008485,0.0010532839146008485,0.0
2447,0.0010532838946471883,0.0010532838946471883,0.0
2448,0.0010532839796645837,0.0010532839796645837,0.0
2449,0.001053284022043038,0.001053284022043038,0.0
2450,0.0010532838095305601,0.0010532838095305601,0.0
2451,0.001053283696167183,0.001053283696167183,0.0
2452,0.0010532839999175408,0.0010532839999175408,0.0
2453,0.0010532840424885654,0.0010532840424885654,0.0
2454,0.001053283815226925,0.001053283815226925,0.0
2455,0.0010532838466629365,0.0010532838466629365,0.0
2456,0.0010532838348547382,0.0010532838348547382,0.0
2457,0.0010532837788486012,0.0010532837788486012,0.0
2458,0.0010532837770703227,0.0010532837770703227,0.0
2459,0.0010532836836027696,0.0010532836836027696,0.0
2460,0.0010532836034151494,0.0010532836034151494,0.0
2461,0.0010532837712203327,0.0010532837712203327,0.0
2462,0.0010532837738401928,0.0010532837738401928,0.0
2463,0.0010532836761740017,0.0010532836761740017,0.0
2464,0.0010532837823639403,0.0010532837823639403,0.0
2465,0.0010532835889774154,0.0010532835889774154,0.0
2466,0.0010532835707939107,0.0010532835707939107,0.0
2467,0.0010532834542240908,0.0010532834542240908,0.0
2468,0.001053283272041605,0.001053283272041605,0.0
2469,0.0010532836600541777,0.0010532836600541777,0.0
2470,0.001053283492531619,0.001053283492531619,0.0
2471,0.0010532835775795596,0.0010532835775795596,0.0
2472,0.0010532832444030468,0.0010532832444030468,0.0
2473,0.0010532829482589998,0.0010532829482589998,0.0
2474,0.0010532833341862172,0.0010532833341862172,0.0
2475,0.001053283325821292,0.001053283325821292,0.0
2476,0.0010532833332999865,0.0010532833332999865,0.0
2477,0.0010532831765111535,0.0010532831765111535,0.0
2478,0.001053283237446313,0.001053283237446313,0.0
2479,0.0010532832634937233,0.0010532832634937233,0.0
2480,0.001053283139940487,0.001053283139940487,0.0
2481,0.00105328314853501,0.00105328314853501,0.0
2482,0.0010532831572609197,0.0010532831572609197,0.0
2483,0.00105328308661222,0.00105328308661222,0.0
2484,0.0010532829632578697,0.0010532829632578697,0.0
2485,0.0010532828361311758,0.0010532828361311758,0.0
2486,0.0010532826706507968,0.0010532826706507968,0.0
2487,0.001053282735540942,0.001053282735540942,0.0
2488,0.0010532827816056437,0.0010532827816056437,0.0
2489,0.0010532827718851409,0.0010532827718851409,0.0
2490,0.0010532826490118152,0.0010532826490118152,0.0
2491,0.0010532826113414954,0.0010532826113414954,0.0
2492,0.0010532825045658975,0.0010532825045658975,0.0
2493,0.0010532823172592469,0.0010532823172592469,0.0
2494,0.0010532827267274933,0.0010532827267274933,0.0
2495,0.0010532825132778944,0.0010532825132778944,0.0
2496,0.0010532825416338036,0.0010532825416338036,0.0
2497,0.0010532825765997532,0.0010532825765997532,0.0
2498,0.0010532824463188456,0.0010532824463188456,0.0
2499,0.0010532822142395738,0.0010532822142395738,0.0
2500,0.0010532820144390346,0.0010532820144390346,0.0
2501,0.0010532822670835205,0.0010532822670835205,0.0
2502,0.0010532821413371024,0.0010532821413371024,0.0
2503,0.001053281942412526,0.001053281942412526,0.0
2504,0.0010532816690227206,0.0010532816690227206,0.0
2505,0.001053281688635472,0.001053281688635472,0.0
2506,0.0010532815588514652,0.0010532815588514652,0.0
2507,0.0010532809932371832,0.0010532809932371832,0.0
2508,0.0010532815853501408,0.0010532815853501408,0.0
2509,0.0010532814318105262,0.0010532814318105262,0.0
2510,0.0010532817641174194,0.0010532817641174194,0.0
2511,0.0010532816344598292,0.0010532816344598292,0.0
2512,0.0010532815014314854,0.0010532815014314854,0.0
2513,0.0010532812306766229,0.0010532812306766229,0.0
2514,0.001053281540219525,0.001053281540219525,0.0
2515,0.0010532818578235033,0.0010532818578235033,0.0
2516,0.0010532813521723075,0.0010532813521723075,0.0
2517,0.0010532808898751865,0.0010532808898751865,0.0
2518,0.0010532805324431046,0.0010532805324431046,0.0
2519,0.0010532807592927773,0.0010532807592927773,0.0
2520,0.001053280731536135,0.001053280731536135,0.0
2521,0.0010532806517484937,0.0010532806517484937,0.0
2522,0.001053280303703044,0.001053280303703044,0.0
2523,0.001053279722218403,0.001053279722218403,0.0
2524,0.001053280333285842,0.001053280333285842,0.0
2525,0.0010532804178460767,0.0010532804178460767,0.0
2526,0.0010532808879037533,0.0010532808879037533,0.0
2527,0.001053280012743881,0.001053280012743881,0.0
2528,0.0010532801375013258,0.0010532801375013258,0.0
2529,0.001053280161008492,0.001053280161008492,0.0
2530,0.001053279770706289,0.001053279770706289,0.0
2531,0.0010532795732933187,0.0010532795732933187,0.0
2532,0.0010532790585431053,0.0010532790585431053,0.0
2533,0.0010532796184183188,0.0010532796184183188,0.0
2534,0.001053279426775596,0.001053279426775596,0.0
2535,0.0010532790419919634,0.0010532790419919634,0.0
2536,0.0010532784480028323,0.0010532784480028323,0.0
2537,0.001053278420384905,0.001053278420384905,0.0
2538,0.0010532771033900015,0.0010532771033900015,0.0
2539,0.0010532786281785202,0.0010532786281785202,0.0
2540,0.0010532799404417432,0.0010532799404417432,0.0
2541,0.0010532791399829424,0.0010532791399829424,0.0
2542,0.0010532783226644131,0.0010532783226644131,0.0
2543,0.0010532781824009183,0.0010532781824009183,0.0
2544,0.0010532786536567493,0.0010532786536567493,0.0
2545,0.0010532780086561944,0.0010532780086561944,0.0
2546,0.0010532779888814223,0.0010532779888814223,0.0
2547,0.001053277511430332,0.001053277511430332,0.0
2548,0.001053278144373795,0.001053278144373795,0.0
2549,0.00105327695393267,0.00105327695393267,0.0
2550,0.0010532757063081402,0.0010532757063081402,0.0
2551,0.0010532776992472246,0.0010532776992472246,0.0
2552,0.0010532775617837376,0.0010532775617837376,0.0
2553,0.0010532767599373974,0.0010532767599373974,0.0
2554,0.0010532765077884002,0.0010532765077884002,0.0
2555,0.001053276530723639,0.001053276530723639,0.0
2556,0.0010532760536735616,0.0010532760536735616,0.0
2557,0.0010532765964246984,0.0010532765964246984,0.0
2558,0.001053275762550814,0.001053275762550814,0.0
2559,0.0010532759058273942,0.0010532759058273942,0.0
2560,0.0010532757073446898,0.0010532757073446898,0.0
2561,0.001053275329443,0.001053275329443,0.0
2562,0.0010532744482818438,0.0010532744482818438,0.0
2563,0.0010532748183963905,0.0010532748183963905,0.0
2564,0.0010532747757423663,0.0010532747757423663,0.0
2565,0.001053274331094558,0.001053274331094558,0.0
2566,0.0010532730309727879,0.0010532730309727879,0.0
2567,0.0010532741509831753,0.0010532741509831753,0.0
2568,0.0010532740192995375,0.0010532740192995375,0.0
2569,0.001053273398232488,0.001053273398232488,0.0
2570,0.0010532744671532023,0.0010532744671532023,0.0
2571,0.0010532728373480983,0.0010532728373480983,0.0
2572,0.0010532712886870005,0.0010532712886870005,0.0
2573,0.0010532744850486149,0.0010532744850486149,0.0
2574,0.0010532724184489682,0.0010532724184489682,0.0
2575,0.0010532732730509458,0.0010532732730509458,0.0
2576,0.001053272152685271,0.001053272152685271,0.0
2577,0.001053271640810098,0.001053271640810098,0.0
2578,0.001053271508816983,0.001053271508816983,0.0
2579,0.001053271273732652,0.001053271273732652,0.0
2580,0.0010532698872242658,0.0010532698872242658,0.0
2581,0.0010532706733874316,0.0010532706733874316,0.0
2582,0.001053270197840165,0.001053270197840165,0.0
2583,0.0010532695449893973,0.0010532695449893973,0.0
2584,0.0010532673884585371,0.0010532673884585371,0.0
2585,0.0010532691478466502,0.0010532691478466502,0.0
2586,0.0010532691520861834,0.0010532691520861834,0.0
2587,0.0010532702714255045,0.0010532702714255045,0.0
2588,0.0010532698398181793,0.0010532698398181793,0.0
2589,0.0010532680851175734,0.0010532680851175734,0.0
2590,0.001053267608160835,0.001053267608160835,0.0
2591,0.0010532671084939023,0.0010532671084939023,0.0
2592,0.0010532651301842209,0.0010532651301842209,0.0
2593,0.001053267931892625,0.001053267931892625,0.0
2594,0.00105326590532892,0.00105326590532892,0.0
2595,0.0010532670015016177,0.0010532670015016177,0.0
2596,0.0010532658989172762,0.0010532658989172762,0.0
2597,0.0010532648165480513,0.0010532648165480513,0.0
2598,0.001053262035070246,0.001053262035070246,0.0
2599,0.0010532650982233828,0.0010532650982233828,0.0
2600,0.0010532644668052541,0.0010532644668052541,0.0
2601,0.0010532633503179132,0.0010532633503179132,0.0
2602,0.0010532639820326132,0.0010532639820326132,0.0
2603,0.0010532650728947626,0.0010532650728947626,0.0
2604,0.0010532623842214083,0.0010532623842214083,0.0
2605,0.0010532629060461842,0.0010532629060461842,0.0
2606,0.0010532633110237318,0.0010532633110237318,0.0
2607,0.0010532607953128476,0.0010532607953128476,0.0
2608,0.001053257425177584,0.001053257425177584,0.0
2609,0.001053260723034835,0.001053260723034835,0.0
2610,0.0010532622250879128,0.0010532622250879128,0.0
2611,0.0010532588488142796,0.0010532588488142796,0.0
2612,0.0010532609851929022,0.0010532609851929022,0.0
2613,0.001053258314030859,0.001053258314030859,0.0
2614,0.0010532599054469045,0.0010532599054469045,0.0
2615,0.001053260520534248,0.001053260520534248,0.0
2616,0.0010532581520287683,0.0010532581520287683,0.0
2617,0.0010532596853201532,0.0010532596853201532,0.0
2618,0.0010532577042898584,0.0010532577042898584,0.0
2619,0.001053257666282371,0.001053257666282371,0.0
2620,0.0010532561024610713,0.0010532561024610713,0.0
2621,0.001053253203010298,0.001053253203010298,0.0
2622,0.001053255699836349,0.001053255699836349,0.0
2623,0.00105325708633173,0.00105325708633173,0.0
2624,0.0010532557937486266,0.0010532557937486266,0.0
2625,0.0010532568195966607,0.0010532568195966607,0.0
2626,0.001053254865744614,0.001053254865744614,0.0
2627,0.0010532538610206663,0.0010532538610206663,0.0
2628,0.0010532545185568815,0.0010532545185568815,0.0
2629,0.00105325273542339,0.00105325273542339,0.0
2630,0.0010532497177925479,0.0010532497177925479,0.0
2631,0.0010532517067839055,0.0010532517067839055,0.0
2632,0.0010532511042317073,0.0010532511042317073,0.0
2633,0.0010532520875220206,0.0010532520875220206,0.0
2634,0.0010532514597922055,0.0010532514597922055,0.0
2635,0.0010532530511499815,0.0010532530511499815,0.0
2636,0.001053251558104921,0.001053251558104921,0.0
2637,0.0010532494793645685,0.0010532494793645685,0.0
2638,0.001053246518822053,0.001053246518822053,0.0
2639,0.0010532488546660015,0.0010532488546660015,0.0
2640,0.0010532504804359555,0.0010532504804359555,0.0
2641,0.0010532492659082542,0.0010532492659082542,0.0
2642,0.0010532465209066072,0.0010532465209066072,0.0
2643,0.001053246803877978,0.001053246803877978,0.0
2644,0.001053247820019269,0.001053247820019269,0.0
2645,0.0010532459993568316,0.0010532459993568316,0.0
2646,0.0010532440830122371,0.0010532440830122371,0.0
2647,0.0010532440302025332,0.0010532440302025332,0.0
2648,0.0010532396922557168,0.0010532396922557168,0.0
2649,0.0010532429238069032,0.0010532429238069032,0.0
2650,0.0010532448698666024,0.0010532448698666024,0.0
2651,0.0010532431217005493,0.0010532431217005493,0.0
2652,0.0010532408629691467,0.0010532408629691467,0.0
2653,0.001053242661618029,0.001053242661618029,0.0
2654,0.001053240502082436,0.001053240502082436,0.0
2655,0.0010532391634126388,0.0010532391634126388,0.0
2656,0.0010532345044534336,0.0010532345044534336,0.0
2657,0.0010532396085587944,0.0010532396085587944,0.0
2658,0.0010532415935940779,0.0010532415935940779,0.0
2659,0.0010532381440964494,0.0010532381440964494,0.0
2660,0.0010532397672550259,0.0010532397672550259,0.0
2661,0.0010532351036512606,0.0010532351036512606,0.0
2662,0.001053234578459311,0.001053234578459311,0.0
2663,0.0010532365795382667,0.0010532365795382667,0.0
2664,0.0010532345688144718,0.0010532345688144718,0.0
2665,0.0010532349349247092,0.0010532349349247092,0.0
2666,0.0010532322464284019,0.0010532322464284019,0.0
2667,0.0010532286777145204,0.0010532286777145204,0.0
2668,0.0010532303906519986,0.0010532303906519986,0.0
2669,0.001053231584861818,0.001053231584861818,0.0
2670,0.0010532301273737253,0.0010532301273737253,0.0
2671,0.0010532313897290181,0.0010532313897290181,0.0
2672,0.0010532294609910105,0.0010532294609910105,0.0
2673,0.0010532281328667545,0.0010532281328667545,0.0
2674,0.001053224946343328,0.001053224946343328,0.0
2675,0.001053229523472861,0.001053229523472861,0.0
2676,0.0010532247834356624,0.0010532247834356624,0.0
2677,0.0010532189297907109,0.0010532189297907109,0.0
2678,0.0010532264207479616,0.0010532264207479616,0.0
2679,0.0010532227800688246,0.0010532227800688246,0.0
2680,0.0010532223799134123,0.0010532223799134123,0.0
2681,0.0010532219650631791,0.0010532219650631791,0.0
2682,0.001053220506905788,0.001053220506905788,0.0
2683,0.001053220603730442,0.001053220603730442,0.0
2684,0.0010532190054806567,0.0010532190054806567,0.0
2685,0.0010532176453495854,0.0010532176453495854,0.0
2686,0.0010532127934701782,0.0010532127934701782,0.0
2687,0.0010532177819173685,0.0010532177819173685,0.0
2688,0.0010532164160873614,0.0010532164160873614,0.0
2689,0.0010532183647891805,0.0010532183647891805,0.0
2690,0.001053214660698763,0.001053214660698763,0.0
2691,0.0010532141056379216,0.0010532141056379216,0.0
2692,0.0010532119662351987,0.0010532119662351987,0.0
2693,0.0010532081336358985,0.0010532081336358985,0.0
2694,0.001053210110152925,0.001053210110152925,0.0
2695,0.0010532093405038361,0.0010532093405038361,0.0
2696,0.0010532062520229898,0.0010532062520229898,0.0
2697,0.0010532005211998001,0.0010532005211998001,0.0
2698,0.0010532059081701402,0.0010532059081701402,0.0
2699,0.0010532165111136452,0.0010532165111136452,0.0
2700,0.0010532059519593618,0.0010532059519593618,0.0
2701,0.001053205267347957,0.001053205267347957,0.0
2702,0.001053204035386215,0.001053204035386215,0.0
2703,0.0010532040069161617,0.0010532040069161617,0.0
2704,0.0010532077596254639,0.0010532077596254639,0.0
2705,0.0010532045930709915,0.0010532045930709915,0.0
2706,0.001053201404462715,0.001053201404462715,0.0
2707,0.0010532005860764489,0.0010532005860764489,0.0
2708,0.0010531965590013374,0.0010531965590013374,0.0
2709,0.0010531905574234536,0.0010531905574234536,0.0
2710,0.0010532036302074068,0.0010532036302074068,0.0
2711,0.0010531988495891301,0.0010531988495891301,0.0
2712,0.0010531962554640247,0.0010531962554640247,0.0
2713,0.0010531940000362767,0.0010531940000362767,0.0
2714,0.0010531946263128416,0.0010531946263128416,0.0
2715,0.0010531954578374744,0.0010531954578374744,0.0
2716,0.0010531950064940657,0.0010531950064940657,0.0
2717,0.0010531925175305025,0.0010531925175305025,0.0
2718,0.0010531893142594717,0.0010531893142594717,0.0
2719,0.0010531848339745016,0.0010531848339745016,0.0
2720,0.0010531884120154155,0.0010531884120154155,0.0
2721,0.0010531957086078103,0.0010531957086078103,0.0
2722,0.001053190680254161,0.001053190680254161,0.0
2723,0.0010531870549403439,0.0010531870549403439,0.0
2724,0.0010531875530891118,0.0010531875530891118,0.0
2725,0.00105318385821321,0.00105318385821321,0.0
2726,0.0010531812814388042,0.0010531812814388042,0.0
2727,0.0010531895721239675,0.0010531895721239675,0.0
2728,0.0010531807575799572,0.0010531807575799572,0.0
2729,0.0010531764229363037,0.0010531764229363037,0.0
2730,0.0010531812209122627,0.0010531812209122627,0.0
2731,0.0010531920433376862,0.0010531920433376862,0.0
2732,0.0010531788371901155,0.0010531788371901155,0.0
2733,0.0010531815867468135,0.0010531815867468135,0.0
2734,0.001053178028858243,0.001053178028858243,0.0
2735,0.0010531758630980136,0.0010531758630980136,0.0
2736,0.0010531731447498585,0.0010531731447498585,0.0
2737,0.001053172849861345,0.001053172849861345,0.0
2738,0.0010531685442411948,0.0010531685442411948,0.0
2739,0.0010531689860096693,0.0010531689860096693,0.0
2740,0.0010531714703486872,0.0010531714703486872,0.0
2741,0.0010531718215495243,0.0010531718215495243,0.0
2742,0.0010531756523995204,0.0010531756523995204,0.0
2743,0.0010531673290574103,0.0010531673290574103,0.0
2744,0.0010531669356614304,0.0010531669356614304,0.0
2745,0.001053176650669626,0.001053176650669626,0.0
2746,0.0010531745892157984,0.0010531745892157984,0.0
2747,0.0010531682691030263,0.0010531682691030263,0.0
2748,0.0010531588542034658,0.0010531588542034658,0.0
2749,0.0010531521038353135,0.0010531521038353135,0.0
2750,0.0010531659873839897,0.0010531659873839897,0.0
2751,0.0010531813234221433,0.0010531813234221433,0.0
2752,0.0010531554054532327,0.0010531554054532327,0.0
2753,0.0010531808787143128,0.0010531808787143128,0.0
2754,0.001053160218658486,0.001053160218658486,0.0
2755,0.0010531598226679977,0.0010531598226679977,0.0
2756,0.001053176256880876,0.001053176256880876,0.0
2757,0.0010531628967531462,0.0010531628967531462,0.0
2758,0.001053174193135601,0.001053174193135601,0.0
2759,0.0010531551716455136,0.0010531551716455136,0.0
2760,0.001053156180042964,0.001053156180042964,0.0
2761,0.0010531690072392644,0.0010531690072392644,0.0
2762,0.0010531689192456175,0.0010531689192456175,0.0
2763,0.0010531534432776039,0.0010531534432776039,0.0
2764,0.001053170710030121,0.001053170710030121,0.0
2765,0.001053155381312456,0.001053155381312456,0.0
2766,0.001053152961147601,0.001053152961147601,0.0
2767,0.00105315273440376,0.00105315273440376,0.0
2768,0.0010531705891820933,0.0010531705891820933,0.0
2769,0.0010531592487690393,0.0010531592487690393,0.0
2770,0.0010531712008890078,0.0010531712008890078,0.0
2771,0.001053158872803445,0.001053158872803445,0.0
2772,0.0010531719670009093,0.0010531719670009093,0.0
2773,0.001053159097599779,0.001053159097599779,0.0
2774,0.0010531611021298544,0.0010531611021298544,0.0
2775,0.001053160071705224,0.001053160071705224,0.0
2776,0.0010531440825026614,0.0010531440825026614,0.0
2777,0.0010531380318522458,0.0010531380318522458,0.0
2778,0.0010531481622006033,0.0010531481622006033,0.0
2779,0.0010531434841227294,0.0010531434841227294,0.0
2780,0.0010531489611939864,0.0010531489611939864,0.0
2781,0.0010531575626425089,0.0010531575626425089,0.0
2782,0.0010531448898884125,0.0010531448898884125,0.0
2783,0.0010531571530697705,0.0010531571530697705,0.0
2784,0.0010531434163441726,0.0010531434163441726,0.0
2785,0.0010531451953245707,0.0010531451953245707,0.0
2786,0.0010531453118759122,0.0010531453118759122,0.0
2787,0.0010531426554000944,0.0010531426554000944,0.0
2788,0.0010531495537210967,0.0010531495537210967,0.0
2789,0.001053151719874601,0.001053151719874601,0.0
2790,0.001053138611018504,0.001053138611018504,0.0
2791,0.0010531452730725653,0.0010531452730725653,0.0
2792,0.0010531345365079028,0.0010531345365079028,0.0
2793,0.0010531304471087437,0.0010531304471087437,0.0
2794,0.0010531338580816322,0.0010531338580816322,0.0
2795,0.001053143630241228,0.001053143630241228,0.0
2796,0.001053130999955985,0.001053130999955985,0.0
2797,0.0010531324783558406,0.0010531324783558406,0.0
2798,0.001053128997863259,0.001053128997863259,0.0
2799,0.001053127245106818,0.001053127245106818,0.0
2800,0.0010531376159711567,0.0010531376159711567,0.0
2801,0.001053136652381463,0.001053136652381463,0.0
2802,0.0010531276683770393,0.0010531276683770393,0.0
2803,0.0010531369000013199,0.0010531369000013199,0.0
2804,0.001053123768265341,0.001053123768265341,0.0
2805,0.0010531194699561616,0.0010531194699561616,0.0
2806,0.0010531242918980527,0.0010531242918980527,0.0
2807,0.0010531222015451337,0.0010531222015451337,0.0
2808,0.0010531244793975166,0.0010531244793975166,0.0
2809,0.0010531220330430443,0.0010531220330430443,0.0
2810,0.0010531231624958165,0.0010531231624958165,0.0
2811,0.00105311247052483,0.00105311247052483,0.0
2812,0.0010531066428232688,0.0010531066428232688,0.0
2813,0.0010531157845429745,0.0010531157845429745,0.0
2814,0.0010531105214336323,0.0010531105214336323,0.0
2815,0.001053104983584557,0.001053104983584557,0.0
2816,0.0010530947913513981,0.0010530947913513981,0.0
2817,0.0010531153366715848,0.0010531153366715848,0.0
2818,0.0010531108849012277,0.0010531108849012277,0.0
2819,0.0010531135685490519,0.0010531135685490519,0.0
2820,0.0010531017929053337,0.0010531017929053337,0.0
2821,0.0010530969109314807,0.0010530969109314807,0.0
2822,0.0010530962245751652,0.0010530962245751652,0.0
2823,0.0010531034893835351,0.0010531034893835351,0.0
2824,0.0010531005022448988,0.0010531005022448988,0.0
2825,0.0010530976199032616,0.0010530976199032616,0.0
2826,0.001053091131946206,0.001053091131946206,0.0
2827,0.001053088020573259,0.001053088020573259,0.0
2828,0.0010530868062895735,0.0010530868062895735,0.0
2829,0.0010530845875506415,0.0010530845875506415,0.0
2830,0.0010530899775715431,0.0010530899775715431,0.0
2831,0.001053083141837394,0.001053083141837394,0.0
2832,0.0010530842751808826,0.0010530842751808826,0.0
2833,0.0010530943552830485,0.0010530943552830485,0.0
2834,0.0010530827576997175,0.0010530827576997175,0.0
2835,0.0010530956870898722,0.0010530956870898722,0.0
2836,0.001053074356508767,0.001053074356508767,0.0
2837,0.0010530697491563411,0.0010530697491563411,0.0
2838,0.0010530794263065991,0.0010530794263065991,0.0
2839,0.0010530729908805494,0.0010530729908805494,0.0
2840,0.0010530743616071554,0.0010530743616071554,0.0
2841,0.0010530630904585937,0.0010530630904585937,0.0
2842,0.001053057144475076,0.001053057144475076,0.0
2843,0.0010530591499095549,0.0010530591499095549,0.0
2844,0.0010530713025671504,0.0010530713025671504,0.0
2845,0.0010530556706199142,0.0010530556706199142,0.0
2846,0.0010530522076657948,0.0010530522076657948,0.0
2847,0.0010530638929811046,0.0010530638929811046,0.0
2848,0.0010530601079135988,0.0010530601079135988,0.0
2849,0.0010530510174355642,0.0010530510174355642,0.0
2850,0.0010530546905076121,0.0010530546905076121,0.0
2851,0.0010530412141066623,0.0010530412141066623,0.0
2852,0.0010530343712278384,0.0010530343712278384,0.0
2853,0.0010530494477086704,0.0010530494477086704,0.0
2854,0.0010530318930310613,0.0010530318930310613,0.0
2855,0.0010530236396101393,0.0010530236396101393,0.0
2856,0.0010530431780478322,0.0010530431780478322,0.0
2857,0.001053054477343321,0.001053054477343321,0.0
2858,0.001053037476747067,0.001053037476747067,0.0
2859,0.0010530592183819797,0.0010530592183819797,0.0
2860,0.001053014499958716,0.001053014499958716,0.0
2861,0.0010529999977927315,0.0010529999977927315,0.0
2862,0.00105304954773484,0.00105304954773484,0.0
2863,0.0010530515760483086,0.0010530515760483086,0.0
2864,0.0010530328267653443,0.0010530328267653443,0.0
2865,0.0010530334435691526,0.0010530334435691526,0.0
2866,0.0010530101626309608,0.0010530101626309608,0.0
2867,0.001053014034388417,0.001053014034388417,0.0
2868,0.0010530242211591115,0.0010530242211591115,0.0
2869,0.0010530222094223692,0.0010530222094223692,0.0
2870,0.0010530594062649408,0.0010530594062649408,0.0
2871,0.00105303250821057,0.00105303250821057,0.0
2872,0.0010530402884993096,0.0010530402884993096,0.0
2873,0.001053047499547673,0.001053047499547673,0.0
2874,0.0010530099431810863,0.0010530099431810863,0.0
2875,0.0010530124965138392,0.0010530124965138392,0.0
2876,0.0010529969546341114,0.0010529969546341114,0.0
2877,0.0010530050914838809,0.0010530050914838809,0.0
2878,0.0010530177200447006,0.0010530177200447006,0.0
2879,0.0010530225234886294,0.0010530225234886294,0.0
2880,0.0010530217997159737,0.0010530217997159737,0.0
2881,0.0010529948880185643,0.0010529948880185643,0.0
2882,0.0010530076871859092,0.0010530076871859092,0.0
2883,0.0010530359476089582,0.0010530359476089582,0.0
2884,0.0010529959538665228,0.0010529959538665228,0.0
2885,0.0010530395215349478,0.0010530395215349478,0.0
2886,0.0010530123967256004,0.0010530123967256004,0.0
2887,0.0010529997573063357,0.0010529997573063357,0.0
2888,0.001053010945919159,0.001053010945919159,0.0
2889,0.0010529867994651524,0.0010529867994651524,0.0
2890,0.0010529977580406246,0.0010529977580406246,0.0
2891,0.0010529904119787159,0.0010529904119787159,0.0
2892,0.0010529929905531668,0.0010529929905531668,0.0
2893,0.0010530209048219144,0.0010530209048219144,0.0
2894,0.00105302251598401,0.00105302251598401,0.0
2895,0.001053001368886384,0.001053001368886384,0.0
2896,0.0010529810715388173,0.0010529810715388173,0.0
2897,0.0010529948834819554,0.0010529948834819554,0.0
2898,0.0010530169690994118,0.0010530169690994118,0.0
2899,0.001053013629232436,0.001053013629232436,0.0
2900,0.0010529868784588175,0.0010529868784588175,0.0
2901,0.0010530195023576087,0.0010530195023576087,0.0
2902,0.0010529959849148837,0.0010529959849148837,0.0
2903,0.0010529756485232716,0.0010529756485232716,0.0
2904,0.0010529767215457244,0.0010529767215457244,0.0
2905,0.0010530108360883323,0.0010530108360883323,0.0
2906,0.0010529999629520297,0.0010529999629520297,0.0
2907,0.0010529709115049794,0.0010529709115049794,0.0
2908,0.0010529741875708375,0.0010529741875708375,0.0
2909,0.0010529994811363291,0.0010529994811363291,0.0
2910,0.001053006059232421,0.001053006059232421,0.0
2911,0.0010529888026817686,0.0010529888026817686,0.0
2912,0.0010529596026699535,0.0010529596026699535,0.0
2913,0.0010529479342514054,0.0010529479342514054,0.0
2914,0.0010529976013089336,0.0010529976013089336,0.0
2915,0.0010529924084771325,0.0010529924084771325,0.0
2916,0.0010529727701476404,0.0010529727701476404,0.0
2917,0.001052982771622371,0.001052982771622371,0.0
2918,0.0010529726506636875,0.0010529726506636875,0.0
2919,0.0010529811855761058,0.0010529811855761058,0.0
2920,0.0010530028957738467,0.0010530028957738467,0.0
2921,0.0010529778171309687,0.0010529778171309687,0.0
2922,0.0010529732108729621,0.0010529732108729621,0.0
2923,0.0010529558984785322,0.0010529558984785322,0.0
2924,0.0010529557686571908,0.0010529557686571908,0.0
2925,0.0010529597839983981,0.0010529597839983981,0.0
2926,0.0010529791443806384,0.0010529791443806384,0.0
2927,0.001052971756434181,0.001052971756434181,0.0
2928,0.0010529449894942926,0.0010529449894942926,0.0
2929,0.0010529418434920006,0.0010529418434920006,0.0
2930,0.0010529632512052225,0.0010529632512052225,0.0
2931,0.0010529616793188928,0.0010529616793188928,0.0
2932,0.0010529467786503876,0.0010529467786503876,0.0
2933,0.0010529566264136938,0.0010529566264136938,0.0
2934,0.0010529561891175748,0.0010529561891175748,0.0
2935,0.001052937261836568,0.001052937261836568,0.0
2936,0.0010529445295230835,0.0010529445295230835,0.0
2937,0.001052978752751031,0.001052978752751031,0.0
2938,0.0010529570741131225,0.0010529570741131225,0.0
2939,0.0010529342881966035,0.0010529342881966035,0.0
2940,0.0010529408930595426,0.0010529408930595426,0.0
2941,0.0010529458001935475,0.0010529458001935475,0.0
2942,0.0010529438079269445,0.0010529438079269445,0.0
2943,0.0010529322462377283,0.0010529322462377283,0.0
2944,0.0010529423026824924,0.0010529423026824924,0.0
2945,0.00105293856120396,0.00105293856120396,0.0
2946,0.0010529369049257678,0.0010529369049257678,0.0
2947,0.0010529326664185947,0.0010529326664185947,0.0
2948,0.0010529348763446927,0.0010529348763446927,0.0
2949,0.001052940248041259,0.001052940248041259,0.0
2950,0.0010529299276234197,0.0010529299276234197,0.0
2951,0.0010529542170502912,0.0010529542170502912,0.0
2952,0.0010529231625343528,0.0010529231625343528,0.0
2953,0.0010529435285506286,0.0010529435285506286,0.0
2954,0.0010529526289020583,0.0010529526289020583,0.0
2955,0.0010529311062895273,0.0010529311062895273,0.0
2956,0.0010529115928030507,0.0010529115928030507,0.0
2957,0.0010529123568871843,0.0010529123568871843,0.0
2958,0.001052939456240914,0.001052939456240914,0.0
2959,0.0010529395093498899,0.0010529395093498899,0.0
2960,0.0010529044228736086,0.0010529044228736086,0.0
2961,0.001052896853178129,0.001052896853178129,0.0
2962,0.0010529317796805107,0.0010529317796805107,0.0
2963,0.0010529214614578499,0.0010529214614578499,0.0
2964,0.0010529332306568045,0.0010529332306568045,0.0
2965,0.0010529257728659881,0.0010529257728659881,0.0
2966,0.00105294548441022,0.00105294548441022,0.0
2967,0.0010529213172692038,0.0010529213172692038,0.0
2968,0.0010529351138839935,0.0010529351138839935,0.0
2969,0.0010529478331940249,0.0010529478331940249,0.0
2970,0.0010529197694810288,0.0010529197694810288,0.0
2971,0.0010529142310189482,0.0010529142310189482,0.0
2972,0.0010529089464062506,0.0010529089464062506,0.0
2973,0.0010529196022774985,0.0010529196022774985,0.0
2974,0.001052927671444055,0.001052927671444055,0.0
2975,0.0010529227433383646,0.0010529227433383646,0.0
2976,0.0010529000569571402,0.0010529000569571402,0.0
2977,0.0010529290849422143,0.0010529290849422143,0.0
2978,0.001052903488258399,0.001052903488258399,0.0
2979,0.0010529012801490177,0.0010529012801490177,0.0
2980,0.0010529126039317339,0.0010529126039317339,0.0
2981,0.0010529091644040887,0.0010529091644040887,0.0
2982,0.0010528990808388464,0.0010528990808388464,0.0
2983,0.00105290743950658,0.00105290743950658,0.0
2984,0.001052920112093145,0.001052920112093145,0.0
2985,0.0010529059952373804,0.0010529059952373804,0.0
2986,0.0010529016414060136,0.0010529016414060136,0.0
2987,0.0010529004028390278,0.0010529004028390278,0.0
2988,0.001052919917849442,0.001052919917849442,0.0
2989,0.0010528812084860998,0.0010528812084860998,0.0
2990,0.0010528808423386471,0.0010528808423386471,0.0
2991,0.0010529023880382537,0.0010529023880382537,0.0
2992,0.0010529185789002519,0.0010529185789002519,0.0
2993,0.001052875323592127,0.001052875323592127,0.0
2994,0.0010528710842601853,0.0010528710842601853,0.0
2995,0.0010529004288452883,0.0010529004288452883,0.0
2996,0.0010529106492970807,0.0010529106492970807,0.0
2997,0.0010528721868556655,0.0010528721868556655,0.0
2998,0.001052898808342569,0.001052898808342569,0.0
2999,0.0010528774869397214,0.0010528774869397214,0.0
3000,0.00105290998697624,0.00105290998697624,0.0
3001,0.0010528905946322394,0.0010528905946322394,0.0
3002,0.0010528971574638181,0.0010528971574638181,0.0
3003,0.0010528659131938257,0.0010528659131938257,0.0
3004,0.001052865521328433,0.001052865521328433,0.0
3005,0.0010528732437653026,0.0010528732437653026,0.0
3006,0.0010528918833059649,0.0010528918833059649,0.0
3007,0.0010528781131170296,0.0010528781131170296,0.0
3008,0.001052881084254543,0.001052881084254543,0.0
3009,0.0010528773106153802,0.0010528773106153802,0.0
3010,0.001052850251522091,0.001052850251522091,0.0
3011,0.0010528419987223044,0.0010528419987223044,0.0
3012,0.0010528962684899783,0.0010528962684899783,0.0
3013,0.0010528752450518644,0.0010528752450518644,0.0
3014,0.001052862686752973,0.001052862686752973,0.0
3015,0.0010528618879704682,0.0010528618879704682,0.0
3016,0.0010528484720123306,0.0010528484720123306,0.0
3017,0.0010528532124721478,0.0010528532124721478,0.0
3018,0.0010528593449495795,0.0010528593449495795,0.0
3019,0.00105287334295942,0.00105287334295942,0.0
3020,0.0010528519119607188,0.0010528519119607188,0.0
3021,0.0010528451004006842,0.0010528451004006842,0.0
3022,0.0010528557573034288,0.0010528557573034288,0.0
3023,0.0010528459663959407,0.0010528459663959407,0.0
3024,0.001052845694268661,0.001052845694268661,0.0
3025,0.0010528350467793781,0.0010528350467793781,0.0
3026,0.00105285777377079,0.00105285777377079,0.0
3027,0.0010528491758691144,0.0010528491758691144,0.0
3028,0.0010528381978236686,0.0010528381978236686,0.0
3029,0.0010528628129914336,0.0010528628129914336,0.0
3030,0.001052848673579035,0.001052848673579035,0.0
3031,0.0010528300841670093,0.0010528300841670093,0.0
3032,0.0010528795334916845,0.0010528795334916845,0.0
3033,0.0010528309352665311,0.0010528309352665311,0.0
3034,0.001052847946451413,0.001052847946451413,0.0
3035,0.001052854634845703,0.001052854634845703,0.0
3036,0.0010528501705621262,0.0010528501705621262,0.0
3037,0.0010528246535981562,0.0010528246535981562,0.0
3038,0.0010528631494387763,0.0010528631494387763,0.0
3039,0.0010528422205529093,0.0010528422205529093,0.0
3040,0.001052817600826267,0.001052817600826267,0.0
3041,0.0010528570405518606,0.0010528570405518606,0.0
3042,0.0010528450880218942,0.0010528450880218942,0.0
3043,0.0010528356030805167,0.0010528356030805167,0.0
3044,0.001052850216506822,0.001052850216506822,0.0
3045,0.0010528282446445184,0.0010528282446445184,0.0
3046,0.0010528462404054315,0.0010528462404054315,0.0
3047,0.0010528381894013357,0.0010528381894013357,0.0
3048,0.0010528518021029189,0.0010528518021029189,0.0
3049,0.0010528268933085773,0.0010528268933085773,0.0
3050,0.001052824731271198,0.001052824731271198,0.0
3051,0.0010528349237875088,0.0010528349237875088,0.0
3052,0.0010528362513977884,0.0010528362513977884,0.0
3053,0.0010528042411240017,0.0010528042411240017,0.0
3054,0.0010528172934071874,0.0010528172934071874,0.0
3055,0.0010528235010590133,0.0010528235010590133,0.0
3056,0.0010528444023286004,0.0010528444023286004,0.0
3057,0.0010528299417784,0.0010528299417784,0.0
3058,0.0010528475993067977,0.0010528475993067977,0.0
3059,0.0010528209512372098,0.0010528209512372098,0.0
3060,0.0010528287577020762,0.0010528287577020762,0.0
3061,0.0010528052771767342,0.0010528052771767342,0.0
3062,0.001052838751920217,0.001052838751920217,0.0
3063,0.0010528178998870604,0.0010528178998870604,0.0
3064,0.0010528275279341006,0.0010528275279341006,0.0
3065,0.0010528313678362551,0.0010528313678362551,0.0
3066,0.0010528308354353655,0.0010528308354353655,0.0
3067,0.0010528329607259832,0.0010528329607259832,0.0
3068,0.0010528508924486353,0.0010528508924486353,0.0
3069,0.001052814184280995,0.001052814184280995,0.0
3070,0.0010528338849912914,0.0010528338849912914,0.0
3071,0.0010528115001417768,0.0010528115001417768,0.0
3072,0.0010528251023656143,0.0010528251023656143,0.0
3073,0.0010528208095006016,0.0010528208095006016,0.0
3074,0.0010528357355247754,0.0010528357355247754,0.0
3075,0.0010528118687505817,0.0010528118687505817,0.0
3076,0.001052804760214939,0.001052804760214939,0.0
3077,0.0010528232175462011,0.0010528232175462011,0.0
3078,0.0010528307772840885,0.0010528307772840885,0.0
3079,0.0010528110001026708,0.0010528110001026708,0.0
3080,0.0010527986293917546,0.0010527986293917546,0.0
3081,0.001052813087038818,0.001052813087038818,0.0
3082,0.0010528359530711999,0.0010528359530711999,0.0
3083,0.0010528093823451148,0.0010528093823451148,0.0
3084,0.001052798066415092,0.001052798066415092,0.0
3085,0.0010528191967651341,0.0010528191967651341,0.0
3086,0.0010528180311810298,0.0010528180311810298,0.0
3087,0.0010528122116348396,0.0010528122116348396,0.0
3088,0.001052809748226234,0.001052809748226234,0.0
3089,0.0010528198111013855,0.0010528198111013855,0.0
3090,0.0010528202230287087,0.0010528202230287087,0.0
3091,0.001052811215979406,0.001052811215979406,0.0
3092,0.0010528199996481594,0.0010528199996481594,0.0
3093,0.0010528240462908459,0.0010528240462908459,0.0
3094,0.0010528036192069786,0.0010528036192069786,0.0
3095,0.0010528195829608753,0.0010528195829608753,0.0
3096,0.0010528204897445248,0.0010528204897445248,0.0
3097,0.0010528049088192974,0.0010528049088192974,0.0
3098,0.0010528220281665521,0.0010528220281665521,0.0
3099,0.0010528043954766346,0.0010528043954766346,0.0
3100,0.0010528235669109097,0.0010528235669109097,0.0
3101,0.0010528028405545683,0.0010528028405545683,0.0
3102,0.001052799874840665,0.001052799874840665,0.0
3103,0.0010528023706795988,0.0010528023706795988,0.0
3104,0.0010527970635762513,0.0010527970635762513,0.0
3105,0.001052819468065829,0.001052819468065829,0.0
3106,0.0010528205302278704,0.0010528205302278704,0.0
3107,0.0010528006547023017,0.0010528006547023017,0.0
3108,0.001052788835679564,0.001052788835679564,0.0
3109,0.0010527909941492903,0.0010527909941492903,0.0
3110,0.0010527962754458297,0.0010527962754458297,0.0
3111,0.001052811338885403,0.001052811338885403,0.0
3112,0.0010527982460974044,0.0010527982460974044,0.0
3113,0.00105278722583372,0.00105278722583372,0.0
3114,0.0010527925466948219,0.0010527925466948219,0.0
3115,0.0010528195804911005,0.0010528195804911005,0.0
3116,0.001052796246010325,0.001052796246010325,0.0
3117,0.0010527965920984809,0.0010527965920984809,0.0
3118,0.0010527997556450267,0.0010527997556450267,0.0
3119,0.0010527891722444537,0.0010527891722444537,0.0
3120,0.001052808726750471,0.001052808726750471,0.0
3121,0.0010527946047502077,0.0010527946047502077,0.0
3122,0.001052792908771596,0.001052792908771596,0.0
3123,0.001052788507684928,0.001052788507684928,0.0
3124,0.0010527881610848245,0.0010527881610848245,0.0
3125,0.0010527829492689598,0.0010527829492689598,0.0
3126,0.0010527864565637078,0.0010527864565637078,0.0
3127,0.0010528096499418309,0.0010528096499418309,0.0
3128,0.0010527908544485669,0.0010527908544485669,0.0
3129,0.0010527917687621277,0.0010527917687621277,0.0
3130,0.0010527889861156443,0.0010527889861156443,0.0
3131,0.0010527912198153686,0.0010527912198153686,0.0
3132,0.001052783889410104,0.001052783889410104,0.0
3133,0.0010527769625439975,0.0010527769625439975,0.0
3134,0.0010527738233414132,0.0010527738233414132,0.0
3135,0.0010527882914048543,0.0010527882914048543,0.0
3136,0.0010527862764957959,0.0010527862764957959,0.0
3137,0.001052793871945785,0.001052793871945785,0.0
3138,0.0010527860726281125,0.0010527860726281125,0.0
3139,0.0010527774923404308,0.0010527774923404308,0.0
3140,0.0010527770979692056,0.0010527770979692056,0.0
3141,0.0010527954822863097,0.0010527954822863097,0.0
3142,0.001052783727709664,0.001052783727709664,0.0
3143,0.0010527882717647785,0.0010527882717647785,0.0
3144,0.0010527977481123649,0.0010527977481123649,0.0
3145,0.0010527818348788312,0.0010527818348788312,0.0
3146,0.0010527800335300987,0.0010527800335300987,0.0
3147,0.0010527739534904872,0.0010527739534904872,0.0
3148,0.001052785282608841,0.001052785282608841,0.0
3149,0.001052780775694368,0.001052780775694368,0.0
3150,0.0010527728400506308,0.0010527728400506308,0.0
3151,0.0010527758234535195,0.0010527758234535195,0.0
3152,0.001052774558584187,0.001052774558584187,0.0
3153,0.001052781911041532,0.001052781911041532,0.0
3154,0.001052786441386795,0.001052786441386795,0.0
3155,0.0010527738514415218,0.0010527738514415218,0.0
3156,0.001052772191151639,0.001052772191151639,0.0
3157,0.0010527800771300358,0.0010527800771300358,0.0
3158,0.0010527881778737483,0.0010527881778737483,0.0
3159,0.0010527769948310652,0.0010527769948310652,0.0
3160,0.0010527814899845662,0.0010527814899845662,0.0
3161,0.0010527788969983262,0.0010527788969983262,0.0
3162,0.0010527824384223101,0.0010527824384223101,0.0
3163,0.0010527781843295476,0.0010527781843295476,0.0
3164,0.0010527717101416897,0.0010527717101416897,0.0
3165,0.0010527836028143304,0.0010527836028143304,0.0
3166,0.0010527740838480327,0.0010527740838480327,0.0
3167,0.0010527785622241196,0.0010527785622241196,0.0
3168,0.001052774442729921,0.001052774442729921,0.0
3169,0.0010527682840236522,0.0010527682840236522,0.0
3170,0.0010527735691035647,0.0010527735691035647,0.0
3171,0.001052779293587326,0.001052779293587326,0.0
3172,0.0010527705618101999,0.0010527705618101999,0.0
3173,0.001052773712486788,0.001052773712486788,0.0
3174,0.00105278050941761,0.00105278050941761,0.0
3175,0.0010527721723690082,0.0010527721723690082,0.0
3176,0.0010527782799168444,0.0010527782799168444,0.0
3177,0.0010527747089169215,0.0010527747089169215,0.0
3178,0.001052776028720129,0.001052776028720129,0.0
3179,0.0010527752741644528,0.0010527752741644528,0.0
3180,0.0010527687466513314,0.0010527687466513314,0.0
3181,0.0010527701417019624,0.0010527701417019624,0.0
3182,0.0010527686034262666,0.0010527686034262666,0.0
3183,0.0010527714146625583,0.0010527714146625583,0.0
3184,0.0010527758870999282,0.0010527758870999282,0.0
3185,0.001052769348732997,0.001052769348732997,0.0
3186,0.0010527805709846427,0.0010527805709846427,0.0
3187,0.001052768463864769,0.001052768463864769,0.0
3188,0.0010527689360396355,0.0010527689360396355,0.0
3189,0.001052773194463444,0.001052773194463444,0.0
3190,0.00105277682372644,0.00105277682372644,0.0
3191,0.0010527684963630717,0.0010527684963630717,0.0
3192,0.0010527654761027362,0.0010527654761027362,0.0
3193,0.0010527690670514632,0.0010527690670514632,0.0
3194,0.0010527685793131028,0.0010527685793131028,0.0
3195,0.0010527681781593282,0.0010527681781593282,0.0
3196,0.0010527687001054868,0.0010527687001054868,0.0
3197,0.001052772635882798,0.001052772635882798,0.0
3198,0.0010527654264093993,0.0010527654264093993,0.0
3199,0.0010527719113419696,0.0010527719113419696,0.0
3200,0.001052771892297924,0.001052771892297924,0.0
3201,0.0010527660936248814,0.0010527660936248814,0.0
3202,0.0010527646511930347,0.0010527646511930347,0.0
3203,0.0010527731932461562,0.0010527731932461562,0.0
3204,0.0010527682636674051,0.0010527682636674051,0.0
3205,0.001052770622127129,0.001052770622127129,0.0
3206,0.0010527697990934792,0.0010527697990934792,0.0
3207,0.001052770276446305,0.001052770276446305,0.0
3208,0.0010527687245104806,0.0010527687245104806,0.0
3209,0.0010527707514692937,0.0010527707514692937,0.0
3210,0.0010527656888407884,0.0010527656888407884,0.0
3211,0.0010527665143216423,0.0010527665143216423,0.0
3212,0.001052775109121591,0.001052775109121591,0.0
3213,0.0010527650822695224,0.0010527650822695224,0.0
3214,0.0010527657697614256,0.0010527657697614256,0.0
3215,0.0010527684411978388,0.0010527684411978388,0.0
3216,0.001052764966787364,0.001052764966787364,0.0
3217,0.0010527671110695076,0.0010527671110695076,0.0
3218,0.0010527708931245116,0.0010527708931245116,0.0
3219,0.0010527647445347384,0.0010527647445347384,0.0
3220,0.0010527695058055535,0.0010527695058055535,0.0
3221,0.001052764780864453,0.001052764780864453,0.0
3222,0.001052764351229603,0.001052764351229603,0.0
3223,0.001052771278949536,0.001052771278949536,0.0
3224,0.0010527623274242909,0.0010527623274242909,0.0
3225,0.0010527658170606483,0.0010527658170606483,0.0
3226,0.0010527650896750632,0.0010527650896750632,0.0
3227,0.001052770245486248,0.001052770245486248,0.0
3228,0.0010527641115229086,0.0010527641115229086,0.0
3229,0.0010527611114678845,0.0010527611114678845,0.0
3230,0.0010527639409549992,0.0010527639409549992,0.0
3231,0.0010527682439461067,0.0010527682439461067,0.0
3232,0.001052763921561035,0.001052763921561035,0.0
3233,0.0010527656154627545,0.0010527656154627545,0.0
3234,0.0010527641697898524,0.0010527641697898524,0.0
3235,0.0010527711618327574,0.0010527711618327574,0.0
3236,0.001052762706305858,0.001052762706305858,0.0
3237,0.001052764891749939,0.001052764891749939,0.0
3238,0.0010527671089357218,0.0010527671089357218,0.0
3239,0.0010527629157496329,0.0010527629157496329,0.0
3240,0.0010527621096349377,0.0010527621096349377,0.0
3241,0.0010527670680989681,0.0010527670680989681,0.0
3242,0.0010527628176125947,0.0010527628176125947,0.0
3243,0.0010527639135582587,0.0010527639135582587,0.0
3244,0.0010527631578963813,0.0010527631578963813,0.0
3245,0.0010527649285468825,0.0010527649285468825,0.0
3246,0.0010527626077487821,0.0010527626077487821,0.0
3247,0.0010527618410074084,0.0010527618410074084,0.0
3248,0.0010527638703475024,0.0010527638703475024,0.0
3249,0.0010527645029500933,0.0010527645029500933,0.0
3250,0.0010527610577237053,0.0010527610577237053,0.0
3251,0.001052764301726993,0.001052764301726993,0.0
3252,0.001052762882284157,0.001052762882284157,0.0
3253,0.0010527612493707885,0.0010527612493707885,0.0
3254,0.0010527638268058375,0.0010527638268058375,0.0
3255,0.0010527637417173932,0.0010527637417173932,0.0
3256,0.0010527629532655163,0.0010527629532655163,0.0
3257,0.001052760495345895,0.001052760495345895,0.0
3258,0.001052763686910933,0.001052763686910933,0.0
3259,0.0010527613288498596,0.0010527613288498596,0.0
3260,0.0010527612743209845,0.0010527612743209845,0.0
3261,0.001052761220415429,0.001052761220415429,0.0
3262,0.0010527622626377946,0.0010527622626377946,0.0
3263,0.0010527637022203797,0.0010527637022203797,0.0
3264,0.0010527610126209652,0.0010527610126209652,0.0
3265,0.0010527616052517768,0.0010527616052517768,0.0
3266,0.001052762857429807,0.001052762857429807,0.0
3267,0.0010527588097901644,0.0010527588097901644,0.0
3268,0.0010527596937280996,0.0010527596937280996,0.0
3269,0.0010527628862668855,0.0010527628862668855,0.0
3270,0.0010527605038877135,0.0010527605038877135,0.0
3271,0.0010527625787975182,0.0010527625787975182,0.0
3272,0.0010527599354569071,0.0010527599354569071,0.0
3273,0.001052760054590394,0.001052760054590394,0.0
3274,0.0010527613801624247,0.0010527613801624247,0.0
3275,0.001052761432596232,0.001052761432596232,0.0
3276,0.0010527591303856226,0.0010527591303856226,0.0
3277,0.0010527620608037226,0.0010527620608037226,0.0
3278,0.0010527597338394316,0.0010527597338394316,0.0
3279,0.00105276241236806,0.00105276241236806,0.0
3280,0.0010527597550633384,0.0010527597550633384,0.0
3281,0.0010527607751370112,0.0010527607751370112,0.0
3282,0.0010527622112360391,0.0010527622112360391,0.0
3283,0.001052759600168314,0.001052759600168314,0.0
3284,0.0010527610638987332,0.0010527610638987332,0.0
3285,0.0010527634957844282,0.0010527634957844282,0.0
3286,0.001052759409120877,0.001052759409120877,0.0
3287,0.0010527620893276775,0.0010527620893276775,0.0
3288,0.0010527594851672023,0.0010527594851672023,0.0
3289,0.0010527613149985354,0.0010527613149985354,0.0
3290,0.0010527595501472495,0.0010527595501472495,0.0
3291,0.001052761873547253,0.001052761873547253,0.0
3292,0.0010527595267877281,0.0010527595267877281,0.0
3293,0.0010527611672917678,0.0010527611672917678,0.0
3294,0.001052759523941934,0.001052759523941934,0.0
3295,0.0010527590960478991,0.0010527590960478991,0.0
3296,0.0010527613277262217,0.0010527613277262217,0.0
3297,0.0010527593980824879,0.0010527593980824879,0.0
3298,0.0010527601060475018,0.0010527601060475018,0.0
3299,0.001052759264877826,0.001052759264877826,0.0
3300,0.0010527609907353037,0.0010527609907353037,0.0
3301,0.0010527591904712474,0.0010527591904712474,0.0
3302,0.001052758753322472,0.001052758753322472,0.0
3303,0.0010527606787104724,0.0010527606787104724,0.0
3304,0.0010527585452931457,0.0010527585452931457,0.0
3305,0.0010527603788292685,0.0010527603788292685,0.0
3306,0.0010527599029725812,0.0010527599029725812,0.0
3307,0.0010527602907571515,0.0010527602907571515,0.0
3308,0.0010527588799045438,0.0010527588799045438,0.0
3309,0.001052759864631704,0.001052759864631704,0.0
3310,0.0010527604044388208,0.0010527604044388208,0.0
3311,0.0010527588092480668,0.0010527588092480668,0.0
3312,0.0010527598586615318,0.0010527598586615318,0.0
3313,0.0010527588391601274,0.0010527588391601274,0.0
3314,0.001052758809863289,0.001052758809863289,0.0
3315,0.0010527611556968733,0.0010527611556968733,0.0
3316,0.0010527586179897778,0.0010527586179897778,0.0
3317,0.0010527583762982762,0.0010527583762982762,0.0
3318,0.0010527594166757403,0.0010527594166757403,0.0
3319,0.0010527583134411214,0.0010527583134411214,0.0
3320,0.0010527593316502991,0.0010527593316502991,0.0
3321,0.0010527581808051102,0.0010527581808051102,0.0
3322,0.0010527592047417057,0.0010527592047417057,0.0
3323,0.001052758151273988,0.001052758151273988,0.0
3324,0.0010527592689795254,0.0010527592689795254,0.0
3325,0.0010527579161990581,0.0010527579161990581,0.0
3326,0.0010527587570964606,0.0010527587570964606,0.0
3327,0.001052758449773228,0.001052758449773228,0.0
3328,0.001052758202084324,0.001052758202084324,0.0
3329,0.001052759131363694,0.001052759131363694,0.0
3330,0.0010527576467319485,0.0010527576467319485,0.0
3331,0.001052758242353812,0.001052758242353812,0.0
3332,0.0010527591566509905,0.0010527591566509905,0.0
3333,0.0010527582188574046,0.0010527582188574046,0.0
3334,0.0010527593416957796,0.0010527593416957796,0.0
3335,0.0010527581915251447,0.0010527581915251447,0.0
3336,0.0010527592833461184,0.0010527592833461184,0.0
3337,0.0010527581902856952,0.0010527581902856952,0.0
3338,0.001052757776199172,0.001052757776199172,0.0
3339,0.00105275739552022,0.00105275739552022,0.0
3340,0.0010527575621269523,0.0010527575621269523,0.0
3341,0.001052757973960418,0.001052757973960418,0.0
3342,0.0010527585090834124,0.0010527585090834124,0.0
3343,0.0010527573015928554,0.0010527573015928554,0.0
3344,0.0010527576738163273,0.0010527576738163273,0.0
3345,0.0010527588242064366,0.0010527588242064366,0.0
3346,0.0010527579243000676,0.0010527579243000676,0.0
3347,0.0010527573578711998,0.0010527573578711998,0.0
3348,0.001052758571552412,0.001052758571552412,0.0
3349,0.0010527578200689987,0.0010527578200689987,0.0
3350,0.0010527584262665455,0.0010527584262665455,0.0
3351,0.0010527580623108427,0.0010527580623108427,0.0
3352,0.0010527583608391441,0.0010527583608391441,0.0
3353,0.0010527582197025678,0.0010527582197025678,0.0
3354,0.001052758203362322,0.001052758203362322,0.0
3355,0.00105275823417572,0.00105275823417572,0.0
3356,0.0010527576924854733,0.0010527576924854733,0.0
3357,0.0010527585110050965,0.0010527585110050965,0.0
3358,0.00105275766788168,0.00105275766788168,0.0
3359,0.0010527578981666186,0.0010527578981666186,0.0
3360,0.0010527583111749283,0.0010527583111749283,0.0
3361,0.001052757671974809,0.001052757671974809,0.0
3362,0.001052757941736346,0.001052757941736346,0.0
3363,0.0010527576719630033,0.0010527576719630033,0.0
3364,0.001052757516848462,0.001052757516848462,0.0
3365,0.0010527579455562798,0.0010527579455562798,0.0
3366,0.0010527571123840245,0.0010527571123840245,0.0
3367,0.001052757300119974,0.001052757300119974,0.0
3368,0.0010527576576160335,0.0010527576576160335,0.0
3369,0.001052757547623606,0.001052757547623606,0.0
3370,0.001052758169836592,0.001052758169836592,0.0
3371,0.0010527574574024532,0.0010527574574024532,0.0
3372,0.001052757855178037,0.001052757855178037,0.0
3373,0.0010527573215912348,0.0010527573215912348,0.0
3374,0.0010527581515070183,0.0010527581515070183,0.0
3375,0.0010527574188241783,0.0010527574188241783,0.0
3376,0.001052757587521535,0.001052757587521535,0.0
3377,0.0010527578225186561,0.0010527578225186561,0.0
3378,0.0010527574072257775,0.0010527574072257775,0.0
3379,0.0010527570845490573,0.0010527570845490573,0.0
3380,0.001052757329210884,0.001052757329210884,0.0
3381,0.0010527576755736006,0.0010527576755736006,0.0
3382,0.0010527571403920548,0.0010527571403920548,0.0
3383,0.0010527576603277127,0.0010527576603277127,0.0
3384,0.0010527572689041354,0.0010527572689041354,0.0
3385,0.0010527577271398278,0.0010527577271398278,0.0
3386,0.001052757292999714,0.001052757292999714,0.0
3387,0.0010527570720361454,0.0010527570720361454,0.0
3388,0.0010527574099039537,0.0010527574099039537,0.0
3389,0.0010527575724984665,0.0010527575724984665,0.0
3390,0.0010527575433214894,0.0010527575433214894,0.0
3391,0.0010527572559246342,0.0010527572559246342,0.0
3392,0.0010527574468724916,0.0010527574468724916,0.0
3393,0.0010527573688160952,0.0010527573688160952,0.0
3394,0.0010527571388161364,0.0010527571388161364,0.0
3395,0.0010527576915561354,0.0010527576915561354,0.0
3396,0.001052757182346318,0.001052757182346318,0.0
3397,0.0010527572146054951,0.0010527572146054951,0.0
3398,0.0010527572344539043,0.0010527572344539043,0.0
3399,0.001052757468800028,0.001052757468800028,0.0
3400,0.0010527571433800592,0.0010527571433800592,0.0
3401,0.0010527569874488392,0.0010527569874488392,0.0
3402,0.001052757279396175,0.001052757279396175,0.0
3403,0.0010527571484830742,0.0010527571484830742,0.0
3404,0.0010527570754864425,0.0010527570754864425,0.0
3405,0.0010527574701203984,0.0010527574701203984,0.0
3406,0.0010527570749666079,0.0010527570749666079,0.0
3407,0.001052756947933085,0.001052756947933085,0.0
3408,0.0010527572558624294,0.0010527572558624294,0.0
3409,0.0010527574741661567,0.0010527574741661567,0.0
3410,0.0010527570409689635,0.0010527570409689635,0.0
3411,0.0010527569482497356,0.0010527569482497356,0.0
3412,0.0010527568489862777,0.0010527568489862777,0.0
3413,0.00105275701727746,0.00105275701727746,0.0
3414,0.0010527572608739503,0.0010527572608739503,0.0
3415,0.0010527570111033156,0.0010527570111033156,0.0
3416,0.0010527569237390808,0.0010527569237390808,0.0
3417,0.0010527570412180627,0.0010527570412180627,0.0
3418,0.0010527572078119132,0.0010527572078119132,0.0
3419,0.0010527569765628809,0.0010527569765628809,0.0
3420,0.001052756913043853,0.001052756913043853,0.0
3421,0.0010527570561605702,0.0010527570561605702,0.0
3422,0.0010527567604767358,0.0010527567604767358,0.0
3423,0.0010527568107537313,0.0010527568107537313,0.0
3424,0.0010527569457584123,0.0010527569457584123,0.0
3425,0.0010527570280535767,0.0010527570280535767,0.0
3426,0.0010527570275134918,0.0010527570275134918,0.0
3427,0.0010527568092533308,0.0010527568092533308,0.0
3428,0.0010527570149281723,0.0010527570149281723,0.0
3429,0.0010527568114692232,0.0010527568114692232,0.0
3430,0.0010527568244707154,0.0010527568244707154,0.0
3431,0.0010527569985303933,0.0010527569985303933,0.0
3432,0.0010527570554470507,0.0010527570554470507,0.0
3433,0.0010527568543399598,0.0010527568543399598,0.0
3434,0.00105275668405171,0.00105275668405171,0.0
3435,0.0010527567423820946,0.0010527567423820946,0.0
3436,0.0010527569851047644,0.0010527569851047644,0.0
3437,0.0010527569522187363,0.0010527569522187363,0.0
3438,0.001052757074606868,0.001052757074606868,0.0
3439,0.001052756823077227,0.001052756823077227,0.0
3440,0.0010527567989368498,0.0010527567989368498,0.0
3441,0.001052757015514446,0.001052757015514446,0.0
3442,0.001052756814725223,0.001052756814725223,0.0
3443,0.0010527566550459294,0.0010527566550459294,0.0
3444,0.0010527567106555593,0.0010527567106555593,0.0
3445,0.001052756925071868,0.001052756925071868,0.0
3446,0.0010527565994355912,0.0010527565994355912,0.0
3447,0.0010527565967361847,0.0010527565967361847,0.0
3448,0.0010527569312496988,0.0010527569312496988,0.0
3449,0.0010527567986526305,0.0010527567986526305,0.0
3450,0.0010527566516477585,0.0010527566516477585,0.0
3451,0.0010527567435008333,0.0010527567435008333,0.0
3452,0.0010527568517518797,0.0010527568517518797,0.0
3453,0.001052756849226944,0.001052756849226944,0.0
3454,0.0010527567839592718,0.0010527567839592718,0.0
3455,0.0010527566677433766,0.0010527566677433766,0.0
3456,0.0010527565444626702,0.0010527565444626702,0.0
3457,0.0010527565850075775,0.0010527565850075775,0.0
3458,0.0010527568680267355,0.0010527568680267355,0.0
3459,0.0010527566812935645,0.0010527566812935645,0.0
3460,0.0010527569310287452,0.0010527569310287452,0.0
3461,0.001052756672817658,0.001052756672817658,0.0
3462,0.0010527567013774303,0.0010527567013774303,0.0
3463,0.001052756650184058,0.001052756650184058,0.0
3464,0.0010527564952313151,0.0010527564952313151,0.0
3465,0.0010527565035272006,0.0010527565035272006,0.0
3466,0.0010527564580686455,0.0010527564580686455,0.0
3467,0.0010527564374871715,0.0010527564374871715,0.0
3468,0.0010527564235171885,0.0010527564235171885,0.0
3469,0.0010527564180192062,0.0010527564180192062,0.0
3470,0.0010527564517668498,0.0010527564517668498,0.0
3471,0.0010527565303567227,0.0010527565303567227,0.0
3472,0.0010527566433594835,0.0010527566433594835,0.0
3473,0.0010527565552437607,0.0010527565552437607,0.0
3474,0.0010527563940276078,0.0010527563940276078,0.0
3475,0.001052756525470149,0.001052756525470149,0.0
3476,0.0010527564598908604,0.0010527564598908604,0.0
3477,0.0010527565175126117,0.0010527565175126117,0.0
3478,0.0010527564252702233,0.0010527564252702233,0.0
3479,0.001052756259392505,0.001052756259392505,0.0
3480,0.0010527562199438864,0.0010527562199438864,0.0
3481,0.0010527563333548845,0.0010527563333548845,0.0
3482,0.0010527563080978133,0.0010527563080978133,0.0
3483,0.0010527561912362917,0.0010527561912362917,0.0
3484,0.001052756201422865,0.001052756201422865,0.0
3485,0.001052756353112466,0.001052756353112466,0.0
3486,0.001052756153546484,0.001052756153546484,0.0
3487,0.0010527562076439072,0.0010527562076439072,0.0
3488,0.001052756266835842,0.001052756266835842,0.0
3489,0.0010527561022103478,0.0010527561022103478,0.0
3490,0.0010527561387972926,0.0010527561387972926,0.0
3491,0.001052756347198006,0.001052756347198006,0.0
3492,0.0010527560410951765,0.0010527560410951765,0.0
3493,0.001052756012899823,0.001052756012899823,0.0
3494,0.001052756026320224,0.001052756026320224,0.0
3495,0.001052756150636098,0.001052756150636098,0.0
3496,0.0010527561128519122,0.0010527561128519122,0.0
3497,0.0010527560612415279,0.0010527560612415279,0.0
3498,0.0010527560431253659,0.0010527560431253659,0.0
3499,0.0010527561901034442,0.0010527561901034442,0.0
3500,0.0010527558619740443,0.0010527558619740443,0.0
3501,0.001052755843439415,0.001052755843439415,0.0
3502,0.0010527561916970568,0.0010527561916970568,0.0
3503,0.001052755966932698,0.001052755966932698,0.0
3504,0.0010527560015688886,0.0010527560015688886,0.0
3505,0.0010527560567740203,0.0010527560567740203,0.0
3506,0.001052755883117702,0.001052755883117702,0.0
3507,0.0010527558577353127,0.0010527558577353127,0.0
3508,0.0010527558777866592,0.0010527558777866592,0.0
3509,0.001052755784901192,0.001052755784901192,0.0
3510,0.0010527559364560323,0.0010527559364560323,0.0
3511,0.0010527562564455837,0.0010527562564455837,0.0
3512,0.001052755941522874,0.001052755941522874,0.0
3513,0.0010527558467611326,0.0010527558467611326,0.0
3514,0.0010527560567509537,0.0010527560567509537,0.0
3515,0.0010527558071769876,0.0010527558071769876,0.0
3516,0.001052755772385618,0.001052755772385618,0.0
3517,0.0010527560231622392,0.0010527560231622392,0.0
3518,0.0010527556940474825,0.0010527556940474825,0.0
3519,0.0010527558153745592,0.0010527558153745592,0.0
3520,0.0010527558833869583,0.0010527558833869583,0.0
3521,0.0010527557350283696,0.0010527557350283696,0.0
3522,0.0010527557357575834,0.0010527557357575834,0.0
3523,0.001052756007035053,0.001052756007035053,0.0
3524,0.001052755538678597,0.001052755538678597,0.0
3525,0.0010527554978137638,0.0010527554978137638,0.0
3526,0.0010527556634886885,0.0010527556634886885,0.0
3527,0.001052755717704995,0.001052755717704995,0.0
3528,0.0010527558549948293,0.0010527558549948293,0.0
3529,0.0010527557436092305,0.0010527557436092305,0.0
3530,0.0010527556242606075,0.0010527556242606075,0.0
3531,0.0010527556865331138,0.0010527556865331138,0.0
3532,0.0010527556668165172,0.0010527556668165172,0.0
3533,0.0010527555978254316,0.0010527555978254316,0.0
3534,0.0010527557182709653,0.0010527557182709653,0.0
3535,0.0010527554507288252,0.0010527554507288252,0.0
3536,0.0010527555304549747,0.0010527555304549747,0.0
3537,0.0010527556981026669,0.0010527556981026669,0.0
3538,0.0010527554533342877,0.0010527554533342877,0.0
3539,0.0010527556021041298,0.0010527556021041298,0.0
3540,0.0010527553161524565,0.0010527553161524565,0.0
3541,0.0010527552651619543,0.0010527552651619543,0.0
3542,0.0010527557095217743,0.0010527557095217743,0.0
3543,0.0010527556240825218,0.0010527556240825218,0.0
3544,0.0010527556460649767,0.0010527556460649767,0.0
3545,0.0010527553462240198,0.0010527553462240198,0.0
3546,0.0010527555209925276,0.0010527555209925276,0.0
3547,0.001052755417013685,0.001052755417013685,0.0
3548,0.0010527552490412306,0.0010527552490412306,0.0
3549,0.0010527552813539601,0.0010527552813539601,0.0
3550,0.0010527555071370457,0.0010527555071370457,0.0
3551,0.001052755457474046,0.001052755457474046,0.0
3552,0.00105275520547451,0.00105275520547451,0.0
3553,0.0010527552750448773,0.0010527552750448773,0.0
3554,0.0010527551978750885,0.0010527551978750885,0.0
3555,0.001052755322048737,0.001052755322048737,0.0
3556,0.001052755386722021,0.001052755386722021,0.0
3557,0.0010527552487126512,0.0010527552487126512,0.0
3558,0.0010527554088984585,0.0010527554088984585,0.0
3559,0.0010527551629208388,0.0010527551629208388,0.0
3560,0.0010527553816264362,0.0010527553816264362,0.0
3561,0.0010527553397422598,0.0010527553397422598,0.0
3562,0.0010527553373462179,0.0010527553373462179,0.0
3563,0.0010527550947531646,0.0010527550947531646,0.0
3564,0.001052755323477831,0.001052755323477831,0.0
3565,0.0010527551701370436,0.0010527551701370436,0.0
3566,0.00105275531891689,0.00105275531891689,0.0
3567,0.0010527553013631851,0.0010527553013631851,0.0
3568,0.0010527553560182837,0.0010527553560182837,0.0
3569,0.0010527549953710878,0.0010527549953710878,0.0
3570,0.0010527550788727346,0.0010527550788727346,0.0
3571,0.0010527549780189592,0.0010527549780189592,0.0
3572,0.0010527550925647248,0.0010527550925647248,0.0
3573,0.0010527549613771803,0.0010527549613771803,0.0
3574,0.0010527550828843021,0.0010527550828843021,0.0
3575,0.0010527552818361179,0.0010527552818361179,0.0
3576,0.00105275504576362,0.00105275504576362,0.0
3577,0.001052755194297206,0.001052755194297206,0.0
3578,0.0010527549746810756,0.0010527549746810756,0.0
3579,0.0010527552865259825,0.0010527552865259825,0.0
3580,0.0010527551049879442,0.0010527551049879442,0.0
3581,0.0010527552827263793,0.0010527552827263793,0.0
3582,0.0010527552988598419,0.0010527552988598419,0.0
3583,0.0010527550663558872,0.0010527550663558872,0.0
3584,0.0010527553054056774,0.0010527553054056774,0.0
3585,0.001052755061489235,0.001052755061489235,0.0
3586,0.0010527553126977078,0.0010527553126977078,0.0
3587,0.0010527550592018872,0.0010527550592018872,0.0
3588,0.001052755215927924,0.001052755215927924,0.0
3589,0.0010527549234033405,0.0010527549234033405,0.0
3590,0.0010527551063962716,0.0010527551063962716,0.0
3591,0.001052754899460757,0.001052754899460757,0.0
3592,0.0010527550729430802,0.0010527550729430802,0.0
3593,0.0010527549740124314,0.0010527549740124314,0.0
3594,0.0010527551491766954,0.0010527551491766954,0.0
3595,0.0010527548232305455,0.0010527548232305455,0.0
3596,0.0010527549115886552,0.0010527549115886552,0.0
3597,0.0010527548193563414,0.0010527548193563414,0.0
3598,0.0010527549532018624,0.0010527549532018624,0.0
3599,0.0010527550576751772,0.0010527550576751772,0.0
3600,0.0010527550798130963,0.0010527550798130963,0.0
3601,0.0010527548488382132,0.0010527548488382132,0.0
3602,0.0010527549210784706,0.0010527549210784706,0.0
3603,0.0010527549788918143,0.0010527549788918143,0.0
3604,0.0010527547788080577,0.0010527547788080577,0.0
3605,0.0010527549210524745,0.0010527549210524745,0.0
3606,0.0010527551401227806,0.0010527551401227806,0.0
3607,0.0010527548816586642,0.0010527548816586642,0.0
3608,0.0010527547388489086,0.0010527547388489086,0.0
3609,0.0010527548250957534,0.0010527548250957534,0.0
3610,0.0010527547319630535,0.0010527547319630535,0.0
3611,0.0010527548508597682,0.0010527548508597682,0.0
3612,0.0010527547311438964,0.0010527547311438964,0.0
3613,0.0010527548985564857,0.0010527548985564857,0.0
3614,0.0010527550037869096,0.0010527550037869096,0.0
3615,0.001052754893141994,0.001052754893141994,0.0
3616,0.001052755047724511,0.001052755047724511,0.0
3617,0.0010527548199842608,0.0010527548199842608,0.0
3618,0.0010527546882078424,0.0010527546882078424,0.0
3619,0.001052754786652477,0.001052754786652477,0.0
3620,0.0010527549076743436,0.0010527549076743436,0.0
3621,0.0010527547257829836,0.0010527547257829836,0.0
3622,0.001052754738191161,0.001052754738191161,0.0
3623,0.0010527547716566404,0.0010527547716566404,0.0
3624,0.0010527546351088645,0.0010527546351088645,0.0
3625,0.0010527547651605293,0.0010527547651605293,0.0
3626,0.0010527548064498402,0.0010527548064498402,0.0
3627,0.0010527546556905712,0.0010527546556905712,0.0
3628,0.001052754869914118,0.001052754869914118,0.0
3629,0.0010527545773960322,0.0010527545773960322,0.0
3630,0.0010527546465984305,0.0010527546465984305,0.0
3631,0.0010527548028852719,0.0010527548028852719,0.0
3632,0.0010527545741501538,0.0010527545741501538,0.0
3633,0.0010527546803807426,0.0010527546803807426,0.0
3634,0.0010527548079946154,0.0010527548079946154,0.0
3635,0.0010527546040778456,0.0010527546040778456,0.0
3636,0.0010527546686261162,0.0010527546686261162,0.0
3637,0.0010527544717313989,0.0010527544717313989,0.0
3638,0.0010527544396348528,0.0010527544396348528,0.0
3639,0.00105275456645673,0.00105275456645673,0.0
3640,0.0010527547655253442,0.0010527547655253442,0.0
3641,0.001052754626827721,0.001052754626827721,0.0
3642,0.001052754770125738,0.001052754770125738,0.0
3643,0.0010527544328230532,0.0010527544328230532,0.0
3644,0.001052754444034757,0.001052754444034757,0.0
3645,0.0010527546461848334,0.0010527546461848334,0.0
3646,0.0010527547305103756,0.0010527547305103756,0.0
3647,0.0010527547348949228,0.0010527547348949228,0.0
3648,0.0010527544417483874,0.0010527544417483874,0.0
3649,0.0010527545978010512,0.0010527545978010512,0.0
3650,0.0010527547738006997,0.0010527547738006997,0.0
3651,0.001052754556476105,0.001052754556476105,0.0
3652,0.0010527543975709867,0.0010527543975709867,0.0
3653,0.0010527544447418804,0.0010527544447418804,0.0
3654,0.0010527544086227716,0.0010527544086227716,0.0
3655,0.001052754671581065,0.001052754671581065,0.0
3656,0.0010527544270771383,0.0010527544270771383,0.0
3657,0.0010527543638232056,0.0010527543638232056,0.0
3658,0.0010527544600793864,0.0010527544600793864,0.0
3659,0.0010527546017632967,0.0010527546017632967,0.0
3660,0.0010527544259442587,0.0010527544259442587,0.0
3661,0.0010527544354215614,0.0010527544354215614,0.0
3662,0.0010527544949651818,0.0010527544949651818,0.0
3663,0.0010527544369856006,0.0010527544369856006,0.0
3664,0.001052754451322731,0.001052754451322731,0.0
3665,0.00105275430844463,0.00105275430844463,0.0
3666,0.001052754423148898,0.001052754423148898,0.0
3667,0.0010527544917964498,0.0010527544917964498,0.0
3668,0.001052754411422503,0.001052754411422503,0.0
3669,0.001052754174084482,0.001052754174084482,0.0
3670,0.0010527540957285522,0.0010527540957285522,0.0
3671,0.0010527541541792602,0.0010527541541792602,0.0
3672,0.0010527542158889126,0.0010527542158889126,0.0
3673,0.001052754077208589,0.001052754077208589,0.0
3674,0.0010527540074063795,0.0010527540074063795,0.0
3675,0.0010527543944070462,0.0010527543944070462,0.0
3676,0.0010527543325163607,0.0010527543325163607,0.0
3677,0.0010527542373824901,0.0010527542373824901,0.0
3678,0.0010527540757894725,0.0010527540757894725,0.0
3679,0.001052754173746219,0.001052754173746219,0.0
3680,0.0010527542200308142,0.0010527542200308142,0.0
3681,0.0010527542636041898,0.0010527542636041898,0.0
3682,0.0010527540110270022,0.0010527540110270022,0.0
3683,0.001052754230679372,0.001052754230679372,0.0
3684,0.001052754089743538,0.001052754089743538,0.0
3685,0.001052754076661095,0.001052754076661095,0.0
3686,0.0010527539499071538,0.0010527539499071538,0.0
3687,0.0010527540344161968,0.0010527540344161968,0.0
3688,0.001052753996031507,0.001052753996031507,0.0
3689,0.0010527541513928504,0.0010527541513928504,0.0
3690,0.0010527538458007769,0.0010527538458007769,0.0
3691,0.0010527538528501586,0.0010527538528501586,0.0
3692,0.0010527539365935445,0.0010527539365935445,0.0
3693,0.0010527538309878807,0.0010527538309878807,0.0
3694,0.0010527538943280177,0.0010527538943280177,0.0
3695,0.0010527539274653912,0.0010527539274653912,0.0
3696,0.0010527539183035912,0.0010527539183035912,0.0
3697,0.0010527539771609715,0.0010527539771609715,0.0
3698,0.0010527538277256973,0.0010527538277256973,0.0
3699,0.0010527540075040006,0.0010527540075040006,0.0
3700,0.001052753844377556,0.001052753844377556,0.0
3701,0.0010527538673151908,0.0010527538673151908,0.0
3702,0.0010527536649187885,0.0010527536649187885,0.0
3703,0.0010527536284411347,0.0010527536284411347,0.0
3704,0.0010527540156789622,0.0010527540156789622,0.0
3705,0.0010527537251660954,0.0010527537251660954,0.0
3706,0.0010527539103228351,0.0010527539103228351,0.0
3707,0.0010527536117814046,0.0010527536117814046,0.0
3708,0.0010527536117474815,0.0010527536117474815,0.0
3709,0.0010527536721615099,0.0010527536721615099,0.0
3710,0.0010527539331216468,0.0010527539331216468,0.0
3711,0.0010527536996000676,0.0010527536996000676,0.0
3712,0.0010527534993073004,0.0010527534993073004,0.0
3713,0.0010527534426328373,0.0010527534426328373,0.0
3714,0.0010527535718474915,0.0010527535718474915,0.0
3715,0.0010527536501442564,0.0010527536501442564,0.0
3716,0.0010527534973631015,0.0010527534973631015,0.0
3717,0.001052753570096909,0.001052753570096909,0.0
3718,0.0010527536514104805,0.0010527536514104805,0.0
3719,0.001052753626781306,0.001052753626781306,0.0
3720,0.0010527533097248057,0.0010527533097248057,0.0
3721,0.0010527532526026311,0.0010527532526026311,0.0
3722,0.0010527535198479637,0.0010527535198479637,0.0
3723,0.0010527533654250032,0.0010527533654250032,0.0
3724,0.0010527533189607448,0.0010527533189607448,0.0
3725,0.0010527532181474433,0.0010527532181474433,0.0
3726,0.0010527532746489078,0.0010527532746489078,0.0
3727,0.0010527532737593637,0.0010527532737593637,0.0
3728,0.0010527532635691982,0.0010527532635691982,0.0
3729,0.0010527533689604195,0.0010527533689604195,0.0
3730,0.0010527531158536088,0.0010527531158536088,0.0
3731,0.0010527531480782858,0.0010527531480782858,0.0
3732,0.0010527529966661516,0.0010527529966661516,0.0
3733,0.0010527528628993183,0.0010527528628993183,0.0
3734,0.0010527532964321538,0.0010527532964321538,0.0
3735,0.0010527531093671352,0.0010527531093671352,0.0
3736,0.0010527529077503763,0.0010527529077503763,0.0
3737,0.001052753321861878,0.001052753321861878,0.0
3738,0.0010527531605150488,0.0010527531605150488,0.0
3739,0.0010527530036112999,0.0010527530036112999,0.0
3740,0.0010527530791852242,0.0010527530791852242,0.0
3741,0.0010527528326671157,0.0010527528326671157,0.0
3742,0.0010527529202681274,0.0010527529202681274,0.0
3743,0.0010527528028852287,0.0010527528028852287,0.0
3744,0.0010527529160309383,0.0010527529160309383,0.0
3745,0.0010527531243697263,0.0010527531243697263,0.0
3746,0.001052752818564178,0.001052752818564178,0.0
3747,0.0010527526130116997,0.0010527526130116997,0.0
3748,0.0010527524692144957,0.0010527524692144957,0.0
3749,0.001052753021868002,0.001052753021868002,0.0
3750,0.0010527525199569593,0.0010527525199569593,0.0
3751,0.0010527528600111176,0.0010527528600111176,0.0
3752,0.001052752667259492,0.001052752667259492,0.0
3753,0.0010527526330732506,0.0010527526330732506,0.0
3754,0.0010527528137574446,0.0010527528137574446,0.0
3755,0.001052752413495295,0.001052752413495295,0.0
3756,0.0010527524086985372,0.0010527524086985372,0.0
3757,0.0010527528233338042,0.0010527528233338042,0.0
3758,0.001052752714690752,0.001052752714690752,0.0
3759,0.001052752332697795,0.001052752332697795,0.0
3760,0.0010527523654701276,0.0010527523654701276,0.0
3761,0.0010527523088066544,0.0010527523088066544,0.0
3762,0.0010527524215288154,0.0010527524215288154,0.0
3763,0.0010527522925337072,0.0010527522925337072,0.0
3764,0.0010527524720893885,0.0010527524720893885,0.0
3765,0.001052752777937263,0.001052752777937263,0.0
3766,0.0010527521394883726,0.0010527521394883726,0.0
3767,0.001052752095040455,0.001052752095040455,0.0
3768,0.0010527520506850984,0.0010527520506850984,0.0
3769,0.0010527519339840914,0.0010527519339840914,0.0
3770,0.0010527523393427736,0.0010527523393427736,0.0
3771,0.0010527521330490125,0.0010527521330490125,0.0
3772,0.0010527523766430845,0.0010527523766430845,0.0
3773,0.0010527521846655046,0.0010527521846655046,0.0
3774,0.0010527519171870127,0.0010527519171870127,0.0
3775,0.0010527520189254499,0.0010527520189254499,0.0
3776,0.0010527521580857135,0.0010527521580857135,0.0
3777,0.0010527515589203525,0.0010527515589203525,0.0
3778,0.0010527512000950711,0.0010527512000950711,0.0
3779,0.0010527518486889592,0.0010527518486889592,0.0
3780,0.0010527519923060205,0.0010527519923060205,0.0
3781,0.0010527514913549734,0.0010527514913549734,0.0
3782,0.0010527514395253553,0.0010527514395253553,0.0
3783,0.0010527517317508361,0.0010527517317508361,0.0
3784,0.0010527515312043687,0.0010527515312043687,0.0
3785,0.0010527517288691172,0.0010527517288691172,0.0
3786,0.001052751565387034,0.001052751565387034,0.0
3787,0.0010527513791063281,0.0010527513791063281,0.0
3788,0.0010527510780868937,0.0010527510780868937,0.0
3789,0.0010527508784944283,0.0010527508784944283,0.0
3790,0.0010527510877752593,0.0010527510877752593,0.0
3791,0.0010527511549324883,0.0010527511549324883,0.0
3792,0.001052751150376343,0.001052751150376343,0.0
3793,0.0010527512483282228,0.0010527512483282228,0.0
3794,0.0010527511694297098,0.0010527511694297098,0.0
3795,0.0010527513979807107,0.0010527513979807107,0.0
3796,0.0010527507826309163,0.0010527507826309163,0.0
3797,0.001052750887693885,0.001052750887693885,0.0
3798,0.0010527506752310866,0.0010527506752310866,0.0
3799,0.0010527507049388366,0.0010527507049388366,0.0
3800,0.0010527506912531637,0.0010527506912531637,0.0
3801,0.0010527510056695258,0.0010527510056695258,0.0
3802,0.001052750571687395,0.001052750571687395,0.0
3803,0.0010527507101700114,0.0010527507101700114,0.0
3804,0.0010527512335372017,0.0010527512335372017,0.0
3805,0.0010527509736911955,0.0010527509736911955,0.0
3806,0.0010527505259985215,0.0010527505259985215,0.0
3807,0.0010527506972304117,0.0010527506972304117,0.0
3808,0.001052750201489436,0.001052750201489436,0.0
3809,0.0010527498716084891,0.0010527498716084891,0.0
3810,0.0010527505379815695,0.0010527505379815695,0.0
3811,0.0010527511092561844,0.0010527511092561844,0.0
3812,0.0010527506654705245,0.0010527506654705245,0.0
3813,0.0010527506796358646,0.0010527506796358646,0.0
3814,0.0010527510536578626,0.0010527510536578626,0.0
3815,0.0010527501699323892,0.0010527501699323892,0.0
3816,0.0010527502082336292,0.0010527502082336292,0.0
3817,0.0010527502677746081,0.0010527502677746081,0.0
3818,0.0010527500226367149,0.0010527500226367149,0.0
3819,0.0010527505994081454,0.0010527505994081454,0.0
3820,0.0010527502081074433,0.0010527502081074433,0.0
3821,0.0010527505608069674,0.0010527505608069674,0.0
3822,0.0010527499171462528,0.0010527499171462528,0.0
3823,0.001052749920946439,0.001052749920946439,0.0
3824,0.0010527498636437548,0.0010527498636437548,0.0
3825,0.0010527502165368614,0.0010527502165368614,0.0
3826,0.0010527503956943853,0.0010527503956943853,0.0
3827,0.0010527497731561372,0.0010527497731561372,0.0
3828,0.0010527499689990246,0.0010527499689990246,0.0
3829,0.0010527499870566256,0.0010527499870566256,0.0
3830,0.0010527500406907267,0.0010527500406907267,0.0
3831,0.0010527498239733147,0.0010527498239733147,0.0
3832,0.0010527501477782556,0.0010527501477782556,0.0
3833,0.0010527498879618028,0.0010527498879618028,0.0
3834,0.0010527500490813513,0.0010527500490813513,0.0
3835,0.001052749270970385,0.001052749270970385,0.0
3836,0.0010527490939171626,0.0010527490939171626,0.0
3837,0.0010527494825032621,0.0010527494825032621,0.0
3838,0.001052749631955425,0.001052749631955425,0.0
3839,0.0010527493925774625,0.0010527493925774625,0.0
3840,0.0010527494998319963,0.0010527494998319963,0.0
3841,0.0010527492885969874,0.0010527492885969874,0.0
3842,0.0010527491851798198,0.0010527491851798198,0.0
3843,0.001052749772820623,0.001052749772820623,0.0
3844,0.0010527498112669668,0.0010527498112669668,0.0
3845,0.0010527495595198566,0.0010527495595198566,0.0
3846,0.0010527491425857019,0.0010527491425857019,0.0
3847,0.0010527492445717506,0.0010527492445717506,0.0
3848,0.0010527493731539103,0.0010527493731539103,0.0
3849,0.0010527492049653838,0.0010527492049653838,0.0
3850,0.0010527493549657714,0.0010527493549657714,0.0
3851,0.0010527487502306155,0.0010527487502306155,0.0
3852,0.0010527486970980174,0.0010527486970980174,0.0
3853,0.0010527492796735191,0.0010527492796735191,0.0
3854,0.0010527491186593109,0.0010527491186593109,0.0
3855,0.0010527492938260717,0.0010527492938260717,0.0
3856,0.0010527485587109007,0.0010527485587109007,0.0
3857,0.0010527485983676365,0.0010527485983676365,0.0
3858,0.0010527488300305732,0.0010527488300305732,0.0
3859,0.0010527491650775753,0.0010527491650775753,0.0
3860,0.0010527489548395037,0.0010527489548395037,0.0
3861,0.001052748859140233,0.001052748859140233,0.0
3862,0.0010527489946729515,0.0010527489946729515,0.0
3863,0.001052748468960733,0.001052748468960733,0.0
3864,0.001052748596121045,0.001052748596121045,0.0
3865,0.0010527487706019725,0.0010527487706019725,0.0
3866,0.0010527488373982055,0.0010527488373982055,0.0
3867,0.0010527490903541252,0.0010527490903541252,0.0
3868,0.0010527490004572356,0.0010527490004572356,0.0
3869,0.0010527486512001702,0.0010527486512001702,0.0
3870,0.0010527489854463788,0.0010527489854463788,0.0
3871,0.001052749011194471,0.001052749011194471,0.0
3872,0.0010527486537534893,0.0010527486537534893,0.0
3873,0.0010527489666304942,0.0010527489666304942,0.0
3874,0.0010527484788605847,0.0010527484788605847,0.0
3875,0.0010527486496269458,0.0010527486496269458,0.0
3876,0.0010527481655606807,0.0010527481655606807,0.0
3877,0.0010527482524271582,0.0010527482524271582,0.0
3878,0.0010527491036104316,0.0010527491036104316,0.0
3879,0.0010527485872685602,0.0010527485872685602,0.0
3880,0.0010527486042682015,0.0010527486042682015,0.0
3881,0.0010527486248715866,0.0010527486248715866,0.0
3882,0.0010527483985722354,0.0010527483985722354,0.0
3883,0.0010527486309420907,0.0010527486309420907,0.0
3884,0.0010527489603636287,0.0010527489603636287,0.0
3885,0.0010527484854007815,0.0010527484854007815,0.0
3886,0.0010527485995893504,0.0010527485995893504,0.0
3887,0.0010527487795778823,0.0010527487795778823,0.0
3888,0.0010527485869049288,0.0010527485869049288,0.0
3889,0.001052748524230832,0.001052748524230832,0.0
3890,0.0010527488180117552,0.0010527488180117552,0.0
3891,0.0010527483959909536,0.0010527483959909536,0.0
3892,0.0010527483051869697,0.0010527483051869697,0.0
3893,0.0010527482566440008,0.0010527482566440008,0.0
3894,0.0010527485362265933,0.0010527485362265933,0.0
3895,0.0010527485329231603,0.0010527485329231603,0.0
3896,0.0010527485261681787,0.0010527485261681787,0.0
3897,0.001052748601075185,0.001052748601075185,0.0
3898,0.0010527484977736461,0.0010527484977736461,0.0
3899,0.0010527486868323152,0.0010527486868323152,0.0
3900,0.0010527482918188343,0.0010527482918188343,0.0
3901,0.0010527486144809302,0.0010527486144809302,0.0
3902,0.0010527482976875266,0.0010527482976875266,0.0
3903,0.0010527487308622412,0.0010527487308622412,0.0
3904,0.0010527482836215467,0.0010527482836215467,0.0
3905,0.0010527480806456076,0.0010527480806456076,0.0
3906,0.0010527482723513117,0.0010527482723513117,0.0
3907,0.0010527486580410945,0.0010527486580410945,0.0
3908,0.0010527482675495284,0.0010527482675495284,0.0
3909,0.001052748244076622,0.001052748244076622,0.0
3910,0.0010527486821314408,0.0010527486821314408,0.0
3911,0.0010527482363688037,0.0010527482363688037,0.0
3912,0.001052748495318189,0.001052748495318189,0.0
3913,0.0010527486068281963,0.0010527486068281963,0.0
3914,0.0010527482398515772,0.0010527482398515772,0.0
3915,0.001052748712221361,0.001052748712221361,0.0
3916,0.0010527482251908625,0.0010527482251908625,0.0
3917,0.001052748488894097,0.001052748488894097,0.0
3918,0.0010527484744917632,0.0010527484744917632,0.0
3919,0.0010527485568410315,0.0010527485568410315,0.0
3920,0.0010527482323211732,0.0010527482323211732,0.0
3921,0.0010527481432018666,0.0010527481432018666,0.0
3922,0.001052748393327885,0.001052748393327885,0.0
3923,0.0010527484556157884,0.0010527484556157884,0.0
3924,0.0010527480787786033,0.0010527480787786033,0.0
3925,0.0010527483387570034,0.0010527483387570034,0.0
3926,0.001052748403965155,0.001052748403965155,0.0
3927,0.0010527481767469077,0.0010527481767469077,0.0
3928,0.0010527483067036799,0.0010527483067036799,0.0
3929,0.0010527481625368135,0.0010527481625368135,0.0
3930,0.0010527483491081118,0.0010527483491081118,0.0
3931,0.0010527481492640133,0.0010527481492640133,0.0
3932,0.0010527483434891105,0.0010527483434891105,0.0
3933,0.0010527481392137768,0.0010527481392137768,0.0
3934,0.0010527483219877377,0.0010527483219877377,0.0
3935,0.0010527481411734243,0.0010527481411734243,0.0
3936,0.001052748076783009,0.001052748076783009,0.0
3937,0.0010527482765461589,0.0010527482765461589,0.0
3938,0.001052748076677442,0.001052748076677442,0.0
3939,0.0010527483046081038,0.0010527483046081038,0.0
3940,0.0010527481034135534,0.0010527481034135534,0.0
3941,0.0010527480568948997,0.0010527480568948997,0.0
3942,0.0010527482832941744,0.0010527482832941744,0.0
3943,0.0010527481437823925,0.0010527481437823925,0.0
3944,0.001052748173681541,0.001052748173681541,0.0
3945,0.0010527480692584421,0.0010527480692584421,0.0
3946,0.0010527480576828323,0.0010527480576828323,0.0
3947,0.0010527480240436055,0.0010527480240436055,0.0
3948,0.0010527482704050593,0.0010527482704050593,0.0
3949,0.0010527480568838135,0.0010527480568838135,0.0
3950,0.0010527480268992017,0.0010527480268992017,0.0
3951,0.0010527482128949031,0.0010527482128949031,0.0
3952,0.001052748031479793,0.001052748031479793,0.0
3953,0.001052747990147731,0.001052747990147731,0.0
3954,0.0010527481803226575,0.0010527481803226575,0.0
3955,0.0010527481370952241,0.0010527481370952241,0.0
3956,0.001052747957693493,0.001052747957693493,0.0
3957,0.0010527480989496849,0.0010527480989496849,0.0
3958,0.001052748121660428,0.001052748121660428,0.0
3959,0.0010527480271707505,0.0010527480271707505,0.0
3960,0.0010527479249229407,0.0010527479249229407,0.0
3961,0.0010527480455336867,0.0010527480455336867,0.0
3962,0.0010527480185494279,0.0010527480185494279,0.0
3963,0.0010527481566939706,0.0010527481566939706,0.0
3964,0.0010527479904796138,0.0010527479904796138,0.0
3965,0.0010527480687846295,0.0010527480687846295,0.0
3966,0.0010527480405577727,0.0010527480405577727,0.0
3967,0.0010527480762309597,0.0010527480762309597,0.0
3968,0.0010527480439840346,0.0010527480439840346,0.0
3969,0.0010527480414209962,0.0010527480414209962,0.0
3970,0.0010527479510385582,0.0010527479510385582,0.0
3971,0.001052748090690018,0.001052748090690018,0.0
3972,0.001052747963160325,0.001052747963160325,0.0
3973,0.0010527480248100404,0.0010527480248100404,0.0
3974,0.001052748110980507,0.001052748110980507,0.0
3975,0.0010527479562251307,0.0010527479562251307,0.0
3976,0.0010527479919147011,0.0010527479919147011,0.0
3977,0.0010527479779120807,0.0010527479779120807,0.0
3978,0.001052747964524634,0.001052747964524634,0.0
3979,0.0010527479723412016,0.0010527479723412016,0.0
3980,0.0010527480634026946,0.0010527480634026946,0.0
3981,0.0010527479396732764,0.0010527479396732764,0.0
3982,0.0010527480397326775,0.0010527480397326775,0.0
3983,0.0010527479416575338,0.0010527479416575338,0.0
3984,0.0010527480433231145,0.0010527480433231145,0.0
3985,0.001052747938129939,0.001052747938129939,0.0
3986,0.0010527480345568945,0.0010527480345568945,0.0
3987,0.0010527479374785819,0.0010527479374785819,0.0
3988,0.001052747948359625,0.001052747948359625,0.0
3989,0.0010527480105615196,0.0010527480105615196,0.0
3990,0.0010527480442325302,0.0010527480442325302,0.0
3991,0.0010527479313982477,0.0010527479313982477,0.0
3992,0.0010527479794229116,0.0010527479794229116,0.0
3993,0.001052748003944318,0.001052748003944318,0.0
3994,0.0010527479263162793,0.0010527479263162793,0.0
3995,0.0010527480376437174,0.0010527480376437174,0.0
3996,0.0010527479190274816,0.0010527479190274816,0.0
3997,0.0010527479082820923,0.0010527479082820923,0.0
3998,0.0010527480172074363,0.0010527480172074363,0.0
3999,0.0010527479411499062,0.0010527479411499062,0.0
4000,0.0010527480225701377,0.0010527480225701377,0.0
4001,0.0010527479111595453,0.0010527479111595453,0.0
4002,0.0010527480304227755,0.0010527480304227755,0.0
4003,0.0010527479101051502,0.0010527479101051502,0.0
4004,0.0010527479948069039,0.0010527479948069039,0.0
4005,0.0010527479124223,0.0010527479124223,0.0
4006,0.0010527480373456802,0.0010527480373456802,0.0
4007,0.0010527479047923876,0.0010527479047923876,0.0
4008,0.0010527478964677507,0.0010527478964677507,0.0
4009,0.0010527479687032903,0.0010527479687032903,0.0
4010,0.0010527479452292847,0.0010527479452292847,0.0
4011,0.0010527478911846913,0.0010527478911846913,0.0
4012,0.0010527479578951895,0.0010527479578951895,0.0
4013,0.0010527479710038508,0.0010527479710038508,0.0
4014,0.001052747902197443,0.001052747902197443,0.0
4015,0.001052747994372311,0.001052747994372311,0.0
4016,0.0010527478988480614,0.0010527478988480614,0.0
4017,0.0010527479547634642,0.0010527479547634642,0.0
4018,0.0010527479022682383,0.0010527479022682383,0.0
4019,0.001052747915253393,0.001052747915253393,0.0
4020,0.001052747977052336,0.001052747977052336,0.0
4021,0.0010527478974358335,0.0010527478974358335,0.0
4022,0.0010527479040799994,0.0010527479040799994,0.0
4023,0.0010527479034074482,0.0010527479034074482,0.0
4024,0.0010527478908967619,0.0010527478908967619,0.0
4025,0.0010527479599656065,0.0010527479599656065,0.0
4026,0.001052747879759082,0.001052747879759082,0.0
4027,0.0010527479282097223,0.0010527479282097223,0.0
4028,0.001052747878713116,0.001052747878713116,0.0
4029,0.0010527479280118132,0.0010527479280118132,0.0
4030,0.0010527478976694524,0.0010527478976694524,0.0
4031,0.0010527478926519688,0.0010527478926519688,0.0
4032,0.0010527479007505318,0.0010527479007505318,0.0
4033,0.0010527479046927787,0.0010527479046927787,0.0
4034,0.0010527479015673758,0.0010527479015673758,0.0
4035,0.0010527478846367965,0.0010527478846367965,0.0
4036,0.001052747892783395,0.001052747892783395,0.0
4037,0.001052747881063684,0.001052747881063684,0.0
4038,0.001052747907399233,0.001052747907399233,0.0
4039,0.0010527478775983158,0.0010527478775983158,0.0
4040,0.001052747905828121,0.001052747905828121,0.0
4041,0.0010527478775560104,0.0010527478775560104,0.0
4042,0.0010527478819539967,0.0010527478819539967,0.0
4043,0.0010527478691883378,0.0010527478691883378,0.0
4044,0.0010527479089652396,0.0010527479089652396,0.0
4045,0.0010527478725355695,0.0010527478725355695,0.0
4046,0.0010527478867930096,0.0010527478867930096,0.0
4047,0.0010527478991718927,0.0010527478991718927,0.0
4048,0.0010527478723173663,0.0010527478723173663,0.0
4049,0.0010527478616751574,0.0010527478616751574,0.0
4050,0.00105274789595199,0.00105274789595199,0.0
4051,0.001052747870107957,0.001052747870107957,0.0
4052,0.0010527478717024747,0.0010527478717024747,0.0
4053,0.0010527478614582703,0.0010527478614582703,0.0
4054,0.0010527479070710955,0.0010527479070710955,0.0
4055,0.0010527479117653853,0.0010527479117653853,0.0
4056,0.0010527478638994827,0.0010527478638994827,0.0
4057,0.001052747872346338,0.001052747872346338,0.0
4058,0.0010527478870611168,0.0010527478870611168,0.0
4059,0.0010527478798145688,0.0010527478798145688,0.0
4060,0.0010527478955751615,0.0010527478955751615,0.0
4061,0.0010527478622850462,0.0010527478622850462,0.0
4062,0.0010527479000441964,0.0010527479000441964,0.0
4063,0.0010527478617600391,0.0010527478617600391,0.0
4064,0.001052747880426881,0.001052747880426881,0.0
4065,0.0010527478850048029,0.0010527478850048029,0.0
4066,0.001052747861544546,0.001052747861544546,0.0
4067,0.0010527478725365967,0.0010527478725365967,0.0
4068,0.0010527478787543953,0.0010527478787543953,0.0
4069,0.0010527478936779174,0.0010527478936779174,0.0
4070,0.0010527478594500716,0.0010527478594500716,0.0
4071,0.001052747881766964,0.001052747881766964,0.0
4072,0.0010527478607971908,0.0010527478607971908,0.0
4073,0.0010527478819622542,0.0010527478819622542,0.0
4074,0.0010527478603955982,0.0010527478603955982,0.0
4075,0.0010527478731002008,0.0010527478731002008,0.0
4076,0.001052747847645035,0.001052747847645035,0.0
4077,0.0010527478594461216,0.0010527478594461216,0.0
4078,0.001052747840914426,0.001052747840914426,0.0
4079,0.0010527478445860256,0.0010527478445860256,0.0
4080,0.0010527478719483687,0.0010527478719483687,0.0
4081,0.0010527478715319529,0.0010527478715319529,0.0
4082,0.0010527478554130567,0.0010527478554130567,0.0
4083,0.0010527478748056768,0.0010527478748056768,0.0
4084,0.0010527478552674512,0.0010527478552674512,0.0
4085,0.001052747849844203,0.001052747849844203,0.0
4086,0.001052747874794505,0.001052747874794505,0.0
4087,0.001052747854194596,0.001052747854194596,0.0
4088,0.00105274787256959,0.00105274787256959,0.0
4089,0.0010527478543461432,0.0010527478543461432,0.0
4090,0.0010527478628735848,0.0010527478628735848,0.0
4091,0.0010527478829571025,0.0010527478829571025,0.0
4092,0.0010527478523082456,0.0010527478523082456,0.0
4093,0.0010527478526978675,0.0010527478526978675,0.0
4094,0.0010527478533716996,0.0010527478533716996,0.0
4095,0.0010527478699380885,0.0010527478699380885,0.0
4096,0.001052747850142453,0.001052747850142453,0.0
4097,0.0010527478557852976,0.0010527478557852976,0.0
4098,0.0010527478474496325,0.0010527478474496325,0.0
4099,0.0010527478629986414,0.0010527478629986414,0.0
4100,0.0010527478496642321,0.0010527478496642321,0.0
4101,0.0010527478416150894,0.0010527478416150894,0.0
4102,0.001052747862394538,0.001052747862394538,0.0
4103,0.0010527478488627966,0.0010527478488627966,0.0
4104,0.0010527478364388385,0.0010527478364388385,0.0
4105,0.0010527478376215575,0.0010527478376215575,0.0
4106,0.0010527478400476824,0.0010527478400476824,0.0
4107,0.0010527478397806276,0.0010527478397806276,0.0
4108,0.0010527478477842076,0.0010527478477842076,0.0
4109,0.0010527478489092362,0.0010527478489092362,0.0
4110,0.001052747841758368,0.001052747841758368,0.0
4111,0.0010527478369719578,0.0010527478369719578,0.0
4112,0.0010527478358468988,0.0010527478358468988,0.0
4113,0.0010527478460703472,0.0010527478460703472,0.0
4114,0.001052747837177694,0.001052747837177694,0.0
4115,0.0010527478529318774,0.0010527478529318774,0.0
4116,0.0010527478410345442,0.0010527478410345442,0.0
4117,0.0010527478323547452,0.0010527478323547452,0.0
4118,0.0010527478393841524,0.0010527478393841524,0.0
4119,0.0010527478358803547,0.0010527478358803547,0.0
4120,0.0010527478407375082,0.0010527478407375082,0.0
4121,0.0010527478285314211,0.0010527478285314211,0.0
4122,0.0010527478322043839,0.0010527478322043839,0.0
4123,0.0010527478363969085,0.0010527478363969085,0.0
4124,0.0010527478202480816,0.0010527478202480816,0.0
4125,0.0010527478124587825,0.0010527478124587825,0.0
4126,0.001052747837042081,0.001052747837042081,0.0
4127,0.0010527478388379955,0.0010527478388379955,0.0
4128,0.0010527478253384416,0.0010527478253384416,0.0
4129,0.0010527478232751444,0.0010527478232751444,0.0
4130,0.0010527478256864803,0.0010527478256864803,0.0
4131,0.0010527478211234782,0.0010527478211234782,0.0
4132,0.0010527478331838005,0.0010527478331838005,0.0
4133,0.001052747833019302,0.001052747833019302,0.0
4134,0.0010527478213809341,0.0010527478213809341,0.0
4135,0.0010527478155828334,0.0010527478155828334,0.0
4136,0.0010527478319663874,0.0010527478319663874,0.0
4137,0.0010527478299956605,0.0010527478299956605,0.0
4138,0.0010527478224078145,0.0010527478224078145,0.0
4139,0.0010527478128469132,0.0010527478128469132,0.0
4140,0.0010527478137090554,0.0010527478137090554,0.0
4141,0.0010527478148850047,0.0010527478148850047,0.0
4142,0.0010527478122437253,0.0010527478122437253,0.0
4143,0.0010527478215085469,0.0010527478215085469,0.0
4144,0.0010527478031702605,0.0010527478031702605,0.0
4145,0.0010527477986789831,0.0010527477986789831,0.0
4146,0.0010527478201080435,0.0010527478201080435,0.0
4147,0.0010527478216646492,0.0010527478216646492,0.0
4148,0.0010527477980700377,0.0010527477980700377,0.0
4149,0.0010527477915088148,0.0010527477915088148,0.0
4150,0.0010527478111830397,0.0010527478111830397,0.0
4151,0.0010527478236940276,0.0010527478236940276,0.0
4152,0.001052747802547851,0.001052747802547851,0.0
4153,0.0010527477980787948,0.0010527477980787948,0.0
4154,0.0010527478016248903,0.0010527478016248903,0.0
4155,0.0010527478207830946,0.0010527478207830946,0.0
4156,0.0010527477968336125,0.0010527477968336125,0.0
4157,0.0010527477933024105,0.0010527477933024105,0.0
4158,0.0010527478032152312,0.0010527478032152312,0.0
4159,0.0010527477987299708,0.0010527477987299708,0.0
4160,0.0010527477852150923,0.0010527477852150923,0.0
4161,0.0010527477820942383,0.0010527477820942383,0.0
4162,0.0010527478037278338,0.0010527478037278338,0.0
4163,0.0010527477862714565,0.0010527477862714565,0.0
4164,0.0010527477881054712,0.0010527477881054712,0.0
4165,0.0010527477792490342,0.0010527477792490342,0.0
4166,0.001052747778694206,0.001052747778694206,0.0
4167,0.001052747784408757,0.001052747784408757,0.0
4168,0.0010527477883584928,0.0010527477883584928,0.0
4169,0.001052747763630691,0.001052747763630691,0.0
4170,0.0010527477472203864,0.0010527477472203864,0.0
4171,0.0010527477679821112,0.0010527477679821112,0.0
4172,0.0010527477710211488,0.0010527477710211488,0.0
4173,0.0010527477756184648,0.0010527477756184648,0.0
4174,0.001052747790303339,0.001052747790303339,0.0
4175,0.0010527477633907555,0.0010527477633907555,0.0
4176,0.0010527477642642083,0.0010527477642642083,0.0
4177,0.0010527477634755726,0.0010527477634755726,0.0
4178,0.0010527477538574163,0.0010527477538574163,0.0
4179,0.0010527477604138915,0.0010527477604138915,0.0
4180,0.0010527477547260429,0.0010527477547260429,0.0
4181,0.0010527477671426855,0.0010527477671426855,0.0
4182,0.001052747752617477,0.001052747752617477,0.0
4183,0.0010527477545647992,0.0010527477545647992,0.0
4184,0.0010527477368205143,0.0010527477368205143,0.0
4185,0.0010527477274347526,0.0010527477274347526,0.0
4186,0.0010527477319764405,0.0010527477319764405,0.0
4187,0.0010527477421666566,0.0010527477421666566,0.0
4188,0.0010527477304650133,0.0010527477304650133,0.0
4189,0.0010527477344628583,0.0010527477344628583,0.0
4190,0.00105274773712763,0.00105274773712763,0.0
4191,0.001052747738975361,0.001052747738975361,0.0
4192,0.001052747729686845,0.001052747729686845,0.0
4193,0.001052747727443237,0.001052747727443237,0.0
4194,0.0010527477308791464,0.0010527477308791464,0.0
4195,0.0010527477172511527,0.0010527477172511527,0.0
4196,0.0010527477191889865,0.0010527477191889865,0.0
4197,0.0010527477116992995,0.0010527477116992995,0.0
4198,0.0010527477095270343,0.0010527477095270343,0.0
4199,0.0010527477153734553,0.0010527477153734553,0.0
4200,0.0010527476981131022,0.0010527476981131022,0.0
4201,0.0010527476862076625,0.0010527476862076625,0.0
4202,0.0010527477004446226,0.0010527477004446226,0.0
4203,0.0010527476896469406,0.0010527476896469406,0.0
4204,0.001052747702255689,0.001052747702255689,0.0
4205,0.0010527476873648223,0.0010527476873648223,0.0
4206,0.001052747678638518,0.001052747678638518,0.0
4207,0.001052747666979227,0.001052747666979227,0.0
4208,0.0010527477028294445,0.0010527477028294445,0.0
4209,0.0010527477203726807,0.0010527477203726807,0.0
4210,0.0010527477017507683,0.0010527477017507683,0.0
4211,0.0010527476804140167,0.0010527476804140167,0.0
4212,0.001052747670223401,0.001052747670223401,0.0
4213,0.0010527476748233941,0.0010527476748233941,0.0
4214,0.0010527476524245542,0.0010527476524245542,0.0
4215,0.0010527476301929717,0.0010527476301929717,0.0
4216,0.0010527476828697331,0.0010527476828697331,0.0
4217,0.0010527476609607498,0.0010527476609607498,0.0
4218,0.001052747647170469,0.001052747647170469,0.0
4219,0.0010527476565645932,0.0010527476565645932,0.0
4220,0.0010527476309173584,0.0010527476309173584,0.0
4221,0.0010527476348293294,0.0010527476348293294,0.0
4222,0.001052747646214621,0.001052747646214621,0.0
4223,0.0010527476376033826,0.0010527476376033826,0.0
4224,0.0010527476264242106,0.0010527476264242106,0.0
4225,0.0010527476294420874,0.0010527476294420874,0.0
4226,0.001052747628634806,0.001052747628634806,0.0
4227,0.0010527476162798034,0.0010527476162798034,0.0
4228,0.0010527476213058053,0.0010527476213058053,0.0
4229,0.0010527476444727886,0.0010527476444727886,0.0
4230,0.0010527476278554308,0.0010527476278554308,0.0
4231,0.0010527476274940684,0.0010527476274940684,0.0
4232,0.0010527476064616426,0.0010527476064616426,0.0
4233,0.0010527476127998154,0.0010527476127998154,0.0
4234,0.001052747587426527,0.001052747587426527,0.0
4235,0.0010527475665951945,0.0010527475665951945,0.0
4236,0.0010527475726571853,0.0010527475726571853,0.0
4237,0.0010527475788880106,0.0010527475788880106,0.0
4238,0.001052747580890573,0.001052747580890573,0.0
4239,0.001052747573551889,0.001052747573551889,0.0
4240,0.0010527475950234755,0.0010527475950234755,0.0
4241,0.0010527475757255017,0.0010527475757255017,0.0
4242,0.0010527476006798719,0.0010527476006798719,0.0
4243,0.0010527475765207228,0.0010527475765207228,0.0
4244,0.0010527475624693746,0.0010527475624693746,0.0
4245,0.0010527475660653458,0.0010527475660653458,0.0
4246,0.0010527475572637759,0.0010527475572637759,0.0
4247,0.001052747559893666,0.001052747559893666,0.0
4248,0.0010527475519759156,0.0010527475519759156,0.0
4249,0.001052747552457089,0.001052747552457089,0.0
4250,0.0010527475590871944,0.0010527475590871944,0.0
4251,0.0010527475704546739,0.0010527475704546739,0.0
4252,0.0010527475217594925,0.0010527475217594925,0.0
4253,0.0010527474937023825,0.0010527474937023825,0.0
4254,0.0010527475141563533,0.0010527475141563533,0.0
4255,0.0010527475202606112,0.0010527475202606112,0.0
4256,0.0010527474952146542,0.0010527474952146542,0.0
4257,0.001052747512078458,0.001052747512078458,0.0
4258,0.0010527475204001719,0.0010527475204001719,0.0
4259,0.001052747515417332,0.001052747515417332,0.0
4260,0.001052747523806691,0.001052747523806691,0.0
4261,0.0010527474871924254,0.0010527474871924254,0.0
4262,0.0010527474677547268,0.0010527474677547268,0.0
4263,0.0010527475047522907,0.0010527475047522907,0.0
4264,0.0010527474967055347,0.0010527474967055347,0.0
4265,0.0010527474802302641,0.0010527474802302641,0.0
4266,0.0010527474754992076,0.0010527474754992076,0.0
4267,0.001052747465607272,0.001052747465607272,0.0
4268,0.0010527474710232726,0.0010527474710232726,0.0
4269,0.0010527474450146225,0.0010527474450146225,0.0
4270,0.0010527474233205316,0.0010527474233205316,0.0
4271,0.0010527474387612712,0.0010527474387612712,0.0
4272,0.0010527474378775974,0.0010527474378775974,0.0
4273,0.001052747404659217,0.001052747404659217,0.0
4274,0.0010527473623827672,0.0010527473623827672,0.0
4275,0.001052747392163537,0.001052747392163537,0.0
4276,0.0010527474312331318,0.0010527474312331318,0.0
4277,0.001052747418879255,0.001052747418879255,0.0
4278,0.0010527473833440919,0.0010527473833440919,0.0
4279,0.0010527474046828048,0.0010527474046828048,0.0
4280,0.0010527473816669063,0.0010527473816669063,0.0
4281,0.001052747395035151,0.001052747395035151,0.0
4282,0.0010527473671212474,0.0010527473671212474,0.0
4283,0.001052747345002908,0.001052747345002908,0.0
4284,0.001052747314834989,0.001052747314834989,0.0
4285,0.001052747320676629,0.001052747320676629,0.0
4286,0.0010527473222410972,0.0010527473222410972,0.0
4287,0.0010527472977704365,0.0010527472977704365,0.0
4288,0.0010527472492834187,0.0010527472492834187,0.0
4289,0.00105274727831225,0.00105274727831225,0.0
4290,0.0010527472726160187,0.0010527472726160187,0.0
4291,0.0010527472477824158,0.0010527472477824158,0.0
4292,0.0010527471921413037,0.0010527471921413037,0.0
4293,0.0010527472821466658,0.0010527472821466658,0.0
4294,0.0010527472398739902,0.0010527472398739902,0.0
4295,0.0010527472244520864,0.0010527472244520864,0.0
4296,0.0010527473351745764,0.0010527473351745764,0.0
4297,0.0010527472140680698,0.0010527472140680698,0.0
4298,0.0010527472042123971,0.0010527472042123971,0.0
4299,0.0010527471685328224,0.0010527471685328224,0.0
4300,0.0010527471021492124,0.0010527471021492124,0.0
4301,0.001052747129296418,0.001052747129296418,0.0
4302,0.0010527471219650736,0.0010527471219650736,0.0
4303,0.0010527471082841689,0.0010527471082841689,0.0
4304,0.0010527471162564551,0.0010527471162564551,0.0
4305,0.001052747070789888,0.001052747070789888,0.0
4306,0.001052747000303684,0.001052747000303684,0.0
4307,0.0010527471826445344,0.0010527471826445344,0.0
4308,0.001052747089558983,0.001052747089558983,0.0
4309,0.0010527470065186115,0.0010527470065186115,0.0
4310,0.0010527470258853424,0.0010527470258853424,0.0
4311,0.0010527469873624945,0.0010527469873624945,0.0
4312,0.0010527468946275366,0.0010527468946275366,0.0
4313,0.0010527469662709047,0.0010527469662709047,0.0
4314,0.0010527469511592352,0.0010527469511592352,0.0
4315,0.0010527469847739664,0.0010527469847739664,0.0
4316,0.0010527468898890312,0.0010527468898890312,0.0
4317,0.00105274677539302,0.00105274677539302,0.0
4318,0.0010527468597879349,0.0010527468597879349,0.0
4319,0.0010527468365953956,0.0010527468365953956,0.0
4320,0.0010527468606657412,0.0010527468606657412,0.0
4321,0.001052746850256394,0.001052746850256394,0.0
4322,0.0010527468456843262,0.0010527468456843262,0.0
4323,0.0010527467484423279,0.0010527467484423279,0.0
4324,0.00105274660376433,0.00105274660376433,0.0
4325,0.001052746730893147,0.001052746730893147,0.0
4326,0.0010527466833035479,0.0010527466833035479,0.0
4327,0.001052746699582023,0.001052746699582023,0.0
4328,0.0010527466925403775,0.0010527466925403775,0.0
4329,0.0010527465899748904,0.0010527465899748904,0.0
4330,0.0010527464472596029,0.0010527464472596029,0.0
4331,0.0010527466796762671,0.0010527466796762671,0.0
4332,0.0010527465496285343,0.0010527465496285343,0.0
4333,0.001052746532163232,0.001052746532163232,0.0
4334,0.001052746524437004,0.001052746524437004,0.0
4335,0.001052746430152533,0.001052746430152533,0.0
4336,0.001052746238137763,0.001052746238137763,0.0
4337,0.0010527463637283083,0.0010527463637283083,0.0
4338,0.0010527465879924675,0.0010527465879924675,0.0
4339,0.001052746398457952,0.001052746398457952,0.0
4340,0.0010527463486689477,0.0010527463486689477,0.0
4341,0.0010527464584179679,0.0010527464584179679,0.0
4342,0.001052746424340898,0.001052746424340898,0.0
4343,0.0010527462499863817,0.0010527462499863817,0.0
4344,0.0010527462113132798,0.0010527462113132798,0.0
4345,0.0010527460345095708,0.0010527460345095708,0.0
4346,0.001052746203465934,0.001052746203465934,0.0
4347,0.0010527461053183146,0.0010527461053183146,0.0
4348,0.0010527461794957104,0.0010527461794957104,0.0
4349,0.001052746116729346,0.001052746116729346,0.0
4350,0.0010527459736111786,0.0010527459736111786,0.0
4351,0.001052745717829956,0.001052745717829956,0.0
4352,0.0010527459699450415,0.0010527459699450415,0.0
4353,0.0010527460457814162,0.0010527460457814162,0.0
4354,0.001052745850688827,0.001052745850688827,0.0
4355,0.0010527460577764401,0.0010527460577764401,0.0
4356,0.0010527458572204562,0.0010527458572204562,0.0
4357,0.0010527458337832231,0.0010527458337832231,0.0
4358,0.0010527458744621053,0.0010527458744621053,0.0
4359,0.0010527457361065788,0.0010527457361065788,0.0
4360,0.0010527457217726056,0.0010527457217726056,0.0
4361,0.001052745702050079,0.001052745702050079,0.0
4362,0.001052745631608939,0.001052745631608939,0.0
4363,0.0010527455162924202,0.0010527455162924202,0.0
4364,0.0010527452264770568,0.0010527452264770568,0.0
4365,0.001052745519773158,0.001052745519773158,0.0
4366,0.001052745550572105,0.001052745550572105,0.0
4367,0.0010527453735972028,0.0010527453735972028,0.0
4368,0.001052745365246798,0.001052745365246798,0.0
4369,0.0010527453042452827,0.0010527453042452827,0.0
4370,0.0010527453330041946,0.0010527453330041946,0.0
4371,0.001052745251396001,0.001052745251396001,0.0
4372,0.001052745401217665,0.001052745401217665,0.0
4373,0.0010527451313729964,0.0010527451313729964,0.0
4374,0.0010527449240195262,0.0010527449240195262,0.0
4375,0.0010527450005076034,0.0010527450005076034,0.0
4376,0.001052745145774859,0.001052745145774859,0.0
4377,0.0010527449970791814,0.0010527449970791814,0.0
4378,0.0010527448984185331,0.0010527448984185331,0.0
4379,0.001052744659072314,0.001052744659072314,0.0
4380,0.0010527450352013372,0.0010527450352013372,0.0
4381,0.0010527449812945844,0.0010527449812945844,0.0
4382,0.0010527447501897564,0.0010527447501897564,0.0
4383,0.0010527449739433548,0.0010527449739433548,0.0
4384,0.001052744556304479,0.001052744556304479,0.0
4385,0.0010527441630376133,0.0010527441630376133,0.0
4386,0.0010527444858943126,0.0010527444858943126,0.0
4387,0.0010527444835144836,0.0010527444835144836,0.0
4388,0.0010527445736165566,0.0010527445736165566,0.0
4389,0.001052744440447436,0.001052744440447436,0.0
4390,0.0010527443639710094,0.0010527443639710094,0.0
4391,0.0010527441246901198,0.0010527441246901198,0.0
4392,0.0010527436014735306,0.0010527436014735306,0.0
4393,0.0010527442436247835,0.0010527442436247835,0.0
4394,0.0010527445292145172,0.0010527445292145172,0.0
4395,0.001052744095991832,0.001052744095991832,0.0
4396,0.0010527441231683867,0.0010527441231683867,0.0
4397,0.0010527438825807197,0.0010527438825807197,0.0
4398,0.0010527439087625007,0.0010527439087625007,0.0
4399,0.0010527438766955814,0.0010527438766955814,0.0
4400,0.0010527435904469035,0.0010527435904469035,0.0
4401,0.0010527430983806702,0.0010527430983806702,0.0
4402,0.0010527436021319906,0.0010527436021319906,0.0
4403,0.0010527436567130545,0.0010527436567130545,0.0
4404,0.0010527433138951003,0.0010527433138951003,0.0
4405,0.001052743256232185,0.001052743256232185,0.0
4406,0.0010527434094682803,0.0010527434094682803,0.0
4407,0.0010527433393723547,0.0010527433393723547,0.0
4408,0.0010527432336530365,0.0010527432336530365,0.0
4409,0.001052742870891194,0.001052742870891194,0.0
4410,0.0010527422214111485,0.0010527422214111485,0.0
4411,0.0010527426488311908,0.0010527426488311908,0.0
4412,0.0010527426138013823,0.0010527426138013823,0.0
4413,0.0010527424846112341,0.0010527424846112341,0.0
4414,0.0010527434488925977,0.0010527434488925977,0.0
4415,0.001052742457604091,0.001052742457604091,0.0
4416,0.0010527422659326877,0.0010527422659326877,0.0
4417,0.0010527421724636041,0.0010527421724636041,0.0
4418,0.001052741442989303,0.001052741442989303,0.0
4419,0.0010527422653865194,0.0010527422653865194,0.0
4420,0.0010527419650771673,0.0010527419650771673,0.0
4421,0.0010527421820799821,0.0010527421820799821,0.0
4422,0.0010527418746577842,0.0010527418746577842,0.0
4423,0.0010527416056566386,0.0010527416056566386,0.0
4424,0.0010527424625668643,0.0010527424625668643,0.0
4425,0.0010527417853399654,0.0010527417853399654,0.0
4426,0.0010527417412543427,0.0010527417412543427,0.0
4427,0.0010527412381838752,0.0010527412381838752,0.0
4428,0.0010527405230780333,0.0010527405230780333,0.0
4429,0.0010527410407213677,0.0010527410407213677,0.0
4430,0.0010527407165681244,0.0010527407165681244,0.0
4431,0.0010527405770024932,0.0010527405770024932,0.0
4432,0.001052740810609106,0.001052740810609106,0.0
4433,0.0010527406403745786,0.0010527406403745786,0.0
4434,0.0010527407452399322,0.0010527407452399322,0.0
4435,0.0010527413844745384,0.0010527413844745384,0.0
4436,0.0010527404218377448,0.0010527404218377448,0.0
4437,0.0010527398962582775,0.0010527398962582775,0.0
4438,0.0010527402768438418,0.0010527402768438418,0.0
4439,0.0010527399948141078,0.0010527399948141078,0.0
4440,0.0010527399361550472,0.0010527399361550472,0.0
4441,0.0010527398301566578,0.0010527398301566578,0.0
4442,0.0010527393702213451,0.0010527393702213451,0.0
4443,0.001052739494324236,0.001052739494324236,0.0
4444,0.0010527397999807446,0.0010527397999807446,0.0
4445,0.0010527393877114662,0.0010527393877114662,0.0
4446,0.0010527391284760154,0.0010527391284760154,0.0
4447,0.0010527385049507536,0.0010527385049507536,0.0
4448,0.0010527388920425142,0.0010527388920425142,0.0
4449,0.0010527389315375605,0.0010527389315375605,0.0
4450,0.0010527392470779805,0.0010527392470779805,0.0
4451,0.0010527384051177418,0.0010527384051177418,0.0
4452,0.001052737405780491,0.001052737405780491,0.0
4453,0.0010527382935119397,0.0010527382935119397,0.0
4454,0.0010527381821938883,0.0010527381821938883,0.0
4455,0.0010527382530595211,0.0010527382530595211,0.0
4456,0.001052738027522506,0.001052738027522506,0.0
4457,0.0010527383970600772,0.0010527383970600772,0.0
4458,0.001052737368900008,0.001052737368900008,0.0
4459,0.001052736393606201,0.001052736393606201,0.0
4460,0.0010527372496854119,0.0010527372496854119,0.0
4461,0.0010527376613985661,0.0010527376613985661,0.0
4462,0.0010527371991176269,0.0010527371991176269,0.0
4463,0.0010527370243932396,0.0010527370243932396,0.0
4464,0.0010527364744960899,0.0010527364744960899,0.0
4465,0.0010527374074985824,0.0010527374074985824,0.0
4466,0.0010527374673390585,0.0010527374673390585,0.0
4467,0.001052736958096882,0.001052736958096882,0.0
4468,0.0010527368984986196,0.0010527368984986196,0.0
4469,0.0010527366890630615,0.0010527366890630615,0.0
4470,0.001052736210782747,0.001052736210782747,0.0
4471,0.0010527359959315408,0.0010527359959315408,0.0
4472,0.0010527366015732457,0.0010527366015732457,0.0
4473,0.0010527357216204747,0.0010527357216204747,0.0
4474,0.0010527349478863133,0.0010527349478863133,0.0
4475,0.0010527359161936166,0.0010527359161936166,0.0
4476,0.0010527353768515523,0.0010527353768515523,0.0
4477,0.001052735982127718,0.001052735982127718,0.0
4478,0.0010527353539884652,0.0010527353539884652,0.0
4479,0.0010527350917017878,0.0010527350917017878,0.0
4480,0.0010527351778610709,0.0010527351778610709,0.0
4481,0.001052734783649447,0.001052734783649447,0.0
4482,0.0010527341411969682,0.0010527341411969682,0.0
4483,0.0010527356375781062,0.0010527356375781062,0.0
4484,0.001052734774661507,0.001052734774661507,0.0
4485,0.0010527342107013425,0.0010527342107013425,0.0
4486,0.001052735257442089,0.001052735257442089,0.0
4487,0.0010527355653309812,0.0010527355653309812,0.0
4488,0.0010527345511723142,0.0010527345511723142,0.0
4489,0.0010527343522962508,0.0010527343522962508,0.0
4490,0.0010527339653241357,0.0010527339653241357,0.0
4491,0.001052733835197413,0.001052733835197413,0.0
4492,0.0010527349038102708,0.0010527349038102708,0.0
4493,0.0010527342161097584,0.0010527342161097584,0.0
4494,0.0010527333318190715,0.0010527333318190715,0.0
4495,0.001052732563130717,0.001052732563130717,0.0
4496,0.0010527328421366265,0.0010527328421366265,0.0
4497,0.0010527331231131286,0.0010527331231131286,0.0
4498,0.001052732846762074,0.001052732846762074,0.0
4499,0.0010527334690842841,0.0010527334690842841,0.0
4500,0.0010527329107883074,0.0010527329107883074,0.0
4501,0.0010527323015578113,0.0010527323015578113,0.0
4502,0.001052731592240653,0.001052731592240653,0.0
4503,0.0010527323980471437,0.0010527323980471437,0.0
4504,0.0010527330478555875,0.0010527330478555875,0.0
4505,0.0010527321579750215,0.0010527321579750215,0.0
4506,0.001052732432557108,0.001052732432557108,0.0
4507,0.0010527318962099985,0.0010527318962099985,0.0
4508,0.0010527313993449392,0.0010527313993449392,0.0
4509,0.001052731167686802,0.001052731167686802,0.0
4510,0.0010527306147370052,0.0010527306147370052,0.0
4511,0.0010527294228849945,0.0010527294228849945,0.0
4512,0.0010527308370165765,0.0010527308370165765,0.0
4513,0.0010527316181726954,0.0010527316181726954,0.0
4514,0.0010527307750722453,0.0010527307750722453,0.0
4515,0.0010527314509001429,0.0010527314509001429,0.0
4516,0.0010527313057205317,0.0010527313057205317,0.0
4517,0.0010527315641641283,0.0010527315641641283,0.0
4518,0.0010527294903227714,0.0010527294903227714,0.0
4519,0.0010527306240758654,0.0010527306240758654,0.0
4520,0.0010527292986779188,0.0010527292986779188,0.0
4521,0.001052728311952598,0.001052728311952598,0.0
4522,0.0010527292973127867,0.0010527292973127867,0.0
4523,0.0010527295534378314,0.0010527295534378314,0.0
4524,0.0010527293181939496,0.0010527293181939496,0.0
4525,0.0010527312225378958,0.0010527312225378958,0.0
4526,0.001052730074122765,0.001052730074122765,0.0
4527,0.0010527291139733955,0.0010527291139733955,0.0
4528,0.001052729654835634,0.001052729654835634,0.0
4529,0.0010527286753051006,0.0010527286753051006,0.0
4530,0.0010527288824227822,0.0010527288824227822,0.0
4531,0.0010527285827038554,0.0010527285827038554,0.0
4532,0.0010527303897665211,0.0010527303897665211,0.0
4533,0.0010527288686888784,0.0010527288686888784,0.0
4534,0.0010527288145006526,0.0010527288145006526,0.0
4535,0.0010527271525635304,0.0010527271525635304,0.0
4536,0.0010527263020565774,0.0010527263020565774,0.0
4537,0.00105272886517761,0.00105272886517761,0.0
4538,0.0010527265696550106,0.0010527265696550106,0.0
4539,0.0010527278742000924,0.0010527278742000924,0.0
4540,0.0010527291377447584,0.0010527291377447584,0.0
4541,0.0010527268608983896,0.0010527268608983896,0.0
4542,0.001052727173035603,0.001052727173035603,0.0
4543,0.001052726052293315,0.001052726052293315,0.0
4544,0.0010527247857438345,0.0010527247857438345,0.0
4545,0.0010527264280122816,0.0010527264280122816,0.0
4546,0.0010527277943600958,0.0010527277943600958,0.0
4547,0.0010527259736126796,0.0010527259736126796,0.0
4548,0.0010527252844498907,0.0010527252844498907,0.0
4549,0.0010527280143527524,0.0010527280143527524,0.0
4550,0.0010527249215344784,0.0010527249215344784,0.0
4551,0.0010527246757406738,0.0010527246757406738,0.0
4552,0.0010527236243760493,0.0010527236243760493,0.0
4553,0.0010527249437616432,0.0010527249437616432,0.0
4554,0.0010527254223975855,0.0010527254223975855,0.0
4555,0.001052725559754971,0.001052725559754971,0.0
4556,0.0010527244291699657,0.0010527244291699657,0.0
4557,0.001052723602723065,0.001052723602723065,0.0
4558,0.001052723504568849,0.001052723504568849,0.0
4559,0.0010527229937277863,0.0010527229937277863,0.0
4560,0.001052722606971816,0.001052722606971816,0.0
4561,0.0010527245838104007,0.0010527245838104007,0.0
4562,0.0010527225143427549,0.0010527225143427549,0.0
4563,0.0010527225215625413,0.0010527225215625413,0.0
4564,0.0010527238684990697,0.0010527238684990697,0.0
4565,0.0010527219722067083,0.0010527219722067083,0.0
4566,0.0010527216473968015,0.0010527216473968015,0.0
4567,0.0010527219994940903,0.0010527219994940903,0.0
4568,0.0010527210324451806,0.0010527210324451806,0.0
4569,0.0010527202162941766,0.0010527202162941766,0.0
4570,0.0010527198516372886,0.0010527198516372886,0.0
4571,0.0010527179261182813,0.0010527179261182813,0.0
4572,0.0010527196783885447,0.0010527196783885447,0.0
4573,0.0010527194233518318,0.0010527194233518318,0.0
4574,0.0010527207600190438,0.0010527207600190438,0.0
4575,0.00105272139797119,0.00105272139797119,0.0
4576,0.001052719569697357,0.001052719569697357,0.0
4577,0.0010527200257068557,0.0010527200257068557,0.0
4578,0.0010527183092545764,0.0010527183092545764,0.0
4579,0.0010527183819152997,0.0010527183819152997,0.0
4580,0.0010527192309749255,0.0010527192309749255,0.0
4581,0.0010527213691874852,0.0010527213691874852,0.0
4582,0.0010527180899559316,0.0010527180899559316,0.0
4583,0.0010527186179211938,0.0010527186179211938,0.0
4584,0.0010527165483434752,0.0010527165483434752,0.0
4585,0.0010527175222755356,0.0010527175222755356,0.0
4586,0.0010527167214231256,0.0010527167214231256,0.0
4587,0.0010527196933393136,0.0010527196933393136,0.0
4588,0.0010527164542208506,0.0010527164542208506,0.0
4589,0.0010527175714607363,0.0010527175714607363,0.0
4590,0.001052717804377785,0.001052717804377785,0.0
4591,0.0010527161332255046,0.0010527161332255046,0.0
4592,0.0010527174558344471,0.0010527174558344471,0.0
4593,0.0010527174010563191,0.0010527174010563191,0.0
4594,0.001052717472897958,0.001052717472897958,0.0
4595,0.0010527153099350796,0.0010527153099350796,0.0
4596,0.0010527157964605328,0.0010527157964605328,0.0
4597,0.0010527149840494068,0.0010527149840494068,0.0
4598,0.0010527156903921782,0.0010527156903921782,0.0
4599,0.0010527190652511818,0.0010527190652511818,0.0
4600,0.0010527186034913847,0.0010527186034913847,0.0
4601,0.0010527143966191283,0.0010527143966191283,0.0
4602,0.0010527142401838678,0.0010527142401838678,0.0
4603,0.0010527142845537622,0.0010527142845537622,0.0
4604,0.001052714935198134,0.001052714935198134,0.0
4605,0.0010527186539375747,0.0010527186539375747,0.0
4606,0.0010527161497701557,0.0010527161497701557,0.0
4607,0.0010527160721142935,0.0010527160721142935,0.0
4608,0.0010527168273184808,0.0010527168273184808,0.0
4609,0.0010527148598182547,0.0010527148598182547,0.0
4610,0.0010527121199707318,0.0010527121199707318,0.0
4611,0.0010527102500082182,0.0010527102500082182,0.0
4612,0.001052716972914215,0.001052716972914215,0.0
4613,0.0010527134161432128,0.0010527134161432128,0.0
4614,0.0010527132447981373,0.0010527132447981373,0.0
4615,0.0010527135385298729,0.0010527135385298729,0.0
4616,0.0010527137486511604,0.0010527137486511604,0.0
4617,0.0010527166244527673,0.0010527166244527673,0.0
4618,0.001052715149756742,0.001052715149756742,0.0
4619,0.0010527130108019965,0.0010527130108019965,0.0
4620,0.0010527167222366633,0.0010527167222366633,0.0
4621,0.0010527140906481348,0.0010527140906481348,0.0
4622,0.0010527114117127971,0.0010527114117127971,0.0
4623,0.0010527122449757763,0.0010527122449757763,0.0
4624,0.0010527113369188947,0.0010527113369188947,0.0
4625,0.0010527109679715032,0.0010527109679715032,0.0
4626,0.0010527113272789464,0.0010527113272789464,0.0
4627,0.0010527125767751523,0.0010527125767751523,0.0
4628,0.0010527133312008316,0.0010527133312008316,0.0
4629,0.0010527122156213414,0.0010527122156213414,0.0
4630,0.001052711875438557,0.001052711875438557,0.0
4631,0.0010527102685010416,0.0010527102685010416,0.0
4632,0.0010527115174613513,0.0010527115174613513,0.0
4633,0.0010527103839102826,0.0010527103839102826,0.0
4634,0.0010527108463109626,0.0010527108463109626,0.0
4635,0.0010527117365323041,0.0010527117365323041,0.0
4636,0.0010527135103741451,0.0010527135103741451,0.0
4637,0.0010527112706578679,0.0010527112706578679,0.0
4638,0.0010527094194171956,0.0010527094194171956,0.0
4639,0.0010527105218963817,0.0010527105218963817,0.0
4640,0.0010527112250003632,0.0010527112250003632,0.0
4641,0.0010527098184028557,0.0010527098184028557,0.0
4642,0.001052709168884857,0.001052709168884857,0.0
4643,0.001052710773725881,0.001052710773725881,0.0
4644,0.0010527085969470672,0.0010527085969470672,0.0
4645,0.0010527092109439713,0.0010527092109439713,0.0
4646,0.0010527080945282497,0.0010527080945282497,0.0
4647,0.0010527080459038194,0.0010527080459038194,0.0
4648,0.0010527087561007403,0.0010527087561007403,0.0
4649,0.0010527084594255122,0.0010527084594255122,0.0
4650,0.0010527105601107229,0.0010527105601107229,0.0
4651,0.0010527093969937226,0.0010527093969937226,0.0
4652,0.0010527084255055662,0.0010527084255055662,0.0
4653,0.0010527092167644055,0.0010527092167644055,0.0
4654,0.0010527085336879205,0.0010527085336879205,0.0
4655,0.0010527067106912405,0.0010527067106912405,0.0
4656,0.001052706774144813,0.001052706774144813,0.0
4657,0.0010527072163646549,0.0010527072163646549,0.0
4658,0.0010527077441625044,0.0010527077441625044,0.0
4659,0.0010527063061996007,0.0010527063061996007,0.0
4660,0.0010527070068323664,0.0010527070068323664,0.0
4661,0.001052708759712648,0.001052708759712648,0.0
4662,0.001052707661164352,0.001052707661164352,0.0
4663,0.001052706360269551,0.001052706360269551,0.0
4664,0.0010527052865567563,0.0010527052865567563,0.0
4665,0.0010527056020860838,0.0010527056020860838,0.0
4666,0.0010527052511067917,0.0010527052511067917,0.0
4667,0.0010527056792618429,0.0010527056792618429,0.0
4668,0.0010527056031228983,0.0010527056031228983,0.0
4669,0.0010527077195471124,0.0010527077195471124,0.0
4670,0.0010527072381270805,0.0010527072381270805,0.0
4671,0.0010527055032173388,0.0010527055032173388,0.0
4672,0.0010527064080354646,0.0010527064080354646,0.0
4673,0.0010527059477051634,0.0010527059477051634,0.0
4674,0.0010527060303355833,0.0010527060303355833,0.0
4675,0.001052705446274348,0.001052705446274348,0.0
4676,0.0010527038192146346,0.0010527038192146346,0.0
4677,0.0010527045050087148,0.0010527045050087148,0.0
4678,0.0010527038056254065,0.0010527038056254065,0.0
4679,0.0010527047740037042,0.0010527047740037042,0.0
4680,0.0010527052003475687,0.0010527052003475687,0.0
4681,0.0010527030408945595,0.0010527030408945595,0.0
4682,0.0010527030902272648,0.0010527030902272648,0.0
4683,0.001052705461421247,0.001052705461421247,0.0
4684,0.001052705466058357,0.001052705466058357,0.0
4685,0.0010527063118069765,0.0010527063118069765,0.0
4686,0.001052703124642192,0.001052703124642192,0.0
4687,0.0010527025375527657,0.0010527025375527657,0.0
4688,0.0010527027319758586,0.0010527027319758586,0.0
4689,0.0010527034965705296,0.0010527034965705296,0.0
4690,0.0010527042647436463,0.0010527042647436463,0.0
4691,0.0010527046029280085,0.0010527046029280085,0.0
4692,0.0010527023770613942,0.0010527023770613942,0.0
4693,0.0010527036913469563,0.0010527036913469563,0.0
4694,0.0010527036120228748,0.0010527036120228748,0.0
4695,0.0010527034807008063,0.0010527034807008063,0.0
4696,0.0010527018037095872,0.0010527018037095872,0.0
4697,0.001052702483298065,0.001052702483298065,0.0
4698,0.0010527018399226254,0.0010527018399226254,0.0
4699,0.001052705453861918,0.001052705453861918,0.0
4700,0.001052704268566104,0.001052704268566104,0.0
4701,0.0010527051575719092,0.0010527051575719092,0.0
4702,0.001052702025868855,0.001052702025868855,0.0
4703,0.0010527013693444303,0.0010527013693444303,0.0
4704,0.0010527028726060104,0.0010527028726060104,0.0
4705,0.0010527002456697937,0.0010527002456697937,0.0
4706,0.001052700174437259,0.001052700174437259,0.0
4707,0.0010527012306718252,0.0010527012306718252,0.0
4708,0.001052702762056514,0.001052702762056514,0.0
4709,0.0010527013485321052,0.0010527013485321052,0.0
4710,0.0010527030485156658,0.0010527030485156658,0.0
4711,0.0010527015894298524,0.0010527015894298524,0.0
4712,0.0010526996902319615,0.0010526996902319615,0.0
4713,0.0010527001372778806,0.0010527001372778806,0.0
4714,0.001052700354780874,0.001052700354780874,0.0
4715,0.0010527006674903737,0.0010527006674903737,0.0
4716,0.0010526992009719388,0.0010526992009719388,0.0
4717,0.0010527002132751028,0.0010527002132751028,0.0
4718,0.0010526999555213923,0.0010526999555213923,0.0
4719,0.0010526996112372549,0.0010526996112372549,0.0
4720,0.0010527022259207597,0.0010527022259207597,0.0
4721,0.0010526982297171439,0.0010526982297171439,0.0
4722,0.0010526987792246441,0.0010526987792246441,0.0
4723,0.0010527009751144496,0.0010527009751144496,0.0
4724,0.0010526977815706992,0.0010526977815706992,0.0
4725,0.0010526981015743834,0.0010526981015743834,0.0
4726,0.0010526967148726657,0.0010526967148726657,0.0
4727,0.0010526954448201484,0.0010526954448201484,0.0
4728,0.0010527011438486071,0.0010527011438486071,0.0
4729,0.0010526990122159015,0.0010526990122159015,0.0
4730,0.0010526973139739111,0.0010526973139739111,0.0
4731,0.0010526968438467502,0.0010526968438467502,0.0
4732,0.0010526988660657303,0.0010526988660657303,0.0
4733,0.001052697967613805,0.001052697967613805,0.0
4734,0.001052696667438726,0.001052696667438726,0.0
4735,0.001052696331925734,0.001052696331925734,0.0
4736,0.0010526976484650152,0.0010526976484650152,0.0
4737,0.001052696265928788,0.001052696265928788,0.0
4738,0.0010526948636246827,0.0010526948636246827,0.0
4739,0.0010526954576551813,0.0010526954576551813,0.0
4740,0.0010526976021463168,0.0010526976021463168,0.0
4741,0.0010526953748842829,0.0010526953748842829,0.0
4742,0.0010526949117937332,0.0010526949117937332,0.0
4743,0.0010526937074345033,0.0010526937074345033,0.0
4744,0.0010526944128472502,0.0010526944128472502,0.0
4745,0.0010526958811572203,0.0010526958811572203,0.0
4746,0.0010526938590799128,0.0010526938590799128,0.0
4747,0.0010526932823418703,0.0010526932823418703,0.0
4748,0.001052694674457573,0.001052694674457573,0.0
4749,0.0010526949752182075,0.0010526949752182075,0.0
4750,0.0010526922401342261,0.0010526922401342261,0.0
4751,0.0010526920226605584,0.0010526920226605584,0.0
4752,0.0010526938377615853,0.0010526938377615853,0.0
4753,0.0010526919009786844,0.0010526919009786844,0.0
4754,0.0010526926551893024,0.0010526926551893024,0.0
4755,0.0010526947008824567,0.0010526947008824567,0.0
4756,0.001052694958655763,0.001052694958655763,0.0
4757,0.0010526909175066932,0.0010526909175066932,0.0
4758,0.001052691019662248,0.001052691019662248,0.0
4759,0.0010526909078555,0.0010526909078555,0.0
4760,0.0010526914857576035,0.0010526914857576035,0.0
4761,0.0010526919550640631,0.0010526919550640631,0.0
4762,0.0010526912187989591,0.0010526912187989591,0.0
4763,0.001052691888154111,0.001052691888154111,0.0
4764,0.0010526935640022173,0.0010526935640022173,0.0
4765,0.0010526892274523361,0.0010526892274523361,0.0
4766,0.001052688660001284,0.001052688660001284,0.0
4767,0.0010526910744402028,0.0010526910744402028,0.0
4768,0.0010526936343375401,0.0010526936343375401,0.0
4769,0.0010526910087035263,0.0010526910087035263,0.0
4770,0.0010526868377629549,0.0010526868377629549,0.0
4771,0.001052684072989472,0.001052684072989472,0.0
4772,0.0010526859672316796,0.0010526859672316796,0.0
4773,0.0010526893875579348,0.0010526893875579348,0.0
4774,0.0010526907491603004,0.0010526907491603004,0.0
4775,0.0010526879022100227,0.0010526879022100227,0.0
4776,0.001052686951388521,0.001052686951388521,0.0
4777,0.0010526898114956943,0.0010526898114956943,0.0
4778,0.0010526901475902588,0.0010526901475902588,0.0
4779,0.0010526847521709073,0.0010526847521709073,0.0
4780,0.0010526857445742014,0.0010526857445742014,0.0
4781,0.001052685934497194,0.001052685934497194,0.0
4782,0.0010526856664129936,0.0010526856664129936,0.0
4783,0.0010526840966271897,0.0010526840966271897,0.0
4784,0.0010526874765666937,0.0010526874765666937,0.0
4785,0.0010526827109296822,0.0010526827109296822,0.0
4786,0.0010526817778026233,0.0010526817778026233,0.0
4787,0.0010526854263374485,0.0010526854263374485,0.0
4788,0.0010526822483972805,0.0010526822483972805,0.0
4789,0.0010526804946102762,0.0010526804946102762,0.0
4790,0.0010526794713898537,0.0010526794713898537,0.0
4791,0.001052683561227207,0.001052683561227207,0.0
4792,0.0010526831166095276,0.0010526831166095276,0.0
4793,0.0010526787844171318,0.0010526787844171318,0.0
4794,0.0010526779419640806,0.0010526779419640806,0.0
4795,0.0010526793792076424,0.0010526793792076424,0.0
4796,0.0010526772337101293,0.0010526772337101293,0.0
4797,0.0010526762851921798,0.0010526762851921798,0.0
4798,0.0010526772647144141,0.0010526772647144141,0.0
4799,0.0010526781306985197,0.0010526781306985197,0.0
4800,0.0010526794223332378,0.0010526794223332378,0.0
4801,0.001052673481174299,0.001052673481174299,0.0
4802,0.0010526694966895961,0.0010526694966895961,0.0
4803,0.001052673103887422,0.001052673103887422,0.0
4804,0.0010526707610586244,0.0010526707610586244,0.0
4805,0.0010526711405090883,0.0010526711405090883,0.0
4806,0.0010526740099350918,0.0010526740099350918,0.0
4807,0.0010526708824827083,0.0010526708824827083,0.0
4808,0.0010526675154246435,0.0010526675154246435,0.0
4809,0.0010526636783154337,0.0010526636783154337,0.0
4810,0.0010526641131339818,0.0010526641131339818,0.0
4811,0.0010526662033271718,0.0010526662033271718,0.0
4812,0.0010526694805241918,0.0010526694805241918,0.0
4813,0.0010526641340000322,0.0010526641340000322,0.0
4814,0.0010526656078854084,0.0010526656078854084,0.0
4815,0.0010526657079229606,0.0010526657079229606,0.0
4816,0.0010526651811274268,0.0010526651811274268,0.0
4817,0.0010526615449647316,0.0010526615449647316,0.0
4818,0.0010526629548468344,0.0010526629548468344,0.0
4819,0.0010526596096545398,0.0010526596096545398,0.0
4820,0.0010526591570252629,0.0010526591570252629,0.0
4821,0.0010526610048530861,0.0010526610048530861,0.0
4822,0.0010526595266740792,0.0010526595266740792,0.0
4823,0.0010526587176895685,0.0010526587176895685,0.0
4824,0.0010526640496699223,0.0010526640496699223,0.0
4825,0.0010526556536487566,0.0010526556536487566,0.0
4826,0.0010526559735462668,0.0010526559735462668,0.0
4827,0.0010526550694714342,0.0010526550694714342,0.0
4828,0.0010526558515004632,0.0010526558515004632,0.0
4829,0.0010526538589605565,0.0010526538589605565,0.0
4830,0.0010526528621040481,0.0010526528621040481,0.0
4831,0.001052657743937808,0.001052657743937808,0.0
4832,0.0010526523199767403,0.0010526523199767403,0.0
4833,0.0010526542173313659,0.0010526542173313659,0.0
4834,0.0010526499723817165,0.0010526499723817165,0.0
4835,0.0010526488906619574,0.0010526488906619574,0.0
4836,0.0010526474113235164,0.0010526474113235164,0.0
4837,0.0010526458425634652,0.0010526458425634652,0.0
4838,0.0010526480918499241,0.0010526480918499241,0.0
4839,0.00105265243207472,0.00105265243207472,0.0
4840,0.0010526462407419001,0.0010526462407419001,0.0
4841,0.0010526502773317706,0.0010526502773317706,0.0
4842,0.0010526452097953146,0.0010526452097953146,0.0
4843,0.0010526501018072686,0.0010526501018072686,0.0
4844,0.0010526479261489922,0.0010526479261489922,0.0
4845,0.0010526362593842003,0.0010526362593842003,0.0
4846,0.0010526285071737393,0.0010526285071737393,0.0
4847,0.001052643081317497,0.001052643081317497,0.0
4848,0.0010526429721395046,0.0010526429721395046,0.0
4849,0.0010526393486063336,0.0010526393486063336,0.0
4850,0.001052636395616377,0.001052636395616377,0.0
4851,0.0010526498088091396,0.0010526498088091396,0.0
4852,0.0010526328368464562,0.0010526328368464562,0.0
4853,0.0010526432819996825,0.0010526432819996825,0.0
4854,0.001052631873098845,0.001052631873098845,0.0
4855,0.0010526297712634741,0.0010526297712634741,0.0
4856,0.0010526300103053585,0.0010526300103053585,0.0
4857,0.0010526260513561295,0.0010526260513561295,0.0
4858,0.0010526235647732923,0.0010526235647732923,0.0
4859,0.001052632604108799,0.001052632604108799,0.0
4860,0.0010526308012079523,0.0010526308012079523,0.0
4861,0.0010526411970586647,0.0010526411970586647,0.0
4862,0.001052624808569572,0.001052624808569572,0.0
4863,0.0010526178710893847,0.0010526178710893847,0.0
4864,0.0010526118966426544,0.0010526118966426544,0.0
4865,0.0010526233419493635,0.0010526233419493635,0.0
4866,0.0010526369644497553,0.0010526369644497553,0.0
4867,0.0010526159466187446,0.0010526159466187446,0.0
4868,0.0010526183707832172,0.0010526183707832172,0.0
4869,0.001052612047006234,0.001052612047006234,0.0
4870,0.0010526130304260174,0.0010526130304260174,0.0
4871,0.0010526191284265882,0.0010526191284265882,0.0
4872,0.0010526068883255004,0.0010526068883255004,0.0
4873,0.0010526048556015455,0.0010526048556015455,0.0
4874,0.0010526299713389294,0.0010526299713389294,0.0
4875,0.001052606490172042,0.001052606490172042,0.0
4876,0.0010526079217756043,0.0010526079217756043,0.0
4877,0.0010526110980229072,0.0010526110980229072,0.0
4878,0.0010525953645779515,0.0010525953645779515,0.0
4879,0.001052583548633364,0.001052583548633364,0.0
4880,0.0010526128567765122,0.0010526128567765122,0.0
4881,0.0010525982909330572,0.0010525982909330572,0.0
4882,0.00105261680180063,0.00105261680180063,0.0
4883,0.0010526066245753827,0.0010526066245753827,0.0
4884,0.0010525969051719234,0.0010525969051719234,0.0
4885,0.001052585490533588,0.001052585490533588,0.0
4886,0.0010525929096241702,0.0010525929096241702,0.0
4887,0.0010525918056206523,0.0010525918056206523,0.0
4888,0.0010526063704183344,0.0010526063704183344,0.0
4889,0.0010525909779039973,0.0010525909779039973,0.0
4890,0.0010526146360145166,0.0010526146360145166,0.0
4891,0.001052589252444806,0.001052589252444806,0.0
4892,0.0010526100513158251,0.0010526100513158251,0.0
4893,0.0010525883610745391,0.0010525883610745391,0.0
4894,0.0010525878697937269,0.0010525878697937269,0.0
4895,0.0010525834748118365,0.0010525834748118365,0.0
4896,0.001052590431492269,0.001052590431492269,0.0
4897,0.0010525784748176544,0.0010525784748176544,0.0
4898,0.0010525815881443764,0.0010525815881443764,0.0
4899,0.0010525821238064302,0.0010525821238064302,0.0
4900,0.0010525979306209735,0.0010525979306209735,0.0
4901,0.0010525777786559597,0.0010525777786559597,0.0
4902,0.0010525881811993274,0.0010525881811993274,0.0
4903,0.0010525770617460064,0.0010525770617460064,0.0
4904,0.0010525862784853594,0.0010525862784853594,0.0
4905,0.0010525798674341188,0.0010525798674341188,0.0
4906,0.0010525846655273707,0.0010525846655273707,0.0
4907,0.0010525833938928636,0.0010525833938928636,0.0
4908,0.0010525713498364246,0.0010525713498364246,0.0
4909,0.0010525764378071817,0.0010525764378071817,0.0
4910,0.0010525841569005035,0.0010525841569005035,0.0
4911,0.0010525789017382938,0.0010525789017382938,0.0
4912,0.0010525673315857067,0.0010525673315857067,0.0
4913,0.0010525689518184446,0.0010525689518184446,0.0
4914,0.0010525636507685951,0.0010525636507685951,0.0
4915,0.0010525617573796996,0.0010525617573796996,0.0
4916,0.0010525663768038848,0.0010525663768038848,0.0
4917,0.0010525738977623033,0.0010525738977623033,0.0
4918,0.0010525604936309453,0.0010525604936309453,0.0
4919,0.0010525611090756825,0.0010525611090756825,0.0
4920,0.0010525630364559692,0.0010525630364559692,0.0
4921,0.0010525562173481244,0.0010525562173481244,0.0
4922,0.0010525538623009903,0.0010525538623009903,0.0
4923,0.0010525746429758665,0.0010525746429758665,0.0
4924,0.0010525715820583904,0.0010525715820583904,0.0
4925,0.001052572708645716,0.001052572708645716,0.0
4926,0.0010525486396620056,0.0010525486396620056,0.0
4927,0.0010525418049122021,0.0010525418049122021,0.0
4928,0.0010525676773372634,0.0010525676773372634,0.0
4929,0.0010525589450871766,0.0010525589450871766,0.0
4930,0.001052545939808095,0.001052545939808095,0.0
4931,0.001052551192599461,0.001052551192599461,0.0
4932,0.0010525553519644773,0.0010525553519644773,0.0
4933,0.0010525474101016916,0.0010525474101016916,0.0
4934,0.001052542599960205,0.001052542599960205,0.0
4935,0.0010525583178641422,0.0010525583178641422,0.0
4936,0.001052547488476645,0.001052547488476645,0.0
4937,0.0010525451065791166,0.0010525451065791166,0.0
4938,0.0010525460659067112,0.0010525460659067112,0.0
4939,0.0010525293656440799,0.0010525293656440799,0.0
4940,0.001052525448044433,0.001052525448044433,0.0
4941,0.001052550137141457,0.001052550137141457,0.0
4942,0.0010525250124334257,0.0010525250124334257,0.0
4943,0.001052521501391575,0.001052521501391575,0.0
4944,0.0010525382802149348,0.0010525382802149348,0.0
4945,0.0010525276290598107,0.0010525276290598107,0.0
4946,0.001052542642961823,0.001052542642961823,0.0
4947,0.0010525288814562353,0.0010525288814562353,0.0
4948,0.0010525258036677997,0.0010525258036677997,0.0
4949,0.0010525318341581015,0.0010525318341581015,0.0
4950,0.0010525123109543706,0.0010525123109543706,0.0
4951,0.0010525099125212247,0.0010525099125212247,0.0
4952,0.0010525070388718982,0.0010525070388718982,0.0
4953,0.0010525032009025285,0.0010525032009025285,0.0
4954,0.0010525131512127558,0.0010525131512127558,0.0
4955,0.001052532565352299,0.001052532565352299,0.0
4956,0.0010525292065461677,0.0010525292065461677,0.0
4957,0.0010524976259383638,0.0010524976259383638,0.0
4958,0.0010524931986183425,0.0010524931986183425,0.0
4959,0.0010524983238895914,0.0010524983238895914,0.0
4960,0.001052502068135615,0.001052502068135615,0.0
4961,0.0010525352101720237,0.0010525352101720237,0.0
4962,0.0010525343392914846,0.0010525343392914846,0.0
4963,0.0010525045304690883,0.0010525045304690883,0.0
4964,0.0010525021636604373,0.0010525021636604373,0.0
4965,0.0010524803608880262,0.0010524803608880262,0.0
4966,0.0010524762872765494,0.0010524762872765494,0.0
4967,0.0010525080153396707,0.0010525080153396707,0.0
4968,0.0010525158175286311,0.0010525158175286311,0.0
4969,0.001052496312428442,0.001052496312428442,0.0
4970,0.0010524941946886525,0.0010524941946886525,0.0
4971,0.0010524842462789055,0.0010524842462789055,0.0
4972,0.001052466763441426,0.001052466763441426,0.0
4973,0.0010524633102271818,0.0010524633102271818,0.0
4974,0.0010524572708853343,0.0010524572708853343,0.0
4975,0.0010524558262339084,0.0010524558262339084,0.0
4976,0.0010524763675402503,0.0010524763675402503,0.0
4977,0.0010524567172066133,0.0010524567172066133,0.0
4978,0.0010524443780490526,0.0010524443780490526,0.0
4979,0.001052443175194058,0.001052443175194058,0.0
4980,0.0010525041848357221,0.0010525041848357221,0.0
4981,0.00105245602569286,0.00105245602569286,0.0
4982,0.0010524717995345292,0.0010524717995345292,0.0
4983,0.0010524915533049557,0.0010524915533049557,0.0
4984,0.0010524379794703573,0.0010524379794703573,0.0
4985,0.0010524566212792097,0.0010524566212792097,0.0
4986,0.0010524758149786362,0.0010524758149786362,0.0
4987,0.001052434041202586,0.001052434041202586,0.0
4988,0.0010524466789606497,0.0010524466789606497,0.0
4989,0.0010524266382437946,0.0010524266382437946,0.0
4990,0.0010524336555111443,0.0010524336555111443,0.0
4991,0.0010524484960011532,0.0010524484960011532,0.0
4992,0.0010524477313057473,0.0010524477313057473,0.0
4993,0.0010524474333960146,0.0010524474333960146,0.0
4994,0.0010524575235784017,0.0010524575235784017,0.0
4995,0.0010523940325616894,0.0010523940325616894,0.0
4996,0.001052380897175341,0.001052380897175341,0.0
4997,0.0010524363208660632,0.0010524363208660632,0.0
4998,0.001052454440991775,0.001052454440991775,0.0
4999,0.0010523837791935019,0.0010523837791935019,0.0
5000,0.0010523885923596815,0.0010523885923596815,0.0
5001,0.001052496309588821,0.001052496309588821,0.0
5002,0.0010524316010659062,0.0010524316010659062,0.0
5003,0.001052397529131756,0.001052397529131756,0.0
5004,0.001052387383425807,0.001052387383425807,0.0
5005,0.0010524392721397674,0.0010524392721397674,0.0
5006,0.0010524105989889291,0.0010524105989889291,0.0
5007,0.0010523681638077516,0.0010523681638077516,0.0
5008,0.0010523626394766106,0.0010523626394766106,0.0
5009,0.0010523958404969485,0.0010523958404969485,0.0
5010,0.0010524107081703003,0.0010524107081703003,0.0
5011,0.0010523730058547725,0.0010523730058547725,0.0
5012,0.001052376284875255,0.001052376284875255,0.0
5013,0.0010523920090274336,0.0010523920090274336,0.0
5014,0.0010523983908861934,0.0010523983908861934,0.0
5015,0.0010523931579696742,0.0010523931579696742,0.0
5016,0.0010523453178585807,0.0010523453178585807,0.0
5017,0.0010523519029836798,0.0010523519029836798,0.0
5018,0.0010523501582221538,0.0010523501582221538,0.0
5019,0.0010523480545693387,0.0010523480545693387,0.0
5020,0.0010523127064047597,0.0010523127064047597,0.0
5021,0.0010523084126282732,0.0010523084126282732,0.0
5022,0.0010523124418822215,0.0010523124418822215,0.0
5023,0.0010523584306098516,0.0010523584306098516,0.0
5024,0.0010523598292229916,0.0010523598292229916,0.0
5025,0.001052372977954553,0.001052372977954553,0.0
5026,0.0010523363061471615,0.0010523363061471615,0.0
5027,0.0010523448113363668,0.0010523448113363668,0.0
5028,0.0010524082823327998,0.0010524082823327998,0.0
5029,0.0010523445781621796,0.0010523445781621796,0.0
5030,0.0010523932875973001,0.0010523932875973001,0.0
5031,0.0010523499972755852,0.0010523499972755852,0.0
5032,0.0010523208207152278,0.0010523208207152278,0.0
5033,0.001052315866825295,0.001052315866825295,0.0
5034,0.001052289607519444,0.001052289607519444,0.0
5035,0.0010522892655769381,0.0010522892655769381,0.0
5036,0.0010522928343067416,0.0010522928343067416,0.0
5037,0.001052312131885303,0.001052312131885303,0.0
5038,0.001052282816794716,0.001052282816794716,0.0
5039,0.0010523152871333471,0.0010523152871333471,0.0
5040,0.001052361779208069,0.001052361779208069,0.0
5041,0.001052283346605301,0.001052283346605301,0.0
5042,0.0010523761495959771,0.0010523761495959771,0.0
5043,0.0010523130450983214,0.0010523130450983214,0.0
5044,0.001052326344680355,0.001052326344680355,0.0
5045,0.001052307241982949,0.001052307241982949,0.0
5046,0.0010523071060354718,0.0010523071060354718,0.0
5047,0.0010522836993672616,0.0010522836993672616,0.0
5048,0.0010522903045651314,0.0010522903045651314,0.0
5049,0.0010522581350285727,0.0010522581350285727,0.0
5050,0.001052294678686936,0.001052294678686936,0.0
5051,0.0010522780629706784,0.0010522780629706784,0.0
5052,0.001052322527280614,0.001052322527280614,0.0
5053,0.0010522901332205097,0.0010522901332205097,0.0
5054,0.0010523053173725715,0.0010523053173725715,0.0
5055,0.00105232617478227,0.00105232617478227,0.0
5056,0.0010522802920367516,0.0010522802920367516,0.0
5057,0.0010522523238401063,0.0010522523238401063,0.0
5058,0.0010522735392398575,0.0010522735392398575,0.0
5059,0.001052257527184486,0.001052257527184486,0.0
5060,0.0010522605626770419,0.0010522605626770419,0.0
5061,0.0010522679949813902,0.0010522679949813902,0.0
5062,0.0010522601189057888,0.0010522601189057888,0.0
5063,0.0010522684662183982,0.0010522684662183982,0.0
5064,0.0010523092809091228,0.0010523092809091228,0.0
5065,0.0010522697492023549,0.0010522697492023549,0.0
5066,0.001052253633958095,0.001052253633958095,0.0
5067,0.001052279048427261,0.001052279048427261,0.0
5068,0.0010523464590629413,0.0010523464590629413,0.0
5069,0.0010522577105499316,0.0010522577105499316,0.0
5070,0.0010522729462864049,0.0010522729462864049,0.0
5071,0.001052282450616691,0.001052282450616691,0.0
5072,0.0010522774316561582,0.0010522774316561582,0.0
5073,0.00105224562832287,0.00105224562832287,0.0
5074,0.0010522853757106176,0.0010522853757106176,0.0
5075,0.0010522431730268689,0.0010522431730268689,0.0
5076,0.0010522841110885256,0.0010522841110885256,0.0
5077,0.001052229801955197,0.001052229801955197,0.0
5078,0.001052253386949209,0.001052253386949209,0.0
5079,0.0010522726736754019,0.0010522726736754019,0.0
5080,0.0010522261024009027,0.0010522261024009027,0.0
5081,0.0010522501510552233,0.0010522501510552233,0.0
5082,0.0010522901748073624,0.0010522901748073624,0.0
5083,0.001052241624754066,0.001052241624754066,0.0
5084,0.0010522710392494535,0.0010522710392494535,0.0
5085,0.0010522642151715412,0.0010522642151715412,0.0
5086,0.0010522512689801443,0.0010522512689801443,0.0
5087,0.001052281467346382,0.001052281467346382,0.0
5088,0.0010522415171842394,0.0010522415171842394,0.0
5089,0.0010522734011564482,0.0010522734011564482,0.0
5090,0.0010522425001716097,0.0010522425001716097,0.0
5091,0.0010522321605976508,0.0010522321605976508,0.0
5092,0.0010522754870376093,0.0010522754870376093,0.0
5093,0.0010522411067708031,0.0010522411067708031,0.0
5094,0.001052233574589375,0.001052233574589375,0.0
5095,0.0010522679078299574,0.0010522679078299574,0.0
5096,0.0010522379713486464,0.0010522379713486464,0.0
5097,0.0010522391807596388,0.0010522391807596388,0.0
5098,0.0010522527391240391,0.0010522527391240391,0.0
5099,0.0010522145864325498,0.0010522145864325498,0.0
5100,0.001052224080860373,0.001052224080860373,0.0
5101,0.0010522278884451206,0.0010522278884451206,0.0
5102,0.0010522188814970524,0.0010522188814970524,0.0
5103,0.0010522474171194773,0.0010522474171194773,0.0
5104,0.0010522597970860032,0.0010522597970860032,0.0
5105,0.0010522257829883926,0.0010522257829883926,0.0
5106,0.0010522194283844278,0.0010522194283844278,0.0
5107,0.0010522448455775873,0.0010522448455775873,0.0
5108,0.0010522414624809411,0.0010522414624809411,0.0
5109,0.001052249418528502,0.001052249418528502,0.0
5110,0.0010522255061434756,0.0010522255061434756,0.0
5111,0.0010522609037498076,0.0010522609037498076,0.0
5112,0.0010522226720517166,0.0010522226720517166,0.0
5113,0.0010522354246932954,0.0010522354246932954,0.0
5114,0.0010522027775166658,0.0010522027775166658,0.0
5115,0.0010521999171959676,0.0010521999171959676,0.0
5116,0.0010522177783825644,0.0010522177783825644,0.0
5117,0.0010522093364428767,0.0010522093364428767,0.0
5118,0.001052231391759981,0.001052231391759981,0.0
5119,0.001052194459293539,0.001052194459293539,0.0
5120,0.0010521972640150892,0.0010521972640150892,0.0
5121,0.0010522189625580426,0.0010522189625580426,0.0
5122,0.0010521958148715573,0.0010521958148715573,0.0
5123,0.0010522211612657923,0.0010522211612657923,0.0
5124,0.0010522346928572217,0.0010522346928572217,0.0
5125,0.0010522115427754283,0.0010522115427754283,0.0
5126,0.0010522164990755534,0.0010522164990755534,0.0
5127,0.0010522203490920933,0.0010522203490920933,0.0
5128,0.0010521925640753795,0.0010521925640753795,0.0
5129,0.0010522033219652687,0.0010522033219652687,0.0
5130,0.0010522223668131448,0.0010522223668131448,0.0
5131,0.001052205544334414,0.001052205544334414,0.0
5132,0.0010521950078693585,0.0010521950078693585,0.0
5133,0.001052179405302404,0.001052179405302404,0.0
5134,0.0010521739642349347,0.0010521739642349347,0.0
5135,0.0010521823774488318,0.0010521823774488318,0.0
5136,0.0010522188264870632,0.0010522188264870632,0.0
5137,0.0010522147283579665,0.0010522147283579665,0.0
5138,0.0010522030063685086,0.0010522030063685086,0.0
5139,0.0010521968998022748,0.0010521968998022748,0.0
5140,0.0010522093205611847,0.0010522093205611847,0.0
5141,0.0010521776653676807,0.0010521776653676807,0.0
5142,0.0010522239412775205,0.0010522239412775205,0.0
5143,0.0010521926747964969,0.0010521926747964969,0.0
5144,0.001052179043425159,0.001052179043425159,0.0
5145,0.001052199030567687,0.001052199030567687,0.0
5146,0.0010522040217586556,0.0010522040217586556,0.0
5147,0.0010521694732200054,0.0010521694732200054,0.0
5148,0.0010521899975347475,0.0010521899975347475,0.0
5149,0.0010521678378186095,0.0010521678378186095,0.0
5150,0.0010521740818854308,0.0010521740818854308,0.0
5151,0.001052169391691117,0.001052169391691117,0.0
5152,0.0010522207438443567,0.0010522207438443567,0.0
5153,0.0010521846151908478,0.0010521846151908478,0.0
5154,0.0010521658716874166,0.0010521658716874166,0.0
5155,0.0010521787989753758,0.0010521787989753758,0.0
5156,0.001052188371123769,0.001052188371123769,0.0
5157,0.001052214291930157,0.001052214291930157,0.0
5158,0.0010521812882267015,0.0010521812882267015,0.0
5159,0.001052179582938793,0.001052179582938793,0.0
5160,0.0010521867669357624,0.0010521867669357624,0.0
5161,0.0010521770815356956,0.0010521770815356956,0.0
5162,0.0010521690616177588,0.0010521690616177588,0.0
5163,0.001052186068799043,0.001052186068799043,0.0
5164,0.0010521595739460801,0.0010521595739460801,0.0
5165,0.0010521704908160942,0.0010521704908160942,0.0
5166,0.0010521519680294481,0.0010521519680294481,0.0
5167,0.0010521522607410735,0.0010521522607410735,0.0
5168,0.0010521579230445117,0.0010521579230445117,0.0
5169,0.0010521711887731022,0.0010521711887731022,0.0
5170,0.0010521945809312018,0.0010521945809312018,0.0
5171,0.001052168115571839,0.001052168115571839,0.0
5172,0.0010521847691184153,0.0010521847691184153,0.0
5173,0.0010521682936334026,0.0010521682936334026,0.0
5174,0.0010521529317778205,0.0010521529317778205,0.0
5175,0.0010521478566867938,0.0010521478566867938,0.0
5176,0.0010521507181902783,0.0010521507181902783,0.0
5177,0.001052155449057962,0.001052155449057962,0.0
5178,0.0010521728753429605,0.0010521728753429605,0.0
5179,0.0010521537170931222,0.0010521537170931222,0.0
5180,0.0010521500724959539,0.0010521500724959539,0.0
5181,0.0010521680221103153,0.0010521680221103153,0.0
5182,0.0010521516462451152,0.0010521516462451152,0.0
5183,0.0010521621356944979,0.0010521621356944979,0.0
5184,0.0010521539786403004,0.0010521539786403004,0.0
5185,0.001052149493239227,0.001052149493239227,0.0
5186,0.0010521621401249719,0.0010521621401249719,0.0
5187,0.0010521477935927469,0.0010521477935927469,0.0
5188,0.0010521687156958767,0.0010521687156958767,0.0
5189,0.0010521406327729894,0.0010521406327729894,0.0
5190,0.0010521579439654355,0.0010521579439654355,0.0
5191,0.0010521394761357247,0.0010521394761357247,0.0
5192,0.0010521583697202335,0.0010521583697202335,0.0
5193,0.0010521588386958067,0.0010521588386958067,0.0
5194,0.0010521342073444794,0.0010521342073444794,0.0
5195,0.0010521423539614672,0.0010521423539614672,0.0
5196,0.0010521500994350942,0.0010521500994350942,0.0
5197,0.0010521600529132837,0.0010521600529132837,0.0
5198,0.0010521425015169365,0.0010521425015169365,0.0
5199,0.0010521585213177362,0.0010521585213177362,0.0
5200,0.00105213203604382,0.00105213203604382,0.0
5201,0.0010521383522421365,0.0010521383522421365,0.0
5202,0.0010521538208176258,0.0010521538208176258,0.0
5203,0.001052158419632811,0.001052158419632811,0.0
5204,0.0010521429927630222,0.0010521429927630222,0.0
5205,0.0010521493860169504,0.0010521493860169504,0.0
5206,0.0010521390335112783,0.0010521390335112783,0.0
5207,0.00105214213248284,0.00105214213248284,0.0
5208,0.0010521463180571892,0.0010521463180571892,0.0
5209,0.0010521468478876532,0.0010521468478876532,0.0
5210,0.0010521289854323213,0.0010521289854323213,0.0
5211,0.0010521353822473285,0.0010521353822473285,0.0
5212,0.0010521311752493465,0.0010521311752493465,0.0
5213,0.001052142540030463,0.001052142540030463,0.0
5214,0.0010521607137984246,0.0010521607137984246,0.0
5215,0.001052135830477379,0.001052135830477379,0.0
5216,0.0010521371793558983,0.0010521371793558983,0.0
5217,0.0010521592838191969,0.0010521592838191969,0.0
5218,0.0010521362982246992,0.0010521362982246992,0.0
5219,0.001052139013408326,0.001052139013408326,0.0
5220,0.0010521211283421662,0.0010521211283421662,0.0
5221,0.001052118893288635,0.001052118893288635,0.0
5222,0.0010521332079433563,0.0010521332079433563,0.0
5223,0.0010521460399113127,0.0010521460399113127,0.0
5224,0.0010521370689745555,0.0010521370689745555,0.0
5225,0.0010521475836298266,0.0010521475836298266,0.0
5226,0.0010521322605233294,0.0010521322605233294,0.0
5227,0.001052123535125537,0.001052123535125537,0.0
5228,0.001052133116283525,0.001052133116283525,0.0
5229,0.001052131459942293,0.001052131459942293,0.0
5230,0.0010521396933403117,0.0010521396933403117,0.0
5231,0.0010521218792339396,0.0010521218792339396,0.0
5232,0.0010521398252548103,0.0010521398252548103,0.0
5233,0.0010521284607030957,0.0010521284607030957,0.0
5234,0.0010521229563895465,0.0010521229563895465,0.0
5235,0.0010521328385122738,0.0010521328385122738,0.0
5236,0.001052121610165529,0.001052121610165529,0.0
5237,0.00105213410384007,0.00105213410384007,0.0
5238,0.001052137689004862,0.001052137689004862,0.0
5239,0.0010521259858948962,0.0010521259858948962,0.0
5240,0.0010521145930093658,0.0010521145930093658,0.0
5241,0.0010521177380002542,0.0010521177380002542,0.0
5242,0.0010521109504048835,0.0010521109504048835,0.0
5243,0.0010521072378505123,0.0010521072378505123,0.0
5244,0.00105212424154897,0.00105212424154897,0.0
5245,0.001052127975300739,0.001052127975300739,0.0
5246,0.0010521288929354856,0.0010521288929354856,0.0
5247,0.0010521276052402955,0.0010521276052402955,0.0
5248,0.0010521301795010953,0.0010521301795010953,0.0
5249,0.0010521155769193614,0.0010521155769193614,0.0
5250,0.001052116624389199,0.001052116624389199,0.0
5251,0.0010521140946572623,0.0010521140946572623,0.0
5252,0.0010521275828933394,0.0010521275828933394,0.0
5253,0.00105212501202259,0.00105212501202259,0.0
5254,0.0010521198570338768,0.0010521198570338768,0.0
5255,0.0010521268342297862,0.0010521268342297862,0.0
5256,0.0010521093103257142,0.0010521093103257142,0.0
5257,0.0010521246745320797,0.0010521246745320797,0.0
5258,0.0010521260273251142,0.0010521260273251142,0.0
5259,0.0010521248775623388,0.0010521248775623388,0.0
5260,0.0010521263074354914,0.0010521263074354914,0.0
5261,0.0010521159066170034,0.0010521159066170034,0.0
5262,0.0010521275334251542,0.0010521275334251542,0.0
5263,0.0010521157032624337,0.0010521157032624337,0.0
5264,0.0010521063868857694,0.0010521063868857694,0.0
5265,0.0010521090550673822,0.0010521090550673822,0.0
5266,0.0010521232697154254,0.0010521232697154254,0.0
5267,0.001052130129186145,0.001052130129186145,0.0
5268,0.0010521140289093801,0.0010521140289093801,0.0
5269,0.0010521220546156908,0.0010521220546156908,0.0
5270,0.0010521142350595693,0.0010521142350595693,0.0
5271,0.0010521024355262289,0.0010521024355262289,0.0
5272,0.001052100584179356,0.001052100584179356,0.0
5273,0.001052123428234981,0.001052123428234981,0.0
5274,0.0010521126526887553,0.0010521126526887553,0.0
5275,0.0010521154900740544,0.0010521154900740544,0.0
5276,0.0010521137365669686,0.0010521137365669686,0.0
5277,0.0010521145759171437,0.0010521145759171437,0.0
5278,0.001052101924642832,0.001052101924642832,0.0
5279,0.0010521190900040578,0.0010521190900040578,0.0
5280,0.0010521096595032685,0.0010521096595032685,0.0
5281,0.0010521076465219552,0.0010521076465219552,0.0
5282,0.0010521046083910174,0.0010521046083910174,0.0
5283,0.0010521014769741927,0.0010521014769741927,0.0
5284,0.0010521026588306032,0.0010521026588306032,0.0
5285,0.0010521044217033843,0.0010521044217033843,0.0
5286,0.0010521080621735226,0.0010521080621735226,0.0
5287,0.001052107850421452,0.001052107850421452,0.0
5288,0.001052112313536766,0.001052112313536766,0.0
5289,0.0010521086808865314,0.0010521086808865314,0.0
5290,0.0010520988014556618,0.0010520988014556618,0.0
5291,0.0010521048307260729,0.0010521048307260729,0.0
5292,0.0010521041530503967,0.0010521041530503967,0.0
5293,0.0010521111877408106,0.0010521111877408106,0.0
5294,0.0010520977274805685,0.0010520977274805685,0.0
5295,0.0010521069242077484,0.0010521069242077484,0.0
5296,0.0010521092793157123,0.0010521092793157123,0.0
5297,0.001052109817009442,0.001052109817009442,0.0
5298,0.001052102082200167,0.001052102082200167,0.0
5299,0.0010520980454021209,0.0010520980454021209,0.0
5300,0.0010520936218972722,0.0010520936218972722,0.0
5301,0.001052094986062264,0.001052094986062264,0.0
5302,0.0010521095832737423,0.0010521095832737423,0.0
5303,0.001052100377206888,0.001052100377206888,0.0
5304,0.0010521107866182336,0.0010521107866182336,0.0
5305,0.0010521004114940708,0.0010521004114940708,0.0
5306,0.0010521044907048623,0.0010521044907048623,0.0
5307,0.0010520995516538345,0.0010520995516538345,0.0
5308,0.0010520981956116955,0.0010520981956116955,0.0
5309,0.0010520990601140833,0.0010520990601140833,0.0
5310,0.0010520959395528644,0.0010520959395528644,0.0
5311,0.0010520969171833637,0.0010520969171833637,0.0
5312,0.001052099573624819,0.001052099573624819,0.0
5313,0.0010521008456153681,0.0010521008456153681,0.0
5314,0.0010521025728824687,0.0010521025728824687,0.0
5315,0.0010520928832385829,0.0010520928832385829,0.0
5316,0.0010520975948054116,0.0010520975948054116,0.0
5317,0.001052104187303097,0.001052104187303097,0.0
5318,0.0010520961578027517,0.0010520961578027517,0.0
5319,0.0010520932255301515,0.0010520932255301515,0.0
5320,0.0010521011014324173,0.0010521011014324173,0.0
5321,0.0010520914820033676,0.0010520914820033676,0.0
5322,0.0010520952525318499,0.0010520952525318499,0.0
5323,0.0010521009693249708,0.0010521009693249708,0.0
5324,0.0010520952572624376,0.0010520952572624376,0.0
5325,0.0010520998106625756,0.0010520998106625756,0.0
5326,0.0010521008061605407,0.0010521008061605407,0.0
5327,0.0010520950399260862,0.0010520950399260862,0.0
5328,0.0010520962510573051,0.0010520962510573051,0.0
5329,0.001052093006590367,0.001052093006590367,0.0
5330,0.0010521007640997976,0.0010521007640997976,0.0
5331,0.001052094227094391,0.001052094227094391,0.0
5332,0.001052099484129533,0.001052099484129533,0.0
5333,0.0010520933960504522,0.0010520933960504522,0.0
5334,0.0010520985782038702,0.0010520985782038702,0.0
5335,0.0010520960563631227,0.0010520960563631227,0.0
5336,0.00105209606947315,0.00105209606947315,0.0
5337,0.0010520986660677045,0.0010520986660677045,0.0
5338,0.0010520937115589492,0.0010520937115589492,0.0
5339,0.0010520928944432928,0.0010520928944432928,0.0
5340,0.001052087871266042,0.001052087871266042,0.0
5341,0.0010520877262060343,0.0010520877262060343,0.0
5342,0.0010520897510138537,0.0010520897510138537,0.0
5343,0.0010520933330693458,0.0010520933330693458,0.0
5344,0.0010520939324302648,0.0010520939324302648,0.0
5345,0.001052092284641543,0.001052092284641543,0.0
5346,0.0010520988579846204,0.0010520988579846204,0.0
5347,0.0010520909612415765,0.0010520909612415765,0.0
5348,0.0010520922337946615,0.0010520922337946615,0.0
5349,0.001052094751520957,0.001052094751520957,0.0
5350,0.0010520896477653212,0.0010520896477653212,0.0
5351,0.0010520868654059034,0.0010520868654059034,0.0
5352,0.0010520882832111788,0.0010520882832111788,0.0
5353,0.0010520944129643055,0.0010520944129643055,0.0
5354,0.001052090104628234,0.001052090104628234,0.0
5355,0.0010520916204870908,0.0010520916204870908,0.0
5356,0.001052093595225717,0.001052093595225717,0.0
5357,0.0010520868633155148,0.0010520868633155148,0.0
5358,0.0010520891381591562,0.0010520891381591562,0.0
5359,0.0010520887156133891,0.0010520887156133891,0.0
5360,0.001052091293171975,0.001052091293171975,0.0
5361,0.001052086647466798,0.001052086647466798,0.0
5362,0.0010520903968752738,0.0010520903968752738,0.0
5363,0.00105209207306432,0.00105209207306432,0.0
5364,0.0010520887627556766,0.0010520887627556766,0.0
5365,0.0010520915943310607,0.0010520915943310607,0.0
5366,0.001052086031372438,0.001052086031372438,0.0
5367,0.0010520898681567934,0.0010520898681567934,0.0
5368,0.001052088989596394,0.001052088989596394,0.0
5369,0.0010520893082877553,0.0010520893082877553,0.0
5370,0.0010520871860674864,0.0010520871860674864,0.0
5371,0.001052089092030626,0.001052089092030626,0.0
5372,0.001052087218374556,0.001052087218374556,0.0
5373,0.0010520914093989048,0.0010520914093989048,0.0
5374,0.0010520860342329535,0.0010520860342329535,0.0
5375,0.0010520911901885745,0.0010520911901885745,0.0
5376,0.0010520896625618613,0.0010520896625618613,0.0
5377,0.0010520921039245533,0.0010520921039245533,0.0
5378,0.0010520867297581424,0.0010520867297581424,0.0
5379,0.0010520846569551233,0.0010520846569551233,0.0
5380,0.0010520893546766687,0.0010520893546766687,0.0
5381,0.0010520839286441686,0.0010520839286441686,0.0
5382,0.0010520872911058993,0.0010520872911058993,0.0
5383,0.0010520851433969032,0.0010520851433969032,0.0
5384,0.0010520887254303684,0.0010520887254303684,0.0
5385,0.001052083669975773,0.001052083669975773,0.0
5386,0.0010520874816266142,0.0010520874816266142,0.0
5387,0.0010520877018552082,0.0010520877018552082,0.0
5388,0.0010520890610472902,0.0010520890610472902,0.0
5389,0.0010520853045278707,0.0010520853045278707,0.0
5390,0.001052087666670788,0.001052087666670788,0.0
5391,0.0010520834588304954,0.0010520834588304954,0.0
5392,0.0010520876369798824,0.0010520876369798824,0.0
5393,0.0010520877364785265,0.0010520877364785265,0.0
5394,0.0010520842113957006,0.0010520842113957006,0.0
5395,0.0010520889844116102,0.0010520889844116102,0.0
5396,0.0010520842895716742,0.0010520842895716742,0.0
5397,0.0010520830471972397,0.0010520830471972397,0.0
5398,0.0010520871162324136,0.0010520871162324136,0.0
5399,0.0010520882154466443,0.0010520882154466443,0.0
5400,0.0010520842903299938,0.0010520842903299938,0.0
5401,0.0010520883362359664,0.0010520883362359664,0.0
5402,0.001052084245589247,0.001052084245589247,0.0
5403,0.001052087454942111,0.001052087454942111,0.0
5404,0.0010520841478784402,0.0010520841478784402,0.0
5405,0.001052086188216305,0.001052086188216305,0.0
5406,0.0010520851663997231,0.0010520851663997231,0.0
5407,0.001052085795726992,0.001052085795726992,0.0
5408,0.0010520837070577469,0.0010520837070577469,0.0
5409,0.0010520839177791156,0.0010520839177791156,0.0
5410,0.001052084729334496,0.001052084729334496,0.0
5411,0.001052082914273729,0.001052082914273729,0.0
5412,0.0010520872483031614,0.0010520872483031614,0.0
5413,0.0010520812667967458,0.0010520812667967458,0.0
5414,0.0010520829684277932,0.0010520829684277932,0.0
5415,0.0010520849100281518,0.0010520849100281518,0.0
5416,0.0010520813225625338,0.0010520813225625338,0.0
5417,0.0010520857034189465,0.0010520857034189465,0.0
5418,0.0010520826802222498,0.0010520826802222498,0.0
5419,0.0010520857513546355,0.0010520857513546355,0.0
5420,0.0010520826119601158,0.0010520826119601158,0.0
5421,0.0010520853970264591,0.0010520853970264591,0.0
5422,0.0010520826161343987,0.0010520826161343987,0.0
5423,0.0010520829615794257,0.0010520829615794257,0.0
5424,0.00105208194385565,0.00105208194385565,0.0
5425,0.001052081786531143,0.001052081786531143,0.0
5426,0.0010520800521687298,0.0010520800521687298,0.0
5427,0.001052080127287799,0.001052080127287799,0.0
5428,0.0010520808034451313,0.0010520808034451313,0.0
5429,0.0010520844728568136,0.0010520844728568136,0.0
5430,0.001052081953190661,0.001052081953190661,0.0
5431,0.00105208062693776,0.00105208062693776,0.0
5432,0.0010520794432383102,0.0010520794432383102,0.0
5433,0.00105207981448689,0.00105207981448689,0.0
5434,0.0010520837273438604,0.0010520837273438604,0.0
5435,0.0010520814145115974,0.0010520814145115974,0.0
5436,0.001052082864143034,0.001052082864143034,0.0
5437,0.0010520833240580958,0.0010520833240580958,0.0
5438,0.0010520803554825626,0.0010520803554825626,0.0
5439,0.0010520835323526664,0.0010520835323526664,0.0
5440,0.001052081101370492,0.001052081101370492,0.0
5441,0.0010520830461752154,0.0010520830461752154,0.0
5442,0.00105208110925858,0.00105208110925858,0.0
5443,0.0010520818678120768,0.0010520818678120768,0.0
5444,0.001052082142747959,0.001052082142747959,0.0
5445,0.0010520824046285806,0.0010520824046285806,0.0
5446,0.001052079226224914,0.001052079226224914,0.0
5447,0.0010520797025248595,0.0010520797025248595,0.0
5448,0.0010520795254380306,0.0010520795254380306,0.0
5449,0.001052078422090022,0.001052078422090022,0.0
5450,0.0010520782549172318,0.0010520782549172318,0.0
5451,0.0010520805140134886,0.0010520805140134886,0.0
5452,0.0010520815537401872,0.0010520815537401872,0.0
5453,0.001052077675502976,0.001052077675502976,0.0
5454,0.0010520767856187256,0.0010520767856187256,0.0
5455,0.001052080658339142,0.001052080658339142,0.0
5456,0.0010520797187907706,0.0010520797187907706,0.0
5457,0.0010520812151599529,0.0010520812151599529,0.0
5458,0.0010520813621878549,0.0010520813621878549,0.0
5459,0.0010520782902936803,0.0010520782902936803,0.0
5460,0.0010520810115137247,0.0010520810115137247,0.0
5461,0.0010520776532107665,0.0010520776532107665,0.0
5462,0.0010520769149154417,0.0010520769149154417,0.0
5463,0.001052080836664548,0.001052080836664548,0.0
5464,0.0010520765267006964,0.0010520765267006964,0.0
5465,0.0010520760513207886,0.0010520760513207886,0.0
5466,0.0010520765596625204,0.0010520765596625204,0.0
5467,0.001052078696620654,0.001052078696620654,0.0
5468,0.0010520793603782362,0.0010520793603782362,0.0
5469,0.0010520759593280406,0.0010520759593280406,0.0
5470,0.0010520764143417283,0.0010520764143417283,0.0
5471,0.0010520781205865853,0.0010520781205865853,0.0
5472,0.001052075957823954,0.001052075957823954,0.0
5473,0.0010520774306929936,0.0010520774306929936,0.0
5474,0.0010520778476282159,0.0010520778476282159,0.0
5475,0.0010520752962274995,0.0010520752962274995,0.0
5476,0.0010520763758098072,0.0010520763758098072,0.0
5477,0.001052074530639201,0.001052074530639201,0.0
5478,0.0010520747295116983,0.0010520747295116983,0.0
5479,0.0010520753273193346,0.0010520753273193346,0.0
5480,0.0010520737915581473,0.0010520737915581473,0.0
5481,0.0010520733643711504,0.0010520733643711504,0.0
5482,0.0010520742595608577,0.0010520742595608577,0.0
5483,0.0010520763267106196,0.0010520763267106196,0.0
5484,0.0010520723380113494,0.0010520723380113494,0.0
5485,0.0010520716481313527,0.0010520716481313527,0.0
5486,0.001052075487209341,0.001052075487209341,0.0
5487,0.0010520746305852525,0.0010520746305852525,0.0
5488,0.0010520752998326975,0.0010520752998326975,0.0
5489,0.0010520733631261376,0.0010520733631261376,0.0
5490,0.001052072918055529,0.001052072918055529,0.0
5491,0.0010520711883503684,0.0010520711883503684,0.0
5492,0.0010520711863899197,0.0010520711863899197,0.0
5493,0.0010520711291940198,0.0010520711291940198,0.0
5494,0.0010520717372106002,0.0010520717372106002,0.0
5495,0.0010520705288558625,0.0010520705288558625,0.0
5496,0.0010520707348603516,0.0010520707348603516,0.0
5497,0.0010520717213158943,0.0010520717213158943,0.0
5498,0.0010520729991846196,0.0010520729991846196,0.0
5499,0.0010520688034098677,0.0010520688034098677,0.0
5500,0.0010520671942975564,0.0010520671942975564,0.0
5501,0.001052070318607391,0.001052070318607391,0.0
5502,0.0010520709435660645,0.0010520709435660645,0.0
5503,0.001052070349102958,0.001052070349102958,0.0
5504,0.0010520699161270068,0.0010520699161270068,0.0
5505,0.001052069907403254,0.001052069907403254,0.0
5506,0.001052067219488192,0.001052067219488192,0.0
5507,0.0010520676000023328,0.0010520676000023328,0.0
5508,0.0010520666596675115,0.0010520666596675115,0.0
5509,0.0010520675919900877,0.0010520675919900877,0.0
5510,0.0010520665450812995,0.0010520665450812995,0.0
5511,0.001052068932501445,0.001052068932501445,0.0
5512,0.001052067473023993,0.001052067473023993,0.0
5513,0.0010520658945034288,0.0010520658945034288,0.0
5514,0.0010520676289900975,0.0010520676289900975,0.0
5515,0.0010520701794093053,0.0010520701794093053,0.0
5516,0.0010520683457324465,0.0010520683457324465,0.0
5517,0.0010520662318782988,0.0010520662318782988,0.0
5518,0.00105206827534093,0.00105206827534093,0.0
5519,0.0010520669145462531,0.0010520669145462531,0.0
5520,0.0010520648744096236,0.0010520648744096236,0.0
5521,0.0010520669111775613,0.0010520669111775613,0.0
5522,0.0010520649047242806,0.0010520649047242806,0.0
5523,0.0010520674058068311,0.0010520674058068311,0.0
5524,0.0010520658695260267,0.0010520658695260267,0.0
5525,0.0010520615652343762,0.0010520615652343762,0.0
5526,0.0010520593651790553,0.0010520593651790553,0.0
5527,0.0010520650141087292,0.0010520650141087292,0.0
5528,0.0010520623568400394,0.0010520623568400394,0.0
5529,0.0010520621206437913,0.0010520621206437913,0.0
5530,0.0010520648955222975,0.0010520648955222975,0.0
5531,0.0010520653237208035,0.0010520653237208035,0.0
5532,0.0010520641484341074,0.0010520641484341074,0.0
5533,0.0010520621334775464,0.0010520621334775464,0.0
5534,0.0010520663255804185,0.0010520663255804185,0.0
5535,0.0010520622721578797,0.0010520622721578797,0.0
5536,0.0010520620758477425,0.0010520620758477425,0.0
5537,0.0010520606814163583,0.0010520606814163583,0.0
5538,0.0010520608730341296,0.0010520608730341296,0.0
5539,0.0010520609978941133,0.0010520609978941133,0.0
5540,0.00105206535568345,0.00105206535568345,0.0
5541,0.0010520596467179233,0.0010520596467179233,0.0
5542,0.0010520610193580108,0.0010520610193580108,0.0
5543,0.0010520600597020095,0.0010520600597020095,0.0
5544,0.001052064653023232,0.001052064653023232,0.0
5545,0.0010520608812087183,0.0010520608812087183,0.0
5546,0.0010520620209531844,0.0010520620209531844,0.0
5547,0.0010520582874937962,0.0010520582874937962,0.0
5548,0.0010520602821719506,0.0010520602821719506,0.0
5549,0.0010520613494400047,0.0010520613494400047,0.0
5550,0.001052057124942898,0.001052057124942898,0.0
5551,0.0010520585198656664,0.0010520585198656664,0.0
5552,0.001052063575378739,0.001052063575378739,0.0
5553,0.0010520566983862867,0.0010520566983862867,0.0
5554,0.001052057962661626,0.001052057962661626,0.0
5555,0.0010520641307338772,0.0010520641307338772,0.0
5556,0.0010520596711327142,0.0010520596711327142,0.0
5557,0.0010520595687920139,0.0010520595687920139,0.0
5558,0.001052056549719512,0.001052056549719512,0.0
5559,0.001052057009523931,0.001052057009523931,0.0
5560,0.0010520578875034975,0.0010520578875034975,0.0
5561,0.0010520592285392424,0.0010520592285392424,0.0
5562,0.001052059586805847,0.001052059586805847,0.0
5563,0.0010520585270119343,0.0010520585270119343,0.0
5564,0.0010520594114421598,0.0010520594114421598,0.0
5565,0.0010520579282092888,0.0010520579282092888,0.0
5566,0.0010520566454577103,0.0010520566454577103,0.0
5567,0.0010520576776625924,0.0010520576776625924,0.0
5568,0.0010520550513695888,0.0010520550513695888,0.0
5569,0.0010520562560285378,0.0010520562560285378,0.0
5570,0.0010520562649314166,0.0010520562649314166,0.0
5571,0.0010520570411982305,0.0010520570411982305,0.0
5572,0.0010520557788356991,0.0010520557788356991,0.0
5573,0.0010520545863795944,0.0010520545863795944,0.0
5574,0.001052056225148745,0.001052056225148745,0.0
5575,0.0010520567802297022,0.0010520567802297022,0.0
5576,0.0010520593373635155,0.0010520593373635155,0.0
5577,0.001052057079781687,0.001052057079781687,0.0
5578,0.0010520543548716555,0.0010520543548716555,0.0
5579,0.0010520568472393447,0.0010520568472393447,0.0
5580,0.001052059173427705,0.001052059173427705,0.0
5581,0.0010520555762447289,0.0010520555762447289,0.0
5582,0.0010520589352855199,0.0010520589352855199,0.0
5583,0.0010520559314175174,0.0010520559314175174,0.0
5584,0.0010520551068943585,0.0010520551068943585,0.0
5585,0.0010520533442653771,0.0010520533442653771,0.0
5586,0.001052054755848999,0.001052054755848999,0.0
5587,0.0010520560478451963,0.0010520560478451963,0.0
5588,0.0010520545376968046,0.0010520545376968046,0.0
5589,0.001052056686977144,0.001052056686977144,0.0
5590,0.0010520538549982639,0.0010520538549982639,0.0
5591,0.0010520574808671288,0.0010520574808671288,0.0
5592,0.0010520546419708842,0.0010520546419708842,0.0
5593,0.0010520559334147067,0.0010520559334147067,0.0
5594,0.0010520542228506708,0.0010520542228506708,0.0
5595,0.001052052567607653,0.001052052567607653,0.0
5596,0.0010520535926739339,0.0010520535926739339,0.0
5597,0.001052056394757086,0.001052056394757086,0.0
5598,0.0010520558739955067,0.0010520558739955067,0.0
5599,0.0010520538061842286,0.0010520538061842286,0.0
5600,0.0010520558897323935,0.0010520558897323935,0.0
5601,0.0010520525840822404,0.0010520525840822404,0.0
5602,0.0010520554400146524,0.0010520554400146524,0.0
5603,0.0010520562841079314,0.0010520562841079314,0.0
5604,0.0010520537133550856,0.0010520537133550856,0.0
5605,0.001052052251012146,0.001052052251012146,0.0
5606,0.0010520542615680844,0.0010520542615680844,0.0
5607,0.0010520549175246602,0.0010520549175246602,0.0
5608,0.001052056064920125,0.001052056064920125,0.0
5609,0.0010520535264492068,0.0010520535264492068,0.0
5610,0.0010520531757034922,0.0010520531757034922,0.0
5611,0.0010520538883999216,0.0010520538883999216,0.0
5612,0.0010520557474101707,0.0010520557474101707,0.0
5613,0.001052053249886441,0.001052053249886441,0.0
5614,0.001052053588155563,0.001052053588155563,0.0
5615,0.001052051688783701,0.001052051688783701,0.0
5616,0.0010520531068130316,0.0010520531068130316,0.0
5617,0.0010520544695438033,0.0010520544695438033,0.0
5618,0.0010520517966522431,0.0010520517966522431,0.0
5619,0.0010520549753093038,0.0010520549753093038,0.0
5620,0.0010520526864574063,0.0010520526864574063,0.0
5621,0.0010520533255022355,0.0010520533255022355,0.0
5622,0.0010520544468963615,0.0010520544468963615,0.0
5623,0.0010520526370470253,0.0010520526370470253,0.0
5624,0.0010520512928354304,0.0010520512928354304,0.0
5625,0.0010520523650531073,0.0010520523650531073,0.0
5626,0.0010520508530991754,0.0010520508530991754,0.0
5627,0.0010520514548947016,0.0010520514548947016,0.0
5628,0.0010520536753514248,0.0010520536753514248,0.0
5629,0.0010520530518183583,0.0010520530518183583,0.0
5630,0.0010520528991936626,0.0010520528991936626,0.0
5631,0.0010520509913454505,0.0010520509913454505,0.0
5632,0.0010520533630157603,0.0010520533630157603,0.0
5633,0.0010520536658483392,0.0010520536658483392,0.0
5634,0.0010520519765150312,0.0010520519765150312,0.0
5635,0.0010520508848971182,0.0010520508848971182,0.0
5636,0.0010520534161170812,0.0010520534161170812,0.0
5637,0.001052051799131263,0.001052051799131263,0.0
5638,0.0010520507642231192,0.0010520507642231192,0.0
5639,0.0010520519525645529,0.0010520519525645529,0.0
5640,0.0010520522664627318,0.0010520522664627318,0.0
5641,0.0010520502266368708,0.0010520502266368708,0.0
5642,0.0010520509999487,0.0010520509999487,0.0
5643,0.0010520519959913547,0.0010520519959913547,0.0
5644,0.0010520522496409856,0.0010520522496409856,0.0
5645,0.00105205241253858,0.00105205241253858,0.0
5646,0.0010520499600907918,0.0010520499600907918,0.0
5647,0.0010520503667119784,0.0010520503667119784,0.0
5648,0.0010520501375816903,0.0010520501375816903,0.0
5649,0.0010520513741767528,0.0010520513741767528,0.0
5650,0.001052049926728401,0.001052049926728401,0.0
5651,0.0010520511471027018,0.0010520511471027018,0.0
5652,0.0010520515234495645,0.0010520515234495645,0.0
5653,0.001052051743254078,0.001052051743254078,0.0
5654,0.0010520495158503694,0.0010520495158503694,0.0
5655,0.0010520502345655854,0.0010520502345655854,0.0
5656,0.0010520521047576007,0.0010520521047576007,0.0
5657,0.001052050589582816,0.001052050589582816,0.0
5658,0.0010520518392864084,0.0010520518392864084,0.0
5659,0.0010520496257958145,0.0010520496257958145,0.0
5660,0.0010520514850344258,0.0010520514850344258,0.0
5661,0.001052048719479025,0.001052048719479025,0.0
5662,0.0010520483633815474,0.0010520483633815474,0.0
5663,0.0010520508217884018,0.0010520508217884018,0.0
5664,0.001052050508877756,0.001052050508877756,0.0
5665,0.0010520485652340142,0.0010520485652340142,0.0
5666,0.0010520504318023917,0.0010520504318023917,0.0
5667,0.0010520507283823472,0.0010520507283823472,0.0
5668,0.0010520498804105214,0.0010520498804105214,0.0
5669,0.0010520492155725065,0.0010520492155725065,0.0
5670,0.001052048399691626,0.001052048399691626,0.0
5671,0.0010520495435615694,0.0010520495435615694,0.0
5672,0.0010520479366932134,0.0010520479366932134,0.0
5673,0.0010520481289419171,0.0010520481289419171,0.0
5674,0.0010520504058286618,0.0010520504058286618,0.0
5675,0.0010520476699307313,0.0010520476699307313,0.0
5676,0.0010520477806491644,0.0010520477806491644,0.0
5677,0.0010520500578218225,0.0010520500578218225,0.0
5678,0.0010520481272309709,0.0010520481272309709,0.0
5679,0.001052048511469503,0.001052048511469503,0.0
5680,0.0010520502054491257,0.0010520502054491257,0.0
5681,0.0010520494742017454,0.0010520494742017454,0.0
5682,0.0010520475229134172,0.0010520475229134172,0.0
5683,0.0010520482403191833,0.0010520482403191833,0.0
5684,0.0010520499189586893,0.0010520499189586893,0.0
5685,0.001052047370131892,0.001052047370131892,0.0
5686,0.001052048193772847,0.001052048193772847,0.0
5687,0.0010520504228953146,0.0010520504228953146,0.0
5688,0.0010520484805150241,0.0010520484805150241,0.0
5689,0.0010520467023261949,0.0010520467023261949,0.0
5690,0.0010520464538554264,0.0010520464538554264,0.0
5691,0.001052047867579401,0.001052047867579401,0.0
5692,0.001052049252562023,0.001052049252562023,0.0
5693,0.0010520471643897021,0.0010520471643897021,0.0
5694,0.0010520470029933312,0.0010520470029933312,0.0
5695,0.0010520469245782057,0.0010520469245782057,0.0
5696,0.001052047461566694,0.001052047461566694,0.0
5697,0.001052047635198287,0.001052047635198287,0.0
5698,0.0010520481129246025,0.0010520481129246025,0.0
5699,0.0010520460556180744,0.0010520460556180744,0.0
5700,0.0010520470069528768,0.0010520470069528768,0.0
5701,0.001052046193832205,0.001052046193832205,0.0
5702,0.0010520466381896856,0.0010520466381896856,0.0
5703,0.0010520459109709815,0.0010520459109709815,0.0
5704,0.0010520472872134394,0.0010520472872134394,0.0
5705,0.0010520450248314504,0.0010520450248314504,0.0
5706,0.0010520447142811904,0.0010520447142811904,0.0
5707,0.0010520449913858443,0.0010520449913858443,0.0
5708,0.0010520456373914002,0.0010520456373914002,0.0
5709,0.0010520464687555184,0.0010520464687555184,0.0
5710,0.0010520446471450732,0.0010520446471450732,0.0
5711,0.001052045083609092,0.001052045083609092,0.0
5712,0.0010520459090239006,0.0010520459090239006,0.0
5713,0.001052044129122547,0.001052044129122547,0.0
5714,0.0010520440808400133,0.0010520440808400133,0.0
5715,0.0010520459508389908,0.0010520459508389908,0.0
5716,0.0010520446660315082,0.0010520446660315082,0.0
5717,0.0010520456433585552,0.0010520456433585552,0.0
5718,0.0010520428700376038,0.0010520428700376038,0.0
5719,0.001052041883588229,0.001052041883588229,0.0
5720,0.0010520434210377222,0.0010520434210377222,0.0
5721,0.0010520440822111498,0.0010520440822111498,0.0
5722,0.001052045123460613,0.001052045123460613,0.0
5723,0.001052044879714631,0.001052044879714631,0.0
5724,0.0010520456128599628,0.0010520456128599628,0.0
5725,0.0010520435829203044,0.0010520435829203044,0.0
5726,0.001052041911023392,0.001052041911023392,0.0
5727,0.0010520422334554704,0.0010520422334554704,0.0
5728,0.001052043063919619,0.001052043063919619,0.0
5729,0.0010520427927304347,0.0010520427927304347,0.0
5730,0.001052043392527789,0.001052043392527789,0.0
5731,0.0010520421710305734,0.0010520421710305734,0.0
5732,0.0010520415339366662,0.0010520415339366662,0.0
5733,0.001052042533193758,0.001052042533193758,0.0
5734,0.001052043759133548,0.001052043759133548,0.0
5735,0.0010520430731319266,0.0010520430731319266,0.0
5736,0.0010520427240446096,0.0010520427240446096,0.0
5737,0.0010520418103098714,0.0010520418103098714,0.0
5738,0.0010520408366008495,0.0010520408366008495,0.0
5739,0.0010520416769626967,0.0010520416769626967,0.0
5740,0.0010520422223090024,0.0010520422223090024,0.0
5741,0.0010520405994732208,0.0010520405994732208,0.0
5742,0.0010520418920489597,0.0010520418920489597,0.0
5743,0.001052043634539291,0.001052043634539291,0.0
5744,0.001052040406453084,0.001052040406453084,0.0
5745,0.0010520414676570343,0.0010520414676570343,0.0
5746,0.0010520417410089548,0.0010520417410089548,0.0
5747,0.0010520436965020818,0.0010520436965020818,0.0
5748,0.001052041700712105,0.001052041700712105,0.0
5749,0.0010520419221462167,0.0010520419221462167,0.0
5750,0.0010520402972008047,0.0010520402972008047,0.0
5751,0.001052041564907372,0.001052041564907372,0.0
5752,0.0010520402645246686,0.0010520402645246686,0.0
5753,0.001052041964972312,0.001052041964972312,0.0
5754,0.0010520420081042221,0.0010520420081042221,0.0
5755,0.0010520406395802756,0.0010520406395802756,0.0
5756,0.0010520421250213552,0.0010520421250213552,0.0
5757,0.001052040684021759,0.001052040684021759,0.0
5758,0.001052039657889332,0.001052039657889332,0.0
5759,0.0010520404067617456,0.0010520404067617456,0.0
5760,0.001052040920172478,0.001052040920172478,0.0
5761,0.001052039437946913,0.001052039437946913,0.0
5762,0.001052040323718307,0.001052040323718307,0.0
5763,0.0010520422083554633,0.0010520422083554633,0.0
5764,0.001052040471944471,0.001052040471944471,0.0
5765,0.0010520413856162378,0.0010520413856162378,0.0
5766,0.0010520407513375742,0.0010520407513375742,0.0
5767,0.0010520394374476656,0.0010520394374476656,0.0
5768,0.0010520405876124567,0.0010520405876124567,0.0
5769,0.0010520386020626906,0.0010520386020626906,0.0
5770,0.0010520387368971166,0.0010520387368971166,0.0
5771,0.0010520401753437438,0.0010520401753437438,0.0
5772,0.0010520410506049884,0.0010520410506049884,0.0
5773,0.0010520381202111793,0.0010520381202111793,0.0
5774,0.0010520380738339335,0.0010520380738339335,0.0
5775,0.0010520376350924125,0.0010520376350924125,0.0
5776,0.0010520372286317813,0.0010520372286317813,0.0
5777,0.0010520400342368934,0.0010520400342368934,0.0
5778,0.001052040397395462,0.001052040397395462,0.0
5779,0.0010520393560119507,0.0010520393560119507,0.0
5780,0.0010520382911039506,0.0010520382911039506,0.0
5781,0.0010520391059516251,0.0010520391059516251,0.0
5782,0.0010520396312094428,0.0010520396312094428,0.0
5783,0.0010520386083275482,0.0010520386083275482,0.0
5784,0.0010520373736695567,0.0010520373736695567,0.0
5785,0.001052037093539295,0.001052037093539295,0.0
5786,0.0010520376373429612,0.0010520376373429612,0.0
5787,0.0010520378895585683,0.0010520378895585683,0.0
5788,0.001052038355873054,0.001052038355873054,0.0
5789,0.0010520362216599904,0.0010520362216599904,0.0
5790,0.0010520361630885096,0.0010520361630885096,0.0
5791,0.0010520365723054844,0.0010520365723054844,0.0
5792,0.001052036543049239,0.001052036543049239,0.0
5793,0.0010520371187792213,0.0010520371187792213,0.0
5794,0.0010520356893519549,0.0010520356893519549,0.0
5795,0.0010520366899206446,0.0010520366899206446,0.0
5796,0.0010520369987537088,0.0010520369987537088,0.0
5797,0.0010520360160644945,0.0010520360160644945,0.0
5798,0.001052034353046582,0.001052034353046582,0.0
5799,0.0010520339595389025,0.0010520339595389025,0.0
5800,0.0010520341435349722,0.0010520341435349722,0.0
5801,0.0010520355851424954,0.0010520355851424954,0.0
5802,0.001052034695966375,0.001052034695966375,0.0
5803,0.0010520326277078888,0.0010520326277078888,0.0
5804,0.0010520311285548613,0.0010520311285548613,0.0
5805,0.0010520339812626583,0.0010520339812626583,0.0
5806,0.0010520329110196155,0.0010520329110196155,0.0
5807,0.001052036079454073,0.001052036079454073,0.0
5808,0.0010520345317204683,0.0010520345317204683,0.0
5809,0.0010520320025506535,0.0010520320025506535,0.0
5810,0.00105203195300052,0.00105203195300052,0.0
5811,0.00105203362993188,0.00105203362993188,0.0
5812,0.0010520319801114023,0.0010520319801114023,0.0
5813,0.0010520345404142143,0.0010520345404142143,0.0
5814,0.0010520333935356454,0.0010520333935356454,0.0
5815,0.0010520305133740052,0.0010520305133740052,0.0
5816,0.0010520306522026454,0.0010520306522026454,0.0
5817,0.0010520332699868453,0.0010520332699868453,0.0
5818,0.001052035821028773,0.001052035821028773,0.0
5819,0.0010520298413250464,0.0010520298413250464,0.0
5820,0.0010520295273515892,0.0010520295273515892,0.0
5821,0.001052034856145879,0.001052034856145879,0.0
5822,0.001052030144636335,0.001052030144636335,0.0
5823,0.001052030093398221,0.001052030093398221,0.0
5824,0.0010520343656391336,0.0010520343656391336,0.0
5825,0.0010520302302496445,0.0010520302302496445,0.0
5826,0.0010520308935901021,0.0010520308935901021,0.0
5827,0.0010520300202377071,0.0010520300202377071,0.0
5828,0.001052033758399779,0.001052033758399779,0.0
5829,0.0010520289950968838,0.0010520289950968838,0.0
5830,0.0010520305044196064,0.0010520305044196064,0.0
5831,0.0010520284430420156,0.0010520284430420156,0.0
5832,0.001052029773509142,0.001052029773509142,0.0
5833,0.0010520289717073665,0.0010520289717073665,0.0
5834,0.001052032799539922,0.001052032799539922,0.0
5835,0.0010520272472933424,0.0010520272472933424,0.0
5836,0.0010520274787815137,0.0010520274787815137,0.0
5837,0.0010520283713076162,0.0010520283713076162,0.0
5838,0.0010520299235472715,0.0010520299235472715,0.0
5839,0.0010520264309765621,0.0010520264309765621,0.0
5840,0.0010520266433605872,0.0010520266433605872,0.0
5841,0.001052032370799091,0.001052032370799091,0.0
5842,0.0010520293514729058,0.0010520293514729058,0.0
5843,0.0010520273940975789,0.0010520273940975789,0.0
5844,0.0010520276856439978,0.0010520276856439978,0.0
5845,0.001052027006166473,0.001052027006166473,0.0
5846,0.0010520281804769216,0.0010520281804769216,0.0
5847,0.001052028470405634,0.001052028470405634,0.0
5848,0.0010520257048652502,0.0010520257048652502,0.0
5849,0.001052026052938445,0.001052026052938445,0.0
5850,0.0010520259433128521,0.0010520259433128521,0.0
5851,0.0010520252131127317,0.0010520252131127317,0.0
5852,0.0010520256717131142,0.0010520256717131142,0.0
5853,0.0010520250237934542,0.0010520250237934542,0.0
5854,0.001052025829064148,0.001052025829064148,0.0
5855,0.0010520277081961888,0.0010520277081961888,0.0
5856,0.0010520269736222546,0.0010520269736222546,0.0
5857,0.0010520267752785642,0.0010520267752785642,0.0
5858,0.0010520249784116216,0.0010520249784116216,0.0
5859,0.0010520273794407838,0.0010520273794407838,0.0
5860,0.001052024541364948,0.001052024541364948,0.0
5861,0.0010520261478443593,0.0010520261478443593,0.0
5862,0.0010520268069691048,0.0010520268069691048,0.0
5863,0.0010520256737676509,0.0010520256737676509,0.0
5864,0.0010520251274942073,0.0010520251274942073,0.0
5865,0.0010520256950399347,0.0010520256950399347,0.0
5866,0.0010520243100729876,0.0010520243100729876,0.0
5867,0.0010520267927679335,0.0010520267927679335,0.0
5868,0.0010520260166016937,0.0010520260166016937,0.0
5869,0.0010520239272274513,0.0010520239272274513,0.0
5870,0.0010520263006172576,0.0010520263006172576,0.0
5871,0.0010520231415845909,0.0010520231415845909,0.0
5872,0.0010520240919701237,0.0010520240919701237,0.0
5873,0.0010520245601696313,0.0010520245601696313,0.0
5874,0.0010520225581756202,0.0010520225581756202,0.0
5875,0.0010520230496647695,0.0010520230496647695,0.0
5876,0.001052024384773968,0.001052024384773968,0.0
5877,0.001052025720065874,0.001052025720065874,0.0
5878,0.00105202454919006,0.00105202454919006,0.0
5879,0.0010520225149685068,0.0010520225149685068,0.0
5880,0.0010520239408402703,0.0010520239408402703,0.0
5881,0.0010520257468671927,0.0010520257468671927,0.0
5882,0.0010520226335124607,0.0010520226335124607,0.0
5883,0.001052025908735465,0.001052025908735465,0.0
5884,0.0010520237042740098,0.0010520237042740098,0.0
5885,0.0010520260272467228,0.0010520260272467228,0.0
5886,0.0010520237015754464,0.0010520237015754464,0.0
5887,0.0010520211612862758,0.0010520211612862758,0.0
5888,0.0010520204115895561,0.0010520204115895561,0.0
5889,0.0010520239420113567,0.0010520239420113567,0.0
5890,0.001052022939549089,0.001052022939549089,0.0
5891,0.0010520220664864618,0.0010520220664864618,0.0
5892,0.0010520236720831997,0.0010520236720831997,0.0
5893,0.0010520225686822915,0.0010520225686822915,0.0
5894,0.0010520208005193592,0.0010520208005193592,0.0
5895,0.0010520219501189995,0.0010520219501189995,0.0
5896,0.001052023616233945,0.001052023616233945,0.0
5897,0.0010520198177114471,0.0010520198177114471,0.0
5898,0.0010520193902726468,0.0010520193902726468,0.0
5899,0.0010520213242477055,0.0010520213242477055,0.0
5900,0.0010520204171108269,0.0010520204171108269,0.0
5901,0.0010520228482645713,0.0010520228482645713,0.0
5902,0.001052018998081078,0.001052018998081078,0.0
5903,0.0010520187092266035,0.0010520187092266035,0.0
5904,0.0010520191184791652,0.0010520191184791652,0.0
5905,0.0010520182206121076,0.0010520182206121076,0.0
5906,0.001052018179353913,0.001052018179353913,0.0
5907,0.0010520203894596963,0.0010520203894596963,0.0
5908,0.0010520207313495658,0.0010520207313495658,0.0
5909,0.0010520190709261176,0.0010520190709261176,0.0
5910,0.0010520193301819713,0.0010520193301819713,0.0
5911,0.0010520211624078038,0.0010520211624078038,0.0
5912,0.0010520176217851084,0.0010520176217851084,0.0
5913,0.00105201890599611,0.00105201890599611,0.0
5914,0.0010520184002110623,0.0010520184002110623,0.0
5915,0.0010520167976508215,0.0010520167976508215,0.0
5916,0.0010520178588435502,0.0010520178588435502,0.0
5917,0.0010520163220103082,0.0010520163220103082,0.0
5918,0.0010520173692527021,0.0010520173692527021,0.0
5919,0.0010520176383354896,0.0010520176383354896,0.0
5920,0.001052018695343375,0.001052018695343375,0.0
5921,0.001052017667591213,0.001052017667591213,0.0
5922,0.0010520186380000435,0.0010520186380000435,0.0
5923,0.0010520177009574218,0.0010520177009574218,0.0
5924,0.0010520182614702387,0.0010520182614702387,0.0
5925,0.0010520165959730498,0.0010520165959730498,0.0
5926,0.0010520144010101673,0.0010520144010101673,0.0
5927,0.0010520140100780905,0.0010520140100780905,0.0
5928,0.001052015033876676,0.001052015033876676,0.0
5929,0.001052018227957021,0.001052018227957021,0.0
5930,0.001052016332783562,0.001052016332783562,0.0
5931,0.0010520149607035315,0.0010520149607035315,0.0
5932,0.0010520177494331366,0.0010520177494331366,0.0
5933,0.0010520162837635502,0.0010520162837635502,0.0
5934,0.001052015297878085,0.001052015297878085,0.0
5935,0.0010520160331531354,0.0010520160331531354,0.0
5936,0.0010520154202813988,0.0010520154202813988,0.0
5937,0.0010520155647710972,0.0010520155647710972,0.0
5938,0.0010520150600406258,0.0010520150600406258,0.0
5939,0.0010520134919658403,0.0010520134919658403,0.0
5940,0.0010520155772606062,0.0010520155772606062,0.0
5941,0.001052015317616587,0.001052015317616587,0.0
5942,0.0010520135672342683,0.0010520135672342683,0.0
5943,0.0010520143636785567,0.0010520143636785567,0.0
5944,0.0010520119667748434,0.0010520119667748434,0.0
5945,0.0010520128827323704,0.0010520128827323704,0.0
5946,0.0010520134767593766,0.0010520134767593766,0.0
5947,0.001052013055139181,0.001052013055139181,0.0
5948,0.001052012500704563,0.001052012500704563,0.0
5949,0.001052013682948221,0.001052013682948221,0.0
5950,0.0010520132244557486,0.0010520132244557486,0.0
5951,0.001052011929440981,0.001052011929440981,0.0
5952,0.0010520150222348389,0.0010520150222348389,0.0
5953,0.001052014246708694,0.001052014246708694,0.0
5954,0.0010520164546892195,0.0010520164546892195,0.0
5955,0.001052012884824039,0.001052012884824039,0.0
5956,0.0010520147405274154,0.0010520147405274154,0.0
5957,0.0010520140897477795,0.0010520140897477795,0.0
5958,0.0010520107983554665,0.0010520107983554665,0.0
5959,0.0010520118417310014,0.0010520118417310014,0.0
5960,0.0010520121117200847,0.0010520121117200847,0.0
5961,0.001052011457788572,0.001052011457788572,0.0
5962,0.0010520102642501282,0.0010520102642501282,0.0
5963,0.0010520117630752224,0.0010520117630752224,0.0
5964,0.0010520137221484629,0.0010520137221484629,0.0
5965,0.0010520145303285846,0.0010520145303285846,0.0
5966,0.001052011947538453,0.001052011947538453,0.0
5967,0.0010520139516963746,0.0010520139516963746,0.0
5968,0.0010520132684913382,0.0010520132684913382,0.0
5969,0.0010520116269835335,0.0010520116269835335,0.0
5970,0.0010520131834941358,0.0010520131834941358,0.0
5971,0.0010520134871880014,0.0010520134871880014,0.0
5972,0.0010520127532299575,0.0010520127532299575,0.0
5973,0.001052012372339622,0.001052012372339622,0.0
5974,0.0010520117493049803,0.0010520117493049803,0.0
5975,0.0010520143047800556,0.0010520143047800556,0.0
5976,0.0010520113326038176,0.0010520113326038176,0.0
5977,0.0010520109252556797,0.0010520109252556797,0.0
5978,0.0010520125230298106,0.0010520125230298106,0.0
5979,0.001052009907391805,0.001052009907391805,0.0
5980,0.0010520116388201928,0.0010520116388201928,0.0
5981,0.0010520116149440987,0.0010520116149440987,0.0
5982,0.001052010578692841,0.001052010578692841,0.0
5983,0.0010520089768592236,0.0010520089768592236,0.0
5984,0.001052009612544178,0.001052009612544178,0.0
5985,0.001052010712427707,0.001052010712427707,0.0
5986,0.0010520124407336767,0.0010520124407336767,0.0
5987,0.0010520099643751598,0.0010520099643751598,0.0
5988,0.001052012225482687,0.001052012225482687,0.0
5989,0.0010520111686444253,0.0010520111686444253,0.0
5990,0.0010520128748232737,0.0010520128748232737,0.0
5991,0.0010520102013321677,0.0010520102013321677,0.0
5992,0.0010520095916736328,0.0010520095916736328,0.0
5993,0.0010520087971086338,0.0010520087971086338,0.0
5994,0.0010520101065884077,0.0010520101065884077,0.0
5995,0.0010520084004912286,0.0010520084004912286,0.0
5996,0.001052009452023961,0.001052009452023961,0.0
5997,0.001052008936214683,0.001052008936214683,0.0
5998,0.0010520112007395626,0.0010520112007395626,0.0
5999,0.0010520112915326624,0.0010520112915326624,0.0
6000,0.0010520120704398666,0.0010520120704398666,0.0
6001,0.0010520095671773596,0.0010520095671773596,0.0
6002,0.0010520099859758789,0.0010520099859758789,0.0
6003,0.0010520072282395952,0.0010520072282395952,0.0
6004,0.0010520066958910651,0.0010520066958910651,0.0
6005,0.0010520110640422665,0.0010520110640422665,0.0
6006,0.0010520110479632972,0.0010520110479632972,0.0
6007,0.0010520097825295542,0.0010520097825295542,0.0
6008,0.0010520110377843716,0.0010520110377843716,0.0
6009,0.0010520106035130361,0.0010520106035130361,0.0
6010,0.001052010963148852,0.001052010963148852,0.0
6011,0.001052009039386744,0.001052009039386744,0.0
6012,0.0010520097131733652,0.0010520097131733652,0.0
6013,0.0010520074088271986,0.0010520074088271986,0.0
6014,0.0010520078859321404,0.0010520078859321404,0.0
6015,0.001052010501939609,0.001052010501939609,0.0
6016,0.001052008718489269,0.001052008718489269,0.0
6017,0.0010520107453052348,0.0010520107453052348,0.0
6018,0.0010520084507245574,0.0010520084507245574,0.0
6019,0.0010520078732375719,0.0010520078732375719,0.0
6020,0.001052006411153692,0.001052006411153692,0.0
6021,0.0010520064842149109,0.0010520064842149109,0.0
6022,0.001052009417798427,0.001052009417798427,0.0
6023,0.0010520081283986954,0.0010520081283986954,0.0
6024,0.0010520074287442174,0.0010520074287442174,0.0
6025,0.001052008276200949,0.001052008276200949,0.0
6026,0.0010520091662299458,0.0010520091662299458,0.0
6027,0.0010520085743323572,0.0010520085743323572,0.0
6028,0.0010520053547782395,0.0010520053547782395,0.0
6029,0.0010520045521393879,0.0010520045521393879,0.0
6030,0.0010520088871678588,0.0010520088871678588,0.0
6031,0.0010520083203860563,0.0010520083203860563,0.0
6032,0.0010520053673733897,0.0010520053673733897,0.0
6033,0.001052005584235218,0.001052005584235218,0.0
6034,0.0010520059122412274,0.0010520059122412274,0.0
6035,0.0010520085481929965,0.0010520085481929965,0.0
6036,0.0010520056285945308,0.0010520056285945308,0.0
6037,0.0010520060045944716,0.0010520060045944716,0.0
6038,0.0010520065617777726,0.0010520065617777726,0.0
6039,0.0010520082558278204,0.0010520082558278204,0.0
6040,0.0010520042839634674,0.0010520042839634674,0.0
6041,0.0010520043392793239,0.0010520043392793239,0.0
6042,0.0010520063661030989,0.0010520063661030989,0.0
6043,0.0010520062685879048,0.0010520062685879048,0.0
6044,0.0010520061747757775,0.0010520061747757775,0.0
6045,0.0010520070225061616,0.0010520070225061616,0.0
6046,0.0010520051687698938,0.0010520051687698938,0.0
6047,0.0010520050983616198,0.0010520050983616198,0.0
6048,0.0010520042634662003,0.0010520042634662003,0.0
6049,0.001052006502179878,0.001052006502179878,0.0
6050,0.001052004315200346,0.001052004315200346,0.0
6051,0.0010520040323501326,0.0010520040323501326,0.0
6052,0.0010520062610316792,0.0010520062610316792,0.0
6053,0.0010520067050125625,0.0010520067050125625,0.0
6054,0.0010520048604989176,0.0010520048604989176,0.0
6055,0.0010520031270938634,0.0010520031270938634,0.0
6056,0.0010520035366289437,0.0010520035366289437,0.0
6057,0.0010520055205443498,0.0010520055205443498,0.0
6058,0.0010520027214479784,0.0010520027214479784,0.0
6059,0.001052002739100611,0.001052002739100611,0.0
6060,0.001052004559054371,0.001052004559054371,0.0
6061,0.00105200482497509,0.00105200482497509,0.0
6062,0.0010520051196664755,0.0010520051196664755,0.0
6063,0.0010520037729779643,0.0010520037729779643,0.0
6064,0.0010520045853625209,0.0010520045853625209,0.0
6065,0.001052002474278274,0.001052002474278274,0.0
6066,0.0010520030001212623,0.0010520030001212623,0.0
6067,0.001052003233895394,0.001052003233895394,0.0
6068,0.0010520047388443256,0.0010520047388443256,0.0
6069,0.0010520032239428594,0.0010520032239428594,0.0
6070,0.0010520035067711963,0.0010520035067711963,0.0
6071,0.0010520046733380917,0.0010520046733380917,0.0
6072,0.0010520021445696354,0.0010520021445696354,0.0
6073,0.0010520031577272873,0.0010520031577272873,0.0
6074,0.0010520017491590572,0.0010520017491590572,0.0
6075,0.001052002191738666,0.001052002191738666,0.0
6076,0.0010520042105589265,0.0010520042105589265,0.0
6077,0.0010520047809319181,0.0010520047809319181,0.0
6078,0.0010520031025191615,0.0010520031025191615,0.0
6079,0.0010520042805196258,0.0010520042805196258,0.0
6080,0.0010520035622880231,0.0010520035622880231,0.0
6081,0.0010520042919466856,0.0010520042919466856,0.0
6082,0.0010520017666904946,0.0010520017666904946,0.0
6083,0.0010520030406584908,0.0010520030406584908,0.0
6084,0.001052004189857142,0.001052004189857142,0.0
6085,0.001052001950716824,0.001052001950716824,0.0
6086,0.0010520033687231002,0.0010520033687231002,0.0
6087,0.001052001139580801,0.001052001139580801,0.0
6088,0.0010520018167671896,0.0010520018167671896,0.0
6089,0.001052003085530237,0.001052003085530237,0.0
6090,0.0010520037258260008,0.0010520037258260008,0.0
6091,0.0010520026059508505,0.0010520026059508505,0.0
6092,0.0010520015414410152,0.0010520015414410152,0.0
6093,0.0010520040487716187,0.0010520040487716187,0.0
6094,0.0010520020553162752,0.0010520020553162752,0.0
6095,0.00105200340058505,0.00105200340058505,0.0
6096,0.0010520018586757279,0.0010520018586757279,0.0
6097,0.0010520034582416399,0.0010520034582416399,0.0
6098,0.0010520019559190493,0.0010520019559190493,0.0
6099,0.0010520028118927167,0.0010520028118927167,0.0
6100,0.001052000936265039,0.001052000936265039,0.0
6101,0.0010520018311945812,0.0010520018311945812,0.0
6102,0.0010520023162001743,0.0010520023162001743,0.0
6103,0.0010520015862762809,0.0010520015862762809,0.0
6104,0.0010520007810370148,0.0010520007810370148,0.0
6105,0.0010520021197199933,0.0010520021197199933,0.0
6106,0.0010520020227640817,0.0010520020227640817,0.0
6107,0.0010520014159437015,0.0010520014159437015,0.0
6108,0.0010520024120003566,0.0010520024120003566,0.0
6109,0.001051999627749348,0.001051999627749348,0.0
6110,0.0010519990774928152,0.0010519990774928152,0.0
6111,0.0010520021597528056,0.0010520021597528056,0.0
6112,0.0010520005766886656,0.0010520005766886656,0.0
6113,0.0010520020372990903,0.0010520020372990903,0.0
6114,0.001052002229408144,0.001052002229408144,0.0
6115,0.0010520009452000489,0.0010520009452000489,0.0
6116,0.0010520018959686592,0.0010520018959686592,0.0
6117,0.0010520005455058263,0.0010520005455058263,0.0
6118,0.0010520002508788073,0.0010520002508788073,0.0
6119,0.0010520015159807465,0.0010520015159807465,0.0
6120,0.0010520012921325403,0.0010520012921325403,0.0
6121,0.0010519995564275335,0.0010519995564275335,0.0
6122,0.0010519999576489231,0.0010519999576489231,0.0
6123,0.0010520015758119958,0.0010520015758119958,0.0
6124,0.0010519998880494281,0.0010519998880494281,0.0
6125,0.001052000079527246,0.001052000079527246,0.0
6126,0.0010519995806084856,0.0010519995806084856,0.0
6127,0.001052000731596729,0.001052000731596729,0.0
6128,0.0010520009512696338,0.0010520009512696338,0.0
6129,0.0010519989808282458,0.0010519989808282458,0.0
6130,0.0010519997481673244,0.0010519997481673244,0.0
6131,0.0010520006258789142,0.0010520006258789142,0.0
6132,0.0010519986792880973,0.0010519986792880973,0.0
6133,0.0010519992717085095,0.0010519992717085095,0.0
6134,0.00105200020395407,0.00105200020395407,0.0
6135,0.0010519983962588835,0.0010519983962588835,0.0
6136,0.0010519987588121244,0.0010519987588121244,0.0
6137,0.001052000603939111,0.001052000603939111,0.0
6138,0.0010519981127029606,0.0010519981127029606,0.0
6139,0.0010519982123033858,0.0010519982123033858,0.0
6140,0.0010519990661130626,0.0010519990661130626,0.0
6141,0.0010519991047476718,0.0010519991047476718,0.0
6142,0.0010520002072111731,0.0010520002072111731,0.0
6143,0.0010519992127242218,0.0010519992127242218,0.0
6144,0.0010520002886962474,0.0010520002886962474,0.0
6145,0.0010519999598148514,0.0010519999598148514,0.0
6146,0.0010519986917946424,0.0010519986917946424,0.0
6147,0.0010520003774660974,0.0010520003774660974,0.0
6148,0.0010519989471344993,0.0010519989471344993,0.0
6149,0.0010519976176760087,0.0010519976176760087,0.0
6150,0.001051997794982471,0.001051997794982471,0.0
6151,0.001052000164464021,0.001052000164464021,0.0
6152,0.0010519990660463189,0.0010519990660463189,0.0
6153,0.001052000106837429,0.001052000106837429,0.0
6154,0.0010519987573529752,0.0010519987573529752,0.0
6155,0.0010520000720430135,0.0010520000720430135,0.0
6156,0.001051998748609985,0.001051998748609985,0.0
6157,0.0010520001498889701,0.0010520001498889701,0.0
6158,0.001051998716518639,0.001051998716518639,0.0
6159,0.00105199843194433,0.00105199843194433,0.0
6160,0.0010519985462295316,0.0010519985462295316,0.0
6161,0.0010519976198911762,0.0010519976198911762,0.0
6162,0.0010519971010637802,0.0010519971010637802,0.0
6163,0.001051996911663365,0.001051996911663365,0.0
6164,0.0010519988979046132,0.0010519988979046132,0.0
6165,0.0010519993030725728,0.0010519993030725728,0.0
6166,0.0010519981374600544,0.0010519981374600544,0.0
6167,0.0010519972303198162,0.0010519972303198162,0.0
6168,0.0010519986458668586,0.0010519986458668586,0.0
6169,0.0010519989586262265,0.0010519989586262265,0.0
6170,0.0010519979862942267,0.0010519979862942267,0.0
6171,0.0010519989648651023,0.0010519989648651023,0.0
6172,0.001051997983710708,0.001051997983710708,0.0
6173,0.0010519971651234774,0.0010519971651234774,0.0
6174,0.0010519985456351648,0.0010519985456351648,0.0
6175,0.0010519971299121768,0.0010519971299121768,0.0
6176,0.0010519968505844786,0.0010519968505844786,0.0
6177,0.001051997068007563,0.001051997068007563,0.0
6178,0.0010519967404818786,0.0010519967404818786,0.0
6179,0.0010519970819137432,0.0010519970819137432,0.0
6180,0.001051997523658082,0.001051997523658082,0.0
6181,0.0010519972132017035,0.0010519972132017035,0.0
6182,0.001051997737859562,0.001051997737859562,0.0
6183,0.0010519978090692802,0.0010519978090692802,0.0
6184,0.0010519970945794687,0.0010519970945794687,0.0
6185,0.0010519970971555803,0.0010519970971555803,0.0
6186,0.0010519960571383868,0.0010519960571383868,0.0
6187,0.0010519960850790345,0.0010519960850790345,0.0
6188,0.0010519964002305554,0.0010519964002305554,0.0
6189,0.0010519966733762549,0.0010519966733762549,0.0
6190,0.001051997064614132,0.001051997064614132,0.0
6191,0.001051996223839137,0.001051996223839137,0.0
6192,0.0010519972951061572,0.0010519972951061572,0.0
6193,0.0010519975520616569,0.0010519975520616569,0.0
6194,0.0010519958618436533,0.0010519958618436533,0.0
6195,0.0010519961382076334,0.0010519961382076334,0.0
6196,0.0010519959485689508,0.0010519959485689508,0.0
6197,0.0010519975521783385,0.0010519975521783385,0.0
6198,0.001051996574432782,0.001051996574432782,0.0
6199,0.0010519969704951074,0.0010519969704951074,0.0
6200,0.0010519970077499134,0.0010519970077499134,0.0
6201,0.0010519962922224352,0.0010519962922224352,0.0
6202,0.0010519959152265749,0.0010519959152265749,0.0
6203,0.001051996684478952,0.001051996684478952,0.0
6204,0.0010519962463725772,0.0010519962463725772,0.0
6205,0.0010519967405160761,0.0010519967405160761,0.0
6206,0.0010519972731467889,0.0010519972731467889,0.0
6207,0.001051996237208321,0.001051996237208321,0.0
6208,0.0010519967159171996,0.0010519967159171996,0.0
6209,0.0010519967381044594,0.0010519967381044594,0.0
6210,0.001051997011051711,0.001051997011051711,0.0
6211,0.0010519961926626952,0.0010519961926626952,0.0
6212,0.0010519955076594603,0.0010519955076594603,0.0
6213,0.001051995725274332,0.001051995725274332,0.0
6214,0.0010519959004580994,0.0010519959004580994,0.0
6215,0.001051996888110872,0.001051996888110872,0.0
6216,0.0010519960077937463,0.0010519960077937463,0.0
6217,0.0010519956855868354,0.0010519956855868354,0.0
6218,0.0010519964505715095,0.0010519964505715095,0.0
6219,0.0010519965168700543,0.0010519965168700543,0.0
6220,0.0010519962694032511,0.0010519962694032511,0.0
6221,0.0010519961132234303,0.0010519961132234303,0.0
6222,0.001051995628322637,0.001051995628322637,0.0
6223,0.0010519965623660603,0.0010519965623660603,0.0
6224,0.001051995846831594,0.001051995846831594,0.0
6225,0.0010519966018258972,0.0010519966018258972,0.0
6226,0.0010519958201265162,0.0010519958201265162,0.0
6227,0.001051995820744384,0.001051995820744384,0.0
6228,0.0010519961605391932,0.0010519961605391932,0.0
6229,0.0010519962315057117,0.0010519962315057117,0.0
6230,0.0010519960803396747,0.0010519960803396747,0.0
6231,0.0010519954236737912,0.0010519954236737912,0.0
6232,0.0010519958276371546,0.0010519958276371546,0.0
6233,0.001051996136822852,0.001051996136822852,0.0
6234,0.0010519954804912783,0.0010519954804912783,0.0
6235,0.0010519951242017886,0.0010519951242017886,0.0
6236,0.0010519951533334293,0.0010519951533334293,0.0
6237,0.0010519959331480055,0.0010519959331480055,0.0
6238,0.0010519959298761498,0.0010519959298761498,0.0
6239,0.0010519959519901046,0.0010519959519901046,0.0
6240,0.001051995831784038,0.001051995831784038,0.0
6241,0.0010519957912323967,0.0010519957912323967,0.0
6242,0.0010519952438357186,0.0010519952438357186,0.0
6243,0.001051996026227252,0.001051996026227252,0.0
6244,0.0010519954859248407,0.0010519954859248407,0.0
6245,0.0010519954186753817,0.0010519954186753817,0.0
6246,0.0010519959042004305,0.0010519959042004305,0.0
6247,0.0010519958267358256,0.0010519958267358256,0.0
6248,0.0010519958479590014,0.0010519958479590014,0.0
6249,0.0010519959601693618,0.0010519959601693618,0.0
6250,0.0010519954473502233,0.0010519954473502233,0.0
6251,0.0010519953745644134,0.0010519953745644134,0.0
6252,0.0010519951997207185,0.0010519951997207185,0.0
6253,0.0010519958695329559,0.0010519958695329559,0.0
6254,0.0010519953885745476,0.0010519953885745476,0.0
6255,0.0010519950648617059,0.0010519950648617059,0.0
6256,0.0010519953764234183,0.0010519953764234183,0.0
6257,0.0010519955181797457,0.0010519955181797457,0.0
6258,0.0010519956629228898,0.0010519956629228898,0.0
6259,0.00105199542973763,0.00105199542973763,0.0
6260,0.0010519950547397902,0.0010519950547397902,0.0
6261,0.001051995581185449,0.001051995581185449,0.0
6262,0.0010519955609778853,0.0010519955609778853,0.0
6263,0.0010519952719818713,0.0010519952719818713,0.0
6264,0.00105199565702295,0.00105199565702295,0.0
6265,0.001051995221706268,0.001051995221706268,0.0
6266,0.0010519949454115716,0.0010519949454115716,0.0
6267,0.0010519952634540342,0.0010519952634540342,0.0
6268,0.001051995487759644,0.001051995487759644,0.0
6269,0.0010519954403412418,0.0010519954403412418,0.0
6270,0.0010519955019980527,0.0010519955019980527,0.0
6271,0.0010519951504999647,0.0010519951504999647,0.0
6272,0.001051995411480369,0.001051995411480369,0.0
6273,0.001051995162286689,0.001051995162286689,0.0
6274,0.0010519953546361315,0.0010519953546361315,0.0
6275,0.0010519947749861407,0.0010519947749861407,0.0
6276,0.0010519948105014454,0.0010519948105014454,0.0
6277,0.0010519953585020774,0.0010519953585020774,0.0
6278,0.0010519954353677302,0.0010519954353677302,0.0
6279,0.0010519950797030825,0.0010519950797030825,0.0
6280,0.0010519948648594112,0.0010519948648594112,0.0
6281,0.0010519954272486226,0.0010519954272486226,0.0
6282,0.001051995054497593,0.001051995054497593,0.0
6283,0.0010519951908782442,0.0010519951908782442,0.0
6284,0.001051994883492548,0.001051994883492548,0.0
6285,0.0010519949543516644,0.0010519949543516644,0.0
6286,0.0010519952575368551,0.0010519952575368551,0.0
6287,0.0010519953012200214,0.0010519953012200214,0.0
6288,0.0010519949696606772,0.0010519949696606772,0.0
6289,0.0010519955717477898,0.0010519955717477898,0.0
6290,0.0010519949342957186,0.0010519949342957186,0.0
6291,0.0010519954311006903,0.0010519954311006903,0.0
6292,0.0010519949475460723,0.0010519949475460723,0.0
6293,0.0010519948894476886,0.0010519948894476886,0.0
6294,0.0010519947144604286,0.0010519947144604286,0.0
6295,0.001051994851183352,0.001051994851183352,0.0
6296,0.0010519948058073335,0.0010519948058073335,0.0
6297,0.0010519951306772663,0.0010519951306772663,0.0
6298,0.0010519948795780195,0.0010519948795780195,0.0
6299,0.0010519947042592851,0.0010519947042592851,0.0
6300,0.0010519949421191209,0.0010519949421191209,0.0
6301,0.0010519950782599211,0.0010519950782599211,0.0
6302,0.0010519946456535839,0.0010519946456535839,0.0
6303,0.0010519948210611107,0.0010519948210611107,0.0
6304,0.0010519945650439512,0.0010519945650439512,0.0
6305,0.001051994611789005,0.001051994611789005,0.0
6306,0.001051994992167493,0.001051994992167493,0.0
6307,0.0010519947837130043,0.0010519947837130043,0.0
6308,0.0010519949892974357,0.0010519949892974357,0.0
6309,0.001051994607817725,0.001051994607817725,0.0
6310,0.0010519948972888846,0.0010519948972888846,0.0
6311,0.0010519950434297368,0.0010519950434297368,0.0
6312,0.00105199473327878,0.00105199473327878,0.0
6313,0.0010519944753271259,0.0010519944753271259,0.0
6314,0.0010519944695383898,0.0010519944695383898,0.0
6315,0.0010519947799806065,0.0010519947799806065,0.0
6316,0.0010519946362907168,0.0010519946362907168,0.0
6317,0.001051994609204198,0.001051994609204198,0.0
6318,0.0010519943293183281,0.0010519943293183281,0.0
6319,0.0010519942491223505,0.0010519942491223505,0.0
6320,0.0010519947908463974,0.0010519947908463974,0.0
6321,0.0010519943475810242,0.0010519943475810242,0.0
6322,0.0010519945928713758,0.0010519945928713758,0.0
6323,0.0010519946490564693,0.0010519946490564693,0.0
6324,0.0010519945280015187,0.0010519945280015187,0.0
6325,0.0010519943507547923,0.0010519943507547923,0.0
6326,0.0010519946843275069,0.0010519946843275069,0.0
6327,0.0010519943738994178,0.0010519943738994178,0.0
6328,0.001051994713493086,0.001051994713493086,0.0
6329,0.0010519941074377858,0.0010519941074377858,0.0
6330,0.0010519939707364827,0.0010519939707364827,0.0
6331,0.0010519942827316288,0.0010519942827316288,0.0
6332,0.0010519942035677311,0.0010519942035677311,0.0
6333,0.0010519944528540046,0.0010519944528540046,0.0
6334,0.0010519940866969145,0.0010519940866969145,0.0
6335,0.0010519943681846515,0.0010519943681846515,0.0
6336,0.001051994343910864,0.001051994343910864,0.0
6337,0.0010519939161670068,0.0010519939161670068,0.0
6338,0.0010519938180501003,0.0010519938180501003,0.0
6339,0.001051994027254191,0.001051994027254191,0.0
6340,0.0010519939517087357,0.0010519939517087357,0.0
6341,0.0010519938383263682,0.0010519938383263682,0.0
6342,0.0010519938959025873,0.0010519938959025873,0.0
6343,0.0010519938701955374,0.0010519938701955374,0.0
6344,0.0010519938293138877,0.0010519938293138877,0.0
6345,0.0010519941546600802,0.0010519941546600802,0.0
6346,0.0010519941171214207,0.0010519941171214207,0.0
6347,0.001051993658826535,0.001051993658826535,0.0
6348,0.00105199369407438,0.00105199369407438,0.0
6349,0.0010519941056483459,0.0010519941056483459,0.0
6350,0.001051993862116701,0.001051993862116701,0.0
6351,0.0010519937118799738,0.0010519937118799738,0.0
6352,0.0010519938265200397,0.0010519938265200397,0.0
6353,0.0010519935485233886,0.0010519935485233886,0.0
6354,0.0010519936838241696,0.0010519936838241696,0.0
6355,0.0010519933196991636,0.0010519933196991636,0.0
6356,0.0010519930987794848,0.0010519930987794848,0.0
6357,0.0010519935191482582,0.0010519935191482582,0.0
6358,0.0010519939131630924,0.0010519939131630924,0.0
6359,0.0010519938175869025,0.0010519938175869025,0.0
6360,0.0010519936458207979,0.0010519936458207979,0.0
6361,0.0010519932431720634,0.0010519932431720634,0.0
6362,0.001051993373951102,0.001051993373951102,0.0
6363,0.0010519932363487676,0.0010519932363487676,0.0
6364,0.001051993471683464,0.001051993471683464,0.0
6365,0.0010519937495789536,0.0010519937495789536,0.0
6366,0.0010519932898347376,0.0010519932898347376,0.0
6367,0.0010519932924718841,0.0010519932924718841,0.0
6368,0.00105199347738085,0.00105199347738085,0.0
6369,0.0010519937418945887,0.0010519937418945887,0.0
6370,0.0010519934352473518,0.0010519934352473518,0.0
6371,0.0010519931079782286,0.0010519931079782286,0.0
6372,0.0010519929376100554,0.0010519929376100554,0.0
6373,0.001051992897397568,0.001051992897397568,0.0
6374,0.0010519930765440577,0.0010519930765440577,0.0
6375,0.001051993358294314,0.001051993358294314,0.0
6376,0.0010519935012281106,0.0010519935012281106,0.0
6377,0.001051992918024599,0.001051992918024599,0.0
6378,0.0010519926442032182,0.0010519926442032182,0.0
6379,0.0010519924181280821,0.0010519924181280821,0.0
6380,0.0010519928500786853,0.0010519928500786853,0.0
6381,0.001051992825657846,0.001051992825657846,0.0
6382,0.0010519928848566004,0.0010519928848566004,0.0
6383,0.001051993390005195,0.001051993390005195,0.0
6384,0.0010519929448465797,0.0010519929448465797,0.0
6385,0.001051992467388046,0.001051992467388046,0.0
6386,0.0010519926048396396,0.0010519926048396396,0.0
6387,0.0010519933444711057,0.0010519933444711057,0.0
6388,0.0010519924376754777,0.0010519924376754777,0.0
6389,0.001051992756762559,0.001051992756762559,0.0
6390,0.001051993165630846,0.001051993165630846,0.0
6391,0.001051992463400931,0.001051992463400931,0.0
6392,0.0010519922523765438,0.0010519922523765438,0.0
6393,0.001051992253399831,0.001051992253399831,0.0
6394,0.0010519921653755317,0.0010519921653755317,0.0
6395,0.001051992114101866,0.001051992114101866,0.0
6396,0.001051992299356152,0.001051992299356152,0.0
6397,0.0010519928913574463,0.0010519928913574463,0.0
6398,0.0010519925294606937,0.0010519925294606937,0.0
6399,0.0010519920527221145,0.0010519920527221145,0.0
6400,0.001051992159023287,0.001051992159023287,0.0
6401,0.001051992240571462,0.001051992240571462,0.0
6402,0.0010519920313567632,0.0010519920313567632,0.0
6403,0.0010519922281826293,0.0010519922281826293,0.0
6404,0.0010519924162889728,0.0010519924162889728,0.0
6405,0.0010519919709323174,0.0010519919709323174,0.0
6406,0.001051992225779703,0.001051992225779703,0.0
6407,0.0010519925844131417,0.0010519925844131417,0.0
6408,0.001051992346074565,0.001051992346074565,0.0
6409,0.001051991910265692,0.001051991910265692,0.0
6410,0.0010519922749095394,0.0010519922749095394,0.0
6411,0.0010519915608646667,0.0010519915608646667,0.0
6412,0.0010519913581657474,0.0010519913581657474,0.0
6413,0.001051992198210147,0.001051992198210147,0.0
6414,0.0010519919800896225,0.0010519919800896225,0.0
6415,0.0010519924252590405,0.0010519924252590405,0.0
6416,0.0010519918012241796,0.0010519918012241796,0.0
6417,0.0010519922049507405,0.0010519922049507405,0.0
6418,0.0010519917867593375,0.0010519917867593375,0.0
6419,0.0010519915438961577,0.0010519915438961577,0.0
6420,0.0010519922963056609,0.0010519922963056609,0.0
6421,0.0010519913951498685,0.0010519913951498685,0.0
6422,0.0010519916807967405,0.0010519916807967405,0.0
6423,0.0010519918012275604,0.0010519918012275604,0.0
6424,0.0010519914658698494,0.0010519914658698494,0.0
6425,0.0010519918362671976,0.0010519918362671976,0.0
6426,0.0010519915840768222,0.0010519915840768222,0.0
6427,0.001051991263104031,0.001051991263104031,0.0
6428,0.0010519914870304006,0.0010519914870304006,0.0
6429,0.0010519915250499356,0.0010519915250499356,0.0
6430,0.0010519914851032422,0.0010519914851032422,0.0
6431,0.0010519909636244162,0.0010519909636244162,0.0
6432,0.001051990837157907,0.001051990837157907,0.0
6433,0.0010519911874686857,0.0010519911874686857,0.0
6434,0.001051990952473972,0.001051990952473972,0.0
6435,0.0010519910167692392,0.0010519910167692392,0.0
6436,0.001051990781445658,0.001051990781445658,0.0
6437,0.0010519908871442114,0.0010519908871442114,0.0
6438,0.0010519907100779596,0.0010519907100779596,0.0
6439,0.0010519908010334863,0.0010519908010334863,0.0
6440,0.0010519914245757731,0.0010519914245757731,0.0
6441,0.0010519911845776326,0.0010519911845776326,0.0
6442,0.0010519908922132857,0.0010519908922132857,0.0
6443,0.0010519908279722193,0.0010519908279722193,0.0
6444,0.0010519906997265005,0.0010519906997265005,0.0
6445,0.0010519911660110167,0.0010519911660110167,0.0
6446,0.0010519908930244582,0.0010519908930244582,0.0
6447,0.0010519906071857306,0.0010519906071857306,0.0
6448,0.001051990979849893,0.001051990979849893,0.0
6449,0.0010519905729729061,0.0010519905729729061,0.0
6450,0.0010519910343997987,0.0010519910343997987,0.0
6451,0.001051990631820104,0.001051990631820104,0.0
6452,0.0010519905480246314,0.0010519905480246314,0.0
6453,0.0010519911629998935,0.0010519911629998935,0.0
6454,0.0010519909412320995,0.0010519909412320995,0.0
6455,0.0010519901513941505,0.0010519901513941505,0.0
6456,0.0010519901474306775,0.0010519901474306775,0.0
6457,0.0010519902366436108,0.0010519902366436108,0.0
6458,0.0010519903028777921,0.0010519903028777921,0.0
6459,0.0010519905586449788,0.0010519905586449788,0.0
6460,0.0010519899357541807,0.0010519899357541807,0.0
6461,0.001051990021975883,0.001051990021975883,0.0
6462,0.0010519902347163712,0.0010519902347163712,0.0
6463,0.0010519903024587157,0.0010519903024587157,0.0
6464,0.0010519909506704706,0.0010519909506704706,0.0
6465,0.0010519903960163398,0.0010519903960163398,0.0
6466,0.0010519901475720904,0.0010519901475720904,0.0
6467,0.0010519902240600195,0.0010519902240600195,0.0
6468,0.0010519904581529744,0.0010519904581529744,0.0
6469,0.0010519901241259329,0.0010519901241259329,0.0
6470,0.0010519898373807092,0.0010519898373807092,0.0
6471,0.0010519901105470544,0.0010519901105470544,0.0
6472,0.0010519900506346296,0.0010519900506346296,0.0
6473,0.0010519897892080636,0.0010519897892080636,0.0
6474,0.0010519901165550894,0.0010519901165550894,0.0
6475,0.0010519900579398457,0.0010519900579398457,0.0
6476,0.0010519896111989351,0.0010519896111989351,0.0
6477,0.0010519897698176928,0.0010519897698176928,0.0
6478,0.0010519896662527616,0.0010519896662527616,0.0
6479,0.0010519897110357213,0.0010519897110357213,0.0
6480,0.0010519898406327873,0.0010519898406327873,0.0
6481,0.0010519901433407987,0.0010519901433407987,0.0
6482,0.0010519896255468438,0.0010519896255468438,0.0
6483,0.0010519895660520047,0.0010519895660520047,0.0
6484,0.0010519900069149847,0.0010519900069149847,0.0
6485,0.0010519895275899207,0.0010519895275899207,0.0
6486,0.0010519900309306522,0.0010519900309306522,0.0
6487,0.0010519899293896348,0.0010519899293896348,0.0
6488,0.0010519897790749176,0.0010519897790749176,0.0
6489,0.001051989373093703,0.001051989373093703,0.0
6490,0.0010519897226290535,0.0010519897226290535,0.0
6491,0.0010519897159718375,0.0010519897159718375,0.0
6492,0.0010519891875302313,0.0010519891875302313,0.0
6493,0.001051989285323455,0.001051989285323455,0.0
6494,0.00105198974848523,0.00105198974848523,0.0
6495,0.0010519901018974343,0.0010519901018974343,0.0
6496,0.0010519895919176463,0.0010519895919176463,0.0
6497,0.0010519893281441246,0.0010519893281441246,0.0
6498,0.0010519893535540557,0.0010519893535540557,0.0
6499,0.0010519898983171645,0.0010519898983171645,0.0
6500,0.0010519896019668337,0.0010519896019668337,0.0
6501,0.001051990003208757,0.001051990003208757,0.0
6502,0.0010519894608605135,0.0010519894608605135,0.0
6503,0.0010519892587440949,0.0010519892587440949,0.0
6504,0.0010519890291104009,0.0010519890291104009,0.0
6505,0.0010519890889108448,0.0010519890889108448,0.0
6506,0.001051989029118449,0.001051989029118449,0.0
6507,0.001051989672979109,0.001051989672979109,0.0
6508,0.0010519897037407579,0.0010519897037407579,0.0
6509,0.0010519898485036123,0.0010519898485036123,0.0
6510,0.0010519893265060298,0.0010519893265060298,0.0
6511,0.0010519891764738968,0.0010519891764738968,0.0
6512,0.0010519897249228174,0.0010519897249228174,0.0
6513,0.001051989309888022,0.001051989309888022,0.0
6514,0.0010519897473135974,0.0010519897473135974,0.0
6515,0.0010519892961819938,0.0010519892961819938,0.0
6516,0.0010519894173425038,0.0010519894173425038,0.0
6517,0.00105198902757458,0.00105198902757458,0.0
6518,0.0010519892610928153,0.0010519892610928153,0.0
6519,0.0010519891018952621,0.0010519891018952621,0.0
6520,0.0010519892827988422,0.0010519892827988422,0.0
6521,0.0010519888988159511,0.0010519888988159511,0.0
6522,0.0010519890649834706,0.0010519890649834706,0.0
6523,0.0010519890808248855,0.0010519890808248855,0.0
6524,0.0010519890000011353,0.0010519890000011353,0.0
6525,0.0010519889174285312,0.0010519889174285312,0.0
6526,0.0010519892911934486,0.0010519892911934486,0.0
6527,0.0010519888353538553,0.0010519888353538553,0.0
6528,0.00105198901610899,0.00105198901610899,0.0
6529,0.0010519892089970303,0.0010519892089970303,0.0
6530,0.0010519889819546925,0.0010519889819546925,0.0
6531,0.0010519887412668914,0.0010519887412668914,0.0
6532,0.001051988854310353,0.001051988854310353,0.0
6533,0.001051988819335007,0.001051988819335007,0.0
6534,0.0010519885666012726,0.0010519885666012726,0.0
6535,0.0010519884786809187,0.0010519884786809187,0.0
6536,0.001051988988924955,0.001051988988924955,0.0
6537,0.0010519888149005388,0.0010519888149005388,0.0
6538,0.0010519885568478656,0.0010519885568478656,0.0
6539,0.0010519888467856434,0.0010519888467856434,0.0
6540,0.001051988604481693,0.001051988604481693,0.0
6541,0.001051988766552666,0.001051988766552666,0.0
6542,0.001051988791174451,0.001051988791174451,0.0
6543,0.0010519886831087681,0.0010519886831087681,0.0
6544,0.0010519884513289627,0.0010519884513289627,0.0
6545,0.0010519885826012693,0.0010519885826012693,0.0
6546,0.0010519883402646888,0.0010519883402646888,0.0
6547,0.0010519883501489663,0.0010519883501489663,0.0
6548,0.0010519883223429178,0.0010519883223429178,0.0
6549,0.0010519883966617436,0.0010519883966617436,0.0
6550,0.0010519887378231346,0.0010519887378231346,0.0
6551,0.0010519884664787953,0.0010519884664787953,0.0
6552,0.0010519884953155484,0.0010519884953155484,0.0
6553,0.0010519881967818738,0.0010519881967818738,0.0
6554,0.001051988238296873,0.001051988238296873,0.0
6555,0.0010519881423481296,0.0010519881423481296,0.0
6556,0.0010519881738734799,0.0010519881738734799,0.0
6557,0.0010519884666338008,0.0010519884666338008,0.0
6558,0.001051988439684402,0.001051988439684402,0.0
6559,0.0010519882575089,0.0010519882575089,0.0
6560,0.001051988057576786,0.001051988057576786,0.0
6561,0.0010519881648198026,0.0010519881648198026,0.0
6562,0.0010519882017544762,0.0010519882017544762,0.0
6563,0.00105198825887232,0.00105198825887232,0.0
6564,0.001051987857159749,0.001051987857159749,0.0
6565,0.001051987790926411,0.001051987790926411,0.0
6566,0.0010519882748025212,0.0010519882748025212,0.0
6567,0.0010519880498921013,0.0010519880498921013,0.0
6568,0.001051987973678917,0.001051987973678917,0.0
6569,0.0010519879110733503,0.0010519879110733503,0.0
6570,0.0010519883417018342,0.0010519883417018342,0.0
6571,0.0010519880230557322,0.0010519880230557322,0.0
6572,0.0010519881438053958,0.0010519881438053958,0.0
6573,0.001051987824708361,0.001051987824708361,0.0
6574,0.0010519877325712843,0.0010519877325712843,0.0
6575,0.001051987935164828,0.001051987935164828,0.0
6576,0.0010519884138480938,0.0010519884138480938,0.0
6577,0.0010519880131777317,0.0010519880131777317,0.0
6578,0.0010519882913049097,0.0010519882913049097,0.0
6579,0.0010519877651927302,0.0010519877651927302,0.0
6580,0.001051987585342249,0.001051987585342249,0.0
6581,0.0010519875858458802,0.0010519875858458802,0.0
6582,0.0010519881688243577,0.0010519881688243577,0.0
6583,0.0010519880330831872,0.0010519880330831872,0.0
6584,0.00105198789161149,0.00105198789161149,0.0
6585,0.001051987761862189,0.001051987761862189,0.0
6586,0.0010519876456406777,0.0010519876456406777,0.0
6587,0.0010519876695167796,0.0010519876695167796,0.0
6588,0.0010519879009175891,0.0010519879009175891,0.0
6589,0.0010519876511705338,0.0010519876511705338,0.0
6590,0.0010519873550232236,0.0010519873550232236,0.0
6591,0.0010519873196947209,0.0010519873196947209,0.0
6592,0.0010519874657018058,0.0010519874657018058,0.0
6593,0.0010519874411217419,0.0010519874411217419,0.0
6594,0.0010519876631456837,0.0010519876631456837,0.0
6595,0.0010519878985148412,0.0010519878985148412,0.0
6596,0.0010519872837906773,0.0010519872837906773,0.0
6597,0.0010519874161712918,0.0010519874161712918,0.0
6598,0.0010519875537585348,0.0010519875537585348,0.0
6599,0.0010519875017251173,0.0010519875017251173,0.0
6600,0.0010519878467198879,0.0010519878467198879,0.0
6601,0.001051987648264476,0.001051987648264476,0.0
6602,0.0010519874659538277,0.0010519874659538277,0.0
6603,0.0010519879278465454,0.0010519879278465454,0.0
6604,0.001051987491045127,0.001051987491045127,0.0
6605,0.0010519872808539073,0.0010519872808539073,0.0
6606,0.0010519875654975974,0.0010519875654975974,0.0
6607,0.0010519872594207042,0.0010519872594207042,0.0
6608,0.0010519875572134953,0.0010519875572134953,0.0
6609,0.001051987229946338,0.001051987229946338,0.0
6610,0.0010519875218562705,0.0010519875218562705,0.0
6611,0.0010519872555732183,0.0010519872555732183,0.0
6612,0.001051987171231995,0.001051987171231995,0.0
6613,0.001051987472848613,0.001051987472848613,0.0
6614,0.0010519873792269442,0.0010519873792269442,0.0
6615,0.0010519874102514419,0.0010519874102514419,0.0
6616,0.001051987258888445,0.001051987258888445,0.0
6617,0.001051987547315869,0.001051987547315869,0.0
6618,0.001051987198278005,0.001051987198278005,0.0
6619,0.0010519870863540252,0.0010519870863540252,0.0
6620,0.0010519873867917363,0.0010519873867917363,0.0
6621,0.001051987264269045,0.001051987264269045,0.0
6622,0.0010519874158861037,0.0010519874158861037,0.0
6623,0.0010519872465279388,0.0010519872465279388,0.0
6624,0.0010519871044826217,0.0010519871044826217,0.0
6625,0.0010519873009211377,0.0010519873009211377,0.0
6626,0.0010519871148901435,0.0010519871148901435,0.0
6627,0.0010519870931547527,0.0010519870931547527,0.0
6628,0.0010519873883397942,0.0010519873883397942,0.0
6629,0.0010519873160259232,0.0010519873160259232,0.0
6630,0.0010519873990968982,0.0010519873990968982,0.0
6631,0.0010519871171993233,0.0010519871171993233,0.0
6632,0.001051987107379993,0.001051987107379993,0.0
6633,0.0010519870490564472,0.0010519870490564472,0.0
6634,0.001051987449623761,0.001051987449623761,0.0
6635,0.0010519873866284926,0.0010519873866284926,0.0
6636,0.0010519870729034434,0.0010519870729034434,0.0
6637,0.001051987312314387,0.001051987312314387,0.0
6638,0.00105198707112625,0.00105198707112625,0.0
6639,0.0010519869616562973,0.0010519869616562973,0.0
6640,0.0010519871966360153,0.0010519871966360153,0.0
6641,0.0010519871241329258,0.0010519871241329258,0.0
6642,0.001051987030127624,0.001051987030127624,0.0
6643,0.0010519872413774312,0.0010519872413774312,0.0
6644,0.0010519872118320364,0.0010519872118320364,0.0
6645,0.0010519869998893141,0.0010519869998893141,0.0
6646,0.0010519871152456577,0.0010519871152456577,0.0
6647,0.0010519871909023643,0.0010519871909023643,0.0
6648,0.0010519870558041414,0.0010519870558041414,0.0
6649,0.0010519872324946872,0.0010519872324946872,0.0
6650,0.0010519869960013075,0.0010519869960013075,0.0
6651,0.0010519873132480548,0.0010519873132480548,0.0
6652,0.0010519869818392362,0.0010519869818392362,0.0
6653,0.0010519872930192652,0.0010519872930192652,0.0
6654,0.0010519869811372344,0.0010519869811372344,0.0
6655,0.001051986857879291,0.001051986857879291,0.0
6656,0.0010519869858736774,0.0010519869858736774,0.0
6657,0.0010519870581033439,0.0010519870581033439,0.0
6658,0.0010519868484039476,0.0010519868484039476,0.0
6659,0.0010519869621216783,0.0010519869621216783,0.0
6660,0.001051987148822239,0.001051987148822239,0.0
6661,0.0010519869450442642,0.0010519869450442642,0.0
6662,0.001051987177908996,0.001051987177908996,0.0
6663,0.0010519869421386984,0.0010519869421386984,0.0
6664,0.0010519870711831938,0.0010519870711831938,0.0
6665,0.0010519870530626525,0.0010519870530626525,0.0
6666,0.0010519870117699976,0.0010519870117699976,0.0
6667,0.0010519869559405433,0.0010519869559405433,0.0
6668,0.0010519868425764246,0.0010519868425764246,0.0
6669,0.0010519869836610844,0.0010519869836610844,0.0
6670,0.0010519870952163596,0.0010519870952163596,0.0
6671,0.001051986914681579,0.001051986914681579,0.0
6672,0.0010519868758820487,0.0010519868758820487,0.0
6673,0.001051986962161599,0.001051986962161599,0.0
6674,0.0010519870504234,0.0010519870504234,0.0
6675,0.0010519870498877635,0.0010519870498877635,0.0
6676,0.0010519870682395769,0.0010519870682395769,0.0
6677,0.0010519868978737534,0.0010519868978737534,0.0
6678,0.0010519870484535856,0.0010519870484535856,0.0
6679,0.0010519870222366274,0.0010519870222366274,0.0
6680,0.001051987047786841,0.001051987047786841,0.0
6681,0.001051986896405487,0.001051986896405487,0.0
6682,0.0010519870462812214,0.0010519870462812214,0.0
6683,0.0010519868911446132,0.0010519868911446132,0.0
6684,0.0010519870399616153,0.0010519870399616153,0.0
6685,0.0010519868895160608,0.0010519868895160608,0.0
6686,0.0010519870590443004,0.0010519870590443004,0.0
6687,0.001051986883870102,0.001051986883870102,0.0
6688,0.0010519870711938949,0.0010519870711938949,0.0
6689,0.0010519868784314448,0.0010519868784314448,0.0
6690,0.0010519868708524802,0.0010519868708524802,0.0
6691,0.0010519868219637453,0.0010519868219637453,0.0
6692,0.0010519869348891114,0.0010519869348891114,0.0
6693,0.0010519868845379559,0.0010519868845379559,0.0
6694,0.00105198696761331,0.00105198696761331,0.0
6695,0.0010519868615037978,0.0010519868615037978,0.0
6696,0.0010519868882766746,0.0010519868882766746,0.0
6697,0.0010519869483104143,0.0010519869483104143,0.0
6698,0.0010519868545403256,0.0010519868545403256,0.0
6699,0.0010519868226625821,0.0010519868226625821,0.0
6700,0.0010519867848839074,0.0010519867848839074,0.0
6701,0.001051986855874353,0.001051986855874353,0.0
6702,0.0010519867881834837,0.0010519867881834837,0.0
6703,0.001051986849765658,0.001051986849765658,0.0
6704,0.001051986833801308,0.001051986833801308,0.0
6705,0.0010519867887750793,0.0010519867887750793,0.0
6706,0.0010519868048292694,0.0010519868048292694,0.0
6707,0.0010519868705209452,0.0010519868705209452,0.0
6708,0.001051986840533344,0.001051986840533344,0.0
6709,0.0010519867767552439,0.0010519867767552439,0.0
6710,0.0010519868708652826,0.0010519868708652826,0.0
6711,0.0010519867987101841,0.0010519867987101841,0.0
6712,0.0010519868147769833,0.0010519868147769833,0.0
6713,0.0010519868373768237,0.0010519868373768237,0.0
6714,0.0010519869021099108,0.0010519869021099108,0.0
6715,0.001051986790981486,0.001051986790981486,0.0
6716,0.0010519867754439228,0.0010519867754439228,0.0
6717,0.0010519868868474709,0.0010519868868474709,0.0
6718,0.0010519868092423823,0.0010519868092423823,0.0
6719,0.0010519867571254803,0.0010519867571254803,0.0
6720,0.0010519868474623726,0.0010519868474623726,0.0
6721,0.001051986818169972,0.001051986818169972,0.0
6722,0.0010519868379206623,0.0010519868379206623,0.0
6723,0.0010519867987927318,0.0010519867987927318,0.0
6724,0.0010519868277219808,0.0010519868277219808,0.0
6725,0.0010519868294828396,0.0010519868294828396,0.0
6726,0.0010519868227452222,0.0010519868227452222,0.0
6727,0.0010519867882217342,0.0010519867882217342,0.0
6728,0.00105198682895394,0.00105198682895394,0.0
6729,0.0010519867683750402,0.0010519867683750402,0.0
6730,0.0010519868245688875,0.0010519868245688875,0.0
6731,0.001051986766391995,0.001051986766391995,0.0
6732,0.0010519868397982364,0.0010519868397982364,0.0
6733,0.0010519867646463163,0.0010519867646463163,0.0
6734,0.0010519867683730939,0.0010519867683730939,0.0
6735,0.0010519868277777335,0.0010519868277777335,0.0
6736,0.0010519867634780082,0.0010519867634780082,0.0
6737,0.0010519868382415176,0.0010519868382415176,0.0
6738,0.001051986760908965,0.001051986760908965,0.0
6739,0.0010519868365872402,0.0010519868365872402,0.0
6740,0.0010519867597355485,0.0010519867597355485,0.0
6741,0.001051986824880394,0.001051986824880394,0.0
6742,0.0010519867594569986,0.0010519867594569986,0.0
6743,0.001051986786138111,0.001051986786138111,0.0
6744,0.0010519868268652358,0.0010519868268652358,0.0
6745,0.0010519867549789045,0.0010519867549789045,0.0
6746,0.0010519867956790315,0.0010519867956790315,0.0
6747,0.001051986756721423,0.001051986756721423,0.0
6748,0.001051986748723998,0.001051986748723998,0.0
6749,0.0010519868080154356,0.0010519868080154356,0.0
6750,0.0010519867927298984,0.0010519867927298984,0.0
6751,0.0010519867533363809,0.0010519867533363809,0.0
6752,0.0010519868263287125,0.0010519868263287125,0.0
6753,0.001051986749243033,0.001051986749243033,0.0
6754,0.0010519867428248602,0.0010519867428248602,0.0
6755,0.0010519867936512007,0.0010519867936512007,0.0
6756,0.001051986798973197,0.001051986798973197,0.0
6757,0.0010519867500580478,0.0010519867500580478,0.0
6758,0.001051986760651932,0.001051986760651932,0.0
6759,0.0010519867747226792,0.0010519867747226792,0.0
6760,0.0010519867744867334,0.0010519867744867334,0.0
6761,0.0010519867823390794,0.0010519867823390794,0.0
6762,0.001051986746745006,0.001051986746745006,0.0
6763,0.0010519867738929007,0.0010519867738929007,0.0
6764,0.0010519867472660095,0.0010519867472660095,0.0
6765,0.0010519867479525406,0.0010519867479525406,0.0
6766,0.0010519868144827226,0.0010519868144827226,0.0
6767,0.0010519867402015123,0.0010519867402015123,0.0
6768,0.0010519867504597809,0.0010519867504597809,0.0
6769,0.0010519867635865269,0.0010519867635865269,0.0
6770,0.0010519867435243662,0.0010519867435243662,0.0
6771,0.0010519867381094006,0.0010519867381094006,0.0
6772,0.0010519867688646605,0.0010519867688646605,0.0
6773,0.0010519867499041737,0.0010519867499041737,0.0
6774,0.0010519867720835993,0.0010519867720835993,0.0
6775,0.0010519867402161499,0.0010519867402161499,0.0
6776,0.001051986757008161,0.001051986757008161,0.0
6777,0.001051986758981253,0.001051986758981253,0.0
6778,0.0010519867409101043,0.0010519867409101043,0.0
6779,0.00105198674474703,0.00105198674474703,0.0
6780,0.0010519867592817067,0.0010519867592817067,0.0
6781,0.0010519867397367248,0.0010519867397367248,0.0
6782,0.001051986742879507,0.001051986742879507,0.0
6783,0.0010519867332350024,0.0010519867332350024,0.0
6784,0.0010519867561176103,0.0010519867561176103,0.0
6785,0.0010519867487253282,0.0010519867487253282,0.0
6786,0.0010519867410265795,0.0010519867410265795,0.0
6787,0.0010519867432732307,0.0010519867432732307,0.0
6788,0.001051986752436092,0.001051986752436092,0.0
6789,0.0010519867356710948,0.0010519867356710948,0.0
6790,0.0010519867381827335,0.0010519867381827335,0.0
6791,0.0010519867453471967,0.0010519867453471967,0.0
6792,0.00105198673136566,0.00105198673136566,0.0
6793,0.0010519867525495875,0.0010519867525495875,0.0
6794,0.0010519867587500393,0.0010519867587500393,0.0
6795,0.0010519867330225433,0.0010519867330225433,0.0
6796,0.001051986735825757,0.001051986735825757,0.0
6797,0.0010519867412970272,0.0010519867412970272,0.0
6798,0.0010519867468078144,0.0010519867468078144,0.0
6799,0.0010519867327995623,0.0010519867327995623,0.0
6800,0.0010519867489063592,0.0010519867489063592,0.0
6801,0.0010519867323416927,0.0010519867323416927,0.0
6802,0.0010519867299359162,0.0010519867299359162,0.0
6803,0.0010519867479050868,0.0010519867479050868,0.0
6804,0.0010519867495272486,0.0010519867495272486,0.0
6805,0.0010519867312207723,0.0010519867312207723,0.0
6806,0.0010519867371649545,0.0010519867371649545,0.0
6807,0.0010519867403578494,0.0010519867403578494,0.0
6808,0.001051986746893797,0.001051986746893797,0.0
6809,0.0010519867305142216,0.0010519867305142216,0.0
6810,0.0010519867437532191,0.0010519867437532191,0.0
6811,0.0010519867307678483,0.0010519867307678483,0.0
6812,0.0010519867262112467,0.0010519867262112467,0.0
6813,0.0010519867373428881,0.0010519867373428881,0.0
6814,0.0010519867396670806,0.0010519867396670806,0.0
6815,0.001051986730726911,0.001051986730726911,0.0
6816,0.0010519867290782264,0.0010519867290782264,0.0
6817,0.0010519867271358045,0.0010519867271358045,0.0
6818,0.0010519867320897928,0.0010519867320897928,0.0
6819,0.001051986737634335,0.001051986737634335,0.0
6820,0.0010519867410797082,0.0010519867410797082,0.0
6821,0.001051986727793839,0.001051986727793839,0.0
6822,0.0010519867376190424,0.0010519867376190424,0.0
6823,0.0010519867279993509,0.0010519867279993509,0.0
6824,0.0010519867401453024,0.0010519867401453024,0.0
6825,0.0010519867275418319,0.0010519867275418319,0.0
6826,0.0010519867373094479,0.0010519867373094479,0.0
6827,0.0010519867273815879,0.0010519867273815879,0.0
6828,0.0010519867190959351,0.0010519867190959351,0.0
6829,0.0010519867199054625,0.0010519867199054625,0.0
6830,0.001051986738014845,0.001051986738014845,0.0
6831,0.0010519867256895909,0.0010519867256895909,0.0
6832,0.0010519867237186794,0.0010519867237186794,0.0
6833,0.001051986722817414,0.001051986722817414,0.0
6834,0.0010519867224436001,0.0010519867224436001,0.0
6835,0.001051986735397466,0.001051986735397466,0.0
6836,0.0010519867244765365,0.0010519867244765365,0.0
6837,0.0010519867386037916,0.0010519867386037916,0.0
6838,0.0010519867238951216,0.0010519867238951216,0.0
6839,0.0010519867227511176,0.0010519867227511176,0.0
6840,0.0010519867216102563,0.0010519867216102563,0.0
6841,0.0010519867242380129,0.0010519867242380129,0.0
6842,0.0010519867171533209,0.0010519867171533209,0.0
6843,0.0010519867192944215,0.0010519867192944215,0.0
6844,0.0010519867247350597,0.0010519867247350597,0.0
6845,0.0010519867349422605,0.0010519867349422605,0.0
6846,0.0010519867218340424,0.0010519867218340424,0.0
6847,0.0010519867171761663,0.0010519867171761663,0.0
6848,0.0010519867162324028,0.0010519867162324028,0.0
6849,0.0010519867181593657,0.0010519867181593657,0.0
6850,0.0010519867184081936,0.0010519867184081936,0.0
6851,0.0010519867162008998,0.0010519867162008998,0.0
6852,0.0010519867208957586,0.0010519867208957586,0.0
6853,0.0010519867220524352,0.0010519867220524352,0.0
6854,0.0010519867171022875,0.0010519867171022875,0.0
6855,0.001051986711851023,0.001051986711851023,0.0
6856,0.0010519867103096524,0.0010519867103096524,0.0
6857,0.0010519867224628742,0.0010519867224628742,0.0
6858,0.0010519867115277538,0.0010519867115277538,0.0
6859,0.0010519867204081992,0.0010519867204081992,0.0
6860,0.0010519867121845546,0.0010519867121845546,0.0
6861,0.0010519867141271981,0.0010519867141271981,0.0
6862,0.0010519867092828347,0.0010519867092828347,0.0
6863,0.0010519867093395844,0.0010519867093395844,0.0
6864,0.0010519867126802804,0.0010519867126802804,0.0
6865,0.0010519867151237519,0.0010519867151237519,0.0
6866,0.0010519867073007752,0.0010519867073007752,0.0
6867,0.0010519867080488,0.0010519867080488,0.0
6868,0.001051986716531249,0.001051986716531249,0.0
6869,0.001051986708256529,0.001051986708256529,0.0
6870,0.0010519867078507925,0.0010519867078507925,0.0
6871,0.0010519867129819577,0.0010519867129819577,0.0
6872,0.0010519867058438443,0.0010519867058438443,0.0
6873,0.0010519867089493979,0.0010519867089493979,0.0
6874,0.001051986705461171,0.001051986705461171,0.0
6875,0.0010519867091979792,0.0010519867091979792,0.0
6876,0.001051986704566923,0.001051986704566923,0.0
6877,0.0010519867072487665,0.0010519867072487665,0.0
6878,0.001051986701282947,0.001051986701282947,0.0
6879,0.0010519866996502574,0.0010519866996502574,0.0
6880,0.0010519867046346126,0.0010519867046346126,0.0
6881,0.0010519867097824394,0.0010519867097824394,0.0
6882,0.0010519866997767701,0.0010519866997767701,0.0
6883,0.0010519866973961757,0.0010519866973961757,0.0
6884,0.0010519866966060003,0.0010519866966060003,0.0
6885,0.0010519867011404898,0.0010519867011404898,0.0
6886,0.001051986698284228,0.001051986698284228,0.0
6887,0.0010519867050947272,0.0010519867050947272,0.0
6888,0.0010519867025410982,0.0010519867025410982,0.0
6889,0.0010519866965625604,0.0010519866965625604,0.0
6890,0.0010519867017666005,0.0010519867017666005,0.0
6891,0.0010519866924297205,0.0010519866924297205,0.0
6892,0.0010519866914638523,0.0010519866914638523,0.0
6893,0.0010519866921031823,0.0010519866921031823,0.0
6894,0.001051986697400833,0.001051986697400833,0.0
6895,0.0010519866890217283,0.0010519866890217283,0.0
6896,0.0010519866884041956,0.0010519866884041956,0.0
6897,0.001051986693182534,0.001051986693182534,0.0
6898,0.0010519866876720514,0.0010519866876720514,0.0
6899,0.0010519866899532408,0.0010519866899532408,0.0
6900,0.001051986682750356,0.001051986682750356,0.0
6901,0.0010519866781945643,0.0010519866781945643,0.0
6902,0.0010519866888747307,0.0010519866888747307,0.0
6903,0.0010519866822730354,0.0010519866822730354,0.0
6904,0.0010519866858918687,0.0010519866858918687,0.0
6905,0.0010519866812779696,0.0010519866812779696,0.0
6906,0.0010519866734521508,0.0010519866734521508,0.0
6907,0.001051986666882309,0.001051986666882309,0.0
6908,0.001051986673049033,0.001051986673049033,0.0
6909,0.0010519866758415906,0.0010519866758415906,0.0
6910,0.0010519866804143889,0.0010519866804143889,0.0
6911,0.0010519866675151243,0.0010519866675151243,0.0
6912,0.0010519866727793422,0.0010519866727793422,0.0
6913,0.0010519866776779903,0.0010519866776779903,0.0
6914,0.0010519866724864326,0.0010519866724864326,0.0
6915,0.0010519866630563466,0.0010519866630563466,0.0
6916,0.001051986662964992,0.001051986662964992,0.0
6917,0.0010519866571957446,0.0010519866571957446,0.0
6918,0.0010519866499585989,0.0010519866499585989,0.0
6919,0.0010519866737925907,0.0010519866737925907,0.0
6920,0.0010519866715076236,0.0010519866715076236,0.0
6921,0.0010519866562389618,0.0010519866562389618,0.0
6922,0.0010519866484554688,0.0010519866484554688,0.0
6923,0.0010519866388498493,0.0010519866388498493,0.0
6924,0.001051986650324709,0.001051986650324709,0.0
6925,0.0010519866484269256,0.0010519866484269256,0.0
6926,0.0010519866486839024,0.0010519866486839024,0.0
6927,0.0010519866450673146,0.0010519866450673146,0.0
6928,0.0010519866413776337,0.0010519866413776337,0.0
6929,0.0010519866448177493,0.0010519866448177493,0.0
6930,0.0010519866399281758,0.0010519866399281758,0.0
6931,0.0010519866332577728,0.0010519866332577728,0.0
6932,0.0010519866305702392,0.0010519866305702392,0.0
6933,0.0010519866332213718,0.0010519866332213718,0.0
6934,0.0010519866351469918,0.0010519866351469918,0.0
6935,0.0010519866140737562,0.0010519866140737562,0.0
6936,0.0010519865935055387,0.0010519865935055387,0.0
6937,0.001051986627753994,0.001051986627753994,0.0
6938,0.001051986615148261,0.001051986615148261,0.0
6939,0.001051986621819731,0.001051986621819731,0.0
6940,0.0010519866187216132,0.0010519866187216132,0.0
6941,0.0010519866012068321,0.0010519866012068321,0.0
6942,0.0010519865954287987,0.0010519865954287987,0.0
6943,0.001051986598688705,0.001051986598688705,0.0
6944,0.0010519866110793123,0.0010519866110793123,0.0
6945,0.0010519865992240313,0.0010519865992240313,0.0
6946,0.0010519865810807336,0.0010519865810807336,0.0
6947,0.001051986556956447,0.001051986556956447,0.0
6948,0.001051986574865554,0.001051986574865554,0.0
6949,0.0010519865869300067,0.0010519865869300067,0.0
6950,0.0010519865740858058,0.0010519865740858058,0.0
6951,0.001051986568783648,0.001051986568783648,0.0
6952,0.0010519866003140413,0.0010519866003140413,0.0
6953,0.001051986559348938,0.001051986559348938,0.0
6954,0.001051986573082441,0.001051986573082441,0.0
6955,0.0010519865615902,0.0010519865615902,0.0
6956,0.0010519865454601464,0.0010519865454601464,0.0
6957,0.001051986527054622,0.001051986527054622,0.0
6958,0.0010519865390661333,0.0010519865390661333,0.0
6959,0.0010519865452255917,0.0010519865452255917,0.0
6960,0.0010519865394817392,0.0010519865394817392,0.0
6961,0.0010519865354913973,0.0010519865354913973,0.0
6962,0.001051986538521186,0.001051986538521186,0.0
6963,0.0010519865573985967,0.0010519865573985967,0.0
6964,0.001051986512179203,0.001051986512179203,0.0
6965,0.001051986483533948,0.001051986483533948,0.0
6966,0.0010519864966231454,0.0010519864966231454,0.0
6967,0.0010519864952311863,0.0010519864952311863,0.0
6968,0.0010519864877760953,0.0010519864877760953,0.0
6969,0.001051986498675563,0.001051986498675563,0.0
6970,0.0010519864770550484,0.0010519864770550484,0.0
6971,0.001051986437684982,0.001051986437684982,0.0
6972,0.0010519864712745044,0.0010519864712745044,0.0
6973,0.0010519864851546304,0.0010519864851546304,0.0
6974,0.001051986457964685,0.001051986457964685,0.0
6975,0.0010519864571421264,0.0010519864571421264,0.0
6976,0.0010519864491227815,0.0010519864491227815,0.0
6977,0.0010519864634256273,0.0010519864634256273,0.0
6978,0.0010519864358469015,0.0010519864358469015,0.0
6979,0.001051986417393764,0.001051986417393764,0.0
6980,0.0010519864230731444,0.0010519864230731444,0.0
6981,0.0010519864263572574,0.0010519864263572574,0.0
6982,0.0010519864009331948,0.0010519864009331948,0.0
6983,0.0010519863616717073,0.0010519863616717073,0.0
6984,0.0010519863885818514,0.0010519863885818514,0.0
6985,0.0010519863743353641,0.0010519863743353641,0.0
6986,0.001051986381819306,0.001051986381819306,0.0
6987,0.001051986374002752,0.001051986374002752,0.0
6988,0.0010519863486299244,0.0010519863486299244,0.0
6989,0.001051986287257247,0.001051986287257247,0.0
6990,0.0010519863387986141,0.0010519863387986141,0.0
6991,0.0010519863468285897,0.0010519863468285897,0.0
6992,0.0010519863490918192,0.0010519863490918192,0.0
6993,0.0010519863324679744,0.0010519863324679744,0.0
6994,0.0010519863023976327,0.0010519863023976327,0.0
6995,0.001051986305660835,0.001051986305660835,0.0
6996,0.0010519862864786,0.0010519862864786,0.0
6997,0.0010519862426886795,0.0010519862426886795,0.0
6998,0.001051986266709825,0.001051986266709825,0.0
6999,0.0010519862287721466,0.0010519862287721466,0.0
7000,0.0010519861350098971,0.0010519861350098971,0.0
7001,0.001051986222100354,0.001051986222100354,0.0
7002,0.0010519862216285913,0.0010519862216285913,0.0
7003,0.0010519862101302285,0.0010519862101302285,0.0
7004,0.0010519862282822984,0.0010519862282822984,0.0
7005,0.0010519862031783001,0.0010519862031783001,0.0
7006,0.001051986250206167,0.001051986250206167,0.0
7007,0.0010519861990105437,0.0010519861990105437,0.0
7008,0.0010519861710564446,0.0010519861710564446,0.0
7009,0.001051986146317721,0.001051986146317721,0.0
7010,0.0010519861318656098,0.0010519861318656098,0.0
7011,0.0010519860699791858,0.0010519860699791858,0.0
7012,0.001051986096532049,0.001051986096532049,0.0
7013,0.001051986098211442,0.001051986098211442,0.0
7014,0.0010519860663144196,0.0010519860663144196,0.0
7015,0.0010519859889097038,0.0010519859889097038,0.0
7016,0.001051986085397265,0.001051986085397265,0.0
7017,0.0010519860285578065,0.0010519860285578065,0.0
7018,0.0010519860291004547,0.0010519860291004547,0.0
7019,0.0010519860052020265,0.0010519860052020265,0.0
7020,0.0010519860124769403,0.0010519860124769403,0.0
7021,0.0010519860029028188,0.0010519860029028188,0.0
7022,0.0010519860788915504,0.0010519860788915504,0.0
7023,0.0010519859662315846,0.0010519859662315846,0.0
7024,0.0010519858987455837,0.0010519858987455837,0.0
7025,0.001051985931844728,0.001051985931844728,0.0
7026,0.0010519859056234706,0.0010519859056234706,0.0
7027,0.001051985885722527,0.001051985885722527,0.0
7028,0.0010519857973813422,0.0010519857973813422,0.0
7029,0.001051985828066257,0.001051985828066257,0.0
7030,0.0010519858091059433,0.0010519858091059433,0.0
7031,0.0010519858586677112,0.0010519858586677112,0.0
7032,0.0010519858473621569,0.0010519858473621569,0.0
7033,0.0010519857686271466,0.0010519857686271466,0.0
7034,0.0010519856231245074,0.0010519856231245074,0.0
7035,0.00105198577399571,0.00105198577399571,0.0
7036,0.0010519857359338439,0.0010519857359338439,0.0
7037,0.0010519857636998224,0.0010519857636998224,0.0
7038,0.0010519857779065873,0.0010519857779065873,0.0
7039,0.0010519856762904929,0.0010519856762904929,0.0
7040,0.0010519856288168305,0.0010519856288168305,0.0
7041,0.0010519857185049412,0.0010519857185049412,0.0
7042,0.001051985630751567,0.001051985630751567,0.0
7043,0.0010519856445362651,0.0010519856445362651,0.0
7044,0.0010519856011394102,0.0010519856011394102,0.0
7045,0.0010519855746944557,0.0010519855746944557,0.0
7046,0.0010519855273384525,0.0010519855273384525,0.0
7047,0.0010519853892678077,0.0010519853892678077,0.0
7048,0.001051985568308387,0.001051985568308387,0.0
7049,0.0010519855123774183,0.0010519855123774183,0.0
7050,0.0010519854711121004,0.0010519854711121004,0.0
7051,0.0010519854093847987,0.0010519854093847987,0.0
7052,0.0010519854508567387,0.0010519854508567387,0.0
7053,0.0010519854967586224,0.0010519854967586224,0.0
7054,0.0010519853858622903,0.0010519853858622903,0.0
7055,0.001051985279810798,0.001051985279810798,0.0
7056,0.0010519854431249656,0.0010519854431249656,0.0
7057,0.0010519852926867326,0.0010519852926867326,0.0
7058,0.0010519853942896988,0.0010519853942896988,0.0
7059,0.0010519853246789522,0.0010519853246789522,0.0
7060,0.0010519852065223674,0.0010519852065223674,0.0
7061,0.001051985019390727,0.001051985019390727,0.0
7062,0.0010519852286557524,0.0010519852286557524,0.0
7063,0.0010519851747022456,0.0010519851747022456,0.0
7064,0.0010519851148513505,0.0010519851148513505,0.0
7065,0.0010519851459031768,0.0010519851459031768,0.0
7066,0.0010519851700020563,0.0010519851700020563,0.0
7067,0.0010519853395600538,0.0010519853395600538,0.0
7068,0.0010519849866228593,0.0010519849866228593,0.0
7069,0.0010519847464108265,0.0010519847464108265,0.0
7070,0.001051985056425131,0.001051985056425131,0.0
7071,0.0010519849261426764,0.0010519849261426764,0.0
7072,0.0010519850113909063,0.0010519850113909063,0.0
7073,0.0010519848771043923,0.0010519848771043923,0.0
7074,0.0010519849596961927,0.0010519849596961927,0.0
7075,0.0010519849537832585,0.0010519849537832585,0.0
7076,0.0010519848708179795,0.0010519848708179795,0.0
7077,0.0010519847750693186,0.0010519847750693186,0.0
7078,0.0010519850478980398,0.0010519850478980398,0.0
7079,0.0010519846878375599,0.0010519846878375599,0.0
7080,0.0010519844436187177,0.0010519844436187177,0.0
7081,0.0010519846975438941,0.0010519846975438941,0.0
7082,0.0010519847425691942,0.0010519847425691942,0.0
7083,0.0010519845896189125,0.0010519845896189125,0.0
7084,0.0010519846721498386,0.0010519846721498386,0.0
7085,0.0010519844954274874,0.0010519844954274874,0.0
7086,0.0010519844939511217,0.0010519844939511217,0.0
7087,0.0010519845363433258,0.0010519845363433258,0.0
7088,0.0010519844188319628,0.0010519844188319628,0.0
7089,0.0010519841813916612,0.0010519841813916612,0.0
7090,0.0010519846558906375,0.0010519846558906375,0.0
7091,0.0010519844797906176,0.0010519844797906176,0.0
7092,0.0010519842263566968,0.0010519842263566968,0.0
7093,0.001051984353964856,0.001051984353964856,0.0
7094,0.001051984226745529,0.001051984226745529,0.0
7095,0.001051984277035965,0.001051984277035965,0.0
7096,0.0010519841305421229,0.0010519841305421229,0.0
7097,0.00105198387808237,0.00105198387808237,0.0
7098,0.0010519840869546494,0.0010519840869546494,0.0
7099,0.0010519840559842044,0.0010519840559842044,0.0
7100,0.001051984148501677,0.001051984148501677,0.0
7101,0.0010519841726802923,0.0010519841726802923,0.0
7102,0.0010519838817980242,0.0010519838817980242,0.0
7103,0.001051983933315987,0.001051983933315987,0.0
7104,0.001051984087679231,0.001051984087679231,0.0
7105,0.0010519837768787723,0.0010519837768787723,0.0
7106,0.0010519834652711712,0.0010519834652711712,0.0
7107,0.0010519836829291668,0.0010519836829291668,0.0
7108,0.0010519838037952032,0.0010519838037952032,0.0
7109,0.0010519836546571263,0.0010519836546571263,0.0
7110,0.0010519837008047467,0.0010519837008047467,0.0
7111,0.001051983580822574,0.001051983580822574,0.0
7112,0.0010519835820158086,0.0010519835820158086,0.0
7113,0.001051983504659588,0.001051983504659588,0.0
7114,0.0010519835678963656,0.0010519835678963656,0.0
7115,0.0010519835641565989,0.0010519835641565989,0.0
7116,0.0010519834057156733,0.0010519834057156733,0.0
7117,0.0010519832107168535,0.0010519832107168535,0.0
7118,0.0010519833868407936,0.0010519833868407936,0.0
7119,0.0010519832351038563,0.0010519832351038563,0.0
7120,0.0010519834275229318,0.0010519834275229318,0.0
7121,0.0010519832418083887,0.0010519832418083887,0.0
7122,0.0010519831071297925,0.0010519831071297925,0.0
7123,0.0010519829058238427,0.0010519829058238427,0.0
7124,0.0010519831363638846,0.0010519831363638846,0.0
7125,0.0010519831115177653,0.0010519831115177653,0.0
7126,0.0010519829616618033,0.0010519829616618033,0.0
7127,0.0010519828195211353,0.0010519828195211353,0.0
7128,0.0010519824006654335,0.0010519824006654335,0.0
7129,0.0010519830289588256,0.0010519830289588256,0.0
7130,0.001051983061128445,0.001051983061128445,0.0
7131,0.0010519827889291626,0.0010519827889291626,0.0
7132,0.0010519828286173984,0.0010519828286173984,0.0
7133,0.001051982648698151,0.001051982648698151,0.0
7134,0.001051982572569393,0.001051982572569393,0.0
7135,0.0010519823799103414,0.0010519823799103414,0.0
7136,0.001051981854299231,0.001051981854299231,0.0
7137,0.0010519827336506586,0.0010519827336506586,0.0
7138,0.0010519824840416526,0.0010519824840416526,0.0
7139,0.0010519825579808305,0.0010519825579808305,0.0
7140,0.0010519825968582721,0.0010519825968582721,0.0
7141,0.001051982343244759,0.001051982343244759,0.0
7142,0.00105198260055259,0.00105198260055259,0.0
7143,0.0010519823251571648,0.0010519823251571648,0.0
7144,0.0010519821919238361,0.0010519821919238361,0.0
7145,0.0010519820008423903,0.0010519820008423903,0.0
7146,0.0010519818562219451,0.0010519818562219451,0.0
7147,0.0010519821078097573,0.0010519821078097573,0.0
7148,0.0010519820958626205,0.0010519820958626205,0.0
7149,0.001051981801566875,0.001051981801566875,0.0
7150,0.0010519814450875196,0.0010519814450875196,0.0
7151,0.0010519817865976078,0.0010519817865976078,0.0
7152,0.001051981729544775,0.001051981729544775,0.0
7153,0.0010519816028867468,0.0010519816028867468,0.0
7154,0.0010519816735009941,0.0010519816735009941,0.0
7155,0.0010519816588104931,0.0010519816588104931,0.0
7156,0.001051981515308896,0.001051981515308896,0.0
7157,0.0010519813369627739,0.0010519813369627739,0.0
7158,0.0010519809644671974,0.0010519809644671974,0.0
7159,0.0010519812906423776,0.0010519812906423776,0.0
7160,0.0010519810346160219,0.0010519810346160219,0.0
7161,0.001051981368769686,0.001051981368769686,0.0
7162,0.00105198106530328,0.00105198106530328,0.0
7163,0.001051980901544146,0.001051980901544146,0.0
7164,0.001051980506057612,0.001051980506057612,0.0
7165,0.0010519807267425389,0.0010519807267425389,0.0
7166,0.0010519807745075506,0.0010519807745075506,0.0
7167,0.0010519805636927653,0.0010519805636927653,0.0
7168,0.0010519803970021327,0.0010519803970021327,0.0
7169,0.0010519797096386883,0.0010519797096386883,0.0
7170,0.0010519804836804322,0.0010519804836804322,0.0
7171,0.001051980648718027,0.001051980648718027,0.0
7172,0.0010519801085459347,0.0010519801085459347,0.0
7173,0.001051980011960439,0.001051980011960439,0.0
7174,0.0010519798845200305,0.0010519798845200305,0.0
7175,0.0010519801097722424,0.0010519801097722424,0.0
7176,0.0010519798369371441,0.0010519798369371441,0.0
7177,0.001051980034052383,0.001051980034052383,0.0
7178,0.0010519797204977574,0.0010519797204977574,0.0
7179,0.0010519795306921978,0.0010519795306921978,0.0
7180,0.0010519791010166564,0.0010519791010166564,0.0
7181,0.0010519794473856864,0.0010519794473856864,0.0
7182,0.0010519793844460854,0.0010519793844460854,0.0
7183,0.0010519790933947496,0.0010519790933947496,0.0
7184,0.001051978417740264,0.001051978417740264,0.0
7185,0.0010519789639604166,0.0010519789639604166,0.0
7186,0.0010519789539644726,0.0010519789539644726,0.0
7187,0.0010519786482762303,0.0010519786482762303,0.0
7188,0.0010519786984001538,0.0010519786984001538,0.0
7189,0.001051978757706049,0.001051978757706049,0.0
7190,0.001051978524764053,0.001051978524764053,0.0
7191,0.0010519779355174076,0.0010519779355174076,0.0
7192,0.0010519767624843543,0.0010519767624843543,0.0
7193,0.0010519782094740712,0.0010519782094740712,0.0
7194,0.0010519781651382497,0.0010519781651382497,0.0
7195,0.0010519780683084185,0.0010519780683084185,0.0
7196,0.00105197760896437,0.00105197760896437,0.0
7197,0.001051977716777065,0.001051977716777065,0.0
7198,0.0010519774578406527,0.0010519774578406527,0.0
7199,0.0010519778192058806,0.0010519778192058806,0.0
7200,0.0010519772689910499,0.0010519772689910499,0.0
7201,0.0010519770004108091,0.0010519770004108091,0.0
7202,0.001051976915174444,0.001051976915174444,0.0
7203,0.001051977156038053,0.001051977156038053,0.0
7204,0.0010519767705090377,0.0010519767705090377,0.0
7205,0.0010519766502090678,0.0010519766502090678,0.0
7206,0.001051976080392915,0.001051976080392915,0.0
7207,0.0010519764415540952,0.0010519764415540952,0.0
7208,0.0010519765282157635,0.0010519765282157635,0.0
7209,0.0010519761593374714,0.0010519761593374714,0.0
7210,0.0010519765136162125,0.0010519765136162125,0.0
7211,0.0010519759351759691,0.0010519759351759691,0.0
7212,0.001051975342565766,0.001051975342565766,0.0
7213,0.0010519758159164437,0.0010519758159164437,0.0
7214,0.001051975372648561,0.001051975372648561,0.0
7215,0.001051975736728705,0.001051975736728705,0.0
7216,0.00105197530405631,0.00105197530405631,0.0
7217,0.0010519746495026205,0.0010519746495026205,0.0
7218,0.0010519749064560675,0.0010519749064560675,0.0
7219,0.0010519748049863827,0.0010519748049863827,0.0
7220,0.0010519746386959243,0.0010519746386959243,0.0
7221,0.001051973779951632,0.001051973779951632,0.0
7222,0.0010519742336718208,0.0010519742336718208,0.0
7223,0.0010519747793361024,0.0010519747793361024,0.0
7224,0.0010519742033337609,0.0010519742033337609,0.0
7225,0.0010519740483097438,0.0010519740483097438,0.0
7226,0.0010519739189622304,0.0010519739189622304,0.0
7227,0.0010519742643791286,0.0010519742643791286,0.0
7228,0.0010519736840016378,0.0010519736840016378,0.0
7229,0.0010519731617177695,0.0010519731617177695,0.0
7230,0.001051973059473198,0.001051973059473198,0.0
7231,0.0010519720662980569,0.0010519720662980569,0.0
7232,0.0010519731194204174,0.0010519731194204174,0.0
7233,0.001051972380880483,0.001051972380880483,0.0
7234,0.001051972727805625,0.001051972727805625,0.0
7235,0.0010519720875386911,0.0010519720875386911,0.0
7236,0.0010519720688974218,0.0010519720688974218,0.0
7237,0.0010519720710464005,0.0010519720710464005,0.0
7238,0.0010519718113245812,0.0010519718113245812,0.0
7239,0.0010519711315724726,0.0010519711315724726,0.0
7240,0.0010519717802448083,0.0010519717802448083,0.0
7241,0.001051971335333117,0.001051971335333117,0.0
7242,0.0010519710205571951,0.0010519710205571951,0.0
7243,0.0010519701478104515,0.0010519701478104515,0.0
7244,0.0010519726030629964,0.0010519726030629964,0.0
7245,0.0010519702885181995,0.0010519702885181995,0.0
7246,0.001051970893061774,0.001051970893061774,0.0
7247,0.0010519701949730394,0.0010519701949730394,0.0
7248,0.001051970001389226,0.001051970001389226,0.0
7249,0.0010519694208068007,0.0010519694208068007,0.0
7250,0.001051969611172969,0.001051969611172969,0.0
7251,0.001051969409415685,0.001051969409415685,0.0
7252,0.0010519689764602051,0.0010519689764602051,0.0
7253,0.001051969935041267,0.001051969935041267,0.0
7254,0.0010519683490157485,0.0010519683490157485,0.0
7255,0.0010519667327791775,0.0010519667327791775,0.0
7256,0.001051969210523691,0.001051969210523691,0.0
7257,0.001051969501697998,0.001051969501697998,0.0
7258,0.001051968538964257,0.001051968538964257,0.0
7259,0.001051968618021755,0.001051968618021755,0.0
7260,0.0010519678973924926,0.0010519678973924926,0.0
7261,0.0010519686089157233,0.0010519686089157233,0.0
7262,0.0010519687279590111,0.0010519687279590111,0.0
7263,0.0010519667547515747,0.0010519667547515747,0.0
7264,0.0010519667528404518,0.0010519667528404518,0.0
7265,0.0010519682572759552,0.0010519682572759552,0.0
7266,0.0010519669202991115,0.0010519669202991115,0.0
7267,0.0010519690976636784,0.0010519690976636784,0.0
7268,0.0010519671832825356,0.0010519671832825356,0.0
7269,0.0010519678557124686,0.0010519678557124686,0.0
7270,0.0010519675395808748,0.0010519675395808748,0.0
7271,0.0010519669159377747,0.0010519669159377747,0.0
7272,0.0010519689364895096,0.0010519689364895096,0.0
7273,0.0010519668993863413,0.0010519668993863413,0.0
7274,0.001051967706598809,0.001051967706598809,0.0
7275,0.0010519663003039509,0.0010519663003039509,0.0
7276,0.001051966614321264,0.001051966614321264,0.0
7277,0.0010519680451003155,0.0010519680451003155,0.0
7278,0.001051968636136978,0.001051968636136978,0.0
7279,0.001051967079201781,0.001051967079201781,0.0
7280,0.0010519686369723975,0.0010519686369723975,0.0
7281,0.0010519673378824874,0.0010519673378824874,0.0
7282,0.001051965917054903,0.001051965917054903,0.0
7283,0.0010519658525613997,0.0010519658525613997,0.0
7284,0.0010519662099300732,0.0010519662099300732,0.0
7285,0.001051965461332661,0.001051965461332661,0.0
7286,0.0010519654377310443,0.0010519654377310443,0.0
7287,0.0010519655760071421,0.0010519655760071421,0.0
7288,0.001051967147633124,0.001051967147633124,0.0
7289,0.00105196588189987,0.00105196588189987,0.0
7290,0.001051965291706032,0.001051965291706032,0.0
7291,0.0010519658257566583,0.0010519658257566583,0.0
7292,0.0010519656007956936,0.0010519656007956936,0.0
7293,0.0010519652419542617,0.0010519652419542617,0.0
7294,0.001051966198138575,0.001051966198138575,0.0
7295,0.001051965042483715,0.001051965042483715,0.0
7296,0.0010519655837402323,0.0010519655837402323,0.0
7297,0.001051964734939166,0.001051964734939166,0.0
7298,0.0010519649342221407,0.0010519649342221407,0.0
7299,0.0010519661960558414,0.0010519661960558414,0.0
7300,0.001051964741116761,0.001051964741116761,0.0
7301,0.0010519638464070698,0.0010519638464070698,0.0
7302,0.0010519629117331536,0.0010519629117331536,0.0
7303,0.0010519633192743844,0.0010519633192743844,0.0
7304,0.0010519639468428237,0.0010519639468428237,0.0
7305,0.0010519637099857648,0.0010519637099857648,0.0
7306,0.0010519639430135546,0.0010519639430135546,0.0
7307,0.001051964641038946,0.001051964641038946,0.0
7308,0.0010519655841543247,0.0010519655841543247,0.0
7309,0.0010519627105889863,0.0010519627105889863,0.0
7310,0.0010519620251450645,0.0010519620251450645,0.0
7311,0.0010519641175504976,0.0010519641175504976,0.0
7312,0.0010519624866058622,0.0010519624866058622,0.0
7313,0.0010519620921059013,0.0010519620921059013,0.0
7314,0.001051964342735915,0.001051964342735915,0.0
7315,0.00105196392840566,0.00105196392840566,0.0
7316,0.001051962338712342,0.001051962338712342,0.0
7317,0.0010519628832375873,0.0010519628832375873,0.0
7318,0.0010519618669134008,0.0010519618669134008,0.0
7319,0.0010519621983426947,0.0010519621983426947,0.0
7320,0.001051962569737099,0.001051962569737099,0.0
7321,0.0010519607585206393,0.0010519607585206393,0.0
7322,0.0010519595854023066,0.0010519595854023066,0.0
7323,0.0010519616738752303,0.0010519616738752303,0.0
7324,0.00105196033874794,0.00105196033874794,0.0
7325,0.0010519612170584878,0.0010519612170584878,0.0
7326,0.001051962758129524,0.001051962758129524,0.0
7327,0.0010519613781345305,0.0010519613781345305,0.0
7328,0.0010519601426311127,0.0010519601426311127,0.0
7329,0.0010519596597185076,0.0010519596597185076,0.0
7330,0.0010519606242735066,0.0010519606242735066,0.0
7331,0.001051958861057626,0.001051958861057626,0.0
7332,0.001051957892728532,0.001051957892728532,0.0
7333,0.001051958424724426,0.001051958424724426,0.0
7334,0.001051958640783264,0.001051958640783264,0.0
7335,0.0010519592563494507,0.0010519592563494507,0.0
7336,0.0010519616389676435,0.0010519616389676435,0.0
7337,0.0010519589688127167,0.0010519589688127167,0.0
7338,0.0010519576178673155,0.0010519576178673155,0.0
7339,0.001051956916338311,0.001051956916338311,0.0
7340,0.0010519584165118387,0.0010519584165118387,0.0
7341,0.0010519570083420441,0.0010519570083420441,0.0
7342,0.0010519576740986188,0.0010519576740986188,0.0
7343,0.001051957253215723,0.001051957253215723,0.0
7344,0.0010519572787070761,0.0010519572787070761,0.0
7345,0.0010519587342538654,0.0010519587342538654,0.0
7346,0.001051955480614144,0.001051955480614144,0.0
7347,0.00105195447486506,0.00105195447486506,0.0
7348,0.001051956372608112,0.001051956372608112,0.0
7349,0.0010519554497770457,0.0010519554497770457,0.0
7350,0.001051955367798821,0.001051955367798821,0.0
7351,0.0010519549835834217,0.0010519549835834217,0.0
7352,0.001051955216667499,0.001051955216667499,0.0
7353,0.0010519544224813692,0.0010519544224813692,0.0
7354,0.0010519551063838492,0.0010519551063838492,0.0
7355,0.0010519545801853695,0.0010519545801853695,0.0
7356,0.00105195502273893,0.00105195502273893,0.0
7357,0.0010519576534991778,0.0010519576534991778,0.0
7358,0.0010519548333729825,0.0010519548333729825,0.0
7359,0.0010519539967630469,0.0010519539967630469,0.0
7360,0.0010519552850143154,0.0010519552850143154,0.0
7361,0.0010519529458484214,0.0010519529458484214,0.0
7362,0.0010519527798974937,0.0010519527798974937,0.0
7363,0.0010519540524133299,0.0010519540524133299,0.0
7364,0.0010519550317416367,0.0010519550317416367,0.0
7365,0.0010519540873809286,0.0010519540873809286,0.0
7366,0.0010519528570786174,0.0010519528570786174,0.0
7367,0.0010519518569655484,0.0010519518569655484,0.0
7368,0.0010519519425559755,0.0010519519425559755,0.0
7369,0.0010519516808221536,0.0010519516808221536,0.0
7370,0.0010519522232119319,0.0010519522232119319,0.0
7371,0.0010519519236212491,0.0010519519236212491,0.0
7372,0.0010519532206447997,0.0010519532206447997,0.0
7373,0.0010519531783557824,0.0010519531783557824,0.0
7374,0.0010519525411456958,0.0010519525411456958,0.0
7375,0.001051951194850517,0.001051951194850517,0.0
7376,0.0010519518696717692,0.0010519518696717692,0.0
7377,0.0010519541760390836,0.0010519541760390836,0.0
7378,0.0010519504254282283,0.0010519504254282283,0.0
7379,0.001051950042975838,0.001051950042975838,0.0
7380,0.00105195095320758,0.00105195095320758,0.0
7381,0.0010519512012805645,0.0010519512012805645,0.0
7382,0.001051951550916331,0.001051951550916331,0.0
7383,0.0010519524574187761,0.0010519524574187761,0.0
7384,0.0010519521514946594,0.0010519521514946594,0.0
7385,0.0010519528316568034,0.0010519528316568034,0.0
7386,0.0010519552155130014,0.0010519552155130014,0.0
7387,0.0010519517287126505,0.0010519517287126505,0.0
7388,0.0010519514819553964,0.0010519514819553964,0.0
7389,0.0010519504168609957,0.0010519504168609957,0.0
7390,0.0010519501344118751,0.0010519501344118751,0.0
7391,0.0010519493480032865,0.0010519493480032865,0.0
7392,0.0010519499679787461,0.0010519499679787461,0.0
7393,0.0010519500180441016,0.0010519500180441016,0.0
7394,0.0010519526118274432,0.0010519526118274432,0.0
7395,0.0010519489222839224,0.0010519489222839224,0.0
7396,0.0010519493533708505,0.0010519493533708505,0.0
7397,0.0010519525325389453,0.0010519525325389453,0.0
7398,0.0010519499249525505,0.0010519499249525505,0.0
7399,0.0010519527563017308,0.0010519527563017308,0.0
7400,0.0010519504868588428,0.0010519504868588428,0.0
7401,0.0010519501965607111,0.0010519501965607111,0.0
7402,0.0010519508557442193,0.0010519508557442193,0.0
7403,0.001051950592626366,0.001051950592626366,0.0
7404,0.0010519495099627684,0.0010519495099627684,0.0
7405,0.001051949320275379,0.001051949320275379,0.0
7406,0.0010519489500632805,0.0010519489500632805,0.0
7407,0.0010519502402359852,0.0010519502402359852,0.0
7408,0.001051948715528445,0.001051948715528445,0.0
7409,0.001051950607909896,0.001051950607909896,0.0
7410,0.0010519493242758466,0.0010519493242758466,0.0
7411,0.0010519484566273508,0.0010519484566273508,0.0
7412,0.0010519502965319317,0.0010519502965319317,0.0
7413,0.001051947538887274,0.001051947538887274,0.0
7414,0.0010519479713283948,0.0010519479713283948,0.0
7415,0.0010519507691755508,0.0010519507691755508,0.0
7416,0.0010519490518131887,0.0010519490518131887,0.0
7417,0.001051948722195487,0.001051948722195487,0.0
7418,0.001051948465238011,0.001051948465238011,0.0
7419,0.0010519482793802115,0.0010519482793802115,0.0
7420,0.0010519491184077705,0.0010519491184077705,0.0
7421,0.0010519491834343512,0.0010519491834343512,0.0
7422,0.0010519501263196972,0.0010519501263196972,0.0
7423,0.0010519485637653899,0.0010519485637653899,0.0
7424,0.0010519478902358869,0.0010519478902358869,0.0
7425,0.001051947892672329,0.001051947892672329,0.0
7426,0.0010519480508131278,0.0010519480508131278,0.0
7427,0.0010519468295353094,0.0010519468295353094,0.0
7428,0.0010519470120017918,0.0010519470120017918,0.0
7429,0.001051947944439418,0.001051947944439418,0.0
7430,0.0010519488000012157,0.0010519488000012157,0.0
7431,0.0010519468140750509,0.0010519468140750509,0.0
7432,0.0010519475087671583,0.0010519475087671583,0.0
7433,0.0010519490970311055,0.0010519490970311055,0.0
7434,0.0010519488007613821,0.0010519488007613821,0.0
7435,0.0010519493188305405,0.0010519493188305405,0.0
7436,0.001051947739846294,0.001051947739846294,0.0
7437,0.0010519467151520838,0.0010519467151520838,0.0
7438,0.0010519474363574614,0.0010519474363574614,0.0
7439,0.001051946966809819,0.001051946966809819,0.0
7440,0.0010519479459443041,0.0010519479459443041,0.0
7441,0.0010519480133892615,0.0010519480133892615,0.0
7442,0.0010519475642608244,0.0010519475642608244,0.0
7443,0.0010519478008824336,0.0010519478008824336,0.0
7444,0.0010519470394665233,0.0010519470394665233,0.0
7445,0.001051946368713287,0.001051946368713287,0.0
7446,0.0010519474066889255,0.0010519474066889255,0.0
7447,0.0010519471092973695,0.0010519471092973695,0.0
7448,0.0010519454111791538,0.0010519454111791538,0.0
7449,0.0010519450490580088,0.0010519450490580088,0.0
7450,0.0010519465046697296,0.0010519465046697296,0.0
7451,0.0010519458189797435,0.0010519458189797435,0.0
7452,0.0010519465326843972,0.0010519465326843972,0.0
7453,0.0010519473280158835,0.0010519473280158835,0.0
7454,0.0010519463351987624,0.0010519463351987624,0.0
7455,0.0010519456484035818,0.0010519456484035818,0.0
7456,0.0010519475676658446,0.0010519475676658446,0.0
7457,0.001051947209054375,0.001051947209054375,0.0
7458,0.0010519453563141183,0.0010519453563141183,0.0
7459,0.001051947845465803,0.001051947845465803,0.0
7460,0.0010519461081752318,0.0010519461081752318,0.0
7461,0.00105194544164165,0.00105194544164165,0.0
7462,0.0010519445368804845,0.0010519445368804845,0.0
7463,0.001051944667194401,0.001051944667194401,0.0
7464,0.0010519459372054204,0.0010519459372054204,0.0
7465,0.0010519465620213294,0.0010519465620213294,0.0
7466,0.001051945817466922,0.001051945817466922,0.0
7467,0.001051945913644395,0.001051945913644395,0.0
7468,0.0010519448088954326,0.0010519448088954326,0.0
7469,0.00105194468363326,0.00105194468363326,0.0
7470,0.0010519439178014367,0.0010519439178014367,0.0
7471,0.0010519440337291134,0.0010519440337291134,0.0
7472,0.0010519432525616628,0.0010519432525616628,0.0
7473,0.0010519423568564543,0.0010519423568564543,0.0
7474,0.0010519454119622522,0.0010519454119622522,0.0
7475,0.0010519443316745155,0.0010519443316745155,0.0
7476,0.0010519467779123316,0.0010519467779123316,0.0
7477,0.0010519449137355453,0.0010519449137355453,0.0
7478,0.001051944501796082,0.001051944501796082,0.0
7479,0.0010519433497567137,0.0010519433497567137,0.0
7480,0.001051942568478256,0.001051942568478256,0.0
7481,0.0010519446638171262,0.0010519446638171262,0.0
7482,0.0010519440165294841,0.0010519440165294841,0.0
7483,0.0010519425943787508,0.0010519425943787508,0.0
7484,0.001051944697111524,0.001051944697111524,0.0
7485,0.0010519420048083804,0.0010519420048083804,0.0
7486,0.0010519414426682235,0.0010519414426682235,0.0
7487,0.0010519437516354774,0.0010519437516354774,0.0
7488,0.0010519435610639996,0.0010519435610639996,0.0
7489,0.0010519420468392505,0.0010519420468392505,0.0
7490,0.0010519415021888255,0.0010519415021888255,0.0
7491,0.0010519412014626977,0.0010519412014626977,0.0
7492,0.0010519407925578467,0.0010519407925578467,0.0
7493,0.0010519416548569495,0.0010519416548569495,0.0
7494,0.0010519424292115055,0.0010519424292115055,0.0
7495,0.0010519424354908497,0.0010519424354908497,0.0
7496,0.001051941453303149,0.001051941453303149,0.0
7497,0.0010519402236088245,0.0010519402236088245,0.0
7498,0.0010519401495823525,0.0010519401495823525,0.0
7499,0.0010519415813198746,0.0010519415813198746,0.0
7500,0.0010519404089003948,0.0010519404089003948,0.0
7501,0.001051940600390722,0.001051940600390722,0.0
7502,0.0010519380394134286,0.0010519380394134286,0.0
7503,0.0010519356896735708,0.0010519356896735708,0.0
7504,0.0010519392978981157,0.0010519392978981157,0.0
7505,0.001051938687997437,0.001051938687997437,0.0
7506,0.0010519371659089502,0.0010519371659089502,0.0
7507,0.0010519369752524628,0.0010519369752524628,0.0
7508,0.0010519369433545647,0.0010519369433545647,0.0
7509,0.0010519387541697853,0.0010519387541697853,0.0
7510,0.0010519380422669988,0.0010519380422669988,0.0
7511,0.0010519355121462058,0.0010519355121462058,0.0
7512,0.0010519335404849677,0.0010519335404849677,0.0
7513,0.0010519353373798673,0.0010519353373798673,0.0
7514,0.0010519364366678955,0.0010519364366678955,0.0
7515,0.0010519370404622147,0.0010519370404622147,0.0
7516,0.0010519338698876343,0.0010519338698876343,0.0
7517,0.0010519335011526232,0.0010519335011526232,0.0
7518,0.0010519321382719262,0.0010519321382719262,0.0
7519,0.0010519345751436836,0.0010519345751436836,0.0
7520,0.0010519348354760191,0.0010519348354760191,0.0
7521,0.001051933697949359,0.001051933697949359,0.0
7522,0.0010519325354315138,0.0010519325354315138,0.0
7523,0.0010519328708706978,0.0010519328708706978,0.0
7524,0.0010519303112585475,0.0010519303112585475,0.0
7525,0.0010519278835327977,0.0010519278835327977,0.0
7526,0.0010519313363217305,0.0010519313363217305,0.0
7527,0.001051929361503543,0.001051929361503543,0.0
7528,0.0010519300476138273,0.0010519300476138273,0.0
7529,0.0010519285290677004,0.0010519285290677004,0.0
7530,0.0010519294656034647,0.0010519294656034647,0.0
7531,0.0010519269642367182,0.0010519269642367182,0.0
7532,0.001051924210872175,0.001051924210872175,0.0
7533,0.0010519253232515267,0.0010519253232515267,0.0
7534,0.0010519277003186063,0.0010519277003186063,0.0
7535,0.0010519254584407298,0.0010519254584407298,0.0
7536,0.0010519238486842884,0.0010519238486842884,0.0
7537,0.0010519205158333936,0.0010519205158333936,0.0
7538,0.0010519279035299447,0.0010519279035299447,0.0
7539,0.0010519249981940052,0.0010519249981940052,0.0
7540,0.0010519210583024169,0.0010519210583024169,0.0
7541,0.0010519240642133812,0.0010519240642133812,0.0
7542,0.0010519231346890019,0.0010519231346890019,0.0
7543,0.0010519251861606245,0.0010519251861606245,0.0
7544,0.0010519215073267205,0.0010519215073267205,0.0
7545,0.0010519189838815773,0.0010519189838815773,0.0
7546,0.0010519164184345105,0.0010519164184345105,0.0
7547,0.0010519175772028193,0.0010519175772028193,0.0
7548,0.0010519208773456985,0.0010519208773456985,0.0
7549,0.001051922225155287,0.001051922225155287,0.0
7550,0.001051920162216244,0.001051920162216244,0.0
7551,0.0010519187209528523,0.0010519187209528523,0.0
7552,0.0010519160899817648,0.0010519160899817648,0.0
7553,0.0010519144215804274,0.0010519144215804274,0.0
7554,0.001051914627593877,0.001051914627593877,0.0
7555,0.0010519127858446926,0.0010519127858446926,0.0
7556,0.0010519096046130397,0.0010519096046130397,0.0
7557,0.0010519134624067629,0.0010519134624067629,0.0
7558,0.001051912769889624,0.001051912769889624,0.0
7559,0.0010519123979373015,0.0010519123979373015,0.0
7560,0.0010519143744810355,0.0010519143744810355,0.0
7561,0.0010519070273680698,0.0010519070273680698,0.0
7562,0.0010518999711470413,0.0010518999711470413,0.0
7563,0.0010519089759160128,0.0010519089759160128,0.0
7564,0.0010519070597181368,0.0010519070597181368,0.0
7565,0.0010519085466332,0.0010519085466332,0.0
7566,0.0010519085616742725,0.0010519085616742725,0.0
7567,0.0010519062844578982,0.0010519062844578982,0.0
7568,0.001051904492226421,0.001051904492226421,0.0
7569,0.0010519019755242953,0.0010519019755242953,0.0
7570,0.0010519029815303934,0.0010519029815303934,0.0
7571,0.001051904118849958,0.001051904118849958,0.0
7572,0.001051902001862678,0.001051902001862678,0.0
7573,0.0010519061835623407,0.0010519061835623407,0.0
7574,0.0010519003376456234,0.0010519003376456234,0.0
7575,0.0010519003477996597,0.0010519003477996597,0.0
7576,0.001051898103275579,0.001051898103275579,0.0
7577,0.001051897394478444,0.001051897394478444,0.0
7578,0.0010518956187279959,0.0010518956187279959,0.0
7579,0.0010518934391205606,0.0010518934391205606,0.0
7580,0.0010518945822251729,0.0010518945822251729,0.0
7581,0.001051897974914786,0.001051897974914786,0.0
7582,0.001051893215340239,0.001051893215340239,0.0
7583,0.0010518913545987242,0.0010518913545987242,0.0
7584,0.0010518952131521346,0.0010518952131521346,0.0
7585,0.0010518878426821177,0.0010518878426821177,0.0
7586,0.001051880940952648,0.001051880940952648,0.0
7587,0.00105189086806524,0.00105189086806524,0.0
7588,0.0010518897995143329,0.0010518897995143329,0.0
7589,0.001051886577791174,0.001051886577791174,0.0
7590,0.0010518897274404404,0.0010518897274404404,0.0
7591,0.0010518836029338148,0.0010518836029338148,0.0
7592,0.0010518814943538072,0.0010518814943538072,0.0
7593,0.0010518826175742427,0.0010518826175742427,0.0
7594,0.0010518803802632307,0.0010518803802632307,0.0
7595,0.0010518781928269833,0.0010518781928269833,0.0
7596,0.0010518848575731905,0.0010518848575731905,0.0
7597,0.0010518859775699495,0.0010518859775699495,0.0
7598,0.0010518769747993547,0.0010518769747993547,0.0
7599,0.0010518767755416528,0.0010518767755416528,0.0
7600,0.0010518863549107825,0.0010518863549107825,0.0
7601,0.0010518800050226943,0.0010518800050226943,0.0
7602,0.0010518746333870582,0.0010518746333870582,0.0
7603,0.0010518796421600323,0.0010518796421600323,0.0
7604,0.0010518710169757119,0.0010518710169757119,0.0
7605,0.0010518682413419678,0.0010518682413419678,0.0
7606,0.001051866894298613,0.001051866894298613,0.0
7607,0.0010518607340047293,0.0010518607340047293,0.0
7608,0.001051861971156239,0.001051861971156239,0.0
7609,0.0010518848190601631,0.0010518848190601631,0.0
7610,0.0010518628139023706,0.0010518628139023706,0.0
7611,0.00105186708383359,0.00105186708383359,0.0
7612,0.0010518685899232189,0.0010518685899232189,0.0
7613,0.001051862847592245,0.001051862847592245,0.0
7614,0.001051861903130063,0.001051861903130063,0.0
7615,0.001051860858969279,0.001051860858969279,0.0
7616,0.0010518603098992176,0.0010518603098992176,0.0
7617,0.0010518685468539034,0.0010518685468539034,0.0
7618,0.0010518729130353053,0.0010518729130353053,0.0
7619,0.0010518624121984498,0.0010518624121984498,0.0
7620,0.0010518498590690879,0.0010518498590690879,0.0
7621,0.0010518432285402447,0.0010518432285402447,0.0
7622,0.001051860412058708,0.001051860412058708,0.0
7623,0.001051870463322335,0.001051870463322335,0.0
7624,0.0010518498353942452,0.0010518498353942452,0.0
7625,0.0010518466458580423,0.0010518466458580423,0.0
7626,0.0010518470499234027,0.0010518470499234027,0.0
7627,0.001051855450213839,0.001051855450213839,0.0
7628,0.0010518726282050855,0.0010518726282050855,0.0
7629,0.001051856954488595,0.001051856954488595,0.0
7630,0.0010518633433966897,0.0010518633433966897,0.0
7631,0.001051851800743842,0.001051851800743842,0.0
7632,0.001051848492961627,0.001051848492961627,0.0
7633,0.0010518388729217323,0.0010518388729217323,0.0
7634,0.0010518329500774793,0.0010518329500774793,0.0
7635,0.0010518614939322274,0.0010518614939322274,0.0
7636,0.001051836427101128,0.001051836427101128,0.0
7637,0.001051855407459507,0.001051855407459507,0.0
7638,0.0010518362592624939,0.0010518362592624939,0.0
7639,0.0010518504335628005,0.0010518504335628005,0.0
7640,0.0010518584710701483,0.0010518584710701483,0.0
7641,0.001051851171664083,0.001051851171664083,0.0
7642,0.001051838045352975,0.001051838045352975,0.0
7643,0.0010518311761843334,0.0010518311761843334,0.0
7644,0.001051828443302862,0.001051828443302862,0.0
7645,0.0010518336730218807,0.0010518336730218807,0.0
7646,0.001051829511624738,0.001051829511624738,0.0
7647,0.0010518427224998476,0.0010518427224998476,0.0
7648,0.0010518331338227114,0.0010518331338227114,0.0
7649,0.0010518398260882808,0.0010518398260882808,0.0
7650,0.00105182847764041,0.00105182847764041,0.0
7651,0.001051829955125047,0.001051829955125047,0.0
7652,0.0010518258669356322,0.0010518258669356322,0.0
7653,0.0010518355505318364,0.0010518355505318364,0.0
7654,0.0010518276608802387,0.0010518276608802387,0.0
7655,0.0010518126410337333,0.0010518126410337333,0.0
7656,0.001051803345846519,0.001051803345846519,0.0
7657,0.0010518223489089983,0.0010518223489089983,0.0
7658,0.0010518112116995305,0.0010518112116995305,0.0
7659,0.0010518078916839605,0.0010518078916839605,0.0
7660,0.0010518223468095273,0.0010518223468095273,0.0
7661,0.0010518256811639752,0.0010518256811639752,0.0
7662,0.001051819385484864,0.001051819385484864,0.0
7663,0.0010518135233217071,0.0010518135233217071,0.0
7664,0.0010518123207135406,0.0010518123207135406,0.0
7665,0.0010518061592112628,0.0010518061592112628,0.0
7666,0.0010517977421622751,0.0010517977421622751,0.0
7667,0.0010517899840583325,0.0010517899840583325,0.0
7668,0.0010518020300884618,0.0010518020300884618,0.0
7669,0.0010517932164241842,0.0010517932164241842,0.0
7670,0.0010517983387287708,0.0010517983387287708,0.0
7671,0.0010517898897837062,0.0010517898897837062,0.0
7672,0.0010517877019974291,0.0010517877019974291,0.0
7673,0.001051802134359884,0.001051802134359884,0.0
7674,0.0010517940501800992,0.0010517940501800992,0.0
7675,0.0010518043968616234,0.0010518043968616234,0.0
7676,0.0010517987134487901,0.0010517987134487901,0.0
7677,0.0010517848051229068,0.0010517848051229068,0.0
7678,0.0010517963372393357,0.0010517963372393357,0.0
7679,0.0010517767479198226,0.0010517767479198226,0.0
7680,0.0010517747150058663,0.0010517747150058663,0.0
7681,0.0010517796767358144,0.0010517796767358144,0.0
7682,0.0010517893651919952,0.0010517893651919952,0.0
7683,0.0010517777258443515,0.0010517777258443515,0.0
7684,0.0010517720245701721,0.0010517720245701721,0.0
7685,0.0010517802960798904,0.0010517802960798904,0.0
7686,0.0010517634231581373,0.0010517634231581373,0.0
7687,0.0010517652456495706,0.0010517652456495706,0.0
7688,0.0010517619856807246,0.0010517619856807246,0.0
7689,0.001051758451097386,0.001051758451097386,0.0
7690,0.0010517573007230079,0.0010517573007230079,0.0
7691,0.001051754341462292,0.001051754341462292,0.0
7692,0.0010517677524939093,0.0010517677524939093,0.0
7693,0.0010517487621230462,0.0010517487621230462,0.0
7694,0.0010517517455160773,0.0010517517455160773,0.0
7695,0.0010517609173085174,0.0010517609173085174,0.0
7696,0.001051764999864318,0.001051764999864318,0.0
7697,0.0010517613153291166,0.0010517613153291166,0.0
7698,0.0010517438772286948,0.0010517438772286948,0.0
7699,0.001051768727143985,0.001051768727143985,0.0
7700,0.0010517438772286948,0.0010517438772286948,0.0
