Method,System,Amplitude,NoiseStd,Replicate,Output,RMSE,MAE,R2,PICP,MPIW,NMPIW,Violations,MaxExcess,MinSlack
MANFIZ_noise,1,1.0,0.005,1,1,0.007999774062747649,0.0062268776950901395,0.9998115534892648,1.0,0.5640366793865591,0.20729372496945334,0,0.0,0.1814531444036311
MANFIZ_noise,1,1.0,0.005,1,2,0.007440353808049528,0.005944729176666172,0.999793816467957,1.0,0.5933319345972362,0.2207739405965534,0,0.0,0.1754294476505247
MANFIZ_validation,1,1.0,0.005,1,1,0.007999774062747649,0.0062268776950901395,0.9998115534892648,1.0,0.44045707424860536,0.16187597535224452,0,0.0,0.12490350579637996
MANFIZ_validation,1,1.0,0.005,1,2,0.007440353808049528,0.005944729176666172,0.999793816467957,1.0,0.46867059399535543,0.174388479440803,0,0.0,0.11732023165724809
MANFIZ_noise,1,1.0,0.01,1,1,0.012079595868149441,0.0099295673846362,0.999570446242629,1.0,0.5640583991070883,0.20684745398984736,0,0.0,0.17338340379713732
MANFIZ_noise,1,1.0,0.01,1,2,0.011795060138241234,0.009834361460531748,0.9994818734430537,1.0,0.5933629536583107,0.22048375381550786,0,0.0,0.16863143885062365
MANFIZ_validation,1,1.0,0.01,1,1,0.012079595868149441,0.0099295673846362,0.999570446242629,1.0,0.44047879396913536,0.16152922678443493,0,0.0,0.11683376518988617
MANFIZ_validation,1,1.0,0.01,1,2,0.011795060138241234,0.009834361460531748,0.9994818734430537,1.0,0.4687016130564298,0.1741616837197667,0,0.0,0.11052222285734703
MANFIZ_noise,1,1.0,0.02,1,1,0.021856122986372552,0.018437766897689105,0.9985951499048542,1.0,0.5641457436177304,0.20560176656413134,0,0.0,0.1572694015495917
MANFIZ_noise,1,1.0,0.02,1,2,0.02172696546635318,0.018405482736176322,0.9982431811361998,1.0,0.5934802566539488,0.21976522273325483,0,0.0,0.15505152332283373
MANFIZ_validation,1,1.0,0.02,1,1,0.021856122986372552,0.018437766897689105,0.9985951499048542,1.0,0.44056613847977616,0.16056343131990058,0,0.0,0.10071976294234056
MANFIZ_validation,1,1.0,0.02,1,2,0.02172696546635318,0.018405482736176322,0.9982431811361998,1.0,0.46881891605206777,0.1736032367590981,0,0.0,0.09694230732955711
MANFIZ_noise,1,1.0,0.005,2,1,0.008827620006249743,0.006534547959289178,0.9997652705161365,1.0,0.5642933491882317,0.19548910324355356,0,0.0,0.17727993072429551
MANFIZ_noise,1,1.0,0.005,2,2,0.007189068750576446,0.005811207584903085,0.9998144681725964,1.0,0.5948787605876835,0.23518026922256638,0,0.0,0.17059792284647465
MANFIZ_validation,1,1.0,0.005,2,1,0.008827620006249743,0.006534547959289178,0.9997652705161365,1.0,0.4404690395451311,0.1525924373751644,0,0.0,0.11951528661178656
MANFIZ_validation,1,1.0,0.005,2,2,0.007189068750576446,0.005811207584903085,0.9998144681725964,1.0,0.470088547375531,0.18584551753201642,0,0.0,0.11428249164008486
MANFIZ_noise,1,1.0,0.01,2,1,0.0127835689580251,0.01020240190551999,0.9995079704047802,1.0,0.5643289984388753,0.1951546257453911,0,0.0,0.17050065677474843
MANFIZ_noise,1,1.0,0.01,2,2,0.011407436189264103,0.009448445279893832,0.9995333007421057,1.0,0.5949320220716723,0.23432256461128836,0,0.0,0.16087388048209486
MANFIZ_validation,1,1.0,0.01,2,1,0.0127835689580251,0.01020240190551999,0.9995079704047802,1.0,0.4405046887957737,0.1523340603067389,0,0.0,0.11273601266223948
MANFIZ_validation,1,1.0,0.01,2,2,0.011407436189264103,0.009448445279893832,0.9995333007421057,1.0,0.4701418088595196,0.1851721378172531,0,0.0,0.10455844927570507
MANFIZ_noise,1,1.0,0.02,2,1,0.02241081415585886,0.01854423051396515,0.9984898522071373,1.0,0.5644397315785417,0.1938363372600256,0,0.0,0.15696780764589713
MANFIZ_noise,1,1.0,0.02,2,2,0.02104569942570212,0.017683579113216597,0.9984153242049401,1.0,0.5950885401972804,0.232423636476261,0,0.0,0.14142996485822207
MANFIZ_validation,1,1.0,0.02,2,1,0.02241081415585886,0.01854423051396515,0.9984898522071373,1.0,0.44061542193543957,0.15131337280136514,0,0.0,0.09920316353338818
MANFIZ_validation,1,1.0,0.02,2,2,0.02104569942570212,0.017683579113216597,0.9984153242049401,1.0,0.47029832698512763,0.18368434275401724,0,0.0,0.08511453365183227
MANFIZ_noise,1,1.0,0.005,3,1,0.009233412107134128,0.006885918116426843,0.9997546030322163,1.0,0.5620919974107034,0.20691571309592385,0,0.0,0.17912406870961278
MANFIZ_noise,1,1.0,0.005,3,2,0.0071867607380480154,0.00574493005464873,0.9997990143722292,1.0,0.5897890772151098,0.22145285438195636,0,0.0,0.16821914567546947
MANFIZ_validation,1,1.0,0.005,3,1,0.009233412107134128,0.006885918116426843,0.9997546030322163,1.0,0.4384605034707026,0.16140483792326385,0,0.0,0.12343281523527416
MANFIZ_validation,1,1.0,0.005,3,2,0.0071867607380480154,0.00574493005464873,0.9997990143722292,1.0,0.4652015250119699,0.17467296285510206,0,0.0,0.11063665625364111
MANFIZ_noise,1,1.0,0.01,3,1,0.012864786068738107,0.01031266515794519,0.9995238482459766,1.0,0.5621499838467601,0.20625918014659728,0,0.0,0.16958710594793638
MANFIZ_noise,1,1.0,0.01,3,2,0.011649648633280814,0.009709577436932036,0.9994721922934099,1.0,0.5898614469827785,0.2206794799167304,0,0.0,0.16312455893594002
MANFIZ_validation,1,1.0,0.01,3,1,0.012864786068738107,0.01031266515794519,0.9995238482459766,1.0,0.4385184899067582,0.1608973882527901,0,0.0,0.11355942097584412
MANFIZ_validation,1,1.0,0.01,3,2,0.011649648633280814,0.009709577436932036,0.9994721922934099,1.0,0.4652738947796394,0.1740686760323227,0,0.0,0.10554206951411166
MANFIZ_noise,1,1.0,0.02,3,1,0.02205402108333138,0.018448756967050426,0.9986025881192391,1.0,0.5623033781111846,0.20434086682522523,0,0.0,0.14904697292949076
MANFIZ_noise,1,1.0,0.02,3,2,0.021707192565669768,0.018378789750704835,0.9981706035850182,1.0,0.5900540902155003,0.21916717609624675,0,0.0,0.15117641007948876
MANFIZ_validation,1,1.0,0.02,3,1,0.02205402108333138,0.018448756967050426,0.9986025881192391,1.0,0.4386718841711842,0.15941322167491992,0,0.0,0.09382401259806622
MANFIZ_validation,1,1.0,0.02,3,2,0.021707192565669768,0.018378789750704835,0.9981706035850182,1.0,0.46546653801235927,0.17289090677467728,0,0.0,0.09077910219441088
MANFIZ_noise,1,1.0,0.005,4,1,0.007988059189186207,0.006288894515724708,0.9998115288134003,1.0,0.563965948231701,0.2003900932532705,0,0.0,0.18066958028092012
MANFIZ_noise,1,1.0,0.005,4,2,0.007642454232216165,0.0059666569719774975,0.9997820462845345,1.0,0.5926969853676348,0.23559823164223212,0,0.0,0.16026335170178133
MANFIZ_validation,1,1.0,0.005,4,1,0.007988059189186207,0.006288894515724708,0.9998115288134003,1.0,0.44031180865054276,0.15645292889163614,0,0.0,0.1230822615296801
MANFIZ_validation,1,1.0,0.005,4,2,0.007642454232216165,0.0059666569719774975,0.9997820462845345,1.0,0.4681095194581034,0.18607446591080054,0,0.0,0.10320649735993681
MANFIZ_noise,1,1.0,0.01,4,1,0.01218790375023469,0.010005685427198492,0.9995613678414744,1.0,0.5639735501961528,0.20012375853690567,0,0.0,0.17673603214248862
MANFIZ_noise,1,1.0,0.01,4,2,0.011871481800467883,0.009766142812250815,0.9994743207363536,1.0,0.5926995796976133,0.23407168069643633,0,0.0,0.15474953263231536
MANFIZ_validation,1,1.0,0.01,4,1,0.01218790375023469,0.010005685427198492,0.9995613678414744,1.0,0.44031941061499363,0.15624558169151656,0,0.0,0.1191487133912486
MANFIZ_validation,1,1.0,0.01,4,2,0.011871481800467883,0.009766142812250815,0.9994743207363536,1.0,0.46811211378807915,0.1848690179342443,0,0.0,0.09769267829047085
MANFIZ_noise,1,1.0,0.02,4,1,0.0221102504716774,0.01859788812517435,0.9985578887087676,1.0,0.5640230706085555,0.19910645782117203,0,0.0,0.16389342171568885
MANFIZ_noise,1,1.0,0.02,4,2,0.02172162865280235,0.018355985965987982,0.9982425759183307,1.0,0.5927512485844002,0.23109532700020777,0,0.0,0.14372274236097934
MANFIZ_validation,1,1.0,0.02,4,1,0.0221102504716774,0.01859788812517435,0.9985578887087676,1.0,0.44036893102739894,0.1554551623158931,0,0.0,0.10869534073919138
MANFIZ_validation,1,1.0,0.02,4,2,0.02172162865280235,0.018355985965987982,0.9982425759183307,1.0,0.4681637826748683,0.1825225382574592,0,0.0,0.08666588801913483
MANFIZ_noise,1,1.0,0.005,5,1,0.008487945595365918,0.006642658990679735,0.9997902752748002,1.0,0.5625272888814103,0.21896297921992927,0,0.0,0.18754770085700595
MANFIZ_noise,1,1.0,0.005,5,2,0.007281872211466967,0.0058290256730568184,0.9997908356662796,1.0,0.5898065545878433,0.19738055131087062,0,0.0,0.17054351460027803
MANFIZ_validation,1,1.0,0.005,5,1,0.008487945595365918,0.006642658990679735,0.9997902752748002,1.0,0.4387852856197439,0.17079657338618717,0,0.0,0.13030997109013423
MANFIZ_validation,1,1.0,0.005,5,2,0.007281872211466967,0.0058290256730568184,0.9997908356662796,1.0,0.46514479701409656,0.1556621162648533,0,0.0,0.11676658594453623
MANFIZ_noise,1,1.0,0.01,5,1,0.01255619132134112,0.010330627971362622,0.9995411610686632,1.0,0.5625546178613837,0.21853687977869057,0,0.0,0.18113945516566823
MANFIZ_noise,1,1.0,0.01,5,2,0.011596117972867581,0.009611600778536079,0.9994697805487525,1.0,0.5898310058071893,0.19754922940461028,0,0.0,0.1623202166094874
MANFIZ_validation,1,1.0,0.01,5,1,0.01255619132134112,0.010330627971362622,0.9995411610686632,1.0,0.43881261459971693,0.1704665405942515,0,0.0,0.12540604511352474
MANFIZ_validation,1,1.0,0.01,5,2,0.011596117972867581,0.009611600778536079,0.9994697805487525,1.0,0.4651692482334441,0.15579687338660875,0,0.0,0.1085432879537456
MANFIZ_noise,1,1.0,0.02,5,1,0.02232690059645688,0.018785263441954605,0.9985505275396829,1.0,0.5626466258866382,0.2168360731482803,0,0.0,0.1654575660205198
MANFIZ_noise,1,1.0,0.02,5,2,0.021490207494541336,0.01820432468354671,0.9981814589090304,1.0,0.589932793325443,0.1979051512316748,0,0.0,0.14588294705003785
MANFIZ_validation,1,1.0,0.02,5,1,0.02232690059645688,0.018785263441954605,0.9985505275396829,1.0,0.4389046226249728,0.16914765054647612,0,0.0,0.1061397657965184
MANFIZ_validation,1,1.0,0.02,5,2,0.021490207494541336,0.01820432468354671,0.9981814589090304,1.0,0.465271035751698,0.15608478751470434,0,0.0,0.09210601839429605
MANFIZ_noise,1,1.0,0.005,6,1,0.00803652722906142,0.006404586773872832,0.9998103673256521,1.0,0.5677639773868646,0.22166033701164514,0,0.0,0.17464766950003563
MANFIZ_noise,1,1.0,0.005,6,2,0.0073066228453321546,0.005898201456771435,0.9997997848505045,1.0,0.5962520036012554,0.2263074603676883,0,0.0,0.17723492243915462
MANFIZ_validation,1,1.0,0.005,6,1,0.00803652722906142,0.006404586773872832,0.9998103673256521,1.0,0.44403248361536163,0.1733544111327693,0,0.0,0.12075784893163044
MANFIZ_validation,1,1.0,0.005,6,2,0.0073066228453321546,0.005898201456771435,0.9997997848505045,1.0,0.4714167184915157,0.17892622530796595,0,0.0,0.11724730915842412
MANFIZ_noise,1,1.0,0.01,6,1,0.01188002030463865,0.009783246119457124,0.9995855476457668,1.0,0.5677668555231669,0.22171492687095268,0,0.0,0.1665983082595315
MANFIZ_noise,1,1.0,0.01,6,2,0.011870268723483568,0.00994808443702057,0.9994717990919618,1.0,0.5962818774818305,0.2264890434240152,0,0.0,0.1709336166471604
MANFIZ_validation,1,1.0,0.01,6,1,0.01188002030463865,0.009783246119457124,0.9995855476457668,1.0,0.44403536175166436,0.17339734928375053,0,0.0,0.11270848769112632
MANFIZ_validation,1,1.0,0.01,6,2,0.011870268723483568,0.00994808443702057,0.9994717990919618,1.0,0.47144659237209025,0.17907216664507802,0,0.0,0.1109460033664299
MANFIZ_noise,1,1.0,0.02,6,1,0.02119787178424301,0.017797561008846108,0.9986806172062894,1.0,0.5678075346948906,0.22060672128138922,0,0.0,0.15050750934413712
MANFIZ_noise,1,1.0,0.02,6,2,0.022127022532913546,0.018866503096519098,0.9981672545022178,1.0,0.5963966875447757,0.22595860710614551,0,0.0,0.15834344987444893
MANFIZ_validation,1,1.0,0.02,6,1,0.02119787178424301,0.017797561008846108,0.9986806172062894,1.0,0.4440760409233871,0.17253409544903311,0,0.0,0.0963542381366726
MANFIZ_validation,1,1.0,0.02,6,2,0.022127022532913546,0.018866503096519098,0.9981672545022178,1.0,0.4715614024350351,0.17866188710386047,0,0.0,0.09835583659371845
MANFIZ_noise,1,1.0,0.005,7,1,0.008271961092260001,0.006483870191068962,0.9998010346502813,1.0,0.563494351066191,0.23164281251680258,0,0.0,0.18285588986139645
MANFIZ_noise,1,1.0,0.005,7,2,0.007164728273441558,0.005750000036266489,0.9998071346848609,1.0,0.5912716478959317,0.23782317653548601,0,0.0,0.18205263273880362
MANFIZ_validation,1,1.0,0.005,7,1,0.008271961092260001,0.006483870191068962,0.9998010346502813,1.0,0.43987671410052553,0.1808257332519846,0,0.0,0.12465700946727684
MANFIZ_validation,1,1.0,0.005,7,2,0.007164728273441558,0.005750000036266489,0.9998071346848609,1.0,0.46672567553127003,0.18772789651002128,0,0.0,0.1255692077266809
MANFIZ_noise,1,1.0,0.01,7,1,0.012454798161189091,0.010228753978515073,0.9995487439898773,1.0,0.5634875876618869,0.2301172905555151,0,0.0,0.17263125117677935
MANFIZ_noise,1,1.0,0.01,7,2,0.011531549079733708,0.009576301888330628,0.9995008745037613,1.0,0.5912984668794187,0.23676524318736375,0,0.0,0.17420163222782137
MANFIZ_validation,1,1.0,0.01,7,1,0.012454798161189091,0.010228753978515073,0.9995487439898773,1.0,0.4398699506962223,0.179634269622527,0,0.0,0.11443237078265973
MANFIZ_validation,1,1.0,0.01,7,2,0.011531549079733708,0.009576301888330628,0.9995008745037613,1.0,0.4667524945147581,0.18689506917769738,0,0.0,0.11771820721569864
MANFIZ_noise,1,1.0,0.02,7,1,0.0224120982885995,0.01892199842774421,0.9985381557814494,1.0,0.5635094157854432,0.2271398870288831,0,0.0,0.15218379248860794
MANFIZ_noise,1,1.0,0.02,7,2,0.02150454429218131,0.018215500510669266,0.9982685509170294,1.0,0.591404349832155,0.2346983791214349,0,0.0,0.15850516864254438
MANFIZ_validation,1,1.0,0.02,7,1,0.0224120982885995,0.01892199842774421,0.9985381557814494,1.0,0.43989177881977837,0.1773119776655203,0,0.0,0.09398491209448834
MANFIZ_validation,1,1.0,0.02,7,2,0.02150454429218131,0.018215500510669266,0.9982685509170294,1.0,0.4668583774674927,0.18527240204097353,0,0.0,0.10202174363042166
MANFIZ_noise,1,1.0,0.005,8,1,0.008121270990415071,0.006480252031508069,0.999808317255088,1.0,0.5630054915372388,0.19902414915414204,0,0.0,0.1885833955407745
MANFIZ_noise,1,1.0,0.005,8,2,0.007558525981198056,0.006063076304035378,0.9997820322008847,1.0,0.5911668564664944,0.22178102386791315,0,0.0,0.18018195505559548
MANFIZ_validation,1,1.0,0.005,8,1,0.008121270990415071,0.006480252031508069,0.999808317255088,1.0,0.43924155873044324,0.15527322346496755,0,0.0,0.13100171389680787
MANFIZ_validation,1,1.0,0.005,8,2,0.007558525981198056,0.006063076304035378,0.9997820322008847,1.0,0.46639174864800265,0.17497063376820574,0,0.0,0.11993973659462936
MANFIZ_noise,1,1.0,0.01,8,1,0.012252296429232583,0.010077475443022982,0.9995640432940517,1.0,0.5630462381455981,0.19822331936228146,0,0.0,0.18135396877578483
MANFIZ_noise,1,1.0,0.01,8,2,0.011889651166009672,0.009904048404433083,0.9994611057550078,1.0,0.5912204381190101,0.22187347026208312,0,0.0,0.17121644512213316
MANFIZ_validation,1,1.0,0.01,8,1,0.012252296429232583,0.010077475443022982,0.9995640432940517,1.0,0.4392823053388035,0.15465159129409886,0,0.0,0.124210781534838
MANFIZ_validation,1,1.0,0.01,8,2,0.011889651166009672,0.009904048404433083,0.9994611057550078,1.0,0.46644533030051755,0.17504781203197675,0,0.0,0.11022865978181037
MANFIZ_noise,1,1.0,0.02,8,1,0.02211595559894047,0.018577141611332112,0.9985823213930046,1.0,0.5631715696012185,0.19624975845931902,0,0.0,0.16374313004528826
MANFIZ_noise,1,1.0,0.02,8,2,0.021826932413946374,0.018507923061989697,0.9981878334910154,1.0,0.5913802152320115,0.22207830190996683,0,0.0,0.1519921722435035
MANFIZ_validation,1,1.0,0.02,8,1,0.02211595559894047,0.018577141611332112,0.9985823213930046,1.0,0.43940763679442535,0.15312144156557506,0,0.0,0.10617863823250243
MANFIZ_validation,1,1.0,0.02,8,2,0.021826932413946374,0.018507923061989697,0.9981878334910154,1.0,0.4666051074135211,0.17522207751955132,0,0.0,0.09100438690318072
MANFIZ_noise,1,1.0,0.005,9,1,0.008699865459558408,0.006784155081028076,0.9997781423139128,1.0,0.5622795890409821,0.2075159326652699,0,0.0,0.18518585802245477
MANFIZ_noise,1,1.0,0.005,9,2,0.007242658367187606,0.005769246953745439,0.9997986394747437,1.0,0.5904484363642948,0.24523437300464188,0,0.0,0.16850455728070407
MANFIZ_validation,1,1.0,0.005,9,1,0.008699865459558408,0.006784155081028076,0.9997781423139128,1.0,0.4386440324380079,0.16188676820846445,0,0.0,0.1279747406821033
MANFIZ_validation,1,1.0,0.005,9,2,0.007242658367187606,0.005769246953745439,0.9997986394747437,1.0,0.4659404624270953,0.19352175418464931,0,0.0,0.1098318955454445
MANFIZ_noise,1,1.0,0.01,9,1,0.012695749250587925,0.010435010453651201,0.9995275166184674,1.0,0.5622982434907225,0.20719933853974326,0,0.0,0.1752826223231292
MANFIZ_noise,1,1.0,0.01,9,2,0.011558070925701913,0.009527142143369447,0.9994871781453954,1.0,0.5904553503562427,0.24368734740610537,0,0.0,0.16722195212422852
MANFIZ_validation,1,1.0,0.01,9,1,0.012695749250587925,0.010435010453651201,0.9995275166184674,1.0,0.43866268688774884,0.16164129911017175,0,0.0,0.11826093295750945
MANFIZ_validation,1,1.0,0.01,9,2,0.011558070925701913,0.009527142143369447,0.9994871781453954,1.0,0.4659473764190424,0.1923015518817545,0,0.0,0.10854929038896896
MANFIZ_noise,1,1.0,0.02,9,1,0.02241583193589498,0.018881002080615834,0.9985275990787565,1.0,0.5623734943159322,0.20513294303556778,0,0.0,0.1554885396065473
MANFIZ_noise,1,1.0,0.02,9,2,0.021445440190908337,0.018066582428130123,0.9982353610567261,1.0,0.5905183305684966,0.24067125954227817,0,0.0,0.15285943983375597
MANFIZ_validation,1,1.0,0.02,9,1,0.02241583193589498,0.018881002080615834,0.9985275990787565,1.0,0.4387379377129593,0.160035288458767,0,0.0,0.09846685024092755
MANFIZ_validation,1,1.0,0.02,9,2,0.021445440190908337,0.018066582428130123,0.9982353610567261,1.0,0.4660103566312978,0.189926872180628,0,0.0,0.09566641850501975
MANFIZ_noise,1,1.0,0.005,10,1,0.009496519174113847,0.007107669142120031,0.9997300934055399,1.0,0.5617135259335015,0.1881888098141043,0,0.0,0.1682026416597208
MANFIZ_noise,1,1.0,0.005,10,2,0.007838514292344431,0.006102344619284524,0.9997672351548829,1.0,0.589787365764062,0.19843017839093158,0,0.0,0.14256379126154423
MANFIZ_validation,1,1.0,0.005,10,1,0.009496519174113847,0.007107669142120031,0.9997300934055399,1.0,0.4379441268975691,0.14672280477662458,0,0.0,0.11156121158755478
MANFIZ_validation,1,1.0,0.005,10,2,0.007838514292344431,0.006102344619284524,0.9997672351548829,1.0,0.46504114241297545,0.15646011122768647,0,0.0,0.08704400713629108
MANFIZ_noise,1,1.0,0.01,10,1,0.013177773932350523,0.01060938175859718,0.9994806842630753,1.0,0.5617444933771687,0.1882924541036461,0,0.0,0.15947662354559625
MANFIZ_noise,1,1.0,0.01,10,2,0.01212940552887894,0.009989966429109369,0.9994423587591454,1.0,0.589787590762029,0.1976876893663375,0,0.0,0.13585685902052597
MANFIZ_validation,1,1.0,0.01,10,1,0.013177773932350523,0.01060938175859718,0.9994806842630753,1.0,0.4379750943412379,0.14680589898442853,0,0.0,0.10283519347343023
MANFIZ_validation,1,1.0,0.01,10,2,0.01212940552887894,0.009989966429109369,0.9994423587591454,1.0,0.4650413674109424,0.15587468238260177,0,0.0,0.0803370748952728
MANFIZ_noise,1,1.0,0.02,10,1,0.022491920250116888,0.018707987607843857,0.9984901496545786,1.0,0.561847443358277,0.18764615997682077,0,0.0,0.1420450731742411
MANFIZ_noise,1,1.0,0.02,10,2,0.022077360525295513,0.018639719794615792,0.9981517065878576,1.0,0.5898398290950346,0.1962364883995627,0,0.0,0.12249533375350158
MANFIZ_validation,1,1.0,0.02,10,1,0.022491920250116888,0.018707987607843857,0.9984901496545786,1.0,0.4380780443223436,0.14630957879935375,0,0.0,0.08540364310207507
MANFIZ_validation,1,1.0,0.02,10,2,0.022077360525295513,0.018639719794615792,0.9981517065878576,1.0,0.4650936057439477,0.15473410147346608,0,0.0,0.06697554962824842
MANFIZ_noise,1,1.0,0.005,11,1,0.008970968560731268,0.006831009178569599,0.999766531627859,1.0,0.5637968572585189,0.18412115909176718,0,0.0,0.18488470967882967
MANFIZ_noise,1,1.0,0.005,11,2,0.007628220988772439,0.006117073549463765,0.9997791199234153,1.0,0.5924630170965985,0.21308244215806635,0,0.0,0.16810293675025131
MANFIZ_validation,1,1.0,0.005,11,1,0.008970968560731268,0.006831009178569599,0.999766531627859,1.0,0.44011135252139694,0.14372874079099088,0,0.0,0.12851004168827396
MANFIZ_validation,1,1.0,0.005,11,2,0.007628220988772439,0.006117073549463765,0.9997791199234153,1.0,0.4679314627906714,0.16829401325783624,0,0.0,0.10933941308712561
MANFIZ_noise,1,1.0,0.01,11,1,0.012816259644093613,0.010443667128882552,0.9995233935090633,1.0,0.5638197263841206,0.18327997512799213,0,0.0,0.17529532424853383
MANFIZ_noise,1,1.0,0.01,11,2,0.011969320590342713,0.010020149633308028,0.9994563717639439,1.0,0.5925119843484219,0.2121230539181183,0,0.0,0.1598568648200477
MANFIZ_validation,1,1.0,0.01,11,1,0.012816259644093613,0.010443667128882552,0.9995233935090633,1.0,0.44013422164700017,0.14307372626668757,0,0.0,0.12044386452875727
MANFIZ_validation,1,1.0,0.01,11,2,0.011969320590342713,0.010020149633308028,0.9994563717639439,1.0,0.4679804300424943,0.16753996647627908,0,0.0,0.09991533554816792
MANFIZ_noise,1,1.0,0.02,11,1,0.022348107675470536,0.018793486776870913,0.9985508681562226,1.0,0.5639036990992445,0.181460620484333,0,0.0,0.1561217238003781
MANFIZ_noise,1,1.0,0.02,11,2,0.02194441750798283,0.018704175469998592,0.998174981199413,1.0,0.5926621207651568,0.2102253328580083,0,0.0,0.1406228396348725
MANFIZ_validation,1,1.0,0.02,11,1,0.022348107675470536,0.018793486776870913,0.9985508681562226,1.0,0.4402181943621224,0.1416594124582689,0,0.0,0.1020420058999558
MANFIZ_validation,1,1.0,0.02,11,2,0.02194441750798283,0.018704175469998592,0.998174981199413,1.0,0.4681305664592287,0.16605229304657312,0,0.0,0.08068131036299268
MANFIZ_noise,1,1.0,0.005,12,1,0.009163986373861486,0.00705771454291407,0.9997583334541443,1.0,0.564159049288629,0.2050064134740128,0,0.0,0.18287175765991176
MANFIZ_noise,1,1.0,0.005,12,2,0.007446240674494784,0.005906621703820635,0.9997890363177383,1.0,0.5922079578530406,0.2275137919894366,0,0.0,0.18023074941598266
MANFIZ_validation,1,1.0,0.005,12,1,0.009163986373861486,0.00705771454291407,0.9997583334541443,1.0,0.4404736961676416,0.16006112601549696,0,0.0,0.1270711134773537
MANFIZ_validation,1,1.0,0.005,12,2,0.007446240674494784,0.005906621703820635,0.9997890363177383,1.0,0.46755490932201943,0.1796247229922016,0,0.0,0.12239770421839719
MANFIZ_noise,1,1.0,0.01,12,1,0.012928312480747203,0.010522301090866002,0.9995191532158529,1.0,0.5641807165575694,0.20439264688134676,0,0.0,0.17473070627508178
MANFIZ_noise,1,1.0,0.01,12,2,0.01187390820826746,0.009814316559495122,0.9994635467426971,1.0,0.5922477537683303,0.2279784576677636,0,0.0,0.17312456363158626
MANFIZ_validation,1,1.0,0.01,12,1,0.012928312480747203,0.010522301090866002,0.9995191532158529,1.0,0.44049536343658047,0.15958364160533367,0,0.0,0.11850327012434182
MANFIZ_validation,1,1.0,0.01,12,2,0.01187390820826746,0.009814316559495122,0.9994635467426971,1.0,0.4675947052373112,0.17999480628729256,0,0.0,0.11624895306396965
MANFIZ_noise,1,1.0,0.02,12,1,0.022356262664804408,0.01878073331584577,0.9985635673336669,1.0,0.5642637028834143,0.20307791186512858,0,0.0,0.15759555143534873
MANFIZ_noise,1,1.0,0.02,12,2,0.021980056384217354,0.018658488153230488,0.9981627284693776,1.0,0.5923773456163116,0.2289326404521916,0,0.0,0.1566679767015901
MANFIZ_validation,1,1.0,0.02,12,1,0.022356262664804408,0.01878073331584577,0.9985635673336669,1.0,0.44057834976242627,0.15856368365629933,0,0.0,0.1000989156823941
MANFIZ_validation,1,1.0,0.02,12,2,0.021980056384217354,0.018658488153230488,0.9981627284693776,1.0,0.4677242970852921,0.18075869904170214,0,0.0,0.09979236613397349
MANFIZ_noise,1,1.0,0.005,13,1,0.008992253178686209,0.0067691981424135425,0.9997621564852502,1.0,0.563810850733927,0.20770302739252125,0,0.0,0.18196456214823986
MANFIZ_noise,1,1.0,0.005,13,2,0.007306064305003712,0.005885907888293808,0.9998055172896777,1.0,0.5939407261737658,0.21692553509305956,0,0.0,0.16512399040643047
MANFIZ_validation,1,1.0,0.005,13,1,0.008992253178686209,0.0067691981424135425,0.9997621564852502,1.0,0.4401943691316899,0.16216378771493423,0,0.0,0.12828139574392552
MANFIZ_validation,1,1.0,0.005,13,2,0.007306064305003712,0.005885907888293808,0.9998055172896777,1.0,0.46923664925300584,0.17137974673032044,0,0.0,0.10957193329100096
MANFIZ_noise,1,1.0,0.01,13,1,0.012818540011009594,0.010310385454407718,0.9995169015260739,1.0,0.5638548117295618,0.20744096344054885,0,0.0,0.17499813387161428
MANFIZ_noise,1,1.0,0.01,13,2,0.011648513016378353,0.009759997646019881,0.9995057773029327,1.0,0.5939959188874068,0.21621625808636113,0,0.0,0.15913197471464088
MANFIZ_validation,1,1.0,0.01,13,1,0.012818540011009594,0.010310385454407718,0.9995169015260739,1.0,0.4402383301273243,0.16196272771876508,0,0.0,0.12078142346891949
MANFIZ_validation,1,1.0,0.01,13,2,0.011648513016378353,0.009759997646019881,0.9995057773029327,1.0,0.4692918419666458,0.1708236080317543,0,0.0,0.1038985307641383
MANFIZ_noise,1,1.0,0.02,13,1,0.02232576708346955,0.018656327541969595,0.9985365107039821,1.0,0.5639851084077562,0.20693448415930657,0,0.0,0.15998605830288254
MANFIZ_noise,1,1.0,0.02,13,2,0.021525702818730227,0.018376268920998154,0.9983142470179841,1.0,0.5941624011525664,0.2148322002985609,0,0.0,0.14719033232673215
MANFIZ_validation,1,1.0,0.02,13,1,0.02232576708346955,0.018656327541969595,0.9985365107039821,1.0,0.4403686268055206,0.16157776733717985,0,0.0,0.10252452357497382
MANFIZ_validation,1,1.0,0.02,13,2,0.021525702818730227,0.018376268920998154,0.9983142470179841,1.0,0.469458324231806,0.16974275812059852,0,0.0,0.09195688837622956
MANFIZ_noise,1,1.0,0.005,14,1,0.009107211936057787,0.006827199633618628,0.999751671085749,1.0,0.5638141739011948,0.2061149199649173,0,0.0,0.17633307632591905
MANFIZ_noise,1,1.0,0.005,14,2,0.007173626122231721,0.005701287474914596,0.9998124746065084,1.0,0.5935832091901346,0.26188608029057103,0,0.0,0.16203961209929824
MANFIZ_validation,1,1.0,0.005,14,1,0.009107211936057787,0.006827199633618628,0.999751671085749,1.0,0.44014316916857,0.16090420973024885,0,0.0,0.12112349316293491
MANFIZ_validation,1,1.0,0.005,14,2,0.007173626122231721,0.005701287474914596,0.9998124746065084,1.0,0.468935415177137,0.20689206818657604,0,0.0,0.10548935815790778
MANFIZ_noise,1,1.0,0.01,14,1,0.01297504062364262,0.01040567635077116,0.9994961322571807,1.0,0.5638536459077981,0.2055283378926764,0,0.0,0.16568518015328026
MANFIZ_noise,1,1.0,0.01,14,2,0.011365056636141723,0.009356771086240227,0.9995296356882991,1.0,0.5936377827694527,0.2607986180529124,0,0.0,0.15710592365090745
MANFIZ_validation,1,1.0,0.01,14,1,0.01297504062364262,0.01040567635077116,0.9994961322571807,1.0,0.44018264117517425,0.1604494486584125,0,0.0,0.11047559699029613
MANFIZ_validation,1,1.0,0.01,14,2,0.011365056636141723,0.009356771086240227,0.9995296356882991,1.0,0.468989988756455,0.2060379990938614,0,0.0,0.10055566970951699
MANFIZ_noise,1,1.0,0.02,14,1,0.022618501809656345,0.018834179915381145,0.9984706125415367,1.0,0.5639729532998194,0.2043800034657364,0,0.0,0.14439300486077145
MANFIZ_noise,1,1.0,0.02,14,2,0.02101272098415202,0.017628134996553822,0.9983951180123778,1.0,0.5937991730036856,0.2586501442541249,0,0.0,0.14537722627801428
MANFIZ_validation,1,1.0,0.02,14,1,0.022618501809656345,0.018834179915381145,0.9984706125415367,1.0,0.44030194856719507,0.1595624634968867,0,0.0,0.08918342169778731
MANFIZ_validation,1,1.0,0.02,14,2,0.02101272098415202,0.017628134996553822,0.9983951180123778,1.0,0.46915137899068826,0.20435540729897575,0,0.0,0.09069677515277808
MANFIZ_noise,1,1.0,0.005,15,1,0.008402194134511938,0.006590738790693441,0.9997958782942463,1.0,0.5621167056584897,0.18759192085789314,0,0.0,0.1803764437443509
MANFIZ_noise,1,1.0,0.005,15,2,0.007431927333860245,0.005910436818518367,0.9997866095319744,1.0,0.5890271076126419,0.2469582118963375,0,0.0,0.17372807459604073
MANFIZ_validation,1,1.0,0.005,15,1,0.008402194134511938,0.006590738790693441,0.9997958782942463,1.0,0.43839650977927014,0.1463035034166972,0,0.0,0.12345305501092946
MANFIZ_validation,1,1.0,0.005,15,2,0.007431927333860245,0.005910436818518367,0.9997866095319744,1.0,0.4644163032456904,0.19471331343291373,0,0.0,0.11566984155924442
MANFIZ_noise,1,1.0,0.01,15,1,0.012519908922768254,0.01030456572779476,0.9995469223917361,1.0,0.5621416502726672,0.18664058047139617,0,0.0,0.1740611558514683
MANFIZ_noise,1,1.0,0.01,15,2,0.011645641863459686,0.009573579872387387,0.9994763877763222,1.0,0.5890740912117576,0.24653487048503145,0,0.0,0.1665757819664808
MANFIZ_validation,1,1.0,0.01,15,1,0.012519908922768254,0.01030456572779476,0.9995469223917361,1.0,0.43842145439344715,0.1455633730384795,0,0.0,0.11713776711804685
MANFIZ_validation,1,1.0,0.01,15,2,0.011645641863459686,0.009573579872387387,0.9994763877763222,1.0,0.4644632868448064,0.19438369124635993,0,0.0,0.10851754892968449
MANFIZ_noise,1,1.0,0.02,15,1,0.022393711991905194,0.01890347199756131,0.9985520105085071,1.0,0.5622331557952095,0.18478048073777464,0,0.0,0.15926124820269288
MANFIZ_noise,1,1.0,0.02,15,2,0.021375558640917374,0.018009387636927186,0.9982392513285022,1.0,0.5892181536954739,0.245133954085068,0,0.0,0.152298336249555
MANFIZ_validation,1,1.0,0.02,15,1,0.022393711991905194,0.01890347199756131,0.9985520105085071,1.0,0.4385129599159887,0.14411927633192653,0,0.0,0.10001701248887314
MANFIZ_validation,1,1.0,0.02,15,2,0.021375558640917374,0.018009387636927186,0.9982392513285022,1.0,0.46460734932852343,0.1932917985020974,0,0.0,0.09424010321275869
MANFIZ_noise,1,1.0,0.005,16,1,0.008529314931544612,0.006631914703435213,0.9997914057341504,1.0,0.5677128059795176,0.21929392300052092,0,0.0,0.1785886235759176
MANFIZ_noise,1,1.0,0.005,16,2,0.007451916268181387,0.005883816181191556,0.9997861627528137,1.0,0.5954655740567009,0.22719481561410404,0,0.0,0.1744412426235995
MANFIZ_validation,1,1.0,0.005,16,1,0.008529314931544612,0.006631914703435213,0.9997914057341504,1.0,0.4439660513237531,0.1714935017290222,0,0.0,0.12155017979854207
MANFIZ_validation,1,1.0,0.005,16,2,0.007451916268181387,0.005883816181191556,0.9997861627528137,1.0,0.4706866777600369,0.1795864910160601,0,0.0,0.11874992658627093
MANFIZ_noise,1,1.0,0.01,16,1,0.01260328329686349,0.010325614240983728,0.9995449609137297,1.0,0.56776145628954,0.21894321473799086,0,0.0,0.16996298812180324
MANFIZ_noise,1,1.0,0.01,16,2,0.011704478933661909,0.009653683239736931,0.9994726703844891,1.0,0.595524174482811,0.2266259834693002,0,0.0,0.16701184234770938
MANFIZ_validation,1,1.0,0.01,16,1,0.01260328329686349,0.010325614240983728,0.9995449609137297,1.0,0.4440147016337752,0.17122332819481248,0,0.0,0.11292454434442772
MANFIZ_validation,1,1.0,0.01,16,2,0.011704478933661909,0.009653683239736931,0.9994726703844891,1.0,0.4707452781861492,0.1791415297710045,0,0.0,0.10988436676343694
MANFIZ_noise,1,1.0,0.02,16,1,0.022428279563791346,0.01896157973525819,0.9985622016108894,1.0,0.5678946448717178,0.21662829006741458,0,0.0,0.15273246215127254
MANFIZ_noise,1,1.0,0.02,16,2,0.021539461951557905,0.018134758757079157,0.9982165496495923,1.0,0.5956914112376122,0.2244503160974152,0,0.0,0.14890997733705752
MANFIZ_validation,1,1.0,0.02,16,1,0.022428279563791346,0.01896157973525819,0.9985622016108894,1.0,0.444147890215954,0.16942402761390007,0,0.0,0.09569401837389702
MANFIZ_validation,1,1.0,0.02,16,2,0.021539461951557905,0.018134758757079157,0.9982165496495923,1.0,0.47091251494095043,0.17743492828464566,0,0.0,0.09023696949835971
MANFIZ_noise,1,1.0,0.005,17,1,0.00949939413443572,0.007204717781751232,0.9997430101141174,1.0,0.5626824100194544,0.19526701831673932,0,0.0,0.17773028062334736
MANFIZ_noise,1,1.0,0.005,17,2,0.007490323031570608,0.005968955080464832,0.9997809825253613,1.0,0.5899232950816059,0.2069157394942956,0,0.0,0.16681977839287793
MANFIZ_validation,1,1.0,0.005,17,1,0.00949939413443572,0.007204717781751232,0.9997430101141174,1.0,0.438914331870472,0.15231592698600202,0,0.0,0.12340695026805995
MANFIZ_validation,1,1.0,0.005,17,2,0.007490323031570608,0.005968955080464832,0.9997809825253613,1.0,0.4651543369091311,0.16315299701331057,0,0.0,0.10929757585815633
MANFIZ_noise,1,1.0,0.01,17,1,0.01322509369173835,0.01062001221866664,0.9995016133376722,1.0,0.5626823982909778,0.19519945118052598,0,0.0,0.16881672344286583
MANFIZ_noise,1,1.0,0.01,17,2,0.011711716525666119,0.009740250037817493,0.9994644140031161,1.0,0.5899299941585509,0.2067411890193371,0,0.0,0.15852290559276777
MANFIZ_validation,1,1.0,0.01,17,1,0.01322509369173835,0.01062001221866664,0.9995016133376722,1.0,0.4389143201419948,0.15226322107677845,0,0.0,0.11449339308757842
MANFIZ_validation,1,1.0,0.01,17,2,0.011711716525666119,0.009740250037817493,0.9994644140031161,1.0,0.4651610359860774,0.16301586055545092,0,0.0,0.10100070305804618
MANFIZ_noise,1,1.0,0.02,17,1,0.0226792933386739,0.01885594638748952,0.9985333312637442,1.0,0.5627212639618439,0.19410102308696406,0,0.0,0.15099050467193548
MANFIZ_noise,1,1.0,0.02,17,2,0.021576885887282408,0.018312779554733837,0.998182260633276,1.0,0.5899982551448016,0.20641217579167156,0,0.0,0.14195095752194378
MANFIZ_validation,1,1.0,0.02,17,1,0.0226792933386739,0.01885594638748952,0.9985333312637442,1.0,0.43895318581286064,0.15140935292492463,0,0.0,0.09666717431664806
MANFIZ_validation,1,1.0,0.02,17,2,0.021576885887282408,0.018312779554733837,0.998182260633276,1.0,0.4652292969723276,0.16276148377171004,0,0.0,0.08442875498722219
MANFIZ_noise,1,1.0,0.005,18,1,0.008904407065121933,0.006638084843111786,0.9997586572781193,1.0,0.563659686319373,0.21987466398128444,0,0.0,0.18106649880370518
MANFIZ_noise,1,1.0,0.005,18,2,0.007345999302075606,0.005892836092524651,0.9998015516163147,1.0,0.5929764092149169,0.2561763048832576,0,0.0,0.15658614568053664
MANFIZ_validation,1,1.0,0.005,18,1,0.008904407065121933,0.006638084843111786,0.9997586572781193,1.0,0.43985595729555255,0.1715808016039798,0,0.0,0.12404930615037252
MANFIZ_validation,1,1.0,0.005,18,2,0.007345999302075606,0.005892836092524651,0.9998015516163147,1.0,0.46821353854480396,0.20227653636259574,0,0.0,0.10015106602835708
MANFIZ_noise,1,1.0,0.01,18,1,0.012798064721622402,0.010223420501727662,0.9995013609897113,1.0,0.5636543753559483,0.21902610996826466,0,0.0,0.17141168140656712
MANFIZ_noise,1,1.0,0.01,18,2,0.011813177465601917,0.00985233107714138,0.999486722868873,1.0,0.5929724897401405,0.2548636909280022,0,0.0,0.1485507517932941
MANFIZ_validation,1,1.0,0.01,18,1,0.012798064721622402,0.010223420501727662,0.9995013609897113,1.0,0.43985064633212756,0.17091817298910317,0,0.0,0.11439448875323446
MANFIZ_validation,1,1.0,0.01,18,2,0.011813177465601917,0.00985233107714138,0.999486722868873,1.0,0.4682096190700279,0.20123974334201455,0,0.0,0.09211567214111455
MANFIZ_noise,1,1.0,0.02,18,1,0.02246236858889743,0.018724330921776697,0.9984641353058694,1.0,0.5636799456054101,0.21672280622139356,0,0.0,0.15210469601013424
MANFIZ_noise,1,1.0,0.02,18,2,0.021992539747114428,0.018677214352849726,0.9982214523110854,1.0,0.5930181631955935,0.25216201772933317,0,0.0,0.13248330327837643
MANFIZ_validation,1,1.0,0.02,18,1,0.02246236858889743,0.018724330921776697,0.9984641353058694,1.0,0.4398762165815893,0.16912293721080104,0,0.0,0.09508750335680158
MANFIZ_validation,1,1.0,0.02,18,2,0.021992539747114428,0.018677214352849726,0.9982214523110854,1.0,0.4682552925254793,0.1991105950944023,0,0.0,0.07604822362619687
MANFIZ_noise,1,1.0,0.005,19,1,0.008485709653474843,0.0066987581118278005,0.9997892757107946,1.0,0.5649294441430388,0.20043171970877813,0,0.0,0.1822064909773688
MANFIZ_noise,1,1.0,0.005,19,2,0.007370551127221353,0.0059713405107843925,0.9997936256855102,1.0,0.5933771469963863,0.23541009772571891,0,0.0,0.17873481119346726
MANFIZ_validation,1,1.0,0.005,19,1,0.008485709653474843,0.0066987581118278005,0.9997892757107946,1.0,0.44114020610690424,0.15651244780986187,0,0.0,0.12519956095096474
MANFIZ_validation,1,1.0,0.005,19,2,0.007370551127221353,0.0059713405107843925,0.9997936256855102,1.0,0.46860134341954107,0.1859078810284366,0,0.0,0.12029992311487006
MANFIZ_noise,1,1.0,0.01,19,1,0.01249085633524169,0.010253680725594521,0.9995436061664159,1.0,0.5649462262496812,0.20016323424028432,0,0.0,0.17026846001653922
MANFIZ_noise,1,1.0,0.01,19,2,0.011825536477395492,0.009860999511125929,0.9994687222588926,1.0,0.593410762277761,0.23529456496463422,0,0.0,0.1730518757478527
MANFIZ_validation,1,1.0,0.01,19,1,0.01249085633524169,0.010253680725594521,0.9995436061664159,1.0,0.4411569882135453,0.1563040966831771,0,0.0,0.1132615299901352
MANFIZ_validation,1,1.0,0.01,19,2,0.011825536477395492,0.009860999511125929,0.9994687222588926,1.0,0.4686349587009167,0.18581944538973177,0,0.0,0.11461698766925549
MANFIZ_noise,1,1.0,0.02,19,1,0.0221977998305855,0.018623423856644252,0.9985604877241963,1.0,0.5650140163048821,0.1996405562126972,0,0.0,0.14642232977129493
MANFIZ_noise,1,1.0,0.02,19,2,0.021867446235537734,0.018560401467386505,0.998184177337936,1.0,0.593530566724923,0.23508470186357364,0,0.0,0.15336904510079583
MANFIZ_validation,1,1.0,0.02,19,1,0.0221977998305855,0.018623423856644252,0.9985604877241963,1.0,0.4412247782687466,0.15590119467207178,0,0.0,0.08941539974489088
MANFIZ_validation,1,1.0,0.02,19,2,0.021867446235537734,0.018560401467386505,0.998184177337936,1.0,0.4687547631480778,0.18566368763425078,0,0.0,0.0951887123827434
MANFIZ_noise,1,1.0,0.005,20,1,0.008072856835313133,0.006390110557416116,0.9998025101273075,1.0,0.564472390867125,0.21337160640432756,0,0.0,0.18518110858780815
MANFIZ_noise,1,1.0,0.005,20,2,0.007736091047060336,0.00615615234208459,0.9997874682848922,1.0,0.5944401184318676,0.2384496530978981,0,0.0,0.1769061298743541
MANFIZ_validation,1,1.0,0.005,20,1,0.008072856835313133,0.006390110557416116,0.9998025101273075,1.0,0.44081303956644324,0.16662814319718805,0,0.0,0.1283795320090413
MANFIZ_validation,1,1.0,0.005,20,2,0.007736091047060336,0.00615615234208459,0.9997874682848922,1.0,0.46974534829890124,0.188430443829579,0,0.0,0.11881645807386448
MANFIZ_noise,1,1.0,0.01,20,1,0.012281395539531677,0.010055056621285589,0.999542570498086,1.0,0.5644681928745556,0.21248996879361584,0,0.0,0.1782444849391002
MANFIZ_noise,1,1.0,0.01,20,2,0.012043314405172619,0.010085038995677077,0.9994847422548505,1.0,0.594439642353493,0.23703272442210646,0,0.0,0.1717914924537848
MANFIZ_validation,1,1.0,0.01,20,1,0.012281395539531677,0.010055056621285589,0.999542570498086,1.0,0.44080884157387434,0.16593930034034468,0,0.0,0.12358943410672937
MANFIZ_validation,1,1.0,0.01,20,2,0.012043314405172619,0.010085038995677077,0.9994847422548505,1.0,0.4697448722205273,0.18731070223532104,0,0.0,0.11370182065329518
MANFIZ_noise,1,1.0,0.02,20,1,0.022196364028431417,0.0186672191108388,0.9985042123203249,1.0,0.5645019227227844,0.21031237425551538,0,0.0,0.16215828189427614
MANFIZ_noise,1,1.0,0.02,20,2,0.022027795323904687,0.0187768674413695,0.9982759993338504,1.0,0.5944935995640176,0.23427042361439138,0,0.0,0.16157660757367387
MANFIZ_validation,1,1.0,0.02,20,1,0.022196364028431417,0.0186672191108388,0.9985042123203249,1.0,0.4408425714221029,0.164241509438081,0,0.0,0.10547366904776334
MANFIZ_validation,1,1.0,0.02,20,2,0.022027795323904687,0.0187768674413695,0.9982759993338504,1.0,0.4697988294310526,0.18513230565488395,0,0.0,0.10348693577318424
MANFIZ_noise,1,1.15,0.005,1,1,0.010464376930301559,0.007699717942518756,0.999750041430369,1.0,0.5850826080291915,0.19129810868664032,0,0.0,0.17469300808807578
MANFIZ_noise,1,1.15,0.005,1,2,0.009119188080968933,0.00698785380850953,0.9997612277706021,1.0,0.6182478532109944,0.20287875970947652,0,0.0,0.17031535637296066
MANFIZ_validation,1,1.15,0.005,1,1,0.010464376930301559,0.007699717942518756,0.999750041430369,1.0,0.4617394390372439,0.15096993173560197,0,0.0,0.11864073039334128
MANFIZ_validation,1,1.15,0.005,1,2,0.009119188080968933,0.00698785380850953,0.9997612277706021,1.0,0.49387346545588984,0.1620651581800432,0,0.0,0.11328718360892182
MANFIZ_noise,1,1.15,0.01,1,1,0.013800233792034457,0.010901540380662014,0.9995653699296033,1.0,0.5851052776545156,0.1907769885077797,0,0.0,0.16628003228235394
MANFIZ_noise,1,1.15,0.01,1,2,0.012944222246592996,0.01059232488516231,0.9995189311373287,1.0,0.6182775038220426,0.20278712660446108,0,0.0,0.16422022670694847
MANFIZ_validation,1,1.15,0.01,1,1,0.013800233792034457,0.010901540380662014,0.9995653699296033,1.0,0.4617621086625668,0.150560228837421,0,0.0,0.11022775458761944
MANFIZ_validation,1,1.15,0.01,1,2,0.012944222246592996,0.01059232488516231,0.9995189311373287,1.0,0.4939031160669378,0.16199391552993,0,0.0,0.10673343519009229
MANFIZ_noise,1,1.15,0.02,1,1,0.022812901641886076,0.018961282460127515,0.9988132137330353,1.0,0.5851907415611579,0.1897563500620858,0,0.0,0.14947173070054995
MANFIZ_noise,1,1.15,0.02,1,2,0.0224011047893747,0.01887656410663471,0.9985599629977784,1.0,0.6183816501339849,0.20220234216662716,0,0.0,0.15054954529109504
MANFIZ_validation,1,1.15,0.02,1,1,0.022812901641886076,0.018961282460127515,0.9988132137330353,1.0,0.4618475725692104,0.14976058818355145,0,0.0,0.09341945300581544
MANFIZ_validation,1,1.15,0.02,1,2,0.0224011047893747,0.01887656410663471,0.9985599629977784,1.0,0.49400726237888043,0.16153361840327907,0,0.0,0.09306275377423887
MANFIZ_noise,1,1.15,0.005,2,1,0.012021758301625888,0.008131926699432064,0.9996628201792946,1.0,0.5851016251713155,0.18080014898745067,0,0.0,0.17158514632600408
MANFIZ_noise,1,1.15,0.005,2,2,0.008572450930285901,0.00674804632499663,0.9997964548754015,1.0,0.620176511550156,0.21654895002769667,0,0.0,0.16870368707538108
MANFIZ_validation,1,1.15,0.005,2,1,0.012021758301625888,0.008131926699432064,0.9996628201792946,1.0,0.46142833842781794,0.14258431141830172,0,0.0,0.11750965160867449
MANFIZ_validation,1,1.15,0.005,2,2,0.008572450930285901,0.00674804632499663,0.9997964548754015,1.0,0.4956674161835598,0.1730737242357018,0,0.0,0.11289848300307812
MANFIZ_noise,1,1.15,0.01,2,1,0.015189393590416054,0.011408570228353343,0.9994619204354871,1.0,0.5851353171091407,0.1805243924126056,0,0.0,0.16376486918039124
MANFIZ_noise,1,1.15,0.01,2,2,0.012325578461674326,0.010118039814461396,0.9995795503644763,1.0,0.6202289238451949,0.21585229103752768,0,0.0,0.1589151957824481
MANFIZ_validation,1,1.15,0.01,2,1,0.015189393590416054,0.011408570228353343,0.9994619204354871,1.0,0.46146203036564315,0.14236903878031826,0,0.0,0.11061677269379944
MANFIZ_validation,1,1.15,0.01,2,2,0.012325578461674326,0.010118039814461396,0.9995795503644763,1.0,0.4957198284785979,0.17252059131080236,0,0.0,0.10310999171014512
MANFIZ_noise,1,1.15,0.02,2,1,0.02390340327841792,0.019388977702224815,0.9986688920212795,1.0,0.5852389532176896,0.1792099373952641,0,0.0,0.148124794065845
MANFIZ_noise,1,1.15,0.02,2,2,0.021563033042969956,0.018017288965971736,0.9987157660012648,1.0,0.6203797220255193,0.2142729882060408,0,0.0,0.13934309208060572
MANFIZ_validation,1,1.15,0.02,2,1,0.02390340327841792,0.019388977702224815,0.9986688920212795,1.0,0.46156566647419167,0.14133911240504046,0,0.0,0.0968395492396677
MANFIZ_validation,1,1.15,0.02,2,2,0.021563033042969956,0.018017288965971736,0.9987157660012648,1.0,0.49587062665892145,0.171268784529096,0,0.0,0.08353788800830275
MANFIZ_noise,1,1.15,0.005,3,1,0.01262058370048592,0.008750968113834606,0.9996443413966531,1.0,0.5822313338691308,0.18974655368002186,0,0.0,0.1690674620174934
MANFIZ_noise,1,1.15,0.005,3,2,0.008874840062470222,0.006719564921143703,0.999763845244538,1.0,0.6137224466293665,0.20370672046744714,0,0.0,0.166930267023784
MANFIZ_validation,1,1.15,0.005,3,1,0.01262058370048592,0.008750968113834606,0.9996443413966531,1.0,0.45876679505651824,0.14951001988561727,0,0.0,0.11696737785600927
MANFIZ_validation,1,1.15,0.005,3,2,0.008874840062470222,0.006719564921143703,0.999763845244538,1.0,0.48942607414897604,0.16245027540332907,0,0.0,0.10981144628391826
MANFIZ_noise,1,1.15,0.01,3,1,0.015489246876259221,0.011802973128780769,0.9994644945856836,1.0,0.582285497299582,0.18903441453603936,0,0.0,0.16049805127961211
MANFIZ_noise,1,1.15,0.01,3,2,0.012744330681963146,0.010372423174933944,0.9995132455127566,1.0,0.6137904226026775,0.20307804907265095,0,0.0,0.16182239659608766
MANFIZ_validation,1,1.15,0.01,3,1,0.015489246876259221,0.011802973128780769,0.9994644945856836,1.0,0.4588209584869703,0.14895262146607324,0,0.0,0.10725719881290571
MANFIZ_validation,1,1.15,0.01,3,2,0.012744330681963146,0.010372423174933944,0.9995132455127566,1.0,0.4894940501222865,0.16195348293313486,0,0.0,0.10470357585622192
MANFIZ_noise,1,1.15,0.02,3,1,0.023696154332061656,0.01937590882321556,0.9987480842446091,1.0,0.5824264876791877,0.18747725324246176,0,0.0,0.13999890765402184
MANFIZ_noise,1,1.15,0.02,3,2,0.02229729668794954,0.018735952118240227,0.9985120572380927,1.0,0.61397077057467,0.20184728273361402,0,0.0,0.15164151093469153
MANFIZ_validation,1,1.15,0.02,3,1,0.023696154332061656,0.01937590882321556,0.9987480842446091,1.0,0.45896194886657643,0.14773525472575727,0,0.0,0.08639950392255641
MANFIZ_validation,1,1.15,0.02,3,2,0.02229729668794954,0.018735952118240227,0.9985120572380927,1.0,0.48967439809427776,0.16098396115345248,0,0.0,0.09201002469305467
MANFIZ_noise,1,1.15,0.005,4,1,0.010340973362161932,0.00774839738503754,0.9997553079205962,1.0,0.5845412793344605,0.1849685838607871,0,0.0,0.1774049408137366
MANFIZ_noise,1,1.15,0.005,4,2,0.009501744136083236,0.007005919638094829,0.9997402409076079,1.0,0.617126949014322,0.21680108367981016,0,0.0,0.15526070865383934
MANFIZ_validation,1,1.15,0.005,4,1,0.010340973362161932,0.00774839738503754,0.9997553079205962,1.0,0.4611103498854437,0.14591087308491202,0,0.0,0.12032349655104888
MANFIZ_validation,1,1.15,0.005,4,2,0.009501744136083236,0.007005919638094829,0.9997402409076079,1.0,0.4928548592515661,0.1731434152296598,0,0.0,0.09882461272156068
MANFIZ_noise,1,1.15,0.01,4,1,0.013840850230303741,0.011049578516899966,0.999561746660869,1.0,0.5845433558549212,0.1847480584026789,0,0.0,0.1733755365616512
MANFIZ_noise,1,1.15,0.01,4,2,0.013125447681526018,0.010505674592216954,0.9995045000595131,1.0,0.6171263215158624,0.2155575897761302,0,0.0,0.14977629994260677
MANFIZ_validation,1,1.15,0.01,4,1,0.013840850230303741,0.011049578516899966,0.999561746660869,1.0,0.4611124264059056,0.14573705206048493,0,0.0,0.11629409229896345
MANFIZ_validation,1,1.15,0.01,4,2,0.013125447681526018,0.010505674592216954,0.9995045000595131,1.0,0.49285423175310683,0.17215028204713398,0,0.0,0.09334020401032812
MANFIZ_noise,1,1.15,0.02,4,1,0.023068645632218172,0.019181681104720648,0.9987835308348493,1.0,0.5845784165892517,0.1839251045706254,0,0.0,0.1611927938650934
MANFIZ_noise,1,1.15,0.02,4,2,0.02240992299651106,0.018713440028457422,0.9985571858394152,1.0,0.6171664168657555,0.21312718228921385,0,0.0,0.1388083379958749
MANFIZ_validation,1,1.15,0.02,4,1,0.023068645632218172,0.019181681104720648,0.9987835308348493,1.0,0.46114748714023546,0.1450902007118482,0,0.0,0.10636025657089612
MANFIZ_validation,1,1.15,0.02,4,2,0.02240992299651106,0.018713440028457422,0.9985571858394152,1.0,0.49289432710300013,0.17021207932098248,0,0.0,0.08237224206359624
MANFIZ_noise,1,1.15,0.005,5,1,0.011240825775256359,0.008258059302917732,0.9997143076905841,1.0,0.5827863942492119,0.20030352624158212,0,0.0,0.17620904309943888
MANFIZ_noise,1,1.15,0.005,5,2,0.009074171048768377,0.0070521917407339605,0.9997498034071134,1.0,0.6136295156633624,0.18117528554430914,0,0.0,0.15822055309215202
MANFIZ_validation,1,1.15,0.005,5,1,0.011240825775256359,0.008258059302917732,0.9997143076905841,1.0,0.4592344915897877,0.15783877067977564,0,0.0,0.12410834287844666
MANFIZ_validation,1,1.15,0.005,5,2,0.009074171048768377,0.0070521917407339605,0.9997498034071134,1.0,0.4892872466287422,0.14446299331824,0,0.0,0.10545688521480562
MANFIZ_noise,1,1.15,0.01,5,1,0.014560634244024886,0.011604215090678457,0.9995207263007443,1.0,0.5828085807520346,0.19981994996977528,0,0.0,0.16972909910695544
MANFIZ_noise,1,1.15,0.01,5,2,0.012798733826617751,0.010414849914363436,0.9995024191225168,1.0,0.6136490428202889,0.18131101089329657,0,0.0,0.14994262405241335
MANFIZ_validation,1,1.15,0.01,5,1,0.014560634244024886,0.011604215090678457,0.9995207263007443,1.0,0.45925667809261184,0.15745932621880077,0,0.0,0.11762839888596321
MANFIZ_validation,1,1.15,0.01,5,2,0.012798733826617751,0.010414849914363436,0.9995024191225168,1.0,0.4893067737856669,0.1445723851931406,0,0.0,0.09717895617506694
MANFIZ_noise,1,1.15,0.02,5,1,0.023518509831082657,0.019574390639101217,0.9987505012077081,1.0,0.5828858733958981,0.1983852105570439,0,0.0,0.15677018060029993
MANFIZ_noise,1,1.15,0.02,5,2,0.02216934559844579,0.01859873931966458,0.9985086827896269,1.0,0.6137348182162402,0.1815968707749729,0,0.0,0.13338853562578584
MANFIZ_validation,1,1.15,0.02,5,1,0.023518509831082657,0.019574390639101217,0.9987505012077081,1.0,0.4593339707364732,0.15633431973511874,0,0.0,0.1046694803793077
MANFIZ_validation,1,1.15,0.02,5,2,0.02216934559844579,0.01859873931966458,0.9985086827896269,1.0,0.4893925491816203,0.14480546463090924,0,0.0,0.08062486774843944
MANFIZ_noise,1,1.15,0.005,6,1,0.01051439725182619,0.007937680250316862,0.9997487942284896,1.0,0.5893206385787683,0.20367228222748743,0,0.0,0.16195377968705085
MANFIZ_noise,1,1.15,0.005,6,2,0.008848559695365708,0.006944357587441748,0.9997735389871708,1.0,0.6216743371402281,0.20800745076459387,0,0.0,0.17659388700122935
MANFIZ_validation,1,1.15,0.005,6,1,0.01051439725182619,0.007937680250316862,0.9997487942284896,1.0,0.46581163362702604,0.1609869268073325,0,0.0,0.1095644881227914
MANFIZ_validation,1,1.15,0.005,6,2,0.008848559695365708,0.006944357587441748,0.9997735389871708,1.0,0.49714058637447617,0.16633941577685668,0,0.0,0.11685642987061048
MANFIZ_noise,1,1.15,0.01,6,1,0.013667525586422159,0.01095483080887885,0.999575473539044,1.0,0.5893261132186601,0.20365866920238618,0,0.0,0.1543545738011066
MANFIZ_noise,1,1.15,0.01,6,2,0.012890404994621697,0.010611536360332194,0.9995195674554767,1.0,0.6217045131114602,0.20819548707807833,0,0.0,0.17028069278161642
MANFIZ_validation,1,1.15,0.01,6,1,0.013667525586422159,0.01095483080887885,0.999575473539044,1.0,0.4658171082669189,0.16097656328720222,0,0.0,0.10196528223684714
MANFIZ_validation,1,1.15,0.01,6,2,0.012890404994621697,0.010611536360332194,0.9995195674554767,1.0,0.4971707623457074,0.16649180896164228,0,0.0,0.11054323565099755
MANFIZ_noise,1,1.15,0.02,6,1,0.022240349807266132,0.0185182987194042,0.998875923764454,1.0,0.5893658301820212,0.20264008325245197,0,0.0,0.1391620324028747
MANFIZ_noise,1,1.15,0.02,6,2,0.022706100380627585,0.019184259171994348,0.9985110061142864,1.0,0.6218133498577177,0.20776657889461886,0,0.0,0.15765823873284074
MANFIZ_validation,1,1.15,0.02,6,1,0.022240349807266132,0.0185182987194042,0.998875923764454,1.0,0.46585682523027827,0.1601743111222302,0,0.0,0.08677274083861525
MANFIZ_validation,1,1.15,0.02,6,2,0.022706100380627585,0.019184259171994348,0.9985110061142864,1.0,0.49727959909196634,0.16615609986673094,0,0.0,0.09792078160222188
MANFIZ_noise,1,1.15,0.005,7,1,0.010900308194772898,0.008008402683165298,0.9997321689458135,1.0,0.5840048662461151,0.2117442537054168,0,0.0,0.18049168353484923
MANFIZ_noise,1,1.15,0.005,7,2,0.009049897857000262,0.006872780228920463,0.9997629680453444,1.0,0.6154135294359395,0.21800092556116177,0,0.0,0.17925348805353805
MANFIZ_validation,1,1.15,0.005,7,1,0.010900308194772898,0.008008402683165298,0.9997321689458135,1.0,0.46061829918462466,0.16700764606780458,0,0.0,0.12269579911543242
MANFIZ_validation,1,1.15,0.005,7,2,0.009049897857000262,0.006872780228920463,0.9997629680453444,1.0,0.4911648826169815,0.1739877235259695,0,0.0,0.12350804822995026
MANFIZ_noise,1,1.15,0.01,7,1,0.014348194050099652,0.011424653055119856,0.9995357441290772,1.0,0.5839952143460316,0.21051212735226602,0,0.0,0.1702289006179404
MANFIZ_noise,1,1.15,0.01,7,2,0.012774879790325665,0.01030460919883256,0.9995280684669066,1.0,0.6154377356535614,0.21714627768371514,0,0.0,0.17149039297791766
MANFIZ_validation,1,1.15,0.01,7,1,0.014348194050099652,0.011424653055119856,0.9995357441290772,1.0,0.46060864728454276,0.16603510411519443,0,0.0,0.11243301619852361
MANFIZ_validation,1,1.15,0.01,7,2,0.012774879790325665,0.01030460919883256,0.9995280684669066,1.0,0.4911890888346036,0.1733073487377612,0,0.0,0.11574495315432987
MANFIZ_noise,1,1.15,0.02,7,1,0.023537223751339636,0.019605632700916392,0.9987500753775732,1.0,0.5840069423698311,0.20810133674376977,0,0.0,0.14970490030837696
MANFIZ_noise,1,1.15,0.02,7,2,0.0221799053211521,0.01856036607479676,0.9985803292277388,1.0,0.6155331537553083,0.21547358140539058,0,0.0,0.15596892037643303
MANFIZ_validation,1,1.15,0.02,7,1,0.023537223751339636,0.019605632700916392,0.9987500753775732,1.0,0.4606203753083422,0.1641345485451111,0,0.0,0.09190901588896015
MANFIZ_validation,1,1.15,0.02,7,2,0.0221799053211521,0.01856036607479676,0.9985803292277388,1.0,0.4912845069363466,0.17197909089497707,0,0.0,0.10022348055284525
MANFIZ_noise,1,1.15,0.005,8,1,0.010619811206897,0.008043106869259962,0.999745442767778,1.0,0.5833928551898028,0.18392154371393327,0,0.0,0.17908496307977995
MANFIZ_noise,1,1.15,0.005,8,2,0.00916586530114659,0.007061845000333589,0.9997529157123749,1.0,0.6153227511202511,0.20379982955888212,0,0.0,0.1720021091755584
MANFIZ_validation,1,1.15,0.005,8,1,0.010619811206897,0.008043106869259962,0.999745442767778,1.0,0.4597999385257179,0.14495740518746725,0,0.0,0.12082028134614684
MANFIZ_validation,1,1.15,0.005,8,2,0.00916586530114659,0.007061845000333589,0.9997529157123749,1.0,0.49081589507370094,0.16256216039257443,0,0.0,0.11442729391804948
MANFIZ_noise,1,1.15,0.01,8,1,0.014015536801321121,0.011252971733269954,0.9995569091809926,1.0,0.5834297141203613,0.18334698084398385,0,0.0,0.1700642725434053
MANFIZ_noise,1,1.15,0.01,8,2,0.012950414940683648,0.010582899153833626,0.9995070901583715,1.0,0.6153738062664217,0.20387542798437466,0,0.0,0.1632535592607103
MANFIZ_validation,1,1.15,0.01,8,1,0.014015536801321121,0.011252971733269954,0.9995569091809926,1.0,0.45983679745627515,0.14450701850468575,0,0.0,0.1117995908097722
MANFIZ_validation,1,1.15,0.01,8,2,0.012950414940683648,0.010582899153833626,0.9995070901583715,1.0,0.49086695021987203,0.16262588452803609,0,0.0,0.1056787440032014
MANFIZ_noise,1,1.15,0.02,8,1,0.023129541249674437,0.01921709864964152,0.998795231721911,1.0,0.5835416884469518,0.18171450671301834,0,0.0,0.15202391962985398
MANFIZ_noise,1,1.15,0.02,8,2,0.022400084635924817,0.018858589271574425,0.9985279832615824,1.0,0.6155215744048783,0.20404189083650012,0,0.0,0.14576009035609383
MANFIZ_validation,1,1.15,0.02,8,1,0.023129541249674437,0.01921709864964152,0.998795231721911,1.0,0.4599487717828649,0.14322775190273304,0,0.0,0.09375923789622087
MANFIZ_validation,1,1.15,0.02,8,2,0.022400084635924817,0.018858589271574425,0.9985279832615824,1.0,0.4910147183583275,0.1627685782732341,0,0.0,0.08743774528230797
MANFIZ_noise,1,1.15,0.005,9,1,0.011581150503390317,0.008456376255350055,0.9996947595389017,1.0,0.5826324517150407,0.1911547545569466,0,0.0,0.1723214218087568
MANFIZ_noise,1,1.15,0.005,9,2,0.008741938414742984,0.006718545381858133,0.9997737780206735,1.0,0.6146384230437411,0.22528573378702985,0,0.0,0.16547491698718242
MANFIZ_validation,1,1.15,0.005,9,1,0.011581150503390317,0.008456376255350055,0.9996947595389017,1.0,0.45921019065843266,0.15066138356518066,0,0.0,0.11551987364471308
MANFIZ_validation,1,1.15,0.005,9,2,0.008741938414742984,0.006718545381858133,0.9997737780206735,1.0,0.4904674909715286,0.17977289485909798,0,0.0,0.10716092310405541
MANFIZ_noise,1,1.15,0.01,9,1,0.014832714663063195,0.011744556178198147,0.9994992629615979,1.0,0.5826497114255603,0.1910972503925304,0,0.0,0.16330695589075006
MANFIZ_noise,1,1.15,0.01,9,2,0.012544029582350687,0.010154065755038171,0.999534181506434,1.0,0.6146395523594593,0.2240287050065138,0,0.0,0.15820831180624378
MANFIZ_validation,1,1.15,0.01,9,1,0.014832714663063195,0.011744556178198147,0.9994992629615979,1.0,0.4592274503689535,0.1506172599923979,0,0.0,0.10650540772670636
MANFIZ_validation,1,1.15,0.01,9,2,0.012544029582350687,0.010154065755038171,0.999534181506434,1.0,0.49046862028724586,0.17876989762126913,0,0.0,0.10216677923764603
MANFIZ_noise,1,1.15,0.02,9,1,0.023717111853964374,0.01972126143372464,0.9987200277574273,1.0,0.5827182961595724,0.1900400234852638,0,0.0,0.14527812486718644
MANFIZ_noise,1,1.15,0.02,9,2,0.021986139043747584,0.018346299523312338,0.9985694657929811,1.0,0.6146892371950196,0.22157337505181202,0,0.0,0.1403111483421656
MANFIZ_validation,1,1.15,0.02,9,1,0.023717111853964374,0.01972126143372464,0.9987200277574273,1.0,0.45929603510296557,0.14978872273774288,0,0.0,0.08847657670314274
MANFIZ_validation,1,1.15,0.02,9,2,0.021986139043747584,0.018346299523312338,0.9985694657929811,1.0,0.49051830512280736,0.1768142173543096,0,0.0,0.08426961577356784
MANFIZ_noise,1,1.15,0.005,10,1,0.012686585175611933,0.008752897024614318,0.9996259807686028,1.0,0.5819646155891867,0.17386385878165497,0,0.0,0.1654225023630687
MANFIZ_noise,1,1.15,0.005,10,2,0.00958959564211845,0.0070647594659859056,0.9997312828816154,1.0,0.6138099250801113,0.18198378458552497,0,0.0,0.13131310577697639
MANFIZ_validation,1,1.15,0.005,10,1,0.012686585175611933,0.008752897024614318,0.9996259807686028,1.0,0.45835398438659947,0.13693477280009622,0,0.0,0.10889801262356963
MANFIZ_validation,1,1.15,0.005,10,2,0.00958959564211845,0.0070647594659859056,0.9997312828816154,1.0,0.4893212425947891,0.14507509241377833,0,0.0,0.07663703863906043
MANFIZ_noise,1,1.15,0.01,10,1,0.015644611380854354,0.011985491570851636,0.9994316098613386,1.0,0.58199499193214,0.1737209875652546,0,0.0,0.1566572300113704
MANFIZ_noise,1,1.15,0.01,10,2,0.013376324496333072,0.01075033990244246,0.9994769077038671,1.0,0.6138100742859713,0.1813834313846347,0,0.0,0.1237563801293155
MANFIZ_validation,1,1.15,0.01,10,1,0.015644611380854354,0.011985491570851636,0.9994316098613386,1.0,0.45838436072955313,0.13682417363428234,0,0.0,0.10013274027187133
MANFIZ_validation,1,1.15,0.01,10,2,0.013376324496333072,0.01075033990244246,0.9994769077038671,1.0,0.4893213918006461,0.1445965076378919,0,0.0,0.07000215774740423
MANFIZ_noise,1,1.15,0.02,10,1,0.024043274403840204,0.01972227046611821,0.9986597680016881,1.0,0.5820916334916563,0.17319027812189294,0,0.0,0.13914836489132482
MANFIZ_noise,1,1.15,0.02,10,2,0.022842920443453662,0.01916416799807301,0.9984737198387525,1.0,0.613855927166836,0.1802079044153199,0,0.0,0.10814721415195538
MANFIZ_validation,1,1.15,0.02,10,1,0.024043274403840204,0.01972227046611821,0.9986597680016881,1.0,0.4584810022890683,0.13641228928810253,0,0.0,0.08262387515182573
MANFIZ_validation,1,1.15,0.02,10,2,0.022842920443453662,0.01916416799807301,0.9984737198387525,1.0,0.48936724468151277,0.14366212290328917,0,0.0,0.05448228880858352
MANFIZ_noise,1,1.15,0.005,11,1,0.01202930031748419,0.00843002623169183,0.999674765357396,1.0,0.5844821795183045,0.17039624919733962,0,0.0,0.17299212953253754
MANFIZ_noise,1,1.15,0.005,11,2,0.009195595864857381,0.007099323215938041,0.9997527729113289,1.0,0.6172165815198117,0.19606654735848345,0,0.0,0.16100234146810685
MANFIZ_validation,1,1.15,0.005,11,1,0.01202930031748419,0.00843002623169183,0.999674765357396,1.0,0.46099436662443166,0.13439539087170124,0,0.0,0.11494910453419122
MANFIZ_validation,1,1.15,0.005,11,2,0.009195595864857381,0.007099323215938041,0.9997527729113289,1.0,0.49299364661997863,0.15660558231348304,0,0.0,0.10281191907359824
MANFIZ_noise,1,1.15,0.01,11,1,0.015137183283210088,0.011743023063076116,0.9994849029667215,1.0,0.5845034857323136,0.16982650953038297,0,0.0,0.1640689973762699
MANFIZ_noise,1,1.15,0.01,11,2,0.013037066543374715,0.010677595621541644,0.9995031979598787,1.0,0.6172626948382212,0.19527697881716635,0,0.0,0.15367349133652303
MANFIZ_validation,1,1.15,0.01,11,1,0.015137183283210088,0.011743023063076116,0.9994849029667215,1.0,0.46101567283844147,0.13394733216836516,0,0.0,0.10602597237792358
MANFIZ_validation,1,1.15,0.01,11,2,0.013037066543374715,0.010677595621541644,0.9995031979598787,1.0,0.49303975993838867,0.15597786090530455,0,0.0,0.094189089543242
MANFIZ_noise,1,1.15,0.02,11,1,0.023792998035200054,0.019706478877055417,0.998727323192864,1.0,0.5845830040023055,0.1683186024690507,0,0.0,0.1462230402419047
MANFIZ_noise,1,1.15,0.02,11,2,0.022556503671389512,0.01907419957920732,0.998514237770713,1.0,0.6174042932399503,0.19373260604850698,0,0.0,0.13442586686274252
MANFIZ_validation,1,1.15,0.02,11,1,0.023792998035200054,0.019706478877055417,0.998727323192864,1.0,0.46109519110843333,0.13276283716976706,0,0.0,0.08818001524355837
MANFIZ_validation,1,1.15,0.02,11,2,0.022556503671389512,0.01907419957920732,0.998514237770713,1.0,0.4931813583401149,0.15475323196147578,0,0.0,0.0749414650694615
MANFIZ_noise,1,1.15,0.005,12,1,0.012504969726109792,0.008871984883359314,0.9996510303172143,1.0,0.5848860727565061,0.18838527936324087,0,0.0,0.1634762479515368
MANFIZ_noise,1,1.15,0.005,12,2,0.009020872313675436,0.006924380645984017,0.9997611371328669,1.0,0.6166870363785691,0.20901932949921206,0,0.0,0.17182290645765083
MANFIZ_validation,1,1.15,0.005,12,1,0.012504969726109792,0.008871984883359314,0.9996510303172143,1.0,0.46138290558973144,0.1486062869531347,0,0.0,0.10818037298721617
MANFIZ_validation,1,1.15,0.005,12,2,0.009020872313675436,0.006924380645984017,0.9997611371328669,1.0,0.49233967707706633,0.16687315140079248,0,0.0,0.11713063569966467
MANFIZ_noise,1,1.15,0.01,12,1,0.015478409722804148,0.012073133624531197,0.9994654665721255,1.0,0.5849057623681404,0.18811266358735257,0,0.0,0.15515936090158733
MANFIZ_noise,1,1.15,0.01,12,2,0.012914473187964298,0.010483349585788887,0.9995104136181223,1.0,0.6167243289491479,0.20939611387794663,0,0.0,0.16482363339350994
MANFIZ_validation,1,1.15,0.01,12,1,0.015478409722804148,0.012073133624531197,0.9994654665721255,1.0,0.4614025952013666,0.1483925732207384,0,0.0,0.09986348593726666
MANFIZ_validation,1,1.15,0.01,12,2,0.012914473187964298,0.010483349585788887,0.9995104136181223,1.0,0.49237696964764643,0.16717651496397856,0,0.0,0.10890216900923677
MANFIZ_noise,1,1.15,0.02,12,1,0.023928677927722183,0.01974907900670688,0.9987235195201811,1.0,0.584980075027762,0.1872378043409396,0,0.0,0.1385256417528607
MANFIZ_noise,1,1.15,0.02,12,2,0.02255547833924055,0.018967291110892452,0.9985070840952729,1.0,0.616843104262322,0.21016869099719612,0,0.0,0.1483667000126539
MANFIZ_validation,1,1.15,0.02,12,1,0.023928677927722183,0.01974907900670688,0.9987235195201811,1.0,0.46147690786098866,0.14770746333169887,0,0.0,0.08322976678854002
MANFIZ_validation,1,1.15,0.02,12,2,0.02255547833924055,0.018967291110892452,0.9985070840952729,1.0,0.4924957449608194,0.16780148035194106,0,0.0,0.09244523562838072
MANFIZ_noise,1,1.15,0.005,13,1,0.012054195225125977,0.008405633987903985,0.999668875444082,1.0,0.5845711294256875,0.19132723517713532,0,0.0,0.15280836455243493
MANFIZ_noise,1,1.15,0.005,13,2,0.0089929195361445,0.00698443584834122,0.9997729529535972,1.0,0.6188978522509369,0.19963006998712327,0,0.0,0.1559068106573548
MANFIZ_validation,1,1.15,0.005,13,1,0.012054195225125977,0.008405633987903985,0.999668875444082,1.0,0.46115911322754466,0.1509350935569629,0,0.0,0.10159055754234997
MANFIZ_validation,1,1.15,0.005,13,2,0.0089929195361445,0.00698443584834122,0.9997729529535972,1.0,0.49445895751845254,0.15949138607633498,0,0.0,0.10158378374374927
MANFIZ_noise,1,1.15,0.01,13,1,0.015133128936150052,0.011648477207259434,0.9994783132725932,1.0,0.5846136855488324,0.191113404571134,0,0.0,0.1459932805704109
MANFIZ_noise,1,1.15,0.01,13,2,0.012785824306093513,0.010499432363351319,0.9995411498813901,1.0,0.6189484317354483,0.1990533131712933,0,0.0,0.14993397315078455
MANFIZ_validation,1,1.15,0.01,13,1,0.015133128936150052,0.011648477207259434,0.9994783132725932,1.0,0.4612016693506892,0.15076934290505623,0,0.0,0.09477547356032592
MANFIZ_validation,1,1.15,0.01,13,2,0.012785824306093513,0.010499432363351319,0.9995411498813901,1.0,0.49450953700296413,0.1590338656473322,0,0.0,0.09561094623717903
MANFIZ_noise,1,1.15,0.02,13,1,0.023746341182014123,0.01952920191668436,0.9987168631822417,1.0,0.5847361714147529,0.1906994555285274,0,0.0,0.13236328777394016
MANFIZ_noise,1,1.15,0.02,13,2,0.02217890411808808,0.0187618458100539,0.9986205432152507,1.0,0.6190986897909373,0.19792571571063117,0,0.0,0.13800771730074735
MANFIZ_validation,1,1.15,0.02,13,1,0.023746341182014123,0.01952920191668436,0.9987168631822417,1.0,0.4613241552166089,0.15045121120028185,0,0.0,0.0811454807638552
MANFIZ_validation,1,1.15,0.02,13,2,0.02217890411808808,0.0187618458100539,0.9986205432152507,1.0,0.49465979505845464,0.158142628283191,0,0.0,0.08368469038714182
MANFIZ_noise,1,1.15,0.005,14,1,0.012199826571410574,0.008492798447536788,0.9996551227107394,1.0,0.5845839530121437,0.19007793158382055,0,0.0,0.1707609474174952
MANFIZ_noise,1,1.15,0.005,14,2,0.008769984744657452,0.00666673935776263,0.9997838128831783,1.0,0.618746653971104,0.24107033961056956,0,0.0,0.1482011513534721
MANFIZ_validation,1,1.15,0.005,14,1,0.012199826571410574,0.008492798447536788,0.9996551227107394,1.0,0.4611325482275101,0.1499376103319769,0,0.0,0.11677061237506786
MANFIZ_validation,1,1.15,0.005,14,2,0.008769984744657452,0.00666673935776263,0.9997838128831783,1.0,0.4943907551324446,0.19261994626587559,0,0.0,0.0926625987682766
MANFIZ_noise,1,1.15,0.01,14,1,0.01529655921923527,0.011663013817487362,0.9994579759071995,1.0,0.5846231612790801,0.19005561251554254,0,0.0,0.1600965946948307
MANFIZ_noise,1,1.15,0.01,14,2,0.012413545823857631,0.010002657784993046,0.9995671075987467,1.0,0.6188003486918319,0.24018725676196612,0,0.0,0.14319311582722763
MANFIZ_validation,1,1.15,0.01,14,1,0.01529655921923527,0.011663013817487362,0.9994579759071995,1.0,0.46117175649444747,0.1499226962949222,0,0.0,0.10610625965240336
MANFIZ_validation,1,1.15,0.01,14,2,0.012413545823857631,0.010002657784993046,0.9995671075987467,1.0,0.49444444985317193,0.1919185344392171,0,0.0,0.0877593319528085
MANFIZ_noise,1,1.15,0.02,14,1,0.02402063260322732,0.019623904277429445,0.9986646445949504,1.0,0.5847369137241419,0.18910906832730182,0,0.0,0.1387701750065384
MANFIZ_noise,1,1.15,0.02,14,2,0.021573546621230406,0.01797649304006108,0.9986945318125481,1.0,0.6189556868003077,0.2383184395307727,0,0.0,0.12976777105199475
MANFIZ_validation,1,1.15,0.02,14,1,0.02402063260322732,0.019623904277429445,0.9986646445949504,1.0,0.4612855089395075,0.14918379664600595,0,0.0,0.08477983996411106
MANFIZ_validation,1,1.15,0.02,14,2,0.021573546621230406,0.01797649304006108,0.9986945318125481,1.0,0.49459978796164816,0.19043729975018375,0,0.0,0.0764957741594863
MANFIZ_noise,1,1.15,0.005,15,1,0.011109572992708565,0.008271453186328513,0.9997228498840031,1.0,0.5821676241895684,0.17359390762888519,0,0.0,0.17810436936431012
MANFIZ_noise,1,1.15,0.005,15,2,0.009015181153883741,0.006902563379246974,0.9997577755766703,1.0,0.612772942383515,0.22636617611385793,0,0.0,0.1689996005452503
MANFIZ_validation,1,1.15,0.005,15,1,0.011109572992708565,0.008271453186328513,0.9997228498840031,1.0,0.4585863366530764,0.13674376735677196,0,0.0,0.12320688790540837
MANFIZ_validation,1,1.15,0.005,15,2,0.009015181153883741,0.006902563379246974,0.9997577755766703,1.0,0.48844817078258046,0.18043901256439665,0,0.0,0.11149620325412726
MANFIZ_noise,1,1.15,0.01,15,1,0.014467609738812616,0.011589988788560823,0.999530097619188,1.0,0.5821898336646752,0.17280661748138954,0,0.0,0.1699819253328528
MANFIZ_noise,1,1.15,0.01,15,2,0.012706335812139185,0.010251600991680218,0.9995190820284707,1.0,0.6128170977595965,0.2260246022338756,0,0.0,0.16186746282114112
MANFIZ_validation,1,1.15,0.01,15,1,0.014467609738812616,0.011589988788560823,0.999530097619188,1.0,0.45860854612818164,0.13612500085344148,0,0.0,0.1156677168853674
MANFIZ_validation,1,1.15,0.01,15,2,0.012706335812139185,0.010251600991680218,0.9995190820284707,1.0,0.488492326158663,0.18017004440307888,0,0.0,0.10436406553001809
MANFIZ_noise,1,1.15,0.02,15,1,0.02353461037874494,0.019605559836077008,0.9987575813493815,1.0,0.5822707814258533,0.17126418835084048,0,0.0,0.15316090712611025
MANFIZ_noise,1,1.15,0.02,15,2,0.021969097425454262,0.01838431861683206,0.9985645418236206,1.0,0.612948328261545,0.22509608770182443,0,0.0,0.1476230921768616
MANFIZ_validation,1,1.15,0.02,15,1,0.02353461037874494,0.019605559836077008,0.9987575813493815,1.0,0.45868949388936053,0.13491503675257427,0,0.0,0.09800255589442808
MANFIZ_validation,1,1.15,0.02,15,2,0.021969097425454262,0.01838431861683206,0.9985645418236206,1.0,0.4886235566606118,0.1794396785047155,0,0.0,0.09011969488573857
MANFIZ_noise,1,1.15,0.005,16,1,0.011400988982944761,0.008211603168106704,0.9997112591937874,1.0,0.5889253560260039,0.20071646110374336,0,0.0,0.1756549243670626
MANFIZ_noise,1,1.15,0.005,16,2,0.009085885095139447,0.0068820292751884974,0.999754773954274,1.0,0.620509358072708,0.2081542441550491,0,0.0,0.16783222984123516
MANFIZ_validation,1,1.15,0.005,16,1,0.011400988982944761,0.008211603168106704,0.9997112591937874,1.0,0.46539077143359026,0.15861363026177253,0,0.0,0.11989527031580349
MANFIZ_validation,1,1.15,0.005,16,2,0.009085885095139447,0.0068820292751884974,0.999754773954274,1.0,0.49602828510850366,0.16639618955462626,0,0.0,0.11305186970844022
MANFIZ_noise,1,1.15,0.01,16,1,0.01468192619957502,0.011522716132374532,0.9995215301148174,1.0,0.5889722147006685,0.20028053863443143,0,0.0,0.16729851721631844
MANFIZ_noise,1,1.15,0.01,16,2,0.012796999995080731,0.010342175664122133,0.9995136927237248,1.0,0.6205678475651522,0.20805144737420286,0,0.0,0.16060330192293878
MANFIZ_validation,1,1.15,0.01,16,1,0.01468192619957502,0.011522716132374532,0.9995215301148174,1.0,0.46543763010825384,0.15827249050481995,0,0.0,0.1111051922034077
MANFIZ_validation,1,1.15,0.01,16,2,0.012796999995080731,0.010342175664122133,0.9995136927237248,1.0,0.4960867746009488,0.16631794876883524,0,0.0,0.10506561633047826
MANFIZ_noise,1,1.15,0.02,16,1,0.023645906004752585,0.019590497450631194,0.9987612484793145,1.0,0.5890958793763845,0.19841143098931013,0,0.0,0.14974318630750877
MANFIZ_noise,1,1.15,0.02,16,2,0.02213730740478415,0.018453717286271244,0.9985462912545631,1.0,0.6207292140771967,0.2062923371556696,0,0.0,0.14353880690013449
MANFIZ_validation,1,1.15,0.02,16,1,0.023645906004752585,0.019590497450631194,0.9987612484793145,1.0,0.465561294783971,0.15680415692112673,0,0.0,0.09354986129459802
MANFIZ_validation,1,1.15,0.02,16,2,0.02213730740478415,0.018453717286271244,0.9985462912545631,1.0,0.49624814111299287,0.16492245977426215,0,0.0,0.08549070884759274
MANFIZ_noise,1,1.15,0.005,17,1,0.013147126829521532,0.009249498919321414,0.999618093305155,1.0,0.5826997816032435,0.1802972633165609,0,0.0,0.17054621848808232
MANFIZ_noise,1,1.15,0.005,17,2,0.009302565337671388,0.00704272517372802,0.9997395520789352,1.0,0.6138409191107916,0.18997047750405138,0,0.0,0.16246232552679543
MANFIZ_validation,1,1.15,0.005,17,1,0.013147126829521532,0.009249498919321414,0.999618093305155,1.0,0.4591086875847508,0.14205606823575262,0,0.0,0.11356601984996706
MANFIZ_validation,1,1.15,0.005,17,2,0.009302565337671388,0.00704272517372802,0.9997395520789352,1.0,0.48932171904424526,0.15143448037741658,0,0.0,0.10546501943756126
MANFIZ_noise,1,1.15,0.01,17,1,0.016071562505305302,0.012286453553936823,0.9994289971814277,1.0,0.5826957361378132,0.1802594083545624,0,0.0,0.16279545178066557
MANFIZ_noise,1,1.15,0.01,17,2,0.012933297313342992,0.010497703473114454,0.9994964430105993,1.0,0.6138380113038183,0.1898262631921387,0,0.0,0.15422623849930941
MANFIZ_validation,1,1.15,0.01,17,1,0.016071562505305302,0.012286453553936823,0.9994289971814277,1.0,0.45910464211932184,0.14202597690141497,0,0.0,0.10917672079795387
MANFIZ_validation,1,1.15,0.01,17,2,0.012933297313342992,0.010497703473114454,0.9994964430105993,1.0,0.4893188112372707,0.15131933789746524,0,0.0,0.09722893241007524
MANFIZ_noise,1,1.15,0.02,17,1,0.02449203237701538,0.019960578022079314,0.9986729692762677,1.0,0.5827217001832671,0.17955334199508485,0,0.0,0.1449445459534419
MANFIZ_noise,1,1.15,0.02,17,2,0.02225246222442429,0.018702817514008204,0.9985092010694012,1.0,0.6138799673437269,0.18955323724583104,0,0.0,0.13777037654996785
MANFIZ_validation,1,1.15,0.02,17,1,0.02449203237701538,0.019960578022079314,0.9986729692762677,1.0,0.45913060616477586,0.14147136570199387,0,0.0,0.09174745465976997
MANFIZ_validation,1,1.15,0.02,17,2,0.02225246222442429,0.018702817514008204,0.9985092010694012,1.0,0.4893607672771808,0.15110432422134204,0,0.0,0.08077307046073368
MANFIZ_noise,1,1.15,0.005,18,1,0.012012853512239388,0.00830452080654643,0.9996591255493362,1.0,0.5842984089544273,0.20176855160376925,0,0.0,0.1699312377026262
MANFIZ_noise,1,1.15,0.005,18,2,0.0089219991109669,0.006938176861621361,0.9997741895588645,1.0,0.6176634939409217,0.23515782647250627,0,0.0,0.14305585571948098
MANFIZ_validation,1,1.15,0.005,18,1,0.012012853512239388,0.00830452080654643,0.9996591255493362,1.0,0.46067385907700525,0.1590788129545222,0,0.0,0.11573946083107897
MANFIZ_validation,1,1.15,0.005,18,2,0.0089219991109669,0.006938176861621361,0.9997741895588645,1.0,0.49320553285766977,0.18777399384739624,0,0.0,0.08763254526909531
MANFIZ_noise,1,1.15,0.01,18,1,0.015109203276200477,0.011508776038350281,0.9994606585539609,1.0,0.5842913072695791,0.20099455098873947,0,0.0,0.16342027134077725
MANFIZ_noise,1,1.15,0.01,18,2,0.012854718148993957,0.010525619977262046,0.9995311665910442,1.0,0.6176523595973259,0.2342668665369631,0,0.0,0.135039614122049
MANFIZ_validation,1,1.15,0.01,18,1,0.015109203276200477,0.011508776038350281,0.9994606585539609,1.0,0.4606667573921567,0.15846805678174403,0,0.0,0.10640589573162598
MANFIZ_validation,1,1.15,0.01,18,2,0.012854718148993957,0.010525619977262046,0.9995311665910442,1.0,0.4931943985140726,0.1870617096141249,0,0.0,0.07961630367166334
MANFIZ_noise,1,1.15,0.02,18,1,0.02383906157689782,0.019462562801978507,0.9986573622990613,1.0,0.584309320035381,0.19894755141883783,0,0.0,0.14345456176554836
MANFIZ_noise,1,1.15,0.02,18,2,0.022571293909972166,0.019054873126527275,0.9985546874469355,1.0,0.6176792374594152,0.23206700068057684,0,0.0,0.11900841814897833
MANFIZ_validation,1,1.15,0.02,18,1,0.02383906157689782,0.019462562801978507,0.9986573622990613,1.0,0.4606847701579584,0.15685545969611814,0,0.0,0.08644018615639709
MANFIZ_validation,1,1.15,0.02,18,2,0.022571293909972166,0.019054873126527275,0.9985546874469355,1.0,0.4932212763761622,0.18530715513645943,0,0.0,0.06358510769859266
MANFIZ_noise,1,1.15,0.005,19,1,0.011171040955335776,0.00832223589889724,0.9997169279412828,1.0,0.5857284098171529,0.18491937194772284,0,0.0,0.16558859899487147
MANFIZ_noise,1,1.15,0.005,19,2,0.008863661795824807,0.00694844264467447,0.999769999390882,1.0,0.6181000281186975,0.2165409714356987,0,0.0,0.17908891902161517
MANFIZ_validation,1,1.15,0.005,19,1,0.011171040955335776,0.00832223589889724,0.9997169279412828,1.0,0.46209465778209174,0.14588715941597807,0,0.0,0.1082276361078264
MANFIZ_validation,1,1.15,0.005,19,2,0.008863661795824807,0.00694844264467447,0.999769999390882,1.0,0.49360528547276705,0.1729263277133235,0,0.0,0.12040063270495317
MANFIZ_noise,1,1.15,0.01,19,1,0.014436677983617502,0.011533695598923449,0.9995273980369787,1.0,0.5857396369218208,0.18469757682253582,0,0.0,0.15759597632824018
MANFIZ_noise,1,1.15,0.01,19,2,0.012850097745013686,0.010580664882010826,0.9995165558483232,1.0,0.6181291721253125,0.21644649908640376,0,0.0,0.1747871053761963
MANFIZ_validation,1,1.15,0.01,19,1,0.014436677983617502,0.011533695598923449,0.9995273980369787,1.0,0.4621058848867587,0.1457129273725584,0,0.0,0.10024796890019558
MANFIZ_validation,1,1.15,0.01,19,2,0.012850097745013686,0.010580664882010826,0.9995165558483232,1.0,0.4936344294793826,0.17285293900943086,0,0.0,0.11663627403609494
MANFIZ_noise,1,1.15,0.02,19,1,0.023338253953746807,0.01938130841506268,0.9987661856885667,1.0,0.5857953595824142,0.18426606907969562,0,0.0,0.13316067670971216
MANFIZ_noise,1,1.15,0.02,19,2,0.022490409802849186,0.018985773500617788,0.998519541093169,1.0,0.6182366123569238,0.21627502284158867,0,0.0,0.15618097571602552
MANFIZ_validation,1,1.15,0.02,19,1,0.023338253953746807,0.01938130841506268,0.9987661856885667,1.0,0.46216160754735175,0.14537619888797093,0,0.0,0.07581266928166755
MANFIZ_validation,1,1.15,0.02,19,2,0.022490409802849186,0.018985773500617788,0.998519541093169,1.0,0.49374186971099354,0.17272356896253285,0,0.0,0.09822791003837772
MANFIZ_noise,1,1.15,0.005,20,1,0.01033119756681545,0.0079716104851145,0.999749451758837,1.0,0.5856958980416523,0.19677164144017534,0,0.0,0.18176163983883648
MANFIZ_noise,1,1.15,0.005,20,2,0.009984217865341346,0.007380491625923935,0.9997270880525487,1.0,0.6195357104748102,0.21940887216266464,0,0.0,0.1746274107733519
MANFIZ_validation,1,1.15,0.005,20,1,0.01033119756681545,0.0079716104851145,0.999749451758837,1.0,0.46226892449647283,0.15530485250809564,0,0.0,0.12655833143208364
MANFIZ_validation,1,1.15,0.005,20,2,0.009984217865341346,0.007380491625923935,0.9997270880525487,1.0,0.4951378472226228,0.17535330859444062,0,0.0,0.11706308830023412
MANFIZ_noise,1,1.15,0.01,20,1,0.013898329630819946,0.011150082797671993,0.999546244864325,1.0,0.5856917281460838,0.1960926528609647,0,0.0,0.174347482228325
MANFIZ_noise,1,1.15,0.01,20,2,0.013590650678138194,0.011007973701176869,0.9994941529340673,1.0,0.6195402909275108,0.21825876060086916,0,0.0,0.1694314652943589
MANFIZ_validation,1,1.15,0.01,20,1,0.013898329630819946,0.011150082797671993,0.999546244864325,1.0,0.4622647546009053,0.15476865678254068,0,0.0,0.11914417382157216
MANFIZ_validation,1,1.15,0.01,20,2,0.013590650678138194,0.011007973701176869,0.9994941529340673,1.0,0.4951424276753207,0.17443445433311713,0,0.0,0.11186714282124113
MANFIZ_noise,1,1.15,0.02,20,1,0.023170577353791105,0.019270217679752386,0.9987375087570635,1.0,0.5857212972058747,0.1944484826148201,0,0.0,0.1583174899237269
MANFIZ_noise,1,1.15,0.02,20,2,0.022903490055606966,0.01935206498432379,0.9985630390649015,1.0,0.6196009386736452,0.21601233419528282,0,0.0,0.15908122916010084
MANFIZ_validation,1,1.15,0.02,20,1,0.023170577353791105,0.019270217679752386,0.9987375087570635,1.0,0.46229432366069506,0.15347304287224928,0,0.0,0.1019178786946516
MANFIZ_validation,1,1.15,0.02,20,2,0.022903490055606966,0.01935206498432379,0.9985630390649015,1.0,0.49520307542145525,0.17264333467837792,0,0.0,0.10151690668698307
MANFIZ_noise,1,1.3,0.005,1,1,0.014250671952813473,0.010001134309682325,0.9996278245861955,1.0,0.6058826793072642,0.17916012494418418,0,0.0,0.16752161474113678
MANFIZ_noise,1,1.3,0.005,1,2,0.012038751601949572,0.008813674868632274,0.9996683106788894,1.0,0.6426283944646232,0.18894567944375235,0,0.0,0.15899722514001077
MANFIZ_validation,1,1.3,0.005,1,1,0.014250671952813473,0.010001134309682325,0.9996278245861955,1.0,0.4827280409135938,0.14274317302323944,0,0.0,0.11182165542066785
MANFIZ_validation,1,1.3,0.005,1,2,0.012038751601949572,0.008813674868632274,0.9996683106788894,1.0,0.5185209805628861,0.1524556023701947,0,0.0,0.10273918748150015
MANFIZ_noise,1,1.3,0.01,1,1,0.016820231347709373,0.012714196291718213,0.9994816008881344,1.0,0.6059034440940541,0.1787184752465477,0,0.0,0.15877494591768684
MANFIZ_noise,1,1.3,0.01,1,2,0.015160720732927055,0.012043830264630184,0.9994739810301594,1.0,0.6426539802285478,0.18893731143211334,0,0.0,0.1542366142796699
MANFIZ_validation,1,1.3,0.01,1,1,0.016820231347709373,0.012714196291718213,0.9994816008881344,1.0,0.4827488057003834,0.14239254013626607,0,0.0,0.10307498659721792
MANFIZ_validation,1,1.3,0.01,1,2,0.015160720732927055,0.012043830264630184,0.9994739810301594,1.0,0.5185465663268108,0.15245030313093136,0,0.0,0.09982201808201888
MANFIZ_noise,1,1.3,0.02,1,1,0.024716283835754797,0.020053834480084756,0.9988813465437232,1.0,0.6059787950769312,0.17785169220721314,0,0.0,0.1412932954434727
MANFIZ_noise,1,1.3,0.02,1,2,0.023774837625389154,0.019780118470466738,0.99870689732947,1.0,0.642746756212611,0.18847732888517932,0,0.0,0.14181551354320643
MANFIZ_validation,1,1.3,0.02,1,1,0.024716283835754797,0.020053834480084756,0.9988813465437232,1.0,0.48282415668326273,0.141706432638022,0,0.0,0.08559333612300377
MANFIZ_validation,1,1.3,0.02,1,2,0.023774837625389154,0.019780118470466738,0.99870689732947,1.0,0.5186393423108752,0.15208440485880118,0,0.0,0.08740091734555541
MANFIZ_noise,1,1.3,0.005,2,1,0.0167862378316737,0.010605262478477451,0.9994726568320611,1.0,0.6056129203997297,0.16977751770252295,0,0.0,0.12189774825140265
MANFIZ_noise,1,1.3,0.005,2,2,0.011118224863113362,0.008329806179371992,0.999726884185687,1.0,0.6449175407103027,0.20196999672475152,0,0.0,0.1654069071799133
MANFIZ_validation,1,1.3,0.005,2,1,0.0167862378316737,0.010605262478477451,0.9994726568320611,1.0,0.4820387112326481,0.13513472561910486,0,0.0,0.0727015087937321
MANFIZ_validation,1,1.3,0.005,2,2,0.011118224863113362,0.008329806179371992,0.999726884185687,1.0,0.5206777724557022,0.16306160301006234,0,0.0,0.11010084001981812
MANFIZ_noise,1,1.3,0.01,2,1,0.019206055433187177,0.013449612379615108,0.9993098767206818,1.0,0.6056440728815291,0.16940129673794427,0,0.0,0.11348423401383939
MANFIZ_noise,1,1.3,0.01,2,2,0.014206811448279915,0.011349621227143473,0.9995543821636058,1.0,0.6449681295160061,0.20139039509352907,0,0.0,0.15556035647900612
MANFIZ_validation,1,1.3,0.01,2,1,0.019206055433187177,0.013449612379615108,0.9993098767206818,1.0,0.4820698637144491,0.13483704982527916,0,0.0,0.06428799455616885
MANFIZ_validation,1,1.3,0.01,2,2,0.014206811448279915,0.011349621227143473,0.9995543821636058,1.0,0.5207283612614054,0.16259670146730534,0,0.0,0.10025428931891095
MANFIZ_noise,1,1.3,0.02,2,1,0.026679992555087472,0.020869708519364222,0.9986694618385064,1.0,0.6057389325525258,0.16818730244294233,0,0.0,0.096657306438931
MANFIZ_noise,1,1.3,0.02,2,2,0.02268812946802042,0.018800407696918653,0.9988654698708886,1.0,0.6451102692163356,0.20005881981202914,0,0.0,0.13586837964113585
MANFIZ_validation,1,1.3,0.02,2,1,0.026679992555087472,0.020869708519364222,0.9986694618385064,1.0,0.48216472338544636,0.13387613013022528,0,0.0,0.04746106698126043
MANFIZ_validation,1,1.3,0.02,2,2,0.02268812946802042,0.018800407696918653,0.9988654698708886,1.0,0.5208705009617352,0.1615301176710309,0,0.0,0.08056231248104068
MANFIZ_noise,1,1.3,0.005,3,1,0.01732834364600564,0.011284522664633046,0.999461339135934,1.0,0.6019856270488242,0.17669483267244054,0,0.0,0.13433634627310193
MANFIZ_noise,1,1.3,0.005,3,2,0.011973461549159937,0.008555506817643884,0.9996575953335533,1.0,0.6370235233085113,0.18953146197044568,0,0.0,0.1663619846635223
MANFIZ_validation,1,1.3,0.005,3,1,0.01732834364600564,0.011284522664633046,0.999461339135934,1.0,0.478605862449837,0.14048040182654428,0,0.0,0.08382716760654244
MANFIZ_validation,1,1.3,0.005,3,2,0.011973461549159937,0.008555506817643884,0.9996575953335533,1.0,0.5130063053665977,0.15263303708346598,0,0.0,0.10965041310638476
MANFIZ_noise,1,1.3,0.01,3,1,0.019534849664609527,0.014008657571324691,0.9993156567821894,1.0,0.6020358686390169,0.17602919535001435,0,0.0,0.12674230013720006
MANFIZ_noise,1,1.3,0.01,3,2,0.015044925142809452,0.011771300770401729,0.9994595995494968,1.0,0.6370885445891509,0.18924630336917056,0,0.0,0.16125573349257144
MANFIZ_validation,1,1.3,0.01,3,1,0.019534849664609527,0.014008657571324691,0.9993156567821894,1.0,0.4786561040400289,0.13995420079207962,0,0.0,0.07598432223742463
MANFIZ_validation,1,1.3,0.01,3,2,0.015044925142809452,0.011771300770401729,0.9994595995494968,1.0,0.5130713266472362,0.1524071540092155,0,0.0,0.1045441619354339
MANFIZ_noise,1,1.3,0.02,3,1,0.02654461779619687,0.021012449971362125,0.9987375969876061,1.0,0.6021657541088327,0.17472171183662236,0,0.0,0.10855979823519868
MANFIZ_noise,1,1.3,0.02,3,2,0.02366154824664636,0.01959531950867774,0.9986648266596796,1.0,0.6372557321707698,0.18807811178427275,0,0.0,0.15104842452807923
MANFIZ_validation,1,1.3,0.02,3,1,0.02654461779619687,0.021012449971362125,0.9987375969876061,1.0,0.478785989509843,0.13892239324428868,0,0.0,0.05780182033542325
MANFIZ_validation,1,1.3,0.02,3,2,0.02366154824664636,0.01959531950867774,0.9986648266596796,1.0,0.5132385142288558,0.1514759707571548,0,0.0,0.09419061680954186
MANFIZ_noise,1,1.3,0.005,4,1,0.013944727474105103,0.010002381170192573,0.9996429607609867,1.0,0.6046755192891138,0.17293370764209232,0,0.0,0.1729927531103193
MANFIZ_noise,1,1.3,0.005,4,2,0.012375560673843733,0.008649802769844131,0.9996486902919424,1.0,0.6408240025815675,0.20211402544464957,0,0.0,0.15038934827085532
MANFIZ_validation,1,1.3,0.005,4,1,0.013944727474105103,0.010002381170192573,0.9996429607609867,1.0,0.48140092252318617,0.13767788464816885,0,0.0,0.11810947767262187
MANFIZ_validation,1,1.3,0.005,4,2,0.012375560673843733,0.008649802769844131,0.9996486902919424,1.0,0.5168392234205622,0.16300958692620157,0,0.0,0.09452307819339727
MANFIZ_noise,1,1.3,0.01,4,1,0.016698386260339836,0.012816728783414479,0.9994881260918642,1.0,0.6046759021980903,0.17243722063671071,0,0.0,0.1706075221181901
MANFIZ_noise,1,1.3,0.01,4,2,0.015306568027627794,0.011778573611084779,0.9994627273785531,1.0,0.6408218424907368,0.20107216362517025,0,0.0,0.14493364014099275
MANFIZ_validation,1,1.3,0.01,4,1,0.016698386260339836,0.012816728783414479,0.9994881260918642,1.0,0.4814013054321627,0.13728263821635153,0,0.0,0.1139870233795886
MANFIZ_validation,1,1.3,0.01,4,2,0.015306568027627794,0.011778573611084779,0.9994627273785531,1.0,0.516837063329732,0.16216917039136436,0,0.0,0.0890673700635347
MANFIZ_noise,1,1.3,0.02,4,1,0.024888958426279882,0.020321771046093208,0.9988635644012238,1.0,0.6047048330891226,0.17100271120741697,0,0.0,0.15707847343168482
MANFIZ_noise,1,1.3,0.02,4,2,0.023719530223338274,0.019476724909488225,0.9987109835283836,1.0,0.6408547852790305,0.19903188715205014,0,0.0,0.13402438501627062
MANFIZ_validation,1,1.3,0.02,4,1,0.024888958426279882,0.020321771046093208,0.9988635644012238,1.0,0.4814302363231949,0.1361422485213715,0,0.0,0.10071650602277088
MANFIZ_validation,1,1.3,0.02,4,2,0.023719530223338274,0.019476724909488225,0.9987109835283836,1.0,0.5168700061180269,0.1605256215496168,0,0.0,0.0781581149388126
MANFIZ_noise,1,1.3,0.005,5,1,0.015349880117329892,0.010630448054709094,0.9995714744150119,1.0,0.6026464496194751,0.18577198968768555,0,0.0,0.16111471400836108
MANFIZ_noise,1,1.3,0.005,5,2,0.012212159825540914,0.00909973703145627,0.9996391181967449,1.0,0.6368115621385049,0.16846593782093314,0,0.0,0.14587705965188422
MANFIZ_validation,1,1.3,0.005,5,1,0.015349880117329892,0.010630448054709094,0.9995714744150119,1.0,0.4792181089974451,0.1477239294432717,0,0.0,0.11074959748295526
MANFIZ_validation,1,1.3,0.005,5,2,0.012212159825540914,0.00909973703145627,0.9996391181967449,1.0,0.5127525910707994,0.13564663592911952,0,0.0,0.09373870218089778
MANFIZ_noise,1,1.3,0.01,5,1,0.017928848656534633,0.01357132404401904,0.9994154700072082,1.0,0.6026671104244412,0.18536966467290103,0,0.0,0.15476229042723713
MANFIZ_noise,1,1.3,0.01,5,2,0.015190370824283685,0.012050170770222796,0.9994417842388597,1.0,0.6368263125220774,0.16857810666920198,0,0.0,0.13756026684074385
MANFIZ_validation,1,1.3,0.01,5,1,0.017928848656534633,0.01357132404401904,0.9994154700072082,1.0,0.47923876980241187,0.1474053063787765,0,0.0,0.10439717390183131
MANFIZ_validation,1,1.3,0.01,5,2,0.015190370824283685,0.012050170770222796,0.9994417842388597,1.0,0.512767341454371,0.13573771354050532,0,0.0,0.08540141881673918
MANFIZ_noise,1,1.3,0.02,5,1,0.02575195345584356,0.02100484750507147,0.9987947607511425,1.0,0.602734460323227,0.1843482269357177,0,0.0,0.14205913227832753
MANFIZ_noise,1,1.3,0.02,5,2,0.023642915157450945,0.01953038230697134,0.9986489020207688,1.0,0.6368970263920606,0.16881380123998477,0,0.0,0.12088903578539689
MANFIZ_validation,1,1.3,0.02,5,1,0.02575195345584356,0.02100484750507147,0.9987947607511425,1.0,0.4793061197011957,0.1465972814611763,0,0.0,0.09169401575292171
MANFIZ_validation,1,1.3,0.02,5,2,0.023642915157450945,0.01953038230697134,0.9986489020207688,1.0,0.512838055324355,0.13593114420749822,0,0.0,0.06873018776139223
MANFIZ_noise,1,1.3,0.005,6,1,0.014294902865526584,0.010196992979300752,0.9996277823811383,1.0,0.6105942263642639,0.19016437457426824,0,0.0,0.1463956112308326
MANFIZ_noise,1,1.3,0.005,6,2,0.011618564759721424,0.008830868118468732,0.999688696754577,1.0,0.6465546364630579,0.19374498857474404,0,0.0,0.17019432669858503
MANFIZ_validation,1,1.3,0.005,6,1,0.014294902865526584,0.010196992979300752,0.9996277823811383,1.0,0.48725301120975284,0.15175080296428192,0,0.0,0.09540423533157985
MANFIZ_validation,1,1.3,0.005,6,2,0.011618564759721424,0.008830868118468732,0.999688696754577,1.0,0.5223010163253837,0.15651145121178098,0,0.0,0.11521572721170364
MANFIZ_noise,1,1.3,0.01,6,1,0.016742196152776705,0.012849371002042373,0.9994893517918342,1.0,0.6105989990943308,0.18994876509203387,0,0.0,0.13922066309374376
MANFIZ_noise,1,1.3,0.01,6,2,0.014947294779758409,0.012040411670502304,0.9994849129293296,1.0,0.6465830351002889,0.19388725619687844,0,0.0,0.16329197112797916
MANFIZ_validation,1,1.3,0.01,6,1,0.016742196152776705,0.012849371002042373,0.9994893517918342,1.0,0.48725778393982133,0.15157904693281612,0,0.0,0.088229287194491
MANFIZ_validation,1,1.3,0.01,6,2,0.014947294779758409,0.012040411670502304,0.9994849129293296,1.0,0.5223294149626165,0.1566280146560208,0,0.0,0.10939786775374577
MANFIZ_noise,1,1.3,0.02,6,1,0.024245425567278357,0.01984015183072925,0.9989290511889074,1.0,0.6106337561872949,0.18909243070995588,0,0.0,0.1248714449681449
MANFIZ_noise,1,1.3,0.02,6,2,0.023958211837611255,0.020020931038020818,0.9986779026529323,1.0,0.6466823916322757,0.19352890606060952,0,0.0,0.14948837559249303
MANFIZ_validation,1,1.3,0.02,6,1,0.024245425567278357,0.01984015183072925,0.9989290511889074,1.0,0.48729254103278463,0.15089786654778017,0,0.0,0.07388006906889213
MANFIZ_validation,1,1.3,0.02,6,2,0.023958211837611255,0.020020931038020818,0.9986779026529323,1.0,0.5224287714946038,0.15634424247541656,0,0.0,0.09696028064657991
MANFIZ_noise,1,1.3,0.005,7,1,0.014957015658427494,0.010367655459550592,0.9995950745282229,1.0,0.6041041349908015,0.19672164235087336,0,0.0,0.16243229816165972
MANFIZ_noise,1,1.3,0.005,7,2,0.012226348864162209,0.00871718830336841,0.9996554805025509,1.0,0.6388598643751492,0.20244850936180045,0,0.0,0.1761310121445607
MANFIZ_validation,1,1.3,0.005,7,1,0.014957015658427494,0.010367655459550592,0.9995950745282229,1.0,0.4808697055375712,0.15659134369535854,0,0.0,0.11125375528924866
MANFIZ_validation,1,1.3,0.005,7,2,0.012226348864162209,0.00871718830336841,0.9996554805025509,1.0,0.5149007431881203,0.1631670632959127,0,0.0,0.12107844275485036
MANFIZ_noise,1,1.3,0.01,7,1,0.017644219413247026,0.013366789819711513,0.9994362840397438,1.0,0.6040911710291095,0.19569162643104818,0,0.0,0.16432542811719814
MANFIZ_noise,1,1.3,0.01,7,2,0.015182234573916983,0.011731867951888212,0.9994691326514912,1.0,0.6388813390815167,0.20173789106546744,0,0.0,0.16845647326074903
MANFIZ_validation,1,1.3,0.01,7,1,0.017644219413247026,0.013366789819711513,0.9994362840397438,1.0,0.4808567415758785,0.15577058952709555,0,0.0,0.11104087096575936
MANFIZ_validation,1,1.3,0.01,7,2,0.015182234573916983,0.011731867951888212,0.9994691326514912,1.0,0.5149222178944897,0.1625956432694197,0,0.0,0.11340390387103869
MANFIZ_noise,1,1.3,0.02,7,1,0.02570729261284813,0.021018524655605053,0.9988027379123049,1.0,0.6040942324820495,0.19367278243286343,0,0.0,0.1478910198543801
MANFIZ_noise,1,1.3,0.02,7,2,0.023636541471169406,0.019386169432682735,0.9987155391581343,1.0,0.6389671182734035,0.20034508615874608,0,0.0,0.15311118678868138
MANFIZ_validation,1,1.3,0.02,7,1,0.02570729261284813,0.021018524655605053,0.9988027379123049,1.0,0.4808598030288197,0.1541637893645632,0,0.0,0.09043303574935768
MANFIZ_validation,1,1.3,0.02,7,2,0.023636541471169406,0.019386169432682735,0.9987155391581343,1.0,0.5150079970863752,0.16147829614068557,0,0.0,0.09805861739897104
MANFIZ_noise,1,1.3,0.005,8,1,0.014497299235511458,0.010497245105154979,0.9996185008446725,1.0,0.6033801325530178,0.17257525744098137,0,0.0,0.16950132115796854
MANFIZ_noise,1,1.3,0.005,8,2,0.012132116418754637,0.008902041249333543,0.9996550270944934,1.0,0.6388664514269857,0.18973075028478545,0,0.0,0.16313351873810397
MANFIZ_validation,1,1.3,0.005,8,1,0.014497299235511458,0.010497245105154979,0.9996185008446725,1.0,0.47987234763826286,0.1372502829718289,0,0.0,0.1105224820190786
MANFIZ_validation,1,1.3,0.005,8,2,0.012132116418754637,0.008902041249333543,0.9996550270944934,1.0,0.5145870748733657,0.15282222377540974,0,0.0,0.10628798329746755
MANFIZ_noise,1,1.3,0.01,8,1,0.01711514490894425,0.013264454778732978,0.9994685811203359,1.0,0.6034135892059318,0.1721406352377312,0,0.0,0.16072510693955122
MANFIZ_noise,1,1.3,0.01,8,2,0.015173757036311885,0.01194154924276952,0.9994606881509367,1.0,0.6389144712657804,0.1897940001416808,0,0.0,0.15441119955649418
MANFIZ_validation,1,1.3,0.01,8,1,0.01711514490894425,0.013264454778732978,0.9994685811203359,1.0,0.4799058042911768,0.13690657864313371,0,0.0,0.10148757363340835
MANFIZ_validation,1,1.3,0.01,8,2,0.015173757036311885,0.01194154924276952,0.9994606881509367,1.0,0.5146350947121594,0.1528759444831577,0,0.0,0.09756566411585776
MANFIZ_noise,1,1.3,0.02,8,1,0.025105229047504042,0.020531370350833276,0.9988581762107586,1.0,0.6035147129208414,0.17074697542364764,0,0.0,0.14265679348387594
MANFIZ_noise,1,1.3,0.02,8,2,0.023729785671726157,0.019678426336306107,0.9986830383533456,1.0,0.6390530503093284,0.1899332410301251,0,0.0,0.13696982919140185
MANFIZ_validation,1,1.3,0.02,8,1,0.025105229047504042,0.020531370350833276,0.9988581762107586,1.0,0.48000692800608685,0.1358040315914982,0,0.0,0.08341926017773307
MANFIZ_validation,1,1.3,0.02,8,2,0.023729785671726157,0.019678426336306107,0.9986830383533456,1.0,0.5147736737557094,0.15299611230410384,0,0.0,0.08012429375076544
MANFIZ_noise,1,1.3,0.005,9,1,0.015842634697712354,0.010913530036895672,0.9995407234489536,1.0,0.6025860767792928,0.1789006571288741,0,0.0,0.14996711470834634
MANFIZ_noise,1,1.3,0.005,9,2,0.01140479963729579,0.008382462259134534,0.9996929841415868,1.0,0.638223425974495,0.2097199419298262,0,0.0,0.15241677291125033
MANFIZ_validation,1,1.3,0.005,9,1,0.015842634697712354,0.010913530036895672,0.9995407234489536,1.0,0.4793211906099676,0.14230477483688228,0,0.0,0.09303838412860752
MANFIZ_validation,1,1.3,0.005,9,2,0.01140479963729579,0.008382462259134534,0.9996929841415868,1.0,0.5143653799905197,0.169020241551954,0,0.0,0.09738571272029378
MANFIZ_noise,1,1.3,0.01,9,1,0.01836936773267421,0.013916763366468842,0.9993824917190325,1.0,0.6026031422876305,0.17885222639905018,0,0.0,0.14088594011880404
MANFIZ_noise,1,1.3,0.01,9,2,0.014530134345966039,0.011400150465049073,0.9995016323417515,1.0,0.6382223011774208,0.20866955459322697,0,0.0,0.1434403074922429
MANFIZ_validation,1,1.3,0.01,9,1,0.01836936773267421,0.013916763366468842,0.9993824917190325,1.0,0.4793382561183045,0.14226728718928003,0,0.0,0.08395720953906521
MANFIZ_validation,1,1.3,0.01,9,2,0.014530134345966039,0.011400150465049073,0.9995016323417515,1.0,0.5143642551934452,0.1681736282669565,0,0.0,0.08840924730128638
MANFIZ_noise,1,1.3,0.02,9,1,0.0261065633210351,0.021273505907666156,0.9987528973096378,1.0,0.6026681277274816,0.1787288636593148,0,0.0,0.12272366673871513
MANFIZ_noise,1,1.3,0.02,9,2,0.02318521881985838,0.01907876350055224,0.9987313768956197,1.0,0.6382599019897018,0.20661292145927762,0,0.0,0.1254943504974675
MANFIZ_validation,1,1.3,0.02,9,1,0.0261065633210351,0.021273505907666156,0.9987528973096378,1.0,0.47940324155815484,0.14217310100896163,0,0.0,0.0657949361589763
MANFIZ_validation,1,1.3,0.02,9,2,0.02318521881985838,0.01907876350055224,0.9987313768956197,1.0,0.5144018560057256,0.16651848242713585,0,0.0,0.07046329030651094
MANFIZ_noise,1,1.3,0.005,10,1,0.017221488315706274,0.011106813976239,0.9994459239731858,1.0,0.6018419999783953,0.16274614621798025,0,0.0,0.14980532143054498
MANFIZ_noise,1,1.3,0.005,10,2,0.012635468391101046,0.008717978051027487,0.999628086381904,1.0,0.6371874706851046,0.1690174472666805,0,0.0,0.11298498338044452
MANFIZ_validation,1,1.3,0.005,10,1,0.017221488315706274,0.011106813976239,0.9994459239731858,1.0,0.4783620363438215,0.12935550844696292,0,0.0,0.0968587948409659
MANFIZ_validation,1,1.3,0.005,10,2,0.012635468391101046,0.008717978051027487,0.999628086381904,1.0,0.5129417620631375,0.1360605963064038,0,0.0,0.06049003543561149
MANFIZ_noise,1,1.3,0.01,10,1,0.01951152296285405,0.0140165936787082,0.9992891809368445,1.0,0.6018702684525601,0.16275283722227385,0,0.0,0.14231096766529033
MANFIZ_noise,1,1.3,0.01,10,2,0.015749750376935302,0.012114373892330598,0.9994219018183651,1.0,0.6371802188182587,0.1685164678904742,0,0.0,0.1051350226625081
MANFIZ_validation,1,1.3,0.01,10,1,0.01951152296285405,0.0140165936787082,0.9992891809368445,1.0,0.47839030481798656,0.1293623950040534,0,0.0,0.08936444107571126
MANFIZ_validation,1,1.3,0.01,10,2,0.015749750376935302,0.012114373892330598,0.9994219018183651,1.0,0.5129345101962901,0.13565692933424806,0,0.0,0.05264007471767507
MANFIZ_noise,1,1.3,0.02,10,1,0.026742206870968628,0.021291528495665884,0.9986666363145676,1.0,0.6019586506431741,0.16230169057599,0,0.0,0.12732314230729913
MANFIZ_noise,1,1.3,0.02,10,2,0.024368976595005018,0.020110971682055376,0.998615272965888,1.0,0.637208266550993,0.16753452016055692,0,0.0,0.08943985462503687
MANFIZ_validation,1,1.3,0.02,10,1,0.026742206870968628,0.021291528495665884,0.9986666363145676,1.0,0.4784786870086027,0.1290086947385857,0,0.0,0.07437661571772006
MANFIZ_validation,1,1.3,0.02,10,2,0.024368976595005018,0.020110971682055376,0.998615272965888,1.0,0.512962557929027,0.13486789251516107,0,0.0,0.03694490668020384
MANFIZ_noise,1,1.3,0.005,11,1,0.016462125380636565,0.010698211656718696,0.9995113182888139,1.0,0.6047888186450606,0.16006904939120542,0,0.0,0.14867707971293787
MANFIZ_noise,1,1.3,0.005,11,2,0.012007698041517963,0.008831734545775566,0.9996642456038654,1.0,0.6413763805516948,0.18275257347645754,0,0.0,0.15420185105417286
MANFIZ_validation,1,1.3,0.005,11,1,0.016462125380636565,0.010698211656718696,0.9995113182888139,1.0,0.48145207419617025,0.12742559628774064,0,0.0,0.09870344216233048
MANFIZ_validation,1,1.3,0.005,11,2,0.012007698041517963,0.008831734545775566,0.9996642456038654,1.0,0.5174365203949254,0.14743738400771117,0,0.0,0.0965542857559899
MANFIZ_noise,1,1.3,0.01,11,1,0.01887636632666675,0.013672586434821152,0.999357359550372,1.0,0.6048100583046779,0.15973333713149315,0,0.0,0.14258589253206344
MANFIZ_noise,1,1.3,0.01,11,2,0.015166517681696273,0.012017174438803069,0.9994644680751739,1.0,0.6414230542976486,0.1820932049110471,0,0.0,0.1472786274899724
MANFIZ_validation,1,1.3,0.01,11,1,0.01887636632666675,0.013672586434821152,0.999357359550372,1.0,0.4814733138557868,0.1271594909937839,0,0.0,0.092612254981456
MANFIZ_validation,1,1.3,0.01,11,2,0.015166517681696273,0.012017174438803069,0.9994644680751739,1.0,0.5174831941408796,0.14690799259140974,0,0.0,0.0882438773669055
MANFIZ_noise,1,1.3,0.02,11,1,0.02637512218386808,0.021185127604795944,0.9987452476327969,1.0,0.6048852142447279,0.15844316633283856,0,0.0,0.13040361859551775
MANFIZ_noise,1,1.3,0.02,11,2,0.023866969792142815,0.019881362011197216,0.9986748114195321,1.0,0.641559489202774,0.1808010648501938,0,0.0,0.12803090853481025
MANFIZ_validation,1,1.3,0.02,11,1,0.02637512218386808,0.021185127604795944,0.9987452476327969,1.0,0.48154846979583693,0.12613643464975913,0,0.0,0.07962866543358707
MANFIZ_validation,1,1.3,0.02,11,2,0.023866969792142815,0.019881362011197216,0.9986748114195321,1.0,0.5176196290460053,0.14587295752600243,0,0.0,0.06899615841174336
MANFIZ_noise,1,1.3,0.005,12,1,0.01734325376618069,0.011406422357124003,0.9994609059041247,1.0,0.6052087372898748,0.17579234837839147,0,0.0,0.14007969647582594
MANFIZ_noise,1,1.3,0.005,12,2,0.011788296003465213,0.008648147143579607,0.9996746890340152,1.0,0.6405498873402502,0.19459887651202853,0,0.0,0.15245876327274338
MANFIZ_validation,1,1.3,0.005,12,1,0.01734325376618069,0.011406422357124003,0.9994609059041247,1.0,0.48185319831096407,0.13996180174800046,0,0.0,0.08516261949901943
MANFIZ_validation,1,1.3,0.005,12,2,0.011788296003465213,0.008648147143579607,0.9996746890340152,1.0,0.5164855224996159,0.15690815719364143,0,0.0,0.10171979043388751
MANFIZ_noise,1,1.3,0.01,12,1,0.019597415203171913,0.014296648344249568,0.999311795117531,1.0,0.6052268980710804,0.17556283766458958,0,0.0,0.13159886219653977
MANFIZ_noise,1,1.3,0.01,12,2,0.014974125602235508,0.011821531273813692,0.9994750575777807,1.0,0.6405851761219243,0.19491341458242104,0,0.0,0.14822317382879566
MANFIZ_validation,1,1.3,0.01,12,1,0.019597415203171913,0.014296648344249568,0.999311795117531,1.0,0.48187135909216905,0.13978014437418146,0,0.0,0.07668178521973326
MANFIZ_validation,1,1.3,0.01,12,2,0.014974125602235508,0.011821531273813692,0.9994750575777807,1.0,0.5165208112812879,0.15716385389872967,0,0.0,0.09748420098993979
MANFIZ_noise,1,1.3,0.02,12,1,0.02678646450277351,0.02149513230979469,0.9987151040212742,1.0,0.6052924646981263,0.17511411121235274,0,0.0,0.11463719363796779
MANFIZ_noise,1,1.3,0.02,12,2,0.023791157705367202,0.01976691674511596,0.9986751406010281,1.0,0.6406962374707532,0.19555780296805028,0,0.0,0.13969736249287903
MANFIZ_validation,1,1.3,0.02,12,1,0.02678646450277351,0.02149513230979469,0.9987151040212742,1.0,0.48193692571921243,0.13942674216144887,0,0.0,0.05972011666116128
MANFIZ_validation,1,1.3,0.02,12,2,0.023791157705367202,0.01976691674511596,0.9986751406010281,1.0,0.5166318726301197,0.15769000666158542,0,0.0,0.08465942302674476
MANFIZ_noise,1,1.3,0.005,13,1,0.01646715897632532,0.010795147307342523,0.999504161736584,1.0,0.6049875671529185,0.1790218368884917,0,0.0,0.12254998444478066
MANFIZ_noise,1,1.3,0.005,13,2,0.011934740980982088,0.008815023120069489,0.9996814312436648,1.0,0.6431746395807127,0.18607870644529367,0,0.0,0.14526593591414358
MANFIZ_validation,1,1.3,0.005,13,1,0.01646715897632532,0.010795147307342523,0.999504161736584,1.0,0.4817239383823902,0.14254690344830842,0,0.0,0.07272268774719823
MANFIZ_validation,1,1.3,0.005,13,2,0.011934740980982088,0.008815023120069489,0.9996814312436648,1.0,0.5189938993964034,0.15015161903093424,0,0.0,0.09152969599099614
MANFIZ_noise,1,1.3,0.01,13,1,0.018847341243582963,0.013688836788684362,0.9993506723710643,1.0,0.605030048317237,0.17884171119071834,0,0.0,0.11588345488129681
MANFIZ_noise,1,1.3,0.01,13,2,0.015015757335510006,0.012000474293747804,0.9994958122942343,1.0,0.6432214213711565,0.18559625696486598,0,0.0,0.13932751642925764
MANFIZ_validation,1,1.3,0.01,13,1,0.018847341243582963,0.013688836788684362,0.9993506723710643,1.0,0.4817664195467083,0.14240603604001895,0,0.0,0.06605615818371438
MANFIZ_validation,1,1.3,0.01,13,2,0.015015757335510006,0.012000474293747804,0.9994958122942343,1.0,0.5190406811868465,0.14976492455027682,0,0.0,0.0855912765061102
MANFIZ_noise,1,1.3,0.02,13,1,0.026289260735562304,0.02105080692762562,0.998737811938588,1.0,0.6051463750410909,0.17849187165475258,0,0.0,0.1025505080802186
MANFIZ_noise,1,1.3,0.02,13,2,0.023557207930115797,0.019685041176017125,0.9987599463447697,1.0,0.6433578979751958,0.1846513487606658,0,0.0,0.12746934439473703
MANFIZ_validation,1,1.3,0.02,13,1,0.026289260735562304,0.02105080692762562,0.998737811938588,1.0,0.48188274627056216,0.14213446010335012,0,0.0,0.052723211382636165
MANFIZ_validation,1,1.3,0.02,13,2,0.023557207930115797,0.019685041176017125,0.9987599463447697,1.0,0.5191771577908866,0.14901000319345156,0,0.0,0.0737331044715896
MANFIZ_noise,1,1.3,0.005,14,1,0.01666586228392053,0.011019655877596051,0.9994841264281029,1.0,0.605041911435381,0.17666189711600494,0,0.0,0.15870882930759314
MANFIZ_noise,1,1.3,0.005,14,2,0.011651543370567627,0.008412346258948,0.9996956739203067,1.0,0.6434082071277303,0.2249360821204933,0,0.0,0.1302697751817062
MANFIZ_validation,1,1.3,0.005,14,1,0.01666586228392053,0.011019655877596051,0.9994841264281029,1.0,0.48173890497011856,0.14065952665115042,0,0.0,0.1031712366629628
MANFIZ_validation,1,1.3,0.005,14,2,0.011651543370567627,0.008412346258948,0.9996956739203067,1.0,0.5193207776775052,0.18155500629378152,0,0.0,0.07708047354363207
MANFIZ_noise,1,1.3,0.01,14,1,0.019045344262260202,0.013712113102181126,0.9993264634967636,1.0,0.6050820163504318,0.17666273611397934,0,0.0,0.15284502389465002
MANFIZ_noise,1,1.3,0.01,14,2,0.014555378727167749,0.01133685497150742,0.9995253101748683,1.0,0.6434636373838152,0.2241982899471454,0,0.0,0.12351925083833676
MANFIZ_validation,1,1.3,0.01,14,1,0.019045344262260202,0.013712113102181126,0.9993264634967636,1.0,0.4817790098851699,0.1406625809207745,0,0.0,0.09779584459395341
MANFIZ_validation,1,1.3,0.01,14,2,0.014555378727167749,0.01133685497150742,0.9995253101748683,1.0,0.5193762079335901,0.18096322914434942,0,0.0,0.07156794646939518
MANFIZ_noise,1,1.3,0.02,14,1,0.026565204158678073,0.021014169366767952,0.9986905753082,1.0,0.6051924340100551,0.17667323234219584,0,0.0,0.1315054404254557
MANFIZ_noise,1,1.3,0.02,14,2,0.022826176518633407,0.01875074590179689,0.9988340791784317,1.0,0.6436169771825606,0.2224783032826984,0,0.0,0.11002007321951207
MANFIZ_validation,1,1.3,0.02,14,1,0.026565204158678073,0.021014169366767952,0.9986905753082,1.0,0.481889427544793,0.14067750687453973,0,0.0,0.07877090822600408
MANFIZ_validation,1,1.3,0.02,14,2,0.022826176518633407,0.01875074590179689,0.9988340791784317,1.0,0.519529547732334,0.17958515139033096,0,0.0,0.058068768850570496
MANFIZ_noise,1,1.3,0.005,15,1,0.015315936896895033,0.010796355899354208,0.9995764063418484,1.0,0.6017256622929235,0.1630247604448555,0,0.0,0.16549713590366832
MANFIZ_noise,1,1.3,0.005,15,2,0.011836585288989334,0.008585879164825836,0.9996670122229828,1.0,0.6358042901237814,0.2102925981028187,0,0.0,0.16483992383072762
MANFIZ_validation,1,1.3,0.005,15,1,0.015315936896895033,0.010796355899354208,0.9995764063418484,1.0,0.47822455538974495,0.12956476425515676,0,0.0,0.11422274441260827
MANFIZ_validation,1,1.3,0.005,15,2,0.011836585288989334,0.008585879164825836,0.9996670122229828,1.0,0.511734254225406,0.16925636950061812,0,0.0,0.1078403477638045
MANFIZ_noise,1,1.3,0.01,15,1,0.01789275423540293,0.01375017223998573,0.9994219978498853,1.0,0.6017469169994906,0.16235281378100322,0,0.0,0.16059020966262144
MANFIZ_noise,1,1.3,0.01,15,2,0.014827751922359477,0.011549575193185283,0.9994776954722673,1.0,0.6358453962352455,0.21000847006457551,0,0.0,0.15771579438722247
MANFIZ_validation,1,1.3,0.01,15,1,0.01789275423540293,0.01375017223998573,0.9994219978498853,1.0,0.4782458100963124,0.12903190819036198,0,0.0,0.10808279623720307
MANFIZ_validation,1,1.3,0.01,15,2,0.014827751922359477,0.011549575193185283,0.9994776954722673,1.0,0.5117753603368711,0.16903033516866028,0,0.0,0.10071621832029934
MANFIZ_noise,1,1.3,0.02,15,1,0.02577835929733288,0.021089380185267678,0.998801074060232,1.0,0.6018213332967078,0.16103407922362067,0,0.0,0.14057775477312062
MANFIZ_noise,1,1.3,0.02,15,2,0.023249605557575822,0.019170301856951427,0.9987175196990955,1.0,0.6359668887791944,0.20931674424315647,0,0.0,0.14347659612565944
MANFIZ_validation,1,1.3,0.02,15,1,0.02577835929733288,0.021089380185267678,0.998801074060232,1.0,0.47832022639352983,0.12798791430236794,0,0.0,0.09033851578130972
MANFIZ_validation,1,1.3,0.02,15,2,0.023249605557575822,0.019170301856951427,0.9987175196990955,1.0,0.5118968528808193,0.16848138562530224,0,0.0,0.08647702005873631
MANFIZ_noise,1,1.3,0.005,16,1,0.015727690493063225,0.01054193722733618,0.999559093230707,1.0,0.609816978318146,0.18669037726107068,0,0.0,0.16769393165128707
MANFIZ_noise,1,1.3,0.005,16,2,0.011676659275977573,0.008493343484419161,0.9996769860789981,1.0,0.6449097658394016,0.1932483552866437,0,0.0,0.16126137037700594
MANFIZ_validation,1,1.3,0.005,16,1,0.015727690493063225,0.01054193722733618,0.999559093230707,1.0,0.4864334315802398,0.14891753441265235,0,0.0,0.11492089899418167
MANFIZ_validation,1,1.3,0.005,16,2,0.011676659275977573,0.008493343484419161,0.9996769860789981,1.0,0.5207154782329262,0.1560333167072396,0,0.0,0.10709735762746514
MANFIZ_noise,1,1.3,0.01,16,1,0.018227085586911714,0.01351426963407759,0.9994082211501795,1.0,0.6098593777781612,0.18614635302310145,0,0.0,0.16226099290332238
MANFIZ_noise,1,1.3,0.01,16,2,0.014739508836994025,0.011560689702923987,0.9994854420741149,1.0,0.6449660845987434,0.19318767456182753,0,0.0,0.15422029739379112
MANFIZ_validation,1,1.3,0.01,16,1,0.018227085586911714,0.01351426963407759,0.9994082211501795,1.0,0.4864758310402553,0.1484862003958001,0,0.0,0.10948796024621699
MANFIZ_validation,1,1.3,0.01,16,2,0.014739508836994025,0.011560689702923987,0.9994854420741149,1.0,0.5207717969922679,0.1559875702625688,0,0.0,0.09999031222166421
MANFIZ_noise,1,1.3,0.02,16,1,0.025977827252807204,0.020909472516737564,0.9987998687321831,1.0,0.6099698939989511,0.18458418556021894,0,0.0,0.14752451686241505
MANFIZ_noise,1,1.3,0.02,16,2,0.023298848221152687,0.019171739655031817,0.998715444018073,1.0,0.6451181508312306,0.19199547540364373,0,0.0,0.13786745739341102
MANFIZ_validation,1,1.3,0.02,16,1,0.025977827252807204,0.020909472516737564,0.9987998687321831,1.0,0.4865863472610439,0.1472468485699658,0,0.0,0.09219512508218405
MANFIZ_validation,1,1.3,0.02,16,2,0.023298848221152687,0.019171739655031817,0.998715444018073,1.0,0.5209238632247538,0.15503365490502874,0,0.0,0.08044096378160076
MANFIZ_noise,1,1.3,0.005,17,1,0.018340910977738715,0.012145714668989905,0.9994028287870649,1.0,0.6023386839257646,0.16908146375403268,0,0.0,0.15339618052208526
MANFIZ_noise,1,1.3,0.005,17,2,0.01254519209971034,0.009000695373542105,0.999622509979412,1.0,0.6370784422021736,0.17663768542955355,0,0.0,0.1584601757299326
MANFIZ_validation,1,1.3,0.005,17,1,0.018340910977738715,0.012145714668989905,0.9994028287870649,1.0,0.47885366515101874,0.1344181949265212,0,0.0,0.09530565911700636
MANFIZ_validation,1,1.3,0.005,17,2,0.01254519209971034,0.009000695373542105,0.999622509979412,1.0,0.5127883942911204,0.14217676989606318,0,0.0,0.10192856905803332
MANFIZ_noise,1,1.3,0.01,17,1,0.020561921474665148,0.014798638207926465,0.9992490776734527,1.0,0.6023263774568361,0.16904686772719787,0,0.0,0.14846228400723277
MANFIZ_noise,1,1.3,0.01,17,2,0.015431432749042892,0.011979999007763618,0.9994286812107351,1.0,0.6370658933914457,0.17651481421194928,0,0.0,0.15027444476450863
MANFIZ_validation,1,1.3,0.01,17,1,0.020561921474665148,0.014798638207926465,0.9992490776734527,1.0,0.47884135868209204,0.13438998332634722,0,0.0,0.09100450389759829
MANFIZ_validation,1,1.3,0.01,17,2,0.015431432749042892,0.011979999007763618,0.9994286812107351,1.0,0.5127758454803918,0.14207719175719719,0,0.0,0.09374283809260936
MANFIZ_noise,1,1.3,0.02,17,1,0.027692587496265828,0.021925989462427357,0.9986369856866704,1.0,0.6023316678468209,0.16861078742770536,0,0.0,0.12948655280947552
MANFIZ_noise,1,1.3,0.02,17,2,0.023795722663041752,0.01964444962771058,0.9986412563532655,1.0,0.6370800106174279,0.17628042018793028,0,0.0,0.1339275336442601
MANFIZ_validation,1,1.3,0.02,17,1,0.027692587496265828,0.021925989462427357,0.9986369856866704,1.0,0.4788466490720746,0.1340436089734091,0,0.0,0.07227654938515243
MANFIZ_validation,1,1.3,0.02,17,2,0.023795722663041752,0.01964444962771058,0.9986412563532655,1.0,0.5127899627063743,0.1418892895516002,0,0.0,0.07739592697236083
MANFIZ_noise,1,1.3,0.005,18,1,0.01656557629902699,0.010850227718863634,0.9994791054493148,1.0,0.6045022960896956,0.18783733121455687,0,0.0,0.1340552762319394
MANFIZ_noise,1,1.3,0.005,18,2,0.011724790829965793,0.008707056560510311,0.9996889597983154,1.0,0.6417073279885382,0.2187586765291083,0,0.0,0.1271334420042383
MANFIZ_validation,1,1.3,0.005,18,1,0.01656557629902699,0.010850227718863634,0.9994791054493148,1.0,0.48100802879368154,0.14946388955977366,0,0.0,0.08085176933695112
MANFIZ_validation,1,1.3,0.005,18,2,0.011724790829965793,0.008707056560510311,0.9996889597983154,1.0,0.5175421744130181,0.17643065021163507,0,0.0,0.07274061509089166
MANFIZ_noise,1,1.3,0.01,18,1,0.01891553859647426,0.013654407901199534,0.9993207109939747,1.0,0.6044930364549326,0.18696299578348297,0,0.0,0.13191993480489045
MANFIZ_noise,1,1.3,0.01,18,2,0.014940147922883758,0.011863094198648907,0.9994948873954432,1.0,0.6416919097828775,0.21805933758581972,0,0.0,0.11914055603071222
MANFIZ_validation,1,1.3,0.01,18,1,0.01891553859647426,0.013654407901199534,0.9993207109939747,1.0,0.4809987691589186,0.14876758775834792,0,0.0,0.07871642790990216
MANFIZ_validation,1,1.3,0.01,18,2,0.014940147922883758,0.011863094198648907,0.9994948873954432,1.0,0.5175267562073584,0.1758656138889128,0,0.0,0.0647477291173656
MANFIZ_noise,1,1.3,0.02,18,1,0.026400559899775883,0.020869829236279457,0.9986766402171795,1.0,0.6045034507655285,0.18524730660169741,0,0.0,0.1221751464695314
MANFIZ_noise,1,1.3,0.02,18,2,0.023825435793447324,0.019837420156042018,0.9987154497958739,1.0,0.641702520158932,0.2163122433929689,0,0.0,0.10315767850108887
MANFIZ_validation,1,1.3,0.02,18,1,0.026400559899775883,0.020869829236279457,0.9986766402171795,1.0,0.48100918346951516,0.14740305547564395,0,0.0,0.0671565659351997
MANFIZ_validation,1,1.3,0.02,18,2,0.023825435793447324,0.019837420156042018,0.9987154497958739,1.0,0.5175373665834111,0.17445726842029563,0,0.0,0.04876485158774224
MANFIZ_noise,1,1.3,0.005,19,1,0.015251979579230763,0.010732364652397085,0.9995764135581298,1.0,0.606136137757573,0.173297521467822,0,0.0,0.14288899366368804
MANFIZ_noise,1,1.3,0.005,19,2,0.011595156831471672,0.008684439147278051,0.999686343418045,1.0,0.6421838141911971,0.20181496119129333,0,0.0,0.17855893843990217
MANFIZ_validation,1,1.3,0.005,19,1,0.015251979579230763,0.010732364652397085,0.9995764135581298,1.0,0.4826214002663633,0.13798400600714794,0,0.0,0.08492770144224823
MANFIZ_validation,1,1.3,0.005,19,2,0.011595156831471672,0.008684439147278051,0.999686343418045,1.0,0.5179509983178766,0.16277311622399776,0,0.0,0.12015452692279696
MANFIZ_noise,1,1.3,0.01,19,1,0.017770684785776536,0.013585566286483556,0.9994251248990892,1.0,0.606143251733895,0.17310829269243314,0,0.0,0.13494741542212998
MANFIZ_noise,1,1.3,0.01,19,2,0.01491806234623722,0.011939457439976138,0.9994807703548799,1.0,0.6422082861033501,0.20173512975042454,0,0.0,0.1754680125670359
MANFIZ_validation,1,1.3,0.01,19,1,0.017770684785776536,0.013585566286483556,0.9994251248990892,1.0,0.48262851424268405,0.13783375112442053,0,0.0,0.07698612320069018
MANFIZ_validation,1,1.3,0.01,19,2,0.01491806234623722,0.011939457439976138,0.9994807703548799,1.0,0.517975470230028,0.16271021560375157,0,0.0,0.1160788706165708
MANFIZ_noise,1,1.3,0.02,19,1,0.02552491352224524,0.020847059195784258,0.9988149844986492,1.0,0.6061882507571914,0.17273985398725067,0,0.0,0.11672569248416687
MANFIZ_noise,1,1.3,0.02,19,2,0.023803597976127924,0.019947537409638266,0.9986783006669278,1.0,0.6423008338137691,0.20158935970590913,0,0.0,0.15943069093245488
MANFIZ_validation,1,1.3,0.02,19,1,0.02552491352224524,0.020847059195784258,0.9988149844986492,1.0,0.48267351326598096,0.13754300269088435,0,0.0,0.058722887345609265
MANFIZ_validation,1,1.3,0.02,19,2,0.023803597976127924,0.019947537409638266,0.9986783006669278,1.0,0.5180680179404492,0.16259826318551132,0,0.0,0.10166845041957567
MANFIZ_noise,1,1.3,0.005,20,1,0.013975875796638233,0.010365569428726193,0.9996321085771505,1.0,0.6065965875597571,0.18429991411882923,0,0.0,0.17260200389761907
MANFIZ_noise,1,1.3,0.005,20,2,0.01355063122662543,0.009341888933671496,0.9995992543809027,1.0,0.6440669981617019,0.20455440249394294,0,0.0,0.17298060388740083
MANFIZ_validation,1,1.3,0.005,20,1,0.013975875796638233,0.010365569428726193,0.9996321085771505,1.0,0.4833226557373926,0.14684606832759478,0,0.0,0.11520298191474354
MANFIZ_validation,1,1.3,0.005,20,2,0.01355063122662543,0.009341888933671496,0.9995992543809027,1.0,0.519943713168359,0.16513309311174082,0,0.0,0.11588815965857624
MANFIZ_noise,1,1.3,0.01,20,1,0.016812185746743574,0.013125092457475604,0.9994672914956741,1.0,0.6065931758528561,0.1837247522658489,0,0.0,0.16440703853949423
MANFIZ_noise,1,1.3,0.01,20,2,0.01637585824144307,0.01251847230124568,0.9994145443861583,1.0,0.6440733995670737,0.20359297678959945,0,0.0,0.16771959576309847
MANFIZ_validation,1,1.3,0.01,20,1,0.016812185746743574,0.013125092457475604,0.9994672914956741,1.0,0.48331924403049425,0.14638758217148154,0,0.0,0.10671249683522366
MANFIZ_validation,1,1.3,0.01,20,2,0.01637585824144307,0.01251847230124568,0.9994145443861583,1.0,0.519950114573731,0.16435734138269614,0,0.0,0.11062715153427388
MANFIZ_noise,1,1.3,0.02,20,1,0.025071373978169526,0.02053192797687602,0.9988141408184993,1.0,0.6066178621402174,0.18246164350529123,0,0.0,0.1474266432628525
MANFIZ_noise,1,1.3,0.02,20,2,0.02464023905213031,0.02039015203166891,0.9986741332661382,1.0,0.6441304991174003,0.20171091328667207,0,0.0,0.15723155155513557
MANFIZ_validation,1,1.3,0.02,20,1,0.025071373978169526,0.02053192797687602,0.9988141408184993,1.0,0.4833439303178544,0.14538267566496005,0,0.0,0.08973210155858194
MANFIZ_validation,1,1.3,0.02,20,2,0.02464023905213031,0.02039015203166891,0.9986741332661382,1.0,0.5200072141240575,0.16284142766154602,0,0.0,0.10013910732631098
MANFIZ_noise,2,1.0,0.005,1,1,0.006220276388461756,0.005058179962577157,0.9997264184422145,1.0,0.43433738938812794,0.2801879176462313,0,0.0,0.1684299695519296
MANFIZ_noise,2,1.0,0.005,1,2,0.006699345307839325,0.005476896295606497,0.9995087227570157,1.0,0.39555011831455744,0.2657544995078855,0,0.0,0.1218117810174714
MANFIZ_validation,2,1.0,0.005,1,1,0.006220276388461756,0.005058179962577157,0.9997264184422145,1.0,0.3266047418947769,0.21069036366820254,0,0.0,0.11758234784407007
MANFIZ_validation,2,1.0,0.005,1,2,0.006699345307839325,0.005476896295606497,0.9995087227570157,1.0,0.2902328648914253,0.19499599716621255,0,0.0,0.07109761694913427
MANFIZ_noise,2,1.0,0.01,1,1,0.010786323798678136,0.009014838249318247,0.9991772370752642,1.0,0.4343279754980879,0.279320945736334,0,0.0,0.15894956985251704
MANFIZ_noise,2,1.0,0.01,1,2,0.011283078184687332,0.009496960002760233,0.998605690509897,1.0,0.39553594329978164,0.2638471586175998,0,0.0,0.11915001406113941
MANFIZ_validation,2,1.0,0.01,1,1,0.010786323798678136,0.009014838249318247,0.9991772370752642,1.0,0.3265953280047373,0.2100369330037619,0,0.0,0.10778512227114051
MANFIZ_validation,2,1.0,0.01,1,2,0.011283078184687332,0.009496960002760233,0.998605690509897,1.0,0.2902186898766487,0.19359397799061767,0,0.0,0.06882156506058412
MANFIZ_noise,2,1.0,0.02,1,1,0.0206401448025137,0.017426197397349515,0.99698951669179,1.0,0.43433084593591564,0.27677217663360004,0,0.0,0.13849931096871942
MANFIZ_noise,2,1.0,0.02,1,2,0.021336423306123484,0.018180590912457495,0.9950167328526,1.0,0.3955313900141021,0.2601287039673561,0,0.0,0.10259919914877039
MANFIZ_validation,2,1.0,0.02,1,1,0.0206401448025137,0.017426197397349515,0.99698951669179,1.0,0.3265981984425648,0.20812082566408005,0,0.0,0.08733486338734289
MANFIZ_validation,2,1.0,0.02,1,2,0.021336423306123484,0.018180590912457495,0.9950167328526,1.0,0.29021413659097045,0.1908648191530963,0,0.0,0.051306387455073516
MANFIZ_noise,2,1.0,0.005,2,1,0.006555086872051854,0.005331989659061254,0.9996913601265276,1.0,0.4333066721352195,0.2643225013020987,0,0.0,0.1646324613844967
MANFIZ_noise,2,1.0,0.005,2,2,0.00688316030520019,0.005586224295793601,0.999502949362,1.0,0.39303897063953597,0.2672886833692085,0,0.0,0.11615232826657858
MANFIZ_validation,2,1.0,0.005,2,1,0.006555086872051854,0.005331989659061254,0.9996913601265276,1.0,0.32554136420631885,0.19858431267695606,0,0.0,0.11055313505272375
MANFIZ_validation,2,1.0,0.005,2,2,0.00688316030520019,0.005586224295793601,0.999502949362,1.0,0.2877213502690756,0.19566675733323888,0,0.0,0.06556031454101383
MANFIZ_noise,2,1.0,0.01,2,1,0.011142354995406223,0.009330476225058422,0.9991081575379254,1.0,0.43329980724814043,0.2621436888457807,0,0.0,0.15542393176979444
MANFIZ_noise,2,1.0,0.01,2,2,0.011303958448760514,0.009462589136065019,0.9986605672318013,1.0,0.393040411993129,0.26654653652331206,0,0.0,0.10778458758928708
MANFIZ_validation,2,1.0,0.01,2,1,0.011142354995406223,0.009330476225058422,0.9991081575379254,1.0,0.32553449931924044,0.1969463477034035,0,0.0,0.10134460543802147
MANFIZ_validation,2,1.0,0.01,2,2,0.011303958448760514,0.009462589136065019,0.9986605672318013,1.0,0.2877227916226684,0.1951237359968511,0,0.0,0.057192573863722326
MANFIZ_noise,2,1.0,0.02,2,1,0.021225837923294723,0.018038346720064564,0.996766475567826,1.0,0.4333146366322687,0.2579088756295408,0,0.0,0.137044871186208
MANFIZ_noise,2,1.0,0.02,2,2,0.02113242793562104,0.017935856619307793,0.9953339259464167,1.0,0.3930814744509438,0.26236007010011536,0,0.0,0.09121021828436265
MANFIZ_validation,2,1.0,0.02,2,1,0.021225837923294723,0.018038346720064564,0.996766475567826,1.0,0.3255493287033697,0.1937669633788347,0,0.0,0.08296554485443507
MANFIZ_validation,2,1.0,0.02,2,2,0.02113242793562104,0.017935856619307793,0.9953339259464167,1.0,0.2877638540804832,0.19206640311474915,0,0.0,0.04061820455879789
MANFIZ_noise,2,1.0,0.005,3,1,0.006700518791289777,0.005441934618364688,0.9996906631734802,1.0,0.4339966335896335,0.25360223144992716,0,0.0,0.16559841563914546
MANFIZ_noise,2,1.0,0.005,3,2,0.006519318926428287,0.005373995673629041,0.9995322165488008,1.0,0.39513120061266493,0.2530772937945232,0,0.0,0.11949418158220732
MANFIZ_validation,2,1.0,0.005,3,1,0.006700518791289777,0.005441934618364688,0.9996906631734802,1.0,0.3261008725113162,0.19055426366471565,0,0.0,0.1112057525512478
MANFIZ_validation,2,1.0,0.005,3,2,0.006519318926428287,0.005373995673629041,0.9995322165488008,1.0,0.28968716679326706,0.18554152166512772,0,0.0,0.0697132291624976
MANFIZ_noise,2,1.0,0.01,3,1,0.011371076809560985,0.009524321430406043,0.999108912654122,1.0,0.43399186953565244,0.25255890682810855,0,0.0,0.1554330456197379
MANFIZ_noise,2,1.0,0.01,3,2,0.010992525960688294,0.009264557973433243,0.9986703010172685,1.0,0.3951356797633841,0.25087433279834126,0,0.0,0.11347245241732146
MANFIZ_validation,2,1.0,0.01,3,1,0.011371076809560985,0.009524321430406043,0.999108912654122,1.0,0.3260961084573341,0.18976963038732428,0,0.0,0.10104038253184022
MANFIZ_validation,2,1.0,0.01,3,2,0.010992525960688294,0.009264557973433243,0.9986703010172685,1.0,0.2896916459439853,0.18392719796139573,0,0.0,0.06369149999761176
MANFIZ_noise,2,1.0,0.02,3,1,0.021600551470363324,0.018396772756613524,0.9967864026711176,1.0,0.4340085994603186,0.2499024609010819,0,0.0,0.13511932301936924
MANFIZ_noise,2,1.0,0.02,3,2,0.020863915091004437,0.01779024223929969,0.995219603256519,1.0,0.3951777911232474,0.2461389401829445,0,0.0,0.09867986439690193
MANFIZ_validation,2,1.0,0.02,3,1,0.021600551470363324,0.018396772756613524,0.9967864026711176,1.0,0.3261128383820007,0.18777600477142156,0,0.0,0.08072665993147159
MANFIZ_validation,2,1.0,0.02,3,2,0.020863915091004437,0.01779024223929969,0.995219603256519,1.0,0.2897337573038486,0.18046246919718778,0,0.0,0.048432503828956766
MANFIZ_noise,2,1.0,0.005,4,1,0.006549036075600633,0.0053010936581151125,0.9997083002487743,1.0,0.4340527778923311,0.24738020572025013,0,0.0,0.16743713289106738
MANFIZ_noise,2,1.0,0.005,4,2,0.006548309162049405,0.005363277731315836,0.9995295224260599,1.0,0.39472412928224426,0.2703306510115309,0,0.0,0.11971832753686079
MANFIZ_validation,2,1.0,0.005,4,1,0.006549036075600633,0.0053010936581151125,0.9997083002487743,1.0,0.32626527752380446,0.18594874997720703,0,0.0,0.11184486051919496
MANFIZ_validation,2,1.0,0.005,4,2,0.006548309162049405,0.005363277731315836,0.9995295224260599,1.0,0.2893789792513813,0.19818400256484422,0,0.0,0.07054104559295432
MANFIZ_noise,2,1.0,0.01,4,1,0.011209930469922453,0.00944208821394269,0.9991456435658075,1.0,0.4340691438363826,0.24724118557219926,0,0.0,0.15674855343197946
MANFIZ_noise,2,1.0,0.01,4,2,0.01127369968115673,0.009516100031982961,0.9986076357662219,1.0,0.3947411247120316,0.26860743005957005,0,0.0,0.11435426235572976
MANFIZ_validation,2,1.0,0.01,4,1,0.011209930469922453,0.00944208821394269,0.9991456435658075,1.0,0.3262816434678564,0.1858465673198051,0,0.0,0.10115628106010705
MANFIZ_validation,2,1.0,0.01,4,2,0.01127369968115673,0.009516100031982961,0.9986076357662219,1.0,0.28939597468116707,0.1969237663934826,0,0.0,0.06438805891325779
MANFIZ_noise,2,1.0,0.02,4,1,0.021396660945383502,0.01824222964396348,0.9968926704264478,1.0,0.43412724051737295,0.24431074465004535,0,0.0,0.13537627335965577
MANFIZ_noise,2,1.0,0.02,4,2,0.02158169412497513,0.018504127789968617,0.9949216031944278,1.0,0.3948063628833038,0.2638670239347173,0,0.0,0.0987345988727186
MANFIZ_validation,2,1.0,0.02,4,1,0.021396660945383502,0.01824222964396348,0.9968926704264478,1.0,0.3263397401488475,0.18365192847527995,0,0.0,0.07978400098778335
MANFIZ_validation,2,1.0,0.02,4,2,0.02158169412497513,0.018504127789968617,0.9949216031944278,1.0,0.2894612128524401,0.19346007552184044,0,0.0,0.04764216163335663
MANFIZ_noise,2,1.0,0.005,5,1,0.006532950525728652,0.005323356170027533,0.9996966292659555,1.0,0.43414823613243436,0.25278562630972023,0,0.0,0.1665424457105602
MANFIZ_noise,2,1.0,0.005,5,2,0.006616487964058364,0.0053516670830146326,0.9995297563149578,1.0,0.3949984587170054,0.2741207382722114,0,0.0,0.12460379215384557
MANFIZ_validation,2,1.0,0.005,5,1,0.006532950525728652,0.005323356170027533,0.9996966292659555,1.0,0.3263786942562955,0.19003611157493921,0,0.0,0.11340203945468819
MANFIZ_validation,2,1.0,0.005,5,2,0.006616487964058364,0.0053516670830146326,0.9995297563149578,1.0,0.2897137987235212,0.20105536778976668,0,0.0,0.0734431230264257
MANFIZ_noise,2,1.0,0.01,5,1,0.011168655407813777,0.009392403373537852,0.9991142337061734,1.0,0.4341707512119258,0.2518493435621272,0,0.0,0.1591521550505731
MANFIZ_noise,2,1.0,0.01,5,2,0.010995983261472522,0.009126812946426264,0.9987027438218873,1.0,0.3950390385795503,0.2719282754975891,0,0.0,0.11728576031832517
MANFIZ_validation,2,1.0,0.01,5,1,0.011168655407813777,0.009392403373537852,0.9991142337061734,1.0,0.32640120933578637,0.18933548627963007,0,0.0,0.10601174879470107
MANFIZ_validation,2,1.0,0.01,5,2,0.010995983261472522,0.009126812946426264,0.9987027438218873,1.0,0.289754378586067,0.19945473938499897,0,0.0,0.06635709003405066
MANFIZ_noise,2,1.0,0.02,5,1,0.021251740828492845,0.01809475750256948,0.9968027775163595,1.0,0.434241899353635,0.25001275549858354,0,0.0,0.13976892890894665
MANFIZ_noise,2,1.0,0.02,5,2,0.02077186039831824,0.017558975727469523,0.9953889172740086,1.0,0.39515321432314454,0.26767057036792813,0,0.0,0.09949880189761343
MANFIZ_validation,2,1.0,0.02,5,1,0.021251740828492845,0.01809475750256948,0.9968027775163595,1.0,0.32647235747749587,0.18796494260125818,0,0.0,0.08876360258245865
MANFIZ_validation,2,1.0,0.02,5,2,0.02077186039831824,0.017558975727469523,0.9953889172740086,1.0,0.289868554329661,0.1963523981502955,0,0.0,0.0488630514467837
MANFIZ_noise,2,1.0,0.005,6,1,0.006495691589191377,0.005267662237284006,0.9997045654144457,1.0,0.43273729476134964,0.21138907548050118,0,0.0,0.16744105339985454
MANFIZ_noise,2,1.0,0.005,6,2,0.006590750555220915,0.005378648976351833,0.9995076438238027,1.0,0.3926540824342063,0.2583234152113106,0,0.0,0.11838105328349945
MANFIZ_validation,2,1.0,0.005,6,1,0.006495691589191377,0.005267662237284006,0.9997045654144457,1.0,0.3248951717966278,0.15870896921894312,0,0.0,0.11290155791363539
MANFIZ_validation,2,1.0,0.005,6,2,0.006590750555220915,0.005378648976351833,0.9995076438238027,1.0,0.28733502298241587,0.1890349999329891,0,0.0,0.06752531946440263
MANFIZ_noise,2,1.0,0.01,6,1,0.011103058546557904,0.009327170312298736,0.9991372745099761,1.0,0.43276905043805797,0.21076852847839336,0,0.0,0.1607013766779446
MANFIZ_noise,2,1.0,0.01,6,2,0.01115594325098988,0.009394719516262714,0.9985924943003027,1.0,0.39269897767906903,0.2573044706985282,0,0.0,0.10835923048387978
MANFIZ_validation,2,1.0,0.01,6,1,0.011103058546557904,0.009327170312298736,0.9991372745099761,1.0,0.32492692747333746,0.15824692245723132,0,0.0,0.10660869042571135
MANFIZ_validation,2,1.0,0.01,6,2,0.01115594325098988,0.009394719516262714,0.9985924943003027,1.0,0.2873799182272786,0.1882972504432814,0,0.0,0.05750349666478294
MANFIZ_noise,2,1.0,0.02,6,1,0.021130561204227013,0.01797115102485225,0.9968817090346678,1.0,0.43286322707498676,0.20955341518996032,0,0.0,0.14203579277591363
MANFIZ_noise,2,1.0,0.02,6,2,0.021147538261786968,0.01805101706414845,0.9949732400744122,1.0,0.3928267690868773,0.25531589168419927,0,0.0,0.08832920748690264
MANFIZ_validation,2,1.0,0.02,6,1,0.021130561204227013,0.01797115102485225,0.9968817090346678,1.0,0.325021104110267,0.15734596545739665,0,0.0,0.09022410131192699
MANFIZ_validation,2,1.0,0.02,6,2,0.021147538261786968,0.01805101706414845,0.9949732400744122,1.0,0.2875077096350876,0.18686426951552781,0,0.0,0.03747347366780582
MANFIZ_noise,2,1.0,0.005,7,1,0.0065188900378625745,0.005293643959209825,0.9996977708278201,1.0,0.43302922292921586,0.26412816872788075,0,0.0,0.16745555482534646
MANFIZ_noise,2,1.0,0.005,7,2,0.006491933689773167,0.0052713432683760015,0.9995324873899337,1.0,0.3931040186322152,0.28686266041580777,0,0.0,0.12246457871272538
MANFIZ_validation,2,1.0,0.005,7,1,0.0065188900378625745,0.005293643959209825,0.9996977708278201,1.0,0.3253633920124037,0.19845689933350152,0,0.0,0.11210055270228886
MANFIZ_validation,2,1.0,0.005,7,2,0.006491933689773167,0.0052713432683760015,0.9995324873899337,1.0,0.2878065303525123,0.21002315689682105,0,0.0,0.0720192804041492
MANFIZ_noise,2,1.0,0.01,7,1,0.011099071153091439,0.009255533227024493,0.9991247796193781,1.0,0.43305215595676644,0.2632603076226372,0,0.0,0.15792272935693372
MANFIZ_noise,2,1.0,0.01,7,2,0.011040767019262817,0.00927612012501939,0.9986492448311896,1.0,0.3931323456843519,0.285005894276027,0,0.0,0.1129715666743499
MANFIZ_validation,2,1.0,0.01,7,1,0.011099071153091439,0.009255533227024493,0.9991247796193781,1.0,0.3253863250399533,0.19780828440158943,0,0.0,0.10251576544330213
MANFIZ_validation,2,1.0,0.01,7,2,0.011040767019262817,0.00927612012501939,0.9986492448311896,1.0,0.2878348574046492,0.2086692479999873,0,0.0,0.06252626836577374
MANFIZ_noise,2,1.0,0.02,7,1,0.021114068925643274,0.017867944883085542,0.9968424737191973,1.0,0.43312262151660447,0.2602396483490317,0,0.0,0.13387540823124863
MANFIZ_noise,2,1.0,0.02,7,2,0.02103605209192823,0.017987809884248227,0.9951150512374722,1.0,0.39322090637704954,0.28068306044636193,0,0.0,0.09401478281685965
MANFIZ_validation,2,1.0,0.02,7,1,0.021114068925643274,0.017867944883085542,0.9968424737191973,1.0,0.3254567905997916,0.1955491505890953,0,0.0,0.07846844431761704
MANFIZ_validation,2,1.0,0.02,7,2,0.02103605209192823,0.017987809884248227,0.9951150512374722,1.0,0.287923418097347,0.20552118378021622,0,0.0,0.04356948450828349
MANFIZ_noise,2,1.0,0.005,8,1,0.006354384253806092,0.005237178237870426,0.9997293748278546,1.0,0.43405501847390315,0.21398215751468347,0,0.0,0.1669112071338055
MANFIZ_noise,2,1.0,0.005,8,2,0.00649257221851006,0.005267591251606919,0.9995271619930399,1.0,0.3942008970090243,0.2690293420051223,0,0.0,0.1306319434451071
MANFIZ_validation,2,1.0,0.005,8,1,0.006354384253806092,0.005237178237870426,0.9997293748278546,1.0,0.3262119514466197,0.16081725635391927,0,0.0,0.11545533016677073
MANFIZ_validation,2,1.0,0.005,8,2,0.00649257221851006,0.005267591251606919,0.9995271619930399,1.0,0.2889749438950326,0.1972160378170525,0,0.0,0.07922157576964438
MANFIZ_noise,2,1.0,0.01,8,1,0.011060039229705288,0.0093015756399797,0.9991794826122606,1.0,0.4340442941422041,0.21330087300210088,0,0.0,0.15927723917340583
MANFIZ_noise,2,1.0,0.01,8,2,0.0110222475592132,0.009198460360927222,0.9986373277554031,1.0,0.3941977518523427,0.26731870872093155,0,0.0,0.12388998002486773
MANFIZ_validation,2,1.0,0.01,8,1,0.011060039229705288,0.0093015756399797,0.9991794826122606,1.0,0.32620122711492233,0.1603039308591248,0,0.0,0.10782136220637106
MANFIZ_validation,2,1.0,0.01,8,2,0.0110222475592132,0.009198460360927222,0.9986373277554031,1.0,0.2889717987383515,0.195961462825481,0,0.0,0.072479612349405
MANFIZ_noise,2,1.0,0.02,8,1,0.021229131805589874,0.01806159261690102,0.9969751668386839,1.0,0.43404894577641445,0.2119638826580547,0,0.0,0.14404899309508443
MANFIZ_noise,2,1.0,0.02,8,2,0.02096124861474733,0.017791836033574152,0.9950807188603732,1.0,0.3942229036877294,0.2630666010549087,0,0.0,0.11040826845852046
MANFIZ_validation,2,1.0,0.02,8,1,0.021229131805589874,0.01806159261690102,0.9969751668386839,1.0,0.32620587874913237,0.15929969483479822,0,0.0,0.08929268263558587
MANFIZ_validation,2,1.0,0.02,8,2,0.02096124861474733,0.017791836033574152,0.9950807188603732,1.0,0.2889969505737379,0.19284888014240725,0,0.0,0.05816218521591961
MANFIZ_noise,2,1.0,0.005,9,1,0.006407068132720758,0.005168109332217888,0.9997250614688186,1.0,0.4330724510891427,0.21725567077207672,0,0.0,0.16866508606347344
MANFIZ_noise,2,1.0,0.005,9,2,0.006690867680424719,0.0054114057210486195,0.9994866394107238,1.0,0.3920309667383249,0.24144225347446605,0,0.0,0.11937696682270593
MANFIZ_validation,2,1.0,0.005,9,1,0.006407068132720758,0.005168109332217888,0.9997250614688186,1.0,0.3251927590828189,0.163136608729281,0,0.0,0.1136481360273448
MANFIZ_validation,2,1.0,0.005,9,2,0.006690867680424719,0.0054114057210486195,0.9994866394107238,1.0,0.2868532833510127,0.1766658989340684,0,0.0,0.06862047009218479
MANFIZ_noise,2,1.0,0.01,9,1,0.011088672598245948,0.009215630200870939,0.999176634637861,1.0,0.4330768284157138,0.21598235765906568,0,0.0,0.15808801112548054
MANFIZ_noise,2,1.0,0.01,9,2,0.011028227304374812,0.009278935246150699,0.9986059205522978,1.0,0.3920363030514835,0.2402952809881223,0,0.0,0.11090105459846258
MANFIZ_validation,2,1.0,0.01,9,1,0.011088672598245948,0.009215630200870939,0.999176634637861,1.0,0.3251971364093891,0.16218102566839654,0,0.0,0.10344349969719471
MANFIZ_validation,2,1.0,0.01,9,2,0.011028227304374812,0.009278935246150699,0.9986059205522978,1.0,0.28685861966417103,0.17582752433775162,0,0.0,0.060060064873994956
MANFIZ_noise,2,1.0,0.02,9,1,0.021285066584920468,0.017940380525905048,0.9969704791545425,1.0,0.4331147029757863,0.21329759262380701,0,0.0,0.1361383047095209
MANFIZ_noise,2,1.0,0.02,9,2,0.020738947518577373,0.017697601220533817,0.9950822892500677,1.0,0.39208448564398446,0.23775886054676196,0,0.0,0.09263520578497063
MANFIZ_validation,2,1.0,0.02,9,1,0.021285066584920468,0.017940380525905048,0.9969704791545425,1.0,0.32523501096946184,0.1601696834582916,0,0.0,0.08303427246449449
MANFIZ_validation,2,1.0,0.02,9,2,0.020738947518577373,0.017697601220533817,0.9950822892500677,1.0,0.28690680225667237,0.17397942761142798,0,0.0,0.041794216060503014
MANFIZ_noise,2,1.0,0.005,10,1,0.006630829090313319,0.005367570518644722,0.9996887176160599,1.0,0.4335750609296409,0.25186138604018277,0,0.0,0.16943253436331218
MANFIZ_noise,2,1.0,0.005,10,2,0.006666171931793098,0.00540780462191504,0.9995185951842487,1.0,0.3955988454496811,0.2808695334201958,0,0.0,0.1189131757239431
MANFIZ_validation,2,1.0,0.005,10,1,0.006630829090313319,0.005367570518644722,0.9996887176160599,1.0,0.3257972038966079,0.1892538172409585,0,0.0,0.1146457849714558
MANFIZ_validation,2,1.0,0.005,10,2,0.006666171931793098,0.00540780462191504,0.9995185951842487,1.0,0.2901982034150752,0.20603658208334882,0,0.0,0.06902894752526377
MANFIZ_noise,2,1.0,0.01,10,1,0.011276822526996353,0.009433638769144149,0.9991009629607974,1.0,0.4335925259040618,0.25158418406585165,0,0.0,0.1590763406986067
MANFIZ_noise,2,1.0,0.01,10,2,0.011323327114818435,0.009474730751385559,0.9986116188787486,1.0,0.3956276534134719,0.2788357245876741,0,0.0,0.10959937367514413
MANFIZ_validation,2,1.0,0.01,10,1,0.011276822526996353,0.009433638769144149,0.9991009629607974,1.0,0.3258146688710285,0.1890480410235214,0,0.0,0.1060079176077017
MANFIZ_validation,2,1.0,0.01,10,2,0.011323327114818435,0.009474730751385559,0.9986116188787486,1.0,0.2902270113788658,0.2045500568893891,0,0.0,0.05971514547646481
MANFIZ_noise,2,1.0,0.02,10,1,0.02146310624398976,0.018184944235221306,0.9967558716958148,1.0,0.433650748801376,0.24864073169048467,0,0.0,0.1383639533691956
MANFIZ_noise,2,1.0,0.02,10,2,0.021508871548328177,0.018294859713578887,0.9950034738746464,1.0,0.3957158408059055,0.27487730072896754,0,0.0,0.09104142673667659
MANFIZ_validation,2,1.0,0.02,10,1,0.02146310624398976,0.018184944235221306,0.9967558716958148,1.0,0.325872891768343,0.1868445390013306,0,0.0,0.08581283901083195
MANFIZ_validation,2,1.0,0.02,10,2,0.021508871548328177,0.018294859713578887,0.9950034738746464,1.0,0.2903151987712991,0.20166253146785182,0,0.0,0.041157198537997264
MANFIZ_noise,2,1.0,0.005,11,1,0.006523397329252786,0.0053821151034037775,0.9997140548648639,1.0,0.43412607808679265,0.23333665576298385,0,0.0,0.16785704922987554
MANFIZ_noise,2,1.0,0.005,11,2,0.006465747669551406,0.005302647770066451,0.9995323048059603,1.0,0.39394528247877275,0.27695248651316057,0,0.0,0.1184932238982132
MANFIZ_validation,2,1.0,0.005,11,1,0.006523397329252786,0.0053821151034037775,0.9997140548648639,1.0,0.32621639063851626,0.17533671780814927,0,0.0,0.11661920300733881
MANFIZ_validation,2,1.0,0.005,11,2,0.006465747669551406,0.005302647770066451,0.9995323048059603,1.0,0.28875147480089003,0.20299884904639726,0,0.0,0.06823114420532855
MANFIZ_noise,2,1.0,0.01,11,1,0.011256784797101207,0.009489708511770207,0.9991493290076641,1.0,0.43415774298471577,0.23157103963588765,0,0.0,0.1597731596018817
MANFIZ_noise,2,1.0,0.01,11,2,0.01095591472686474,0.009237645475177348,0.9986596910933063,1.0,0.3939860731043707,0.27642124267353124,0,0.0,0.11065619990661449
MANFIZ_validation,2,1.0,0.01,11,1,0.011256784797101207,0.009489708511770207,0.9991493290076641,1.0,0.32624805553644026,0.1740141748489326,0,0.0,0.10853531337934495
MANFIZ_validation,2,1.0,0.01,11,2,0.01095591472686474,0.009237645475177348,0.9986596910933063,1.0,0.28879226542648767,0.2026171033272709,0,0.0,0.060394120213729835
MANFIZ_noise,2,1.0,0.02,11,1,0.02150175194482114,0.01833150837194691,0.9969051473467725,1.0,0.43424795425133983,0.22813363919534288,0,0.0,0.14361730818084562
MANFIZ_noise,2,1.0,0.02,11,2,0.02080460725471434,0.01778543920864273,0.9951929059219639,1.0,0.3940997875812203,0.27497174084331066,0,0.0,0.09501577935461669
MANFIZ_validation,2,1.0,0.02,11,1,0.02150175194482114,0.01833150837194691,0.9969051473467725,1.0,0.3263382668030638,0.17144291800484399,0,0.0,0.08914603934361509
MANFIZ_validation,2,1.0,0.02,11,2,0.02080460725471434,0.01778543920864273,0.9951929059219639,1.0,0.28890597990333844,0.2015758006915735,0,0.0,0.04475369966173204
MANFIZ_noise,2,1.0,0.005,12,1,0.0063320724129109955,0.005180946772894239,0.9997316247541698,1.0,0.43351121133918136,0.2604306456287353,0,0.0,0.16676809544975266
MANFIZ_noise,2,1.0,0.005,12,2,0.0065962308388937485,0.0053240825774509126,0.9995077875212545,1.0,0.3932236773702354,0.27744010173601463,0,0.0,0.12487103646607509
MANFIZ_validation,2,1.0,0.005,12,1,0.0063320724129109955,0.005180946772894239,0.9997316247541698,1.0,0.3256096109012111,0.1956090614772515,0,0.0,0.11196693746054667
MANFIZ_validation,2,1.0,0.005,12,2,0.0065962308388937485,0.0053240825774509126,0.9995077875212545,1.0,0.28806554697101006,0.2032454789924287,0,0.0,0.07428683064978395
MANFIZ_noise,2,1.0,0.01,12,1,0.010874248368672013,0.009140560881791061,0.9992097145700662,1.0,0.4335263176161029,0.2601372998746358,0,0.0,0.15870470779269966
MANFIZ_noise,2,1.0,0.01,12,2,0.011066742479276836,0.009270504555457105,0.9986154057469053,1.0,0.3932454604887067,0.2758778229251859,0,0.0,0.11837625879603242
MANFIZ_validation,2,1.0,0.01,12,1,0.010874248368672013,0.009140560881791061,0.9992097145700662,1.0,0.3256247171781345,0.1953909860996533,0,0.0,0.10390354980349367
MANFIZ_validation,2,1.0,0.01,12,2,0.011066742479276836,0.009270504555457105,0.9986154057469053,1.0,0.2880873300894803,0.20210508047224535,0,0.0,0.06823662042540395
MANFIZ_noise,2,1.0,0.02,12,1,0.020765635866562875,0.017655572193798527,0.9971297211373449,1.0,0.4335848656819021,0.25714302432716984,0,0.0,0.13921697105192485
MANFIZ_noise,2,1.0,0.02,12,2,0.020945157509520366,0.01786526010597391,0.9950550292199248,1.0,0.39331908817859507,0.2726439732178726,0,0.0,0.09883246993304981
MANFIZ_validation,2,1.0,0.02,12,1,0.020765635866562875,0.017655572193798527,0.9971297211373449,1.0,0.3256832652439329,0.1931506065504914,0,0.0,0.08338709718960752
MANFIZ_validation,2,1.0,0.02,12,2,0.020945157509520366,0.01786526010597391,0.9950550292199248,1.0,0.28816095777936906,0.19974964555892724,0,0.0,0.04851965782347724
MANFIZ_noise,2,1.0,0.005,13,1,0.006591933811361261,0.005421678822796514,0.9996959388264107,1.0,0.433388275630293,0.21447586783135095,0,0.0,0.16243217316283298
MANFIZ_noise,2,1.0,0.005,13,2,0.006956017407300936,0.00565310632136687,0.9994719779563815,1.0,0.3928764029186359,0.2547731335647169,0,0.0,0.11585206861280231
MANFIZ_validation,2,1.0,0.005,13,1,0.006591933811361261,0.005421678822796514,0.9996959388264107,1.0,0.3255048623835589,0.16108635551228667,0,0.0,0.10699698351418357
MANFIZ_validation,2,1.0,0.005,13,2,0.006956017407300936,0.00565310632136687,0.9994719779563815,1.0,0.28745700191949913,0.1864105876557742,0,0.0,0.06476604749949694
MANFIZ_noise,2,1.0,0.01,13,1,0.011228301003728545,0.009449891028709937,0.9991185899892363,1.0,0.43340370945958256,0.21352010186191805,0,0.0,0.15515832535217128
MANFIZ_noise,2,1.0,0.01,13,2,0.01157092457686346,0.009725499602351518,0.998540420095118,1.0,0.39288886056950245,0.25214615658489803,0,0.0,0.10932893656354042
MANFIZ_validation,2,1.0,0.01,13,1,0.011228301003728545,0.009449891028709937,0.9991185899892363,1.0,0.32552029621284884,0.16037040128741903,0,0.0,0.09972313570352188
MANFIZ_validation,2,1.0,0.01,13,2,0.01157092457686346,0.009725499602351518,0.998540420095118,1.0,0.2874694595703666,0.18449064516906336,0,0.0,0.058242915450235036
MANFIZ_noise,2,1.0,0.02,13,1,0.021325601481004243,0.018076888440095435,0.9968294945838001,1.0,0.4334632802517678,0.21164811383586588,0,0.0,0.14061181190458655
MANFIZ_noise,2,1.0,0.02,13,2,0.0218037682121851,0.018643055039172463,0.9948366815865577,1.0,0.39295040567843226,0.24707494655240247,0,0.0,0.09567376862761615
MANFIZ_validation,2,1.0,0.02,13,1,0.021325601481004243,0.018076888440095435,0.9968294945838001,1.0,0.32557986700503455,0.1589716312637225,0,0.0,0.08517662225593715
MANFIZ_validation,2,1.0,0.02,13,2,0.0218037682121851,0.018643055039172463,0.9948366815865577,1.0,0.2875310046792962,0.1807905185659284,0,0.0,0.044979467471594675
MANFIZ_noise,2,1.0,0.005,14,1,0.006630480501680332,0.00542213543379951,0.9996923737718427,1.0,0.43397124662101144,0.2425955063005364,0,0.0,0.1643061064887385
MANFIZ_noise,2,1.0,0.005,14,2,0.00684200154299388,0.005544024275185326,0.9995043857393802,1.0,0.3954092456813416,0.2688726898144588,0,0.0,0.11494461627955198
MANFIZ_validation,2,1.0,0.005,14,1,0.006630480501680332,0.00542213543379951,0.9996923737718427,1.0,0.3261743830886272,0.18233567367368408,0,0.0,0.11224898788892043
MANFIZ_validation,2,1.0,0.005,14,2,0.00684200154299388,0.005544024275185326,0.9995043857393802,1.0,0.29003643179177574,0.19722066798328883,0,0.0,0.06466883815945754
MANFIZ_noise,2,1.0,0.01,14,1,0.01112405554172006,0.00930675141509026,0.9991339434876308,1.0,0.4339833950853532,0.24103986488991394,0,0.0,0.15518872349731713
MANFIZ_noise,2,1.0,0.01,14,2,0.011486282725907621,0.009701104369334313,0.998604679327632,1.0,0.3954263307714707,0.266012426889893,0,0.0,0.10647188571508895
MANFIZ_validation,2,1.0,0.01,14,1,0.01112405554172006,0.00930675141509026,0.9991339434876308,1.0,0.32618653155296823,0.18116812390707673,0,0.0,0.10237217489927752
MANFIZ_validation,2,1.0,0.01,14,2,0.011486282725907621,0.009701104369334313,0.998604679327632,1.0,0.29005351688190467,0.19512570091923384,0,0.0,0.05619610759499449
MANFIZ_noise,2,1.0,0.02,14,1,0.021042885009714858,0.017904195858749077,0.9969028850450564,1.0,0.43403521537140577,0.2380030228686317,0,0.0,0.13552984907677856
MANFIZ_noise,2,1.0,0.02,14,2,0.021704139002567385,0.018647874788307456,0.9950368015277451,1.0,0.3954917936261628,0.2604919766066266,0,0.0,0.08953289831907738
MANFIZ_validation,2,1.0,0.02,14,1,0.021042885009714858,0.017904195858749077,0.9969028850450564,1.0,0.3262383518390219,0.1788926593131981,0,0.0,0.08271330047873897
MANFIZ_validation,2,1.0,0.02,14,2,0.021704139002567385,0.018647874788307456,0.9950368015277451,1.0,0.29011897973659595,0.1910878245785283,0,0.0,0.039257120198982934
MANFIZ_noise,2,1.0,0.005,15,1,0.006457791728681327,0.005267360930480546,0.9997003895933471,1.0,0.43326731850738925,0.22424523312087258,0,0.0,0.16829966778858751
MANFIZ_noise,2,1.0,0.005,15,2,0.0067102258119023685,0.005453335945905022,0.9995294943479198,1.0,0.39362642418833,0.27093242979941407,0,0.0,0.11813386202475129
MANFIZ_validation,2,1.0,0.005,15,1,0.006457791728681327,0.005267360930480546,0.9997003895933471,1.0,0.32544682470467196,0.16844081230443017,0,0.0,0.11328106654179607
MANFIZ_validation,2,1.0,0.005,15,2,0.0067102258119023685,0.005453335945905022,0.9995294943479198,1.0,0.28822917071835524,0.19838767105846475,0,0.0,0.06801389318278886
MANFIZ_noise,2,1.0,0.01,15,1,0.0110515791798634,0.009249486607049877,0.9991222335756114,1.0,0.43327783638079675,0.2236618308623629,0,0.0,0.1603620979087329
MANFIZ_noise,2,1.0,0.01,15,2,0.011204862703071609,0.009396625338843534,0.9986906977372282,1.0,0.3936498532943805,0.2690460083759132,0,0.0,0.10964384124745422
MANFIZ_validation,2,1.0,0.01,15,1,0.0110515791798634,0.009249486607049877,0.9991222335756114,1.0,0.32545734257807973,0.16800394342035352,0,0.0,0.10534349666194145
MANFIZ_validation,2,1.0,0.01,15,2,0.011204862703071609,0.009396625338843534,0.9986906977372282,1.0,0.28825259982440593,0.1970106447080009,0,0.0,0.058481264182329
MANFIZ_noise,2,1.0,0.02,15,1,0.021142775084821853,0.017939223248877034,0.9967888300951602,1.0,0.4333268028325276,0.22133268370486434,0,0.0,0.14311811934739394
MANFIZ_noise,2,1.0,0.02,15,2,0.021148824162597064,0.017972103955003704,0.9953613101363631,1.0,0.39373132723729226,0.26487926335055734,0,0.0,0.0891088881937308
MANFIZ_validation,2,1.0,0.02,15,1,0.021142775084821853,0.017939223248877034,0.9967888300951602,1.0,0.3255063090298116,0.16626062470517702,0,0.0,0.08859953367392544
MANFIZ_validation,2,1.0,0.02,15,2,0.021148824162597064,0.017972103955003704,0.9953613101363631,1.0,0.2883340737673185,0.193974194520529,0,0.0,0.037933165210122015
MANFIZ_noise,2,1.0,0.005,16,1,0.006758823552867362,0.0055317745600291695,0.9996915485150714,1.0,0.43405548369606495,0.2644558850304419,0,0.0,0.1665528858338937
MANFIZ_noise,2,1.0,0.005,16,2,0.006756032753468402,0.005530383981166435,0.9995063048752555,1.0,0.39400462295942806,0.2690338353832663,0,0.0,0.12127162494743968
MANFIZ_validation,2,1.0,0.005,16,1,0.006758823552867362,0.0055317745600291695,0.9996915485150714,1.0,0.326218194247885,0.1987541328547421,0,0.0,0.11535309286667242
MANFIZ_validation,2,1.0,0.005,16,2,0.006756032753468402,0.005530383981166435,0.9995063048752555,1.0,0.2888595691967588,0.19723879685585413,0,0.0,0.07120283044637203
MANFIZ_noise,2,1.0,0.01,16,1,0.011491952481402603,0.009716130789567994,0.9991077457971804,1.0,0.434048832855825,0.2626587423882748,0,0.0,0.15732383282683554
MANFIZ_noise,2,1.0,0.01,16,2,0.011216977037839148,0.009496071009663308,0.9986394791473688,1.0,0.394000095673997,0.26739774297267016,0,0.0,0.11405498958965579
MANFIZ_validation,2,1.0,0.01,16,1,0.011491952481402603,0.009716130789567994,0.9991077457971804,1.0,0.32621154340764597,0.1974024746944796,0,0.0,0.10675166663817523
MANFIZ_validation,2,1.0,0.01,16,2,0.011216977037839148,0.009496071009663308,0.9986394791473688,1.0,0.2888550419113282,0.196038496186748,0,0.0,0.06398619508858815
MANFIZ_noise,2,1.0,0.02,16,1,0.021811797646293533,0.018650525468238734,0.9967852947072263,1.0,0.4340618693817653,0.25915231600178745,0,0.0,0.13887486796772322
MANFIZ_noise,2,1.0,0.02,16,2,0.021063604393182847,0.01807368397957592,0.9952127519660857,1.0,0.3940206272521369,0.26420426790263973,0,0.0,0.09962716089273627
MANFIZ_validation,2,1.0,0.02,16,1,0.021811797646293533,0.018650525468238734,0.9967852947072263,1.0,0.3262245799335862,0.19476913636047355,0,0.0,0.08830270177906291
MANFIZ_validation,2,1.0,0.02,16,2,0.021063604393182847,0.01807368397957592,0.9952127519660857,1.0,0.28887557348946863,0.19370092358109242,0,0.0,0.04955836639166861
MANFIZ_noise,2,1.0,0.005,17,1,0.006565348323904035,0.005354609445477309,0.9996972917780651,1.0,0.43387996518794664,0.24142571688057268,0,0.0,0.16832278260421385
MANFIZ_noise,2,1.0,0.005,17,2,0.00626125384363661,0.0051060512234386195,0.9995726962564262,1.0,0.39488334637706607,0.2822005749036815,0,0.0,0.12270438893475433
MANFIZ_validation,2,1.0,0.005,17,1,0.006565348323904035,0.005354609445477309,0.9996972917780651,1.0,0.32610185599496744,0.1814542746300041,0,0.0,0.11483518144368204
MANFIZ_validation,2,1.0,0.005,17,2,0.00626125384363661,0.0051060512234386195,0.9995726962564262,1.0,0.28953324073412773,0.20691287120241592,0,0.0,0.07181778876643166
MANFIZ_noise,2,1.0,0.01,17,1,0.011186464401799589,0.009353987663715358,0.999122153077522,1.0,0.43389298247775,0.2416210162570595,0,0.0,0.16075125701106543
MANFIZ_noise,2,1.0,0.01,17,2,0.010696676030618454,0.008963528005343568,0.9987538981636127,1.0,0.3949053492176629,0.281140873879565,0,0.0,0.11345774333572392
MANFIZ_validation,2,1.0,0.01,17,1,0.011186464401799589,0.009353987663715358,0.999122153077522,1.0,0.32611487328476957,0.18160286126233643,0,0.0,0.10665492324770356
MANFIZ_validation,2,1.0,0.01,17,2,0.010696676030618454,0.008963528005343568,0.9987538981636127,1.0,0.2895552435747242,0.20614006464151288,0,0.0,0.06257114316740127
MANFIZ_noise,2,1.0,0.02,17,1,0.021254119906131172,0.018011610409645884,0.9968412392752123,1.0,0.433943123436273,0.2393973480137314,0,0.0,0.14096691025489055
MANFIZ_noise,2,1.0,0.02,17,2,0.02038291999143116,0.017354528435603266,0.9954898484615741,1.0,0.3949831017788415,0.2776698286664007,0,0.0,0.09462243602045645
MANFIZ_validation,2,1.0,0.02,17,1,0.021254119906131172,0.018011610409645884,0.9968412392752123,1.0,0.32616501424329336,0.17993841867198593,0,0.0,0.0855922620965725
MANFIZ_validation,2,1.0,0.02,17,2,0.02038291999143116,0.017354528435603266,0.9954898484615741,1.0,0.2896329961359035,0.20360958241252206,0,0.0,0.04436169132280558
MANFIZ_noise,2,1.0,0.005,18,1,0.006845077366718533,0.0056113456394040525,0.999687651486947,1.0,0.432324083054078,0.20241664821626978,0,0.0,0.16663178419621894
MANFIZ_noise,2,1.0,0.005,18,2,0.006812260111643572,0.005505802021910662,0.999465389050588,1.0,0.391637461946574,0.2615660852215263,0,0.0,0.11944096819010407
MANFIZ_validation,2,1.0,0.005,18,1,0.006845077366718533,0.0056113456394040525,0.999687651486947,1.0,0.3244289464574669,0.15189951820944864,0,0.0,0.11494914689929703
MANFIZ_validation,2,1.0,0.005,18,2,0.006812260111643572,0.005505802021910662,0.999465389050588,1.0,0.28639474466560544,0.19127677882975397,0,0.0,0.0689542813563912
MANFIZ_noise,2,1.0,0.01,18,1,0.011512851083557983,0.009733636415967728,0.9991168745201247,1.0,0.43232788108723424,0.20215936808904245,0,0.0,0.1581555647626693
MANFIZ_noise,2,1.0,0.01,18,2,0.011296543236641676,0.00948128075463612,0.9985309128585179,1.0,0.3916471383233495,0.2594265328176682,0,0.0,0.11284739052633505
MANFIZ_validation,2,1.0,0.01,18,1,0.011512851083557983,0.009733636415967728,0.9991168745201247,1.0,0.32443274449062365,0.15170689072533863,0,0.0,0.10701578246891408
MANFIZ_validation,2,1.0,0.01,18,2,0.011296543236641676,0.00948128075463612,0.9985309128585179,1.0,0.28640442104238073,0.18971389974342806,0,0.0,0.06290506275588907
MANFIZ_noise,2,1.0,0.02,18,1,0.021786150594913224,0.018603901794366898,0.9968441197144441,1.0,0.4323676240732394,0.20117542932314234,0,0.0,0.13985253122938518
MANFIZ_noise,2,1.0,0.02,18,2,0.021241007175345005,0.01809537780784326,0.9948220641387601,1.0,0.3917070866770443,0.2552775050552199,0,0.0,0.09442694876763683
MANFIZ_validation,2,1.0,0.02,18,1,0.021786150594913224,0.018603901794366898,0.9968441197144441,1.0,0.3244724874766291,0.15097312642586208,0,0.0,0.08888194549701989
MANFIZ_validation,2,1.0,0.02,18,2,0.021241007175345005,0.01809537780784326,0.9948220641387601,1.0,0.2864643693960756,0.18669028974433585,0,0.0,0.04343950352725081
MANFIZ_noise,2,1.0,0.005,19,1,0.006568385601570109,0.005398392951939665,0.9996983019643748,1.0,0.43302451439681555,0.21201076912570752,0,0.0,0.16719791567386633
MANFIZ_noise,2,1.0,0.005,19,2,0.00697209925162891,0.005652026774537571,0.9994786957240964,1.0,0.39274991165508966,0.2659426177121103,0,0.0,0.1237813077408112
MANFIZ_validation,2,1.0,0.005,19,1,0.006568385601570109,0.005398392951939665,0.9996983019643748,1.0,0.3251536306696021,0.15919669448346027,0,0.0,0.1122776341155572
MANFIZ_validation,2,1.0,0.005,19,2,0.00697209925162891,0.005652026774537571,0.9994786957240964,1.0,0.28735840461202816,0.1945789014236897,0,0.0,0.07313012080534664
MANFIZ_noise,2,1.0,0.01,19,1,0.011242841203788344,0.009471463588143684,0.9991167792395855,1.0,0.43305170620493,0.21049498133445527,0,0.0,0.15806308294535
MANFIZ_noise,2,1.0,0.01,19,2,0.011420937260756978,0.009607422543068641,0.9986036144402632,1.0,0.392788424565554,0.2643815318904248,0,0.0,0.11469908042154073
MANFIZ_validation,2,1.0,0.01,19,1,0.011242841203788344,0.009471463588143684,0.9991167792395855,1.0,0.32518082247771823,0.15806179764912068,0,0.0,0.10314280138704084
MANFIZ_validation,2,1.0,0.01,19,2,0.011420937260756978,0.009607422543068641,0.9986036144402632,1.0,0.28739691752249186,0.19344367746891544,0,0.0,0.06407457040566414
MANFIZ_noise,2,1.0,0.02,19,1,0.021397088448782294,0.01820178731072696,0.9968091835570227,1.0,0.43312948352626546,0.2075392729712168,0,0.0,0.13944179828423986
MANFIZ_noise,2,1.0,0.02,19,2,0.02130802361790041,0.0181829180916412,0.995164052724998,1.0,0.39289567832852973,0.2613347016741308,0,0.0,0.09656837274116928
MANFIZ_validation,2,1.0,0.02,19,1,0.021397088448782294,0.01820178731072696,0.9968091835570227,1.0,0.3252585997990532,0.15585162381548648,0,0.0,0.08488456520691326
MANFIZ_validation,2,1.0,0.02,19,2,0.02130802361790041,0.0181829180916412,0.995164052724998,1.0,0.2875041712854665,0.1912335028794328,0,0.0,0.0459438627252927
MANFIZ_noise,2,1.0,0.005,20,1,0.006993054035442154,0.005632721714591778,0.9996524042934767,1.0,0.43278821014806607,0.242550936262792,0,0.0,0.16938478786211444
MANFIZ_noise,2,1.0,0.005,20,2,0.006542136559785692,0.005351121601206864,0.9995373625184136,1.0,0.3937729880970548,0.24052277095051833,0,0.0,0.12177061690358199
MANFIZ_validation,2,1.0,0.005,20,1,0.006993054035442154,0.005632721714591778,0.9996524042934767,1.0,0.32501491622691175,0.18215069260606712,0,0.0,0.11474368640360844
MANFIZ_validation,2,1.0,0.005,20,2,0.006542136559785692,0.005351121601206864,0.9995373625184136,1.0,0.28833216748650525,0.17611784955886844,0,0.0,0.0710434709739197
MANFIZ_noise,2,1.0,0.01,20,1,0.011668808121024807,0.00976402438407637,0.9990323235448684,1.0,0.4328141968863946,0.24287762288429735,0,0.0,0.15968749284803624
MANFIZ_noise,2,1.0,0.01,20,2,0.011126039827996358,0.009400543767061247,0.998663605843232,1.0,0.3938006615688435,0.23871287097118468,0,0.0,0.11303122219727937
MANFIZ_validation,2,1.0,0.01,20,1,0.011668808121024807,0.00976402438407637,0.9990323235448684,1.0,0.3250409029652416,0.18239965883809725,0,0.0,0.10504639138953023
MANFIZ_validation,2,1.0,0.01,20,2,0.011126039827996358,0.009400543767061247,0.998663605843232,1.0,0.2883598409582944,0.17479707939981465,0,0.0,0.06230407626761709
MANFIZ_noise,2,1.0,0.02,20,1,0.021976174444660962,0.01871190755385643,0.996572502445052,1.0,0.43289249575335936,0.2435464841561098,0,0.0,0.14029784612961796
MANFIZ_noise,2,1.0,0.02,20,2,0.021199793035558617,0.01814703339448595,0.9951681657443363,1.0,0.3938889762368099,0.23519399516107498,0,0.0,0.09557394197091887
MANFIZ_validation,2,1.0,0.02,20,1,0.021976174444660962,0.01871190755385643,0.996572502445052,1.0,0.32511920183220455,0.18291293869641906,0,0.0,0.08516456229959872
MANFIZ_validation,2,1.0,0.02,20,2,0.021199793035558617,0.01814703339448595,0.9951681657443363,1.0,0.2884481556262607,0.17223450822801634,0,0.0,0.04484679604125659
MANFIZ_noise,2,1.15,0.005,1,1,0.007699838388578042,0.006011970629435972,0.9996635386398718,1.0,0.4471637453946841,0.24534794633545048,0,0.0,0.16265906373420636
MANFIZ_noise,2,1.15,0.005,1,2,0.0081141347205185,0.006453515386939553,0.9994177663888689,1.0,0.4182406446355106,0.2539541337409164,0,0.0,0.12177674294270516
MANFIZ_validation,2,1.15,0.005,1,1,0.007699838388578042,0.006011970629435972,0.9996635386398718,1.0,0.33876418819363596,0.18587172757474787,0,0.0,0.10567168798615273
MANFIZ_validation,2,1.15,0.005,1,2,0.0081141347205185,0.006453515386939553,0.9994177663888689,1.0,0.3122173424285409,0.18957718660851347,0,0.0,0.07103046714252277
MANFIZ_noise,2,1.15,0.01,1,1,0.011670537183340301,0.009545107568346563,0.9992269505292386,1.0,0.4471510588087819,0.24501924415891138,0,0.0,0.1534462056444395
MANFIZ_noise,2,1.15,0.01,1,2,0.012192735054009501,0.010127375329273615,0.998684565562232,1.0,0.4182223780146804,0.25349368549324663,0,0.0,0.11951185273767753
MANFIZ_validation,2,1.15,0.01,1,1,0.011670537183340301,0.009545107568346563,0.9992269505292386,1.0,0.338751501607734,0.18562102279873463,0,0.0,0.09645882989638588
MANFIZ_validation,2,1.15,0.01,1,2,0.012192735054009501,0.010127375329273615,0.998684565562232,1.0,0.3121990758077097,0.1892306545378207,0,0.0,0.06952640087637063
MANFIZ_noise,2,1.15,0.02,1,1,0.02108613132279112,0.01767401696059482,0.9974778247120082,1.0,0.4471444215774331,0.2443746590299738,0,0.0,0.13502157320972094
MANFIZ_noise,2,1.15,0.02,1,2,0.02185974362267032,0.01857594448673908,0.9957724786557097,1.0,0.4182081170906681,0.24968249114435012,0,0.0,0.10347267030362495
MANFIZ_validation,2,1.15,0.02,1,1,0.02108613132279112,0.01767401696059482,0.9974778247120082,1.0,0.33874486437638357,0.1851318203592933,0,0.0,0.07803419746166732
MANFIZ_validation,2,1.15,0.02,1,2,0.02185974362267032,0.01857594448673908,0.9957724786557097,1.0,0.3121848148836979,0.18638347533723373,0,0.0,0.052083196192044004
MANFIZ_noise,2,1.15,0.005,2,1,0.00850652632359764,0.006530770310290971,0.9995831589731065,1.0,0.4454870048447454,0.22807014626332642,0,0.0,0.15035332671551332
MANFIZ_noise,2,1.15,0.005,2,2,0.008632678556457081,0.006668226777966401,0.99936915928282,1.0,0.414699202264852,0.255914033030965,0,0.0,0.11723859793069004
MANFIZ_validation,2,1.15,0.005,2,1,0.00850652632359764,0.006530770310290971,0.9995831589731065,1.0,0.33704858092736645,0.1725543468473136,0,0.0,0.09303556028816966
MANFIZ_validation,2,1.15,0.005,2,2,0.008632678556457081,0.006668226777966401,0.99936915928282,1.0,0.3086883852780961,0.19049395126610646,0,0.0,0.06663487871748744
MANFIZ_noise,2,1.15,0.01,2,1,0.012400476564343737,0.01014311492097041,0.9991140939933618,1.0,0.4454761467507616,0.226628651405737,0,0.0,0.144472799690184
MANFIZ_noise,2,1.15,0.01,2,2,0.01246314942391246,0.010167970024896047,0.9986859587248161,1.0,0.4146929562970086,0.2552643813527559,0,0.0,0.10893894916305472
MANFIZ_validation,2,1.15,0.01,2,1,0.012400476564343737,0.01014311492097041,0.9991140939933618,1.0,0.33703772283338207,0.1714623895257067,0,0.0,0.08715503326284034
MANFIZ_validation,2,1.15,0.01,2,2,0.01246314942391246,0.010167970024896047,0.9986859587248161,1.0,0.30868213931025135,0.19000938918586815,0,0.0,0.058335229949852116
MANFIZ_noise,2,1.15,0.02,2,1,0.021931408605153215,0.018535419377297344,0.997230762363926,1.0,0.4454787632603097,0.2238116648908282,0,0.0,0.12937442527391854
MANFIZ_noise,2,1.15,0.02,2,2,0.02180075749094757,0.018340338656374487,0.9959894915800527,1.0,0.4147146437458161,0.25244988131669704,0,0.0,0.09236105359072952
MANFIZ_validation,2,1.15,0.02,2,1,0.021931408605153215,0.018535419377297344,0.997230762363926,1.0,0.3370403393429309,0.1693314377808678,0,0.0,0.07213641528573209
MANFIZ_validation,2,1.15,0.02,2,2,0.02180075749094757,0.018340338656374487,0.9959894915800527,1.0,0.30870382675905916,0.18791775405717373,0,0.0,0.04175733437752692
MANFIZ_noise,2,1.15,0.005,3,1,0.008441005574106437,0.0065242296975767545,0.9996059386578133,1.0,0.446537733597018,0.22151384489875692,0,0.0,0.1472018551676139
MANFIZ_noise,2,1.15,0.005,3,2,0.008208879393232546,0.006521689360730664,0.9993999586771178,1.0,0.41752887080363643,0.24352123217092916,0,0.0,0.11996182156646895
MANFIZ_validation,2,1.15,0.005,3,1,0.008441005574106437,0.0065242296975767545,0.9996059386578133,1.0,0.337943133324145,0.16764335281757362,0,0.0,0.08940045291879092
MANFIZ_validation,2,1.15,0.005,3,2,0.008208879393232546,0.006521689360730664,0.9993999586771178,1.0,0.3113703722456853,0.1816049188762584,0,0.0,0.07031554581602424
MANFIZ_noise,2,1.15,0.01,3,1,0.012476868078565729,0.010156223451203789,0.9991388005727979,1.0,0.44652835599423846,0.22073713868290698,0,0.0,0.1378221087625085
MANFIZ_noise,2,1.15,0.01,3,2,0.012072746325227094,0.009961566391130296,0.9987022819162286,1.0,0.41752747405186114,0.24135639292244473,0,0.0,0.11392946535204004
MANFIZ_validation,2,1.15,0.01,3,1,0.012476868078565729,0.010156223451203789,0.9991388005727979,1.0,0.3379337557213646,0.16705440830562832,0,0.0,0.08002070651368554
MANFIZ_validation,2,1.15,0.01,3,2,0.012072746325227094,0.009961566391130296,0.9987022819162286,1.0,0.31136897549391046,0.17999029396526087,0,0.0,0.06428318960159533
MANFIZ_noise,2,1.15,0.02,3,1,0.02220905107259781,0.01865458724499031,0.9972721685404478,1.0,0.4465330214851762,0.2192113543829602,0,0.0,0.11906432662707211
MANFIZ_noise,2,1.15,0.02,3,2,0.021464887571857078,0.01816699065206418,0.9959040869055068,1.0,0.41755087157018267,0.23711136186199105,0,0.0,0.10106073425436352
MANFIZ_validation,2,1.15,0.02,3,1,0.02220905107259781,0.01865458724499031,0.9972721685404478,1.0,0.33793842121230294,0.16590024801659037,0,0.0,0.06126292437824915
MANFIZ_validation,2,1.15,0.02,3,2,0.021464887571857078,0.01816699065206418,0.9959040869055068,1.0,0.3113923730122318,0.1768279619695564,0,0.0,0.05035733397375167
MANFIZ_noise,2,1.15,0.005,4,1,0.008106707367994145,0.006264700476017474,0.9996415865541405,1.0,0.44681620755869966,0.21190314597141754,0,0.0,0.1567943646015199
MANFIZ_noise,2,1.15,0.005,4,2,0.008069411193338743,0.006362501907259959,0.9994235854259651,1.0,0.41726059322307124,0.25623785928839987,0,0.0,0.12070441891222078
MANFIZ_validation,2,1.15,0.005,4,1,0.008106707367994145,0.006264700476017474,0.9996415865541405,1.0,0.3383334037693463,0.16045504042402867,0,0.0,0.09877547071492801
MANFIZ_validation,2,1.15,0.005,4,2,0.008069411193338743,0.006362501907259959,0.9994235854259651,1.0,0.3112107041840524,0.19111309796064352,0,0.0,0.07177313887015706
MANFIZ_noise,2,1.15,0.01,4,1,0.01215383723402285,0.009991381348040092,0.9991945823213572,1.0,0.44683399598339263,0.21180583133789757,0,0.0,0.14785935546504994
MANFIZ_noise,2,1.15,0.01,4,2,0.012238744939882591,0.01012642215567459,0.9986758156081068,1.0,0.4172803027119422,0.2544028010714736,0,0.0,0.11546766577201936
MANFIZ_validation,2,1.15,0.01,4,1,0.01215383723402285,0.009991381348040092,0.9991945823213572,1.0,0.33835119219403953,0.16038340007927876,0,0.0,0.08984046157845804
MANFIZ_validation,2,1.15,0.01,4,2,0.012238744939882591,0.01012642215567459,0.9986758156081068,1.0,0.3112304136729239,0.1897474874860881,0,0.0,0.06548014956784945
MANFIZ_noise,2,1.15,0.02,4,1,0.021878182088695814,0.018523160349388813,0.9973934845408188,1.0,0.4468912303586051,0.21110994847056413,0,0.0,0.12999226865886668
MANFIZ_noise,2,1.15,0.02,4,2,0.022136537998488026,0.01885571885756596,0.9956853968398064,1.0,0.41734832883992906,0.25082811709799285,0,0.0,0.09982898207771732
MANFIZ_validation,2,1.15,0.02,4,1,0.021878182088695814,0.018523160349388813,0.9973934845408188,1.0,0.33840842656925146,0.15986302849960082,0,0.0,0.07197337477227478
MANFIZ_validation,2,1.15,0.02,4,2,0.022136537998488026,0.01885571885756596,0.9956853968398064,1.0,0.31129843980091,0.18709168364911094,0,0.0,0.0498414658735474
MANFIZ_noise,2,1.15,0.005,5,1,0.008343939134326258,0.006485897538075425,0.9996034304423846,1.0,0.44679579834571714,0.21554992878369486,0,0.0,0.1596085146125597
MANFIZ_noise,2,1.15,0.005,5,2,0.008368747805901402,0.006535099752374291,0.9993910298067985,1.0,0.4173479008948155,0.2596997824983707,0,0.0,0.12535680039551675
MANFIZ_validation,2,1.15,0.005,5,1,0.008343939134326258,0.006485897538075425,0.9996034304423846,1.0,0.3383479547195241,0.16323089387575332,0,0.0,0.10445218287487323
MANFIZ_validation,2,1.15,0.005,5,2,0.008368747805901402,0.006535099752374291,0.9993910298067985,1.0,0.3113827266191668,0.19376167030759306,0,0.0,0.0741173170500519
MANFIZ_noise,2,1.15,0.01,5,1,0.012364985715125138,0.010156907479899606,0.9991298763543701,1.0,0.446816116873457,0.21488854557446985,0,0.0,0.15226631936511537
MANFIZ_noise,2,1.15,0.01,5,2,0.012128943662943766,0.009907377757483382,0.9987220696869602,1.0,0.4173878180921025,0.25890870517549464,0,0.0,0.11827170627600953
MANFIZ_validation,2,1.15,0.01,5,1,0.012364985715125138,0.010156907479899606,0.9991298763543701,1.0,0.3383682732472644,0.16273241577640332,0,0.0,0.0960624178745845
MANFIZ_validation,2,1.15,0.01,5,2,0.012128943662943766,0.009907377757483382,0.9987220696869602,1.0,0.31142264381645374,0.19317773537668304,0,0.0,0.06703222293054464
MANFIZ_noise,2,1.15,0.02,5,1,0.02196706602065481,0.01855039798042533,0.9972609274666618,1.0,0.44688029935100126,0.2135893124150278,0,0.0,0.13705053777651707
MANFIZ_noise,2,1.15,0.02,5,2,0.02140030709903001,0.01795956703000366,0.9960343133527753,1.0,0.4174941152605129,0.25577385113424367,0,0.0,0.10167775790662634
MANFIZ_validation,2,1.15,0.02,5,1,0.02196706602065481,0.01855039798042533,0.9972609274666618,1.0,0.3384324557248088,0.16175596825854857,0,0.0,0.07928582141392004
MANFIZ_validation,2,1.15,0.02,5,2,0.02140030709903001,0.01795956703000366,0.9960343133527753,1.0,0.31152894098486433,0.19085528169840432,0,0.0,0.050916064149304247
MANFIZ_noise,2,1.15,0.005,6,1,0.00820052600913861,0.006355218952048149,0.9996218887041206,1.0,0.4447526577737301,0.1800586177824928,0,0.0,0.15599979985271226
MANFIZ_noise,2,1.15,0.005,6,2,0.008234332084132717,0.00648682834390076,0.999373790108692,1.0,0.4142168075921397,0.24570171038997837,0,0.0,0.11910773581813237
MANFIZ_validation,2,1.15,0.005,6,1,0.00820052600913861,0.006355218952048149,0.9996218887041206,1.0,0.33620807390598906,0.1361142199303621,0,0.0,0.09792723031449768
MANFIZ_validation,2,1.15,0.005,6,2,0.008234332084132717,0.00648682834390076,0.999373790108692,1.0,0.30822370884360356,0.18282959806929186,0,0.0,0.06821326656533575
MANFIZ_noise,2,1.15,0.01,6,1,0.012220463475241585,0.010023283340969906,0.9991606419029437,1.0,0.4447835996214899,0.17997403563394493,0,0.0,0.1471212428899947
MANFIZ_noise,2,1.15,0.01,6,2,0.012225320539888155,0.010111284567111288,0.9986223563865961,1.0,0.4142587020444148,0.2448270648057538,0,0.0,0.10906425774975972
MANFIZ_validation,2,1.15,0.01,6,1,0.012220463475241585,0.010023283340969906,0.9991606419029437,1.0,0.33623901575374926,0.13605333617130982,0,0.0,0.08904867335178013
MANFIZ_validation,2,1.15,0.01,6,2,0.012225320539888155,0.010111284567111288,0.9986223563865961,1.0,0.308265603295878,0.18218509946331315,0,0.0,0.05816978849696308
MANFIZ_noise,2,1.15,0.02,6,1,0.02179214364369443,0.018414829694511477,0.9973350783182333,1.0,0.4448745995411211,0.17931617381430995,0,0.0,0.12936606392725006
MANFIZ_noise,2,1.15,0.02,6,2,0.021768555743456746,0.018440757540696705,0.9956549940079068,1.0,0.4143792434140247,0.24311840702012336,0,0.0,0.08899487981930092
MANFIZ_validation,2,1.15,0.02,6,1,0.02179214364369443,0.018414829694511477,0.9973350783182333,1.0,0.33633001567337895,0.13556496957044775,0,0.0,0.07129349438903548
MANFIZ_validation,2,1.15,0.02,6,2,0.021768555743456746,0.018440757540696705,0.9956549940079068,1.0,0.30838614466548725,0.18093171757457063,0,0.0,0.038100410566504275
MANFIZ_noise,2,1.15,0.005,7,1,0.008391284279135137,0.006446009513773209,0.9995987038003908,1.0,0.4450271233552134,0.23553845717039343,0,0.0,0.1587649474334455
MANFIZ_noise,2,1.15,0.005,7,2,0.008232156100147759,0.00637042093806468,0.9993889588088137,1.0,0.41484792782379015,0.2755920889943158,0,0.0,0.12490770553915898
MANFIZ_validation,2,1.15,0.005,7,1,0.008391284279135137,0.006446009513773209,0.9995987038003908,1.0,0.3367047226663322,0.1782069153468464,0,0.0,0.10216966140528613
MANFIZ_validation,2,1.15,0.005,7,2,0.008232156100147759,0.00637042093806468,0.9993889588088137,1.0,0.3088700960331505,0.20518881567080452,0,0.0,0.07448025318770898
MANFIZ_noise,2,1.15,0.01,7,1,0.012309438727964297,0.009976870821188408,0.9991372067811463,1.0,0.4450495957648317,0.2353494642878377,0,0.0,0.14660187895604915
MANFIZ_noise,2,1.15,0.01,7,2,0.012158920293984602,0.009979810173606413,0.9986681977272258,1.0,0.41487740318375943,0.2734278461670514,0,0.0,0.11544651570565093
MANFIZ_validation,2,1.15,0.01,7,1,0.012309438727964297,0.009976870821188408,0.9991372067811463,1.0,0.3367271950759509,0.17806681710626007,0,0.0,0.09073872401571047
MANFIZ_validation,2,1.15,0.01,7,2,0.012158920293984602,0.009979810173606413,0.9986681977272258,1.0,0.30889957139311947,0.2035824169737579,0,0.0,0.06501906335420095
MANFIZ_noise,2,1.15,0.02,7,1,0.02180409056136109,0.018248225445522973,0.9972998469853881,1.0,0.4451162575640143,0.23391701197539946,0,0.0,0.1222916255020645
MANFIZ_noise,2,1.15,0.02,7,2,0.0216687826666843,0.018355066613607786,0.9957835018608282,1.0,0.4149605555292798,0.26921634782022313,0,0.0,0.09656061983383527
MANFIZ_validation,2,1.15,0.02,7,1,0.02180409056136109,0.018248225445522973,0.9972998469853881,1.0,0.336793856875133,0.1769915416773369,0,0.0,0.06642847056172581
MANFIZ_validation,2,1.15,0.02,7,2,0.0216687826666843,0.018355066613607786,0.9957835018608282,1.0,0.3089827237386405,0.20046049995851306,0,0.0,0.04613316748238529
MANFIZ_noise,2,1.15,0.005,8,1,0.007839887276938923,0.006232439439840478,0.9996689970484305,1.0,0.44692010955221334,0.17860680088980843,0,0.0,0.15122652461027383
MANFIZ_noise,2,1.15,0.005,8,2,0.008076809635043694,0.006314969330009945,0.999409845197905,1.0,0.41661301214508223,0.26107447870653977,0,0.0,0.13317548611444935
MANFIZ_validation,2,1.15,0.005,8,1,0.007839887276938923,0.006232439439840478,0.9996689970484305,1.0,0.3383681611224324,0.13522518564133743,0,0.0,0.09368476138843118
MANFIZ_validation,2,1.15,0.005,8,2,0.008076809635043694,0.006314969330009945,0.999409845197905,1.0,0.3107040984755205,0.19470565771295106,0,0.0,0.08165708712759488
MANFIZ_noise,2,1.15,0.01,8,1,0.011911169864338194,0.009854667167244325,0.9992353969095848,1.0,0.4469089492984029,0.17814466217605848,0,0.0,0.1425890717458104
MANFIZ_noise,2,1.15,0.01,8,2,0.01202618484115083,0.009883157668724399,0.9986915398670392,1.0,0.41660890506741616,0.2595487267229518,0,0.0,0.12641160074006252
MANFIZ_validation,2,1.15,0.01,8,1,0.011911169864338194,0.009854667167244325,0.9992353969095848,1.0,0.3383570008686211,0.13487421477970443,0,0.0,0.08504730852396775
MANFIZ_validation,2,1.15,0.01,8,2,0.01202618484115083,0.009883157668724399,0.9986915398670392,1.0,0.3106999913978559,0.19356712297615442,0,0.0,0.07489320175320804
MANFIZ_noise,2,1.15,0.02,8,1,0.02161930109974109,0.018246749006619663,0.9974795166119343,1.0,0.4469090446781304,0.17723634380823144,0,0.0,0.12531431577570762
MANFIZ_noise,2,1.15,0.02,8,2,0.02152031186596918,0.018134618331775203,0.9958154267233503,1.0,0.4166291704637914,0.25536937019219086,0,0.0,0.11288692278654797
MANFIZ_validation,2,1.15,0.02,8,1,0.02161930109974109,0.018246749006619663,0.9974795166119343,1.0,0.3383570962483497,0.13418653158791613,0,0.0,0.06777255255386497
MANFIZ_validation,2,1.15,0.02,8,2,0.02152031186596918,0.018134618331775203,0.9958154267233503,1.0,0.3107202567942289,0.19045338614952814,0,0.0,0.06136852379969351
MANFIZ_noise,2,1.15,0.005,9,1,0.008259795018778595,0.006237004735555383,0.99963343803477,1.0,0.4453610833738638,0.18654581579336627,0,0.0,0.156873538842061
MANFIZ_noise,2,1.15,0.005,9,2,0.008654059028677141,0.006587250034593987,0.9993029835007099,1.0,0.41384060962777935,0.23177458328883208,0,0.0,0.12009433969057093
MANFIZ_validation,2,1.15,0.005,9,1,0.008259795018778595,0.006237004735555383,0.99963343803477,1.0,0.3367721812991576,0.14106181173496224,0,0.0,0.10660315022334707
MANFIZ_validation,2,1.15,0.005,9,2,0.008654059028677141,0.006587250034593987,0.9993029835007099,1.0,0.30800272330429074,0.17249926948900743,0,0.0,0.06974698606018004
MANFIZ_noise,2,1.15,0.01,9,1,0.01223248885679062,0.009930953724289355,0.9991961341651927,1.0,0.4453647576269134,0.18563201818806582,0,0.0,0.1461600781146512
MANFIZ_noise,2,1.15,0.01,9,2,0.012312877996131849,0.010106586804413458,0.9985895060819439,1.0,0.413841815175672,0.23077071002838775,0,0.0,0.11222426662755733
MANFIZ_validation,2,1.15,0.01,9,1,0.01223248885679062,0.009930953724289355,0.9991961341651927,1.0,0.3367758555522075,0.1403711916413903,0,0.0,0.09588968949593726
MANFIZ_validation,2,1.15,0.01,9,2,0.012312877996131849,0.010106586804413458,0.9985895060819439,1.0,0.308003928852182,0.171752304253206,0,0.0,0.06143629146731108
MANFIZ_noise,2,1.15,0.02,9,1,0.021886838670555804,0.01831464219173959,0.9974292794519435,1.0,0.44539878549291156,0.18384207618836593,0,0.0,0.12474480211045205
MANFIZ_noise,2,1.15,0.02,9,2,0.021457128150535534,0.01819212728596214,0.9957253037681364,1.0,0.4138814453674473,0.2281879610008413,0,0.0,0.09420453946707405
MANFIZ_validation,2,1.15,0.02,9,1,0.021886838670555804,0.01831464219173959,0.9974292794519435,1.0,0.3368098834182044,0.13902109809266558,0,0.0,0.07447441349173811
MANFIZ_validation,2,1.15,0.02,9,2,0.021457128150535534,0.01819212728596214,0.9957253037681364,1.0,0.3080435590439565,0.16983566773639017,0,0.0,0.04315680075670725
MANFIZ_noise,2,1.15,0.005,10,1,0.008173320768365033,0.006409250830744301,0.9996216953138768,1.0,0.44596558250324597,0.22755984186656383,0,0.0,0.16057382339615797
MANFIZ_noise,2,1.15,0.005,10,2,0.008007622758528475,0.006232509718103616,0.9994372382535934,1.0,0.4180645652205362,0.26954440150756015,0,0.0,0.11928810845643653
MANFIZ_validation,2,1.15,0.005,10,1,0.008173320768365033,0.006409250830744301,0.9996216953138768,1.0,0.3375084197159387,0.1722181388709158,0,0.0,0.10336536159661586
MANFIZ_validation,2,1.15,0.005,10,2,0.008007622758528475,0.006232509718103616,0.9994372382535934,1.0,0.3119669954553332,0.20113868544625674,0,0.0,0.06939881391630288
MANFIZ_noise,2,1.15,0.01,10,1,0.012258204921439753,0.010110467022674641,0.9991501732094653,1.0,0.445982752071127,0.22734051741261996,0,0.0,0.15236521489029206
MANFIZ_noise,2,1.15,0.01,10,2,0.012158483516722223,0.00999240511275775,0.9987029737046169,1.0,0.4180949175790566,0.26755651329365726,0,0.0,0.10996573057625723
MANFIZ_validation,2,1.15,0.01,10,1,0.012258204921439753,0.010110467022674641,0.9991501732094653,1.0,0.33752558928381854,0.1720542818112057,0,0.0,0.09515675309074995
MANFIZ_validation,2,1.15,0.01,10,2,0.012158483516722223,0.00999240511275775,0.9987029737046169,1.0,0.31199734781385136,0.19966021835737355,0,0.0,0.0600764360361236
MANFIZ_noise,2,1.15,0.02,10,1,0.022018055907447976,0.018550272629597533,0.9972676937702848,1.0,0.44603837829139525,0.22513662210180235,0,0.0,0.13594799787856038
MANFIZ_noise,2,1.15,0.02,10,2,0.0219664098261696,0.01853117602135257,0.9957746940492556,1.0,0.4181818239365966,0.2630771167804736,0,0.0,0.09138506789960033
MANFIZ_validation,2,1.15,0.02,10,1,0.022018055907447976,0.018550272629597533,0.9972676937702848,1.0,0.337581215504086,0.17039317297032847,0,0.0,0.07873953607901826
MANFIZ_validation,2,1.15,0.02,10,2,0.0219664098261696,0.01853117602135257,0.9957746940492556,1.0,0.3120842541713924,0.1963314067720994,0,0.0,0.04149577335946668
MANFIZ_noise,2,1.15,0.005,11,1,0.00829345257124424,0.00644085974971365,0.9996290767590655,1.0,0.4464383352276294,0.2002260521604847,0,0.0,0.1564467141327796
MANFIZ_noise,2,1.15,0.005,11,2,0.008080509658042061,0.006386598107512817,0.9994082486958117,1.0,0.4157027710635177,0.265331044921903,0,0.0,0.11909095212970336
MANFIZ_validation,2,1.15,0.005,11,1,0.00829345257124424,0.00644085974971365,0.9996290767590655,1.0,0.33781525358156805,0.15150897502953575,0,0.0,0.0994932113246762
MANFIZ_validation,2,1.15,0.005,11,2,0.008080509658042061,0.006386598107512817,0.9994082486958117,1.0,0.3098527808205653,0.19777006031676433,0,0.0,0.06888205926842114
MANFIZ_noise,2,1.15,0.01,11,1,0.012381660495089859,0.010147408012308533,0.9991739133309371,1.0,0.44646861841443974,0.19916392619787437,0,0.0,0.1488943320287581
MANFIZ_noise,2,1.15,0.01,11,2,0.011978308014941638,0.009880284213171706,0.998701708523874,1.0,0.41573921023400967,0.2648871814293451,0,0.0,0.11121249649592721
MANFIZ_validation,2,1.15,0.01,11,1,0.012381660495089859,0.010147408012308533,0.9991739133309371,1.0,0.3378455367683788,0.15070856220572937,0,0.0,0.09225664291755967
MANFIZ_validation,2,1.15,0.01,11,2,0.011978308014941638,0.009880284213171706,0.998701708523874,1.0,0.3098892199910573,0.1974451291052517,0,0.0,0.06100360363464501
MANFIZ_noise,2,1.15,0.02,11,1,0.022139618463374432,0.018648268536274826,0.9973650843437372,1.0,0.44655414068953175,0.19708455962107002,0,0.0,0.1327909981103244
MANFIZ_noise,2,1.15,0.02,11,2,0.021365235316874138,0.018123803421484456,0.9958879291892011,1.0,0.4158443047705851,0.2640245806305681,0,0.0,0.09548068813867838
MANFIZ_validation,2,1.15,0.02,11,1,0.022139618463374432,0.018648268536274826,0.9973650843437372,1.0,0.3379310590434708,0.14914427587889914,0,0.0,0.07730891809550777
MANFIZ_validation,2,1.15,0.02,11,2,0.021365235316874138,0.018123803421484456,0.9958879291892011,1.0,0.30999431452763276,0.19681914108736423,0,0.0,0.045271795277396165
MANFIZ_noise,2,1.15,0.005,12,1,0.00818929719154868,0.006327110610772026,0.9996399449005995,1.0,0.4457569654295212,0.2197608624001468,0,0.0,0.16026118996441283
MANFIZ_noise,2,1.15,0.005,12,2,0.008401019039466828,0.006394626709709269,0.999352156595125,1.0,0.4150055573277883,0.26582985512986423,0,0.0,0.12568854455355846
MANFIZ_validation,2,1.15,0.005,12,1,0.00818929719154868,0.006327110610772026,0.9996399449005995,1.0,0.3371449634264889,0.16621449278998593,0,0.0,0.10324933710309372
MANFIZ_validation,2,1.15,0.005,12,2,0.008401019039466828,0.006394626709709269,0.999352156595125,1.0,0.3092067090861829,0.19806090118605335,0,0.0,0.075098854123599
MANFIZ_noise,2,1.15,0.01,12,1,0.012105386602301003,0.009952592565125516,0.9992143200081739,1.0,0.4457709633380153,0.21870927730244677,0,0.0,0.1495033098823592
MANFIZ_noise,2,1.15,0.01,12,2,0.0122527244201324,0.009960530253759004,0.9986226578824865,1.0,0.4150273501688856,0.2641438642825355,0,0.0,0.12012573096100687
MANFIZ_validation,2,1.15,0.01,12,1,0.012105386602301003,0.009952592565125516,0.9992143200081739,1.0,0.33715896133498313,0.1654208076215655,0,0.0,0.09249145702104009
MANFIZ_validation,2,1.15,0.01,12,2,0.0122527244201324,0.009960530253759004,0.9986226578824865,1.0,0.30922850192727924,0.19680826194257545,0,0.0,0.07036195491021394
MANFIZ_noise,2,1.15,0.02,12,1,0.021500328662471577,0.018163302659290326,0.9975301782498392,1.0,0.4458238989175398,0.21664832569019774,0,0.0,0.1279886736854927
MANFIZ_noise,2,1.15,0.02,12,2,0.021630574230429963,0.01825311943907076,0.9957178651647371,1.0,0.41509785849522746,0.26019043136055314,0,0.0,0.10091816792417516
MANFIZ_validation,2,1.15,0.02,12,1,0.021500328662471577,0.018163302659290326,0.9975301782498392,1.0,0.33721189691450887,0.16386827410267774,0,0.0,0.07097682082417359
MANFIZ_validation,2,1.15,0.02,12,2,0.021630574230429963,0.01825311943907076,0.9957178651647371,1.0,0.3092990102536214,0.19387390527385043,0,0.0,0.05064934984245022
MANFIZ_noise,2,1.15,0.005,13,1,0.008040308878867029,0.006331243353142606,0.999637039522488,1.0,0.44571578100445874,0.1870454706997647,0,0.0,0.15895239109412712
MANFIZ_noise,2,1.15,0.005,13,2,0.008756839767215386,0.006761649135183303,0.9993226234176928,1.0,0.4147903711955741,0.24295867829507678,0,0.0,0.11494215328136173
MANFIZ_validation,2,1.15,0.005,13,1,0.008040308878867029,0.006331243353142606,0.999637039522488,1.0,0.3371422741587241,0.14148239315353484,0,0.0,0.1028595735604723
MANFIZ_validation,2,1.15,0.005,13,2,0.008756839767215386,0.006761649135183303,0.9993226234176928,1.0,0.3086506027891949,0.1807885325122072,0,0.0,0.06378643515259846
MANFIZ_noise,2,1.15,0.01,13,1,0.012159693134346868,0.010081100439881146,0.9991704531786163,1.0,0.4457294696182961,0.18633826431771247,0,0.0,0.1515833098327149
MANFIZ_noise,2,1.15,0.01,13,2,0.012753185335350213,0.010515238516245272,0.9985645239024218,1.0,0.41479937569362907,0.24069196952479907,0,0.0,0.10833500923004527
MANFIZ_validation,2,1.15,0.01,13,1,0.012159693134346868,0.010081100439881146,0.9991704531786163,1.0,0.33715596277256016,0.1409488516907057,0,0.0,0.09549049229906008
MANFIZ_validation,2,1.15,0.01,13,2,0.012753185335350213,0.010515238516245272,0.9985645239024218,1.0,0.3086596072872484,0.17910318371739994,0,0.0,0.05717929110128199
MANFIZ_noise,2,1.15,0.02,13,1,0.02186685764294716,0.018465046150212442,0.9973234947328975,1.0,0.44578232902343057,0.18495047470778825,0,0.0,0.13684782030860942
MANFIZ_noise,2,1.15,0.02,13,2,0.022488075107967548,0.019128020361605925,0.9955505763925343,1.0,0.414850545383681,0.23630228323419306,0,0.0,0.09512574689200418
MANFIZ_validation,2,1.15,0.02,13,1,0.02186685764294716,0.018465046150212442,0.9973234947328975,1.0,0.33720882217769443,0.13990445039408617,0,0.0,0.08075500277495462
MANFIZ_validation,2,1.15,0.02,13,2,0.022488075107967548,0.019128020361605925,0.9955505763925343,1.0,0.3087107769773018,0.17584419803828413,0,0.0,0.04397002876324091
MANFIZ_noise,2,1.15,0.005,14,1,0.008259301763465413,0.006515654806597686,0.9996169554514736,1.0,0.44635075479862996,0.21114776390925377,0,0.0,0.1588890024044325
MANFIZ_noise,2,1.15,0.005,14,2,0.008636493754562644,0.006716404861288675,0.999362499846412,1.0,0.4177410442869741,0.254052122728084,0,0.0,0.11419144084660564
MANFIZ_validation,2,1.15,0.005,14,1,0.008259301763465413,0.006515654806597686,0.9996169554514736,1.0,0.3378812280737363,0.15983588020786063,0,0.0,0.10224334017213282
MANFIZ_validation,2,1.15,0.005,14,2,0.008636493754562644,0.006716404861288675,0.999362499846412,1.0,0.3116751415673661,0.1895474059818988,0,0.0,0.06396745733367128
MANFIZ_noise,2,1.15,0.01,14,1,0.012163781173023112,0.010075600264152601,0.9991689760997347,1.0,0.4463613518699954,0.210619285853043,0,0.0,0.1522174575964907
MANFIZ_noise,2,1.15,0.01,14,2,0.012694560288202523,0.010447240644664063,0.9986239204958056,1.0,0.41775635473895817,0.2516317726146149,0,0.0,0.10572035334072177
MANFIZ_validation,2,1.15,0.01,14,1,0.012163781173023112,0.010075600264152601,0.9991689760997347,1.0,0.3378918251451027,0.15943704491774716,0,0.0,0.09386411059287025
MANFIZ_validation,2,1.15,0.01,14,2,0.012694560288202523,0.010447240644664063,0.9986239204958056,1.0,0.31169045201935003,0.1877439326989739,0,0.0,0.0554963698277874
MANFIZ_noise,2,1.15,0.02,14,1,0.021614918286393614,0.01830439808767514,0.9973766714323555,1.0,0.44640696102081123,0.20958176336526535,0,0.0,0.1341453975217613
MANFIZ_noise,2,1.15,0.02,14,2,0.022444726615897446,0.01911199357988902,0.9957118897314473,1.0,0.41781407918004393,0.2469433640932944,0,0.0,0.08878411067862532
MANFIZ_validation,2,1.15,0.02,14,1,0.021614918286393614,0.01830439808767514,0.9973766714323555,1.0,0.33793743429591705,0.15865685253857398,0,0.0,0.07710565434075473
MANFIZ_validation,2,1.15,0.02,14,2,0.022444726615897446,0.01911199357988902,0.9957118897314473,1.0,0.3117481764604354,0.18425454593624638,0,0.0,0.03856012716569095
MANFIZ_noise,2,1.15,0.005,15,1,0.008220788460075948,0.006302147929858047,0.9996100222747547,1.0,0.445344811416537,0.1919107750281154,0,0.0,0.15588502036429439
MANFIZ_noise,2,1.15,0.005,15,2,0.008315997746951792,0.00643222223355266,0.9994179093753993,1.0,0.4152688434062426,0.2569298669249651,0,0.0,0.11823577028422302
MANFIZ_validation,2,1.15,0.005,15,1,0.008220788460075948,0.006302147929858047,0.9996100222747547,1.0,0.33684656190604695,0.1451560298981067,0,0.0,0.10037329429083766
MANFIZ_validation,2,1.15,0.005,15,2,0.008315997746951792,0.00643222223355266,0.9994179093753993,1.0,0.30916124676235973,0.1912803217729079,0,0.0,0.0681933276005337
MANFIZ_noise,2,1.15,0.01,15,1,0.01213017358811898,0.009886205605590812,0.9991506543775964,1.0,0.4453530302074618,0.19136489660917236,0,0.0,0.14794089747858216
MANFIZ_noise,2,1.15,0.01,15,2,0.012244408214135935,0.010065046465694318,0.9987401591809427,1.0,0.415291793055989,0.25551530791652455,0,0.0,0.10972948355487469
MANFIZ_validation,2,1.15,0.01,15,1,0.01213017358811898,0.009886205605590812,0.9991506543775964,1.0,0.33685478069697183,0.1447440028652159,0,0.0,0.09242917140512544
MANFIZ_validation,2,1.15,0.01,15,2,0.012244408214135935,0.010065046465694318,0.9987401591809427,1.0,0.3091841964121065,0.19023081233515193,0,0.0,0.05963409780990089
MANFIZ_noise,2,1.15,0.02,15,1,0.02169174455449948,0.01827212666522336,0.9972845996705363,1.0,0.4453952496832808,0.18950609429615187,0,0.0,0.1320529450510815
MANFIZ_noise,2,1.15,0.02,15,2,0.021736199761358682,0.01836404959205226,0.9960479937983253,1.0,0.4153681113976243,0.25237170729753433,0,0.0,0.09040689455592979
MANFIZ_validation,2,1.15,0.02,15,1,0.02169174455449948,0.01827212666522336,0.9972845996705363,1.0,0.3368970001727906,0.14334242389930035,0,0.0,0.07654121897762478
MANFIZ_validation,2,1.15,0.02,15,2,0.021736199761358682,0.01836404959205226,0.9960479937983253,1.0,0.3092605147537428,0.18790225336629623,0,0.0,0.03915036859895608
MANFIZ_noise,2,1.15,0.005,16,1,0.008312436526946715,0.006552846498528369,0.9996252532983614,1.0,0.44658010725497416,0.2206539840988839,0,0.0,0.15855313225832895
MANFIZ_noise,2,1.15,0.005,16,2,0.008445758232589964,0.006676053829390646,0.9993773080596455,1.0,0.41604059966502677,0.25308394740394063,0,0.0,0.12279795585590991
MANFIZ_validation,2,1.15,0.005,16,1,0.008312436526946715,0.006552846498528369,0.9996252532983614,1.0,0.33804980803175616,0.1670294662800143,0,0.0,0.1010514667112603
MANFIZ_validation,2,1.15,0.005,16,2,0.008445758232589964,0.006676053829390646,0.9993773080596455,1.0,0.31021993659580577,0.1887115973303568,0,0.0,0.07281090864644775
MANFIZ_noise,2,1.15,0.01,16,1,0.012485082591729611,0.010350477164195326,0.9991541848059211,1.0,0.4465702242269239,0.2194342606061887,0,0.0,0.152797901128285
MANFIZ_noise,2,1.15,0.01,16,2,0.012351478568098649,0.01024900642634086,0.9986685036261441,1.0,0.41603455370549286,0.25229345317449187,0,0.0,0.1155851232900296
MANFIZ_validation,2,1.15,0.01,16,1,0.012485082591729611,0.010350477164195326,0.9991541848059211,1.0,0.3380399250037044,0.16610498634782728,0,0.0,0.09529623558121636
MANFIZ_validation,2,1.15,0.01,16,2,0.012351478568098649,0.01024900642634086,0.9986685036261441,1.0,0.31021389063627197,0.18812123414807094,0,0.0,0.06559807608056742
MANFIZ_noise,2,1.15,0.02,16,1,0.022374444672207252,0.019046024415522417,0.9972832199941825,1.0,0.4465753476509176,0.21704676468119863,0,0.0,0.1372937627164529
MANFIZ_noise,2,1.15,0.02,16,2,0.021750988934242713,0.01857393367052813,0.9958779261229532,1.0,0.4160464974336742,0.25003103400805265,0,0.0,0.10116156809464524
MANFIZ_validation,2,1.15,0.02,16,1,0.022374444672207252,0.019046024415522417,0.9972832199941825,1.0,0.33804504842769784,0.16429833053633894,0,0.0,0.08107306812620393
MANFIZ_validation,2,1.15,0.02,16,2,0.021750988934242713,0.01857393367052813,0.9958779261229532,1.0,0.31022583436445395,0.18643609937978342,0,0.0,0.05117452088518308
MANFIZ_noise,2,1.15,0.005,17,1,0.008066358676987025,0.006346601792214804,0.9996327798788424,1.0,0.4463896393119195,0.20905656821456142,0,0.0,0.16555648175205329
MANFIZ_noise,2,1.15,0.005,17,2,0.007639199878592997,0.006047890944732109,0.9994869418399182,1.0,0.41741000993798116,0.26814696947884775,0,0.0,0.1255957478253091
MANFIZ_validation,2,1.15,0.005,17,1,0.008066358676987025,0.006346601792214804,0.9996327798788424,1.0,0.33792782502436297,0.15826091195284095,0,0.0,0.10706384821046777
MANFIZ_validation,2,1.15,0.005,17,2,0.007639199878592997,0.006047890944732109,0.9994869418399182,1.0,0.31137790554497835,0.2000312396604062,0,0.0,0.07568053729792557
MANFIZ_noise,2,1.15,0.01,17,1,0.012142941176381521,0.009996275073083899,0.9991684938630229,1.0,0.44640054826332504,0.20919871723550798,0,0.0,0.15927285697557325
MANFIZ_noise,2,1.15,0.01,17,2,0.011551818874532185,0.009524251629661222,0.9988276218989812,1.0,0.41743040293754136,0.26663227707437354,0,0.0,0.11573415430335535
MANFIZ_validation,2,1.15,0.01,17,1,0.012142941176381521,0.009996275073083899,0.9991684938630229,1.0,0.3379387339757697,0.15836976438976028,0,0.0,0.10203070804970232
MANFIZ_validation,2,1.15,0.01,17,2,0.011551818874532185,0.009524251629661222,0.9988276218989812,1.0,0.31139829854453854,0.198904624181002,0,0.0,0.06626695361951461
MANFIZ_noise,2,1.15,0.02,17,1,0.02179455376585346,0.018363110011164866,0.9973279621395241,1.0,0.44644316874416634,0.20793639794930463,0,0.0,0.14041377943242261
MANFIZ_noise,2,1.15,0.02,17,2,0.02084189326798518,0.01756859950129705,0.9961938685422951,1.0,0.41749565508722924,0.26366953862587406,0,0.0,0.09601548004137117
MANFIZ_validation,2,1.15,0.02,17,1,0.02179455376585346,0.018363110011164866,0.9973279621395241,1.0,0.33798135445661087,0.15741897365666244,0,0.0,0.08495404701548265
MANFIZ_validation,2,1.15,0.02,17,2,0.02084189326798518,0.01756859950129705,0.9961938685422951,1.0,0.31146355069422743,0.19670492305642093,0,0.0,0.04654827935753042
MANFIZ_noise,2,1.15,0.005,18,1,0.008584985562826388,0.006641232997244134,0.9996069739887282,1.0,0.44431790665487086,0.1701003707508536,0,0.0,0.1633298099397908
MANFIZ_noise,2,1.15,0.005,18,2,0.008617005073899698,0.006595137345432285,0.9993036180869859,1.0,0.41333639248338583,0.24712967303064715,0,0.0,0.11944373392252462
MANFIZ_validation,2,1.15,0.005,18,1,0.008584985562826388,0.006641232997244134,0.9996069739887282,1.0,0.3357037032012351,0.128519070516148,0,0.0,0.10735345100209714
MANFIZ_validation,2,1.15,0.005,18,2,0.008617005073899698,0.006595137345432285,0.9993036180869859,1.0,0.3074157058368316,0.1838007595012227,0,0.0,0.0689725506683916
MANFIZ_noise,2,1.15,0.01,18,1,0.01264475136760236,0.010448413366135995,0.9991477619995459,1.0,0.4443207812488919,0.16992342546488926,0,0.0,0.15697536139691143
MANFIZ_noise,2,1.15,0.01,18,2,0.012498340931062191,0.010203624654622797,0.9985357175028403,1.0,0.41334141138139857,0.2453160359491608,0,0.0,0.11416607802933548
MANFIZ_validation,2,1.15,0.01,18,1,0.01264475136760236,0.010448413366135995,0.9991477619995459,1.0,0.3357065777952555,0.12838564851665354,0,0.0,0.10565455080728783
MANFIZ_validation,2,1.15,0.01,18,2,0.012498340931062191,0.010203624654622797,0.9985357175028403,1.0,0.30742072473484566,0.1824526444338849,0,0.0,0.06425655702732071
MANFIZ_noise,2,1.15,0.02,18,1,0.02243103060998255,0.01903855615051184,0.9973228110632425,1.0,0.44435588609982984,0.1695818469811066,0,0.0,0.13874597355113363
MANFIZ_noise,2,1.15,0.02,18,2,0.02194670988706569,0.01852279043381112,0.9954958085167175,1.0,0.4133849327140288,0.2417871779684421,0,0.0,0.09639865306914053
MANFIZ_validation,2,1.15,0.02,18,1,0.02243103060998255,0.01903855615051184,0.9973228110632425,1.0,0.33574168264619364,0.12813084384099907,0,0.0,0.08598531348440056
MANFIZ_validation,2,1.15,0.02,18,2,0.02194670988706569,0.01852279043381112,0.9954958085167175,1.0,0.30746424606747536,0.17983459603806376,0,0.0,0.045161688262874075
MANFIZ_noise,2,1.15,0.005,19,1,0.008323636299288827,0.006483476810285724,0.9996131172904049,1.0,0.44525146205722865,0.18303774175401885,0,0.0,0.1528282782249283
MANFIZ_noise,2,1.15,0.005,19,2,0.00904757484860728,0.006889544994547821,0.999291219143712,1.0,0.41466354436955194,0.25103542549695695,0,0.0,0.12317363643949819
MANFIZ_validation,2,1.15,0.005,19,1,0.008323636299288827,0.006483476810285724,0.9996131172904049,1.0,0.3366774112342846,0.13840420145322713,0,0.0,0.09744237413256085
MANFIZ_validation,2,1.15,0.005,19,2,0.00904757484860728,0.006889544994547821,0.999291219143712,1.0,0.30854800824927286,0.18679356212723844,0,0.0,0.07242100706355242
MANFIZ_noise,2,1.15,0.01,19,1,0.012417643016068979,0.01023732955713805,0.9991395977506821,1.0,0.44527970217825436,0.18193963554874468,0,0.0,0.14355385920279695
MANFIZ_noise,2,1.15,0.01,19,2,0.012806521032809593,0.010450183687003078,0.9985820285438343,1.0,0.41470241670448027,0.2501065171461796,0,0.0,0.11396942107679643
MANFIZ_validation,2,1.15,0.01,19,1,0.012417643016068979,0.01023732955713805,0.9991395977506821,1.0,0.33670565135531033,0.13757668089317984,0,0.0,0.08816795511042949
MANFIZ_validation,2,1.15,0.01,19,2,0.012806521032809593,0.010450183687003078,0.9985820285438343,1.0,0.3085868805842001,0.18610836790690086,0,0.0,0.06321679170085066
MANFIZ_noise,2,1.15,0.02,19,1,0.022121132443503628,0.018680147551783915,0.997275919299885,1.0,0.4453568258410362,0.17979122126883287,0,0.0,0.125005774056268
MANFIZ_noise,2,1.15,0.02,19,2,0.022106435260994498,0.018653833678824908,0.9957926747244447,1.0,0.41480726508211563,0.24666259229770432,0,0.0,0.09565608230830552
MANFIZ_validation,2,1.15,0.02,19,1,0.022121132443503628,0.018680147551783915,0.997275919299885,1.0,0.33678277501809256,0.13595971344654345,0,0.0,0.06961986996390054
MANFIZ_validation,2,1.15,0.02,19,2,0.022106435260994498,0.018653833678824908,0.9957926747244447,1.0,0.3086917289618344,0.18356164054048843,0,0.0,0.04490345293235976
MANFIZ_noise,2,1.15,0.005,20,1,0.00887731741047627,0.006714698275740126,0.9995523580692977,1.0,0.4448072306072533,0.21537132655888935,0,0.0,0.16172146553853248
MANFIZ_noise,2,1.15,0.005,20,2,0.008095284333211048,0.006267224660433274,0.9994251378258319,1.0,0.41576225370695313,0.22711554498802594,0,0.0,0.1227565949604654
MANFIZ_validation,2,1.15,0.005,20,1,0.00887731741047627,0.006714698275740126,0.9995523580692977,1.0,0.3363441882241776,0.162854578373917,0,0.0,0.10793999486140315
MANFIZ_validation,2,1.15,0.005,20,2,0.008095284333211048,0.006267224660433274,0.9994251378258319,1.0,0.30962942277645084,0.1691391040702007,0,0.0,0.07200621197241074
MANFIZ_noise,2,1.15,0.01,20,1,0.012919910974650093,0.010495834840039868,0.9990518840632101,1.0,0.44483310027607925,0.21604204870793742,0,0.0,0.15372412263632101
MANFIZ_noise,2,1.15,0.01,20,2,0.012143823696334374,0.01002827003120684,0.9987077736680194,1.0,0.4157856639858405,0.22558444214616727,0,0.0,0.11403105895938505
MANFIZ_validation,2,1.15,0.01,20,1,0.012919910974650093,0.010495834840039868,0.9990518840632101,1.0,0.33637005789300417,0.16336481342353007,0,0.0,0.09811018722123535
MANFIZ_validation,2,1.15,0.01,20,2,0.012143823696334374,0.01002827003120684,0.9987077736680194,1.0,0.3096528330553398,0.16800209255446555,0,0.0,0.06328067597133037
MANFIZ_noise,2,1.15,0.02,20,1,0.02271106716464277,0.01916932213866712,0.997073246278919,1.0,0.44490917112317413,0.2163205753216507,0,0.0,0.13354768477414725
MANFIZ_noise,2,1.15,0.02,20,2,0.021806193246873027,0.018552520151087024,0.9958478925605881,1.0,0.41586077144316835,0.2225989855899118,0,0.0,0.0965930163882007
MANFIZ_validation,2,1.15,0.02,20,1,0.02271106716464277,0.01916932213866712,0.997073246278919,1.0,0.3364461287400985,0.1635844456747575,0,0.0,0.07793374935906157
MANFIZ_validation,2,1.15,0.02,20,2,0.021806193246873027,0.018552520151087024,0.9958478925605881,1.0,0.30972794051266683,0.16578896135769386,0,0.0,0.04584263340014603
MANFIZ_noise,2,1.3,0.005,1,1,0.012995376388815776,0.008819456839909425,0.9992310022538587,1.0,0.4601051437658336,0.21118062028183268,0,0.0,0.1201043814622074
MANFIZ_noise,2,1.3,0.005,1,2,0.01167272705681092,0.00856570844230026,0.9989936989007971,1.0,0.4406866280052971,0.24383258155122878,0,0.0,0.12201950078479776
MANFIZ_validation,2,1.3,0.005,1,1,0.012995376388815776,0.008819456839909425,0.9992310022538587,1.0,0.35106156573079783,0.16113142878896572,0,0.0,0.06263838094088164
MANFIZ_validation,2,1.3,0.005,1,2,0.01167272705681092,0.00856570844230026,0.9989936989007971,1.0,0.33398206151382365,0.18479278261590013,0,0.0,0.07123615150220067
MANFIZ_noise,2,1.3,0.01,1,1,0.015603482794809125,0.011731173013738636,0.9988912436876511,1.0,0.4600902548242197,0.21094207316931876,0,0.0,0.11349077271918334
MANFIZ_noise,2,1.3,0.01,1,2,0.014805109009961114,0.011736070939002908,0.9983801878414028,1.0,0.4406669976624816,0.24313639200004852,0,0.0,0.1199554848963792
MANFIZ_validation,2,1.3,0.01,1,1,0.015603482794809125,0.011731173013738636,0.9988912436876511,1.0,0.35104667678918416,0.16094779883873378,0,0.0,0.056030100963877616
MANFIZ_validation,2,1.3,0.01,1,2,0.014805109009961114,0.011736070939002908,0.9983801878414028,1.0,0.3339624311710089,0.18426254066948675,0,0.0,0.06976246753305919
MANFIZ_noise,2,1.3,0.02,1,1,0.023398415697521272,0.019003958300512092,0.9975078434723359,1.0,0.4600775626313523,0.21047436229018818,0,0.0,0.09495873819340428
MANFIZ_noise,2,1.3,0.02,1,2,0.023432974700042946,0.01963750690033444,0.995941844500812,1.0,0.4406478579345868,0.2397914228616149,0,0.0,0.10387489040810238
MANFIZ_validation,2,1.3,0.02,1,1,0.023398415697521272,0.019003958300512092,0.9975078434723359,1.0,0.3510339845963158,0.16058956152420387,0,0.0,0.037498066438098554
MANFIZ_validation,2,1.3,0.02,1,2,0.023432974700042946,0.01963750690033444,0.995941844500812,1.0,0.3339432914431144,0.1817250114083672,0,0.0,0.052390843112641874
MANFIZ_noise,2,1.3,0.005,2,1,0.013920653567010444,0.009174892558594577,0.999105664186441,1.0,0.4577524966930312,0.18364698113187714,0,0.0,0.10432976048392667
MANFIZ_noise,2,1.3,0.005,2,2,0.012603598254458415,0.00885881878686046,0.9988774567661065,1.0,0.43615932377674527,0.24919167823470093,0,0.0,0.11887248966604054
MANFIZ_validation,2,1.3,0.005,2,1,0.013920653567010444,0.009174892558594577,0.999105664186441,1.0,0.3486713167479338,0.13988440301391672,0,0.0,0.04671108791802017
MANFIZ_validation,2,1.3,0.005,2,2,0.012603598254458415,0.00885881878686046,0.9988774567661065,1.0,0.3294801717721165,0.1882424895517705,0,0.0,0.06815462993603788
MANFIZ_noise,2,1.3,0.01,2,1,0.01659144809362131,0.012331803503129268,0.9987294458841341,1.0,0.4577378009314749,0.18294971665816503,0,0.0,0.09837569192928695
MANFIZ_noise,2,1.3,0.01,2,2,0.015503132187075294,0.011908266660678422,0.9983023638834145,1.0,0.436147409594848,0.24775348126068872,0,0.0,0.11056629047863592
MANFIZ_validation,2,1.3,0.01,2,1,0.01659144809362131,0.012331803503129268,0.9987294458841341,1.0,0.3486566209863767,0.13935189510380847,0,0.0,0.040757019363380456
MANFIZ_validation,2,1.3,0.01,2,2,0.015503132187075294,0.011908266660678422,0.9983023638834145,1.0,0.3294682575902186,0.18715440235835853,0,0.0,0.05984843074863325
MANFIZ_noise,2,1.3,0.02,2,1,0.02455653109335615,0.02012121612916258,0.9972180731275145,1.0,0.45773096164224775,0.1815797666637929,0,0.0,0.08646923144810786
MANFIZ_noise,2,1.3,0.02,2,2,0.023707191490689516,0.019415219597744983,0.9960382001949202,1.0,0.436153519184009,0.24434402446644643,0,0.0,0.0939973194710661
MANFIZ_validation,2,1.3,0.02,2,1,0.02455653109335615,0.02012121612916258,0.9972180731275145,1.0,0.3486497816971488,0.1383077644143079,0,0.0,0.028850558882201366
MANFIZ_validation,2,1.3,0.02,2,2,0.023707191490689516,0.019415219597744983,0.9960382001949202,1.0,0.32947436717938056,0.1845797163020968,0,0.0,0.04327945974106344
MANFIZ_noise,2,1.3,0.005,3,1,0.013220487567673628,0.009008461494830219,0.999223584654764,1.0,0.4591786743370222,0.1944315992110099,0,0.0,0.10081712513588373
MANFIZ_noise,2,1.3,0.005,3,2,0.012037901711820856,0.008882584716355888,0.9989200849023204,1.0,0.43966537835880976,0.2376937599218043,0,0.0,0.12047489539864026
MANFIZ_validation,2,1.3,0.005,3,1,0.013220487567673628,0.009008461494830219,0.999223584654764,1.0,0.3499137866020916,0.1481651934582,0,0.0,0.04248954283577444
MANFIZ_validation,2,1.3,0.005,3,2,0.012037901711820856,0.008882584716355888,0.9989200849023204,1.0,0.332827121663294,0.17993440886204584,0,0.0,0.07096410720144153
MANFIZ_noise,2,1.3,0.01,3,1,0.016076524103941354,0.01202426924285802,0.9988515620083348,1.0,0.45916691811997173,0.1939755475462824,0,0.0,0.09144072124683993
MANFIZ_noise,2,1.3,0.01,3,2,0.014937925068620506,0.011758867176305138,0.9983371767265553,1.0,0.4396635716872212,0.23571314603702456,0,0.0,0.11443205006240345
MANFIZ_validation,2,1.3,0.01,3,1,0.016076524103941354,0.01202426924285802,0.9988515620083348,1.0,0.34990203038504203,0.14781648078958656,0,0.0,0.03311313894673064
MANFIZ_validation,2,1.3,0.01,3,2,0.014937925068620506,0.011758867176305138,0.9983371767265553,1.0,0.3328253149917054,0.17843484684528105,0,0.0,0.06492126186520474
MANFIZ_noise,2,1.3,0.02,3,1,0.02438819259386253,0.019827349378511765,0.9973573842219664,1.0,0.45916409708957345,0.19282567079360383,0,0.0,0.07269005104038213
MANFIZ_noise,2,1.3,0.02,3,2,0.02320185394202668,0.019179201054594315,0.9959933924448852,1.0,0.43968745208965065,0.2318637690452818,0,0.0,0.1023763905346825
MANFIZ_validation,2,1.3,0.02,3,1,0.02438819259386253,0.019827349378511765,0.9973573842219664,1.0,0.34989920935464386,0.14693995062248716,0,0.0,0.014362468740272846
MANFIZ_validation,2,1.3,0.02,3,2,0.02320185394202668,0.019179201054594315,0.9959933924448852,1.0,0.33284919539413527,0.17552392864747438,0,0.0,0.052865602337483775
MANFIZ_noise,2,1.3,0.005,4,1,0.013013314588140888,0.008735657859487413,0.9992586002448255,1.0,0.45973012730016816,0.1819483323939464,0,0.0,0.11082229595475845
MANFIZ_noise,2,1.3,0.005,4,2,0.011824140985576477,0.008704666288027078,0.9989670511146704,1.0,0.4396089658065935,0.24478876466569113,0,0.0,0.12209441153199005
MANFIZ_validation,2,1.3,0.005,4,1,0.013013314588140888,0.008735657859487413,0.9992586002448255,1.0,0.350576896493271,0.13874853507511792,0,0.0,0.052877646053688526
MANFIZ_validation,2,1.3,0.005,4,2,0.011824140985576477,0.008704666288027078,0.9989670511146704,1.0,0.33287735665715784,0.18535708609076826,0,0.0,0.07298488707568554
MANFIZ_noise,2,1.3,0.01,4,1,0.015803045824887077,0.011913767428018472,0.9989068096910846,1.0,0.45974869187008777,0.18187989754302458,0,0.0,0.10374665273159023
MANFIZ_noise,2,1.3,0.01,4,2,0.015013228241029547,0.011924431753505632,0.9983367046855874,1.0,0.4396278676816379,0.24319813884675806,0,0.0,0.11664863848330365
MANFIZ_validation,2,1.3,0.01,4,1,0.015803045824887077,0.011913767428018472,0.9989068096910846,1.0,0.35059546106319184,0.1386980923813947,0,0.0,0.04503675793035802
MANFIZ_validation,2,1.3,0.01,4,2,0.015013228241029547,0.011924431753505632,0.9983367046855874,1.0,0.3328962585322011,0.18415518318030863,0,0.0,0.06664509052613132
MANFIZ_noise,2,1.3,0.02,4,1,0.024037607099540653,0.019731298163046945,0.9974731056049535,1.0,0.4598055741370321,0.18175100668790653,0,0.0,0.08591208688710167
MANFIZ_noise,2,1.3,0.02,4,2,0.023835456562331395,0.019974081655681812,0.9958223690710403,1.0,0.43969660615291056,0.24009539555839954,0,0.0,0.10098791663395745
MANFIZ_validation,2,1.3,0.02,4,1,0.024037607099540653,0.019731298163046945,0.9974731056049535,1.0,0.3506523433301361,0.13860514091708753,0,0.0,0.027202192085869464
MANFIZ_validation,2,1.3,0.02,4,2,0.023835456562331395,0.019974081655681812,0.9958223690710403,1.0,0.33296499700347437,0.18181482764242463,0,0.0,0.050984368676785116
MANFIZ_noise,2,1.3,0.005,5,1,0.013704554433220445,0.009246454603488235,0.999143608896617,1.0,0.45949592603231015,0.1845206280805364,0,0.0,0.12281820571829874
MANFIZ_noise,2,1.3,0.005,5,2,0.01240368424801019,0.008878309855222189,0.998880025469142,1.0,0.43939258960020505,0.2467804476676491,0,0.0,0.12606914371214617
MANFIZ_validation,2,1.3,0.005,5,1,0.013704554433220445,0.009246454603488235,0.999143608896617,1.0,0.3503947852673337,0.1407086813847546,0,0.0,0.0654212458523249
MANFIZ_validation,2,1.3,0.005,5,2,0.01240368424801019,0.008878309855222189,0.998880025469142,1.0,0.332770757920823,0.18689736366542778,0,0.0,0.07099714642164595
MANFIZ_noise,2,1.3,0.01,5,1,0.01652934241133751,0.012435961958827579,0.9987551557215176,1.0,0.4595134634564581,0.18404916432172042,0,0.0,0.11705894015902193
MANFIZ_noise,2,1.3,0.01,5,2,0.015190704148288414,0.01176577023767649,0.9983215048123574,1.0,0.43942825944262853,0.2463507037629489,0,0.0,0.11899041289241216
MANFIZ_validation,2,1.3,0.01,5,1,0.01652934241133751,0.012435961958827579,0.9987551557215176,1.0,0.3504123226914831,0.14035082818745664,0,0.0,0.05866730521630556
MANFIZ_validation,2,1.3,0.01,5,2,0.015190704148288414,0.01176577023767649,0.9983215048123574,1.0,0.33280642776324604,0.18657675271112795,0,0.0,0.06767338246023552
MANFIZ_noise,2,1.3,0.02,5,1,0.024647141670659043,0.020171389142182392,0.9972383681809638,1.0,0.45957035122608475,0.18312222605237646,0,0.0,0.10038246965271999
MANFIZ_noise,2,1.3,0.02,5,2,0.023275390281022806,0.019186925337252567,0.9960698590163168,1.0,0.4395248484526968,0.2446543436013328,0,0.0,0.1040551738127579
MANFIZ_validation,2,1.3,0.02,5,1,0.024647141670659043,0.020171389142182392,0.9972383681809638,1.0,0.3504692104611072,0.13964935251204702,0,0.0,0.04189956738009601
MANFIZ_validation,2,1.3,0.02,5,2,0.023275390281022806,0.019186925337252567,0.9960698590163168,1.0,0.33290301677331324,0.1853050386987255,0,0.0,0.05317163755278714
MANFIZ_noise,2,1.3,0.005,6,1,0.013495426285651835,0.00914194401935225,0.9991777070291212,1.0,0.45687454088403046,0.15338256718900903,0,0.0,0.11084625462279399
MANFIZ_noise,2,1.3,0.005,6,2,0.011949909687915138,0.008720345398337983,0.998888015237594,1.0,0.4355768681883036,0.23701607572931357,0,0.0,0.11986447427057788
MANFIZ_validation,2,1.3,0.005,6,1,0.013495426285651835,0.00914194401935225,0.9991777070291212,1.0,0.347657441695436,0.11671604814404554,0,0.0,0.052025444615121624
MANFIZ_validation,2,1.3,0.005,6,2,0.011949909687915138,0.008720345398337983,0.998888015237594,1.0,0.32892092745278784,0.17897999903981,0,0.0,0.0689309024172476
MANFIZ_noise,2,1.3,0.01,6,1,0.016305515284996117,0.012302677462214159,0.9987999324445455,1.0,0.45690442590668706,0.15332399718452125,0,0.0,0.10189778020181378
MANFIZ_noise,2,1.3,0.01,6,2,0.015004944531822191,0.011866943954312313,0.9982498204218386,1.0,0.43561473353003344,0.23613113753656031,0,0.0,0.10979667934316414
MANFIZ_validation,2,1.3,0.01,6,1,0.016305515284996117,0.012302677462214159,0.9987999324445455,1.0,0.3476873267180925,0.11667387681139625,0,0.0,0.04307697019414142
MANFIZ_validation,2,1.3,0.01,6,2,0.015004944531822191,0.011866943954312313,0.9982498204218386,1.0,0.3289587927945181,0.1783167738973359,0,0.0,0.058863107489833866
MANFIZ_noise,2,1.3,0.02,6,1,0.024393944095528038,0.020004924562241823,0.9973172576727148,1.0,0.4569903445644684,0.1532157810848359,0,0.0,0.0840014542910266
MANFIZ_noise,2,1.3,0.02,6,2,0.023480905563882687,0.019590190933787457,0.9957338852325482,1.0,0.4357236752545158,0.23407761613822134,0,0.0,0.08968598575480802
MANFIZ_validation,2,1.3,0.02,6,1,0.024393944095528038,0.020004924562241823,0.9973172576727148,1.0,0.3477732453758743,0.1165984140900289,0,0.0,0.02518064428335423
MANFIZ_validation,2,1.3,0.02,6,2,0.023480905563882687,0.019590190933787457,0.9957338852325482,1.0,0.329067734519,0.1767803661327772,0,0.0,0.03875241390147775
MANFIZ_noise,2,1.3,0.005,7,1,0.01373683757545741,0.00906978863231306,0.9991384504547842,1.0,0.45713310498827087,0.19800971789467178,0,0.0,0.1402639090138857
MANFIZ_noise,2,1.3,0.005,7,2,0.012200323963049911,0.008655666620039398,0.9988715566631602,1.0,0.4363931992951783,0.2674315718223474,0,0.0,0.1276416275365725
MANFIZ_validation,2,1.3,0.005,7,1,0.01373683757545741,0.00906978863231306,0.9991384504547842,1.0,0.34818306649625635,0.1508174096785102,0,0.0,0.08327044557027563
MANFIZ_validation,2,1.3,0.005,7,2,0.012200323963049911,0.008655666620039398,0.9988715566631602,1.0,0.32976116822438417,0.20208506385217395,0,0.0,0.07722910906960183
MANFIZ_noise,2,1.3,0.01,7,1,0.01645950049615301,0.01216528319939623,0.998763998546502,1.0,0.4571553408124944,0.19824846621488282,0,0.0,0.13666603498443725
MANFIZ_noise,2,1.3,0.01,7,2,0.015149052697017353,0.011676619392254844,0.998261541876134,1.0,0.43642295726247493,0.2652170260540079,0,0.0,0.11821170811461726
MANFIZ_validation,2,1.3,0.01,7,1,0.01645950049615301,0.01216528319939623,0.998763998546502,1.0,0.34820530232048114,0.15100155450494585,0,0.0,0.07825191196011608
MANFIZ_validation,2,1.3,0.01,7,2,0.015149052697017353,0.011676619392254844,0.998261541876134,1.0,0.3297909261916792,0.20041605788292616,0,0.0,0.0677991896476466
MANFIZ_noise,2,1.3,0.02,7,1,0.024443049055362202,0.019744308621882093,0.9972800294517297,1.0,0.45722039490154454,0.1987365705665925,0,0.0,0.11567335396415557
MANFIZ_noise,2,1.3,0.02,7,2,0.023511759762741537,0.019488347203548008,0.9958237323255045,1.0,0.43650460079577486,0.2609102667296216,0,0.0,0.0993897915213017
MANFIZ_validation,2,1.3,0.02,7,1,0.024443049055362202,0.019744308621882093,0.9972800294517297,1.0,0.3482703564095311,0.15138007191857503,0,0.0,0.059506031616784305
MANFIZ_validation,2,1.3,0.02,7,2,0.023511759762741537,0.019488347203548008,0.9958237323255045,1.0,0.32987256972497925,0.19717350056980917,0,0.0,0.04897727305433107
MANFIZ_noise,2,1.3,0.005,8,1,0.012871177366108096,0.008827473039491043,0.9992816695996187,1.0,0.45993282717947365,0.1502201955374538,0,0.0,0.10692569793229734
MANFIZ_noise,2,1.3,0.005,8,2,0.011827190332107263,0.008546349401052557,0.9989443796491566,1.0,0.43879221662415074,0.2517576520769845,0,0.0,0.13281915971811906
MANFIZ_validation,2,1.3,0.005,8,1,0.012871177366108096,0.008827473039491043,0.9992816695996187,1.0,0.35070089721830844,0.11454359037246373,0,0.0,0.04889926994582036
MANFIZ_validation,2,1.3,0.005,8,2,0.011827190332107263,0.008546349401052557,0.9989443796491566,1.0,0.3322106879267946,0.19060634992750766,0,0.0,0.083020311006057
MANFIZ_noise,2,1.3,0.01,8,1,0.01556571020666566,0.011913615501819103,0.9989487645594224,1.0,0.4599214300220185,0.1499017270261101,0,0.0,0.09824358867216174
MANFIZ_noise,2,1.3,0.01,8,2,0.014791120555204686,0.01159620686204974,0.9983488197173189,1.0,0.43878924667350583,0.2499652336033595,0,0.0,0.12470535349586931
MANFIZ_validation,2,1.3,0.01,8,1,0.01556571020666566,0.011913615501819103,0.9989487645594224,1.0,0.3506895000608543,0.11429987445144378,0,0.0,0.04021716068568476
MANFIZ_validation,2,1.3,0.01,8,2,0.014791120555204686,0.01159620686204974,0.9983488197173189,1.0,0.33220771797614934,0.189248894448263,0,0.0,0.07490650478380725
MANFIZ_noise,2,1.3,0.02,8,1,0.023674579871062026,0.019478369427773735,0.997566740745304,1.0,0.4599175474635117,0.14927491515323837,0,0.0,0.08087948378607013
MANFIZ_noise,2,1.3,0.02,8,2,0.023168523496290463,0.019226273209273694,0.9959524315390698,1.0,0.43880944022740254,0.24559888935769933,0,0.0,0.10849924624587837
MANFIZ_validation,2,1.3,0.02,8,1,0.023674579871062026,0.019478369427773735,0.997566740745304,1.0,0.35068561750234517,0.11382163191387418,0,0.0,0.022853055799593153
MANFIZ_validation,2,1.3,0.02,8,2,0.023168523496290463,0.019226273209273694,0.9959524315390698,1.0,0.33222791153004694,0.18594587674121812,0,0.0,0.05870039753381631
MANFIZ_noise,2,1.3,0.005,9,1,0.013982316305400946,0.00889633951458353,0.9991558204699633,1.0,0.45773733999666466,0.16012551414269777,0,0.0,0.1343683538294651
MANFIZ_noise,2,1.3,0.005,9,2,0.012920529427907734,0.0087734987908301,0.9986956511348924,1.0,0.43545101469074726,0.22596861226683476,0,0.0,0.12036186833329555
MANFIZ_validation,2,1.3,0.005,9,1,0.013982316305400946,0.00889633951458353,0.9991558204699633,1.0,0.348465616421602,0.12190011850675697,0,0.0,0.08389955205789149
MANFIZ_validation,2,1.3,0.005,9,2,0.012920529427907734,0.0087734987908301,0.9986956511348924,1.0,0.32897454179552493,0.1707147719783053,0,0.0,0.07019250514789273
MANFIZ_noise,2,1.3,0.01,9,1,0.016622633648555315,0.012075122951231292,0.9988069991751651,1.0,0.4577408693166171,0.15947003218882622,0,0.0,0.12346825240121634
MANFIZ_noise,2,1.3,0.01,9,2,0.015601208331173773,0.011837057391690166,0.9980988598045055,1.0,0.43545146218499003,0.22506109350106185,0,0.0,0.11349228278365298
MANFIZ_validation,2,1.3,0.01,9,1,0.016622633648555315,0.012075122951231292,0.9988069991751651,1.0,0.3484691457415535,0.12140140768112306,0,0.0,0.07299945062964272
MANFIZ_validation,2,1.3,0.01,9,2,0.015601208331173773,0.011837057391690166,0.9980988598045055,1.0,0.32897498928976787,0.1700292162358191,0,0.0,0.06267050102309694
MANFIZ_noise,2,1.3,0.02,9,1,0.024593273672502768,0.019922668521483188,0.9973907407767533,1.0,0.4577722887979533,0.15818348464983606,0,0.0,0.10167988144464728
MANFIZ_noise,2,1.3,0.02,9,2,0.023501184411865335,0.019413088833152504,0.9956936139591973,1.0,0.43548332087713126,0.22233314331085827,0,0.0,0.09591858618276117
MANFIZ_validation,2,1.3,0.02,9,1,0.024593273672502768,0.019922668521483188,0.9973907407767533,1.0,0.34850056522289,0.12042457605756386,0,0.0,0.05121107967307366
MANFIZ_validation,2,1.3,0.02,9,2,0.023501184411865335,0.019413088833152504,0.9956936139591973,1.0,0.32900684798190993,0.16797228085631846,0,0.0,0.04465903255849982
MANFIZ_noise,2,1.3,0.005,10,1,0.013046800832475216,0.008885088832160479,0.9992294500869803,1.0,0.458374586667048,0.2031711465437511,0,0.0,0.12206547596573986
MANFIZ_noise,2,1.3,0.005,10,2,0.011347791156706545,0.008215563638569212,0.999052541218537,1.0,0.4402846791101756,0.2570339836594358,0,0.0,0.11968745699686428
MANFIZ_validation,2,1.3,0.005,10,1,0.013046800832475216,0.008885088832160479,0.9992294500869803,1.0,0.3492685690476359,0.15481071091021897,0,0.0,0.06427422527138396
MANFIZ_validation,2,1.3,0.005,10,2,0.011347791156706545,0.008215563638569212,0.999052541218537,1.0,0.3335066100623606,0.19469796844698214,0,0.0,0.0697994134856367
MANFIZ_noise,2,1.3,0.01,10,1,0.015943003168660687,0.01214801850569963,0.9988507701643398,1.0,0.45839145237608037,0.20284725499131323,0,0.0,0.11384046869711581
MANFIZ_noise,2,1.3,0.01,10,2,0.014554097544617126,0.011430686739999415,0.9984417821903251,1.0,0.4403141773291332,0.25504580977359587,0,0.0,0.11035810289028561
MANFIZ_validation,2,1.3,0.01,10,1,0.015943003168660687,0.01214801850569963,0.9988507701643398,1.0,0.34928543475666873,0.1545656911392592,0,0.0,0.056049218002759915
MANFIZ_validation,2,1.3,0.01,10,2,0.014554097544617126,0.011430686739999415,0.9984417821903251,1.0,0.3335361082813176,0.19319611133428288,0,0.0,0.060470059379058014
MANFIZ_noise,2,1.3,0.02,10,1,0.02429470476259563,0.019974914500647343,0.9973396269928821,1.0,0.45844541849315074,0.20057604917779487,0,0.0,0.0973905511690536
MANFIZ_noise,2,1.3,0.02,10,2,0.023358777187870324,0.019379330402604925,0.9959922697851789,1.0,0.44039562036369967,0.2511738992175794,0,0.0,0.09175276010984645
MANFIZ_validation,2,1.3,0.02,10,1,0.02429470476259563,0.019974914500647343,0.9973396269928821,1.0,0.3493394008737387,0.1528406960193872,0,0.0,0.0395993004746977
MANFIZ_validation,2,1.3,0.02,10,2,0.023358777187870324,0.019379330402604925,0.9959922697851789,1.0,0.3336175513158846,0.19027441994593153,0,0.0,0.04186471659861887
MANFIZ_noise,2,1.3,0.005,11,1,0.013447582371086623,0.00902399211771519,0.9992162969913366,1.0,0.4588224600008187,0.17076028338902555,0,0.0,0.10890860612063635
MANFIZ_noise,2,1.3,0.005,11,2,0.011973485889780727,0.008673931331139775,0.9989113623094832,1.0,0.43719416774729114,0.2581001309982943,0,0.0,0.11986506642563363
MANFIZ_validation,2,1.3,0.005,11,1,0.013447582371086623,0.00902399211771519,0.9992162969913366,1.0,0.3495114548053616,0.13007792833456244,0,0.0,0.0516474769665205
MANFIZ_validation,2,1.3,0.005,11,2,0.011973485889780727,0.008673931331139775,0.9989113623094832,1.0,0.33070284961126156,0.1952323592191943,0,0.0,0.06970876063203679
MANFIZ_noise,2,1.3,0.01,11,1,0.0163052518758768,0.012196821326472413,0.9988486172623248,1.0,0.4588521904080433,0.17000937509275302,0,0.0,0.10165943143780429
MANFIZ_noise,2,1.3,0.01,11,2,0.014881968205337047,0.011621259265140496,0.9983204728876942,1.0,0.4372259246588536,0.25769854957879684,0,0.0,0.11193853587979258
MANFIZ_validation,2,1.3,0.01,11,1,0.0163052518758768,0.012196821326472413,0.9988486172623248,1.0,0.34954118521258554,0.1295085426405545,0,0.0,0.044398302283688434
MANFIZ_validation,2,1.3,0.01,11,2,0.014881968205337047,0.011621259265140496,0.9983204728876942,1.0,0.33073460652282377,0.19493315375328327,0,0.0,0.06178223008619574
MANFIZ_noise,2,1.3,0.02,11,1,0.024581104207538187,0.020002503799123696,0.9973885067122513,1.0,0.4589354722367728,0.1685362316387358,0,0.0,0.08716346430187416
MANFIZ_noise,2,1.3,0.02,11,2,0.02312204912469655,0.01917012842825052,0.9959609009523273,1.0,0.4373212907008141,0.25691801027076533,0,0.0,0.09611565592154683
MANFIZ_validation,2,1.3,0.02,11,1,0.024581104207538187,0.020002503799123696,0.9973885067122513,1.0,0.3496244670413155,0.12839362770686982,0,0.0,0.029902335147758308
MANFIZ_validation,2,1.3,0.02,11,2,0.02312204912469655,0.01917012842825052,0.9959609009523273,1.0,0.33082997256478464,0.19435636932532752,0,0.0,0.045959350127949994
MANFIZ_noise,2,1.3,0.005,12,1,0.013591708761851052,0.008959477171940717,0.9992029813475359,1.0,0.45808827318721146,0.18587314852481399,0,0.0,0.13978284498195026
MANFIZ_noise,2,1.3,0.005,12,2,0.012475218786443922,0.00859577323636053,0.9988006259620062,1.0,0.4365378663930319,0.2504357274068456,0,0.0,0.12671990326123755
MANFIZ_validation,2,1.3,0.005,12,1,0.013591708761851052,0.008959477171940717,0.9992029813475359,1.0,0.3487982164243468,0.14152779383666345,0,0.0,0.08282981887408306
MANFIZ_validation,2,1.3,0.005,12,2,0.012475218786443922,0.00859577323636053,0.9988006259620062,1.0,0.3301186408621307,0.1893844917463192,0,0.0,0.0761214457553991
MANFIZ_noise,2,1.3,0.01,12,1,0.016333562220371425,0.01212238290965192,0.9988503578818475,1.0,0.4581033588133855,0.18514181086375195,0,0.0,0.12977306293452023
MANFIZ_noise,2,1.3,0.01,12,2,0.015373724720702774,0.01169209419580056,0.9981793916006627,1.0,0.4365571325620443,0.24920934502592276,0,0.0,0.1219670927734677
MANFIZ_validation,2,1.3,0.01,12,1,0.016333562220371425,0.01212238290965192,0.9988503578818475,1.0,0.3488133020505201,0.1409723922616024,0,0.0,0.07282003682665303
MANFIZ_validation,2,1.3,0.01,12,2,0.015373724720702774,0.01169209419580056,0.9981793916006627,1.0,0.33013790703114304,0.18845975805415865,0,0.0,0.07236772248750524
MANFIZ_noise,2,1.3,0.02,12,1,0.02424442143924706,0.0198077086194244,0.9974746975138378,1.0,0.4581562041033341,0.1837054991175467,0,0.0,0.1097625223503697
MANFIZ_noise,2,1.3,0.02,12,2,0.02359711371864253,0.019443641891608417,0.9957196615446359,1.0,0.43662181069520495,0.24579075093812458,0,0.0,0.10291867127310944
MANFIZ_validation,2,1.3,0.02,12,1,0.02424442143924706,0.0198077086194244,0.9974746975138378,1.0,0.34886614734046884,0.1398837975965543,0,0.0,0.0528094962425025
MANFIZ_validation,2,1.3,0.02,12,2,0.02359711371864253,0.019443641891608417,0.9957196615446359,1.0,0.33020258516430306,0.18588338782255753,0,0.0,0.052692911631604195
MANFIZ_noise,2,1.3,0.005,13,1,0.012035139360175359,0.008310079703743842,0.9993473609151814,1.0,0.458125480866653,0.16305588589642322,0,0.0,0.12272381693202708
MANFIZ_noise,2,1.3,0.005,13,2,0.012861672743225343,0.008913680318695497,0.9987771532393437,1.0,0.43653751751696984,0.23514166779324328,0,0.0,0.08949351456428328
MANFIZ_validation,2,1.3,0.005,13,1,0.012035139360175359,0.008310079703743842,0.9993473609151814,1.0,0.3488912917354951,0.12417728555036926,0,0.0,0.0641277656731695
MANFIZ_validation,2,1.3,0.005,13,2,0.012861672743225343,0.008913680318695497,0.9987771532393437,1.0,0.32969748337658744,0.1775921037654963,0,0.0,0.028821346617072002
MANFIZ_noise,2,1.3,0.01,13,1,0.015127160256869443,0.011671903069540357,0.9989695550784119,1.0,0.4581372527164491,0.16253265037872971,0,0.0,0.11477298844898676
MANFIZ_noise,2,1.3,0.01,13,2,0.015875658543926925,0.012193750776991195,0.9981383152792072,1.0,0.43654455994149405,0.2331218330867819,0,0.0,0.0835777117849048
MANFIZ_validation,2,1.3,0.01,13,1,0.015127160256869443,0.011671903069540357,0.9989695550784119,1.0,0.34890306358529105,0.12377980466232394,0,0.0,0.05617693719012917
MANFIZ_validation,2,1.3,0.01,13,2,0.015875658543926925,0.012193750776991195,0.9981383152792072,1.0,0.3297045258011097,0.17606753235468992,0,0.0,0.022905543837693526
MANFIZ_noise,2,1.3,0.02,13,1,0.023687887631026756,0.019565516208812344,0.9974779794879721,1.0,0.4581833865582582,0.1615042314097425,0,0.0,0.09887202534625486
MANFIZ_noise,2,1.3,0.02,13,2,0.02443485383379871,0.02027239463983759,0.99560169017411,1.0,0.4365848346372383,0.2291984425624391,0,0.0,0.07174611367713901
MANFIZ_validation,2,1.3,0.02,13,1,0.023687887631026756,0.019565516208812344,0.9974779794879721,1.0,0.34894919742709973,0.12300047008436098,0,0.0,0.040275974087397276
MANFIZ_validation,2,1.3,0.02,13,2,0.02443485383379871,0.02027239463983759,0.99560169017411,1.0,0.32974480049685545,0.173109528139563,0,0.0,0.011073945729927731
MANFIZ_noise,2,1.3,0.005,14,1,0.013065854748643767,0.008987707369537124,0.999230545163922,1.0,0.4588362808361831,0.1784094916873373,0,0.0,0.13738662119615327
MANFIZ_noise,2,1.3,0.005,14,2,0.01263424371226355,0.009093100570211456,0.9988603687848489,1.0,0.4398160119383125,0.2431838500332733,0,0.0,0.1135047973385727
MANFIZ_validation,2,1.3,0.005,14,1,0.013065854748643767,0.008987707369537124,0.999230545163922,1.0,0.3497167448314002,0.13598049955033145,0,0.0,0.08031897479989908
MANFIZ_validation,2,1.3,0.005,14,2,0.01263424371226355,0.009093100570211456,0.9988603687848489,1.0,0.33308541220496896,0.18417017737245364,0,0.0,0.06333239368835869
MANFIZ_noise,2,1.3,0.01,14,1,0.015793283669231762,0.01206822031494526,0.9988754364396397,1.0,0.45884660166417424,0.17804282107180108,0,0.0,0.12965519114507867
MANFIZ_noise,2,1.3,0.01,14,2,0.015751853369256653,0.012288745317306837,0.9982299940965254,1.0,0.4398298583005918,0.24130078725884993,0,0.0,0.10502300720077451
MANFIZ_validation,2,1.3,0.01,14,1,0.015793283669231762,0.01206822031494526,0.9988754364396397,1.0,0.3497270656593923,0.1357019822078435,0,0.0,0.07258754474882448
MANFIZ_validation,2,1.3,0.01,14,2,0.015751853369256653,0.012288745317306837,0.9982299940965254,1.0,0.3330992585672479,0.18274592279427335,0,0.0,0.05485060355056051
MANFIZ_noise,2,1.3,0.02,14,1,0.023809405091435247,0.019674078120448,0.9974442876096162,1.0,0.458888805346818,0.17732236377030455,0,0.0,0.11419237955128404
MANFIZ_noise,2,1.3,0.02,14,2,0.024397394344936447,0.020362077234265148,0.9957654473220654,1.0,0.43988030792143884,0.23722629649425941,0,0.0,0.08808778869459322
MANFIZ_validation,2,1.3,0.02,14,1,0.023809405091435247,0.019674078120448,0.9974442876096162,1.0,0.34976926934203517,0.13515673708158388,0,0.0,0.05712473315502985
MANFIZ_validation,2,1.3,0.02,14,2,0.024397394344936447,0.020362077234265148,0.9957654473220654,1.0,0.3331497081880955,0.17966676395461642,0,0.0,0.037915385044379205
MANFIZ_noise,2,1.3,0.005,15,1,0.013313735899344748,0.008816075859899864,0.9991791053442927,1.0,0.45747186811901364,0.1637014733094158,0,0.0,0.12475225341620669
MANFIZ_noise,2,1.3,0.005,15,2,0.012050539217051827,0.008572017689371684,0.9989819400997288,1.0,0.4365965028458084,0.24610163853193132,0,0.0,0.11833813956284053
MANFIZ_validation,2,1.3,0.005,15,1,0.013313735899344748,0.008816075859899864,0.9991791053442927,1.0,0.3483296254061571,0.12464607520187504,0,0.0,0.06770625857712598
MANFIZ_validation,2,1.3,0.005,15,2,0.012050539217051827,0.008572017689371684,0.9989819400997288,1.0,0.32979922044175786,0.18590192090002777,0,0.0,0.06837433501228077
MANFIZ_noise,2,1.3,0.01,15,1,0.015993485579987178,0.01189931852779116,0.9988150508357944,1.0,0.4574785010428521,0.16303148987753224,0,0.0,0.12694504061297726
MANFIZ_noise,2,1.3,0.01,15,2,0.015040554471473448,0.011672633118839685,0.9984163040607006,1.0,0.4366191724483254,0.24539723564711685,0,0.0,0.109853344072467
MANFIZ_validation,2,1.3,0.01,15,1,0.015993485579987178,0.01189931852779116,0.9988150508357944,1.0,0.34833625832999643,0.12413649831510827,0,0.0,0.0691111686566113
MANFIZ_validation,2,1.3,0.01,15,2,0.015040554471473448,0.011672633118839685,0.9984163040607006,1.0,0.3298218900442744,0.18537294095199483,0,0.0,0.059889539521907245
MANFIZ_noise,2,1.3,0.02,15,1,0.02402929927916279,0.019586766277931635,0.9973255034781863,1.0,0.45751600453105223,0.1617164660373612,0,0.0,0.11342060169905377
MANFIZ_noise,2,1.3,0.02,15,2,0.02344285963545694,0.019434506573605518,0.9961675440871546,1.0,0.4366922727900219,0.2433931503429551,0,0.0,0.09190859485914551
MANFIZ_validation,2,1.3,0.02,15,1,0.02402929927916279,0.019586766277931635,0.9973255034781863,1.0,0.3483737618181951,0.12313836688429157,0,0.0,0.05468859899618786
MANFIZ_validation,2,1.3,0.02,15,2,0.02344285963545694,0.019434506573605518,0.9961675440871546,1.0,0.32989499038597114,0.18386902172415787,0,0.0,0.040572541072067626
MANFIZ_noise,2,1.3,0.005,16,1,0.012886506894344974,0.008880024428909184,0.9992754679519056,1.0,0.45925858067636366,0.18322711852700113,0,0.0,0.12965118977608284
MANFIZ_noise,2,1.3,0.005,16,2,0.012371834205601642,0.008993463559726517,0.9988838768635999,1.0,0.43784584873323856,0.24081075139782845,0,0.0,0.12367073811830662
MANFIZ_validation,2,1.3,0.005,16,1,0.012886506894344974,0.008880024428909184,0.9992754679519056,1.0,0.3500604229300076,0.13966110880137927,0,0.0,0.07171618029045077
MANFIZ_validation,2,1.3,0.005,16,2,0.012371834205601642,0.008993463559726517,0.9988838768635999,1.0,0.3313665271868495,0.18224821048508097,0,0.0,0.0732543929779433
MANFIZ_noise,2,1.3,0.01,16,1,0.0159052705494783,0.012207934716850584,0.998895839926896,1.0,0.45924605082540765,0.18263201923266992,0,0.0,0.12364671704100264
MANFIZ_noise,2,1.3,0.01,16,2,0.015338493757188236,0.012085841781347325,0.9982847416554156,1.0,0.4378366746855412,0.24012863025656817,0,0.0,0.11722612761284956
MANFIZ_validation,2,1.3,0.01,16,1,0.0159052705494783,0.012207934716850584,0.998895839926896,1.0,0.35004789307905104,0.13920632180999024,0,0.0,0.0660355288129633
MANFIZ_validation,2,1.3,0.01,16,2,0.015338493757188236,0.012085841781347325,0.9982847416554156,1.0,0.3313573531391525,0.1817307501521965,0,0.0,0.06732041946991846
MANFIZ_noise,2,1.3,0.02,16,1,0.024459195627466655,0.020252756436598695,0.9973886472803037,1.0,0.4592428430670828,0.1814618812189748,0,0.0,0.11163813187171825
MANFIZ_noise,2,1.3,0.02,16,2,0.023630090859512953,0.019744862372383605,0.9959349094196722,1.0,0.43784155267298214,0.2387884981399977,0,0.0,0.10280215222513661
MANFIZ_validation,2,1.3,0.02,16,1,0.024459195627466655,0.020252756436598695,0.9973886472803037,1.0,0.35004468532072686,0.13831411434695923,0,0.0,0.05446905359343496
MANFIZ_validation,2,1.3,0.02,16,2,0.023630090859512953,0.019744862372383605,0.9959349094196722,1.0,0.3313622311265931,0.18071717731673517,0,0.0,0.05289644408220551
MANFIZ_noise,2,1.3,0.005,17,1,0.013136636423319206,0.008976919043117449,0.9992170007957798,1.0,0.459000068009142,0.18070560267396976,0,0.0,0.11994816218782811
MANFIZ_noise,2,1.3,0.005,17,2,0.011258720185739585,0.008300674447183645,0.9990702243646656,1.0,0.439699314735116,0.25799078029086575,0,0.0,0.12698886781167748
MANFIZ_validation,2,1.3,0.005,17,1,0.013136636423319206,0.008976919043117449,0.9992170007957798,1.0,0.34987874367798294,0.13774518490459575,0,0.0,0.060616651232410695
MANFIZ_validation,2,1.3,0.005,17,2,0.011258720185739585,0.008300674447183645,0.9990702243646656,1.0,0.33301077890854663,0.19539195949768795,0,0.0,0.07768420463843921
MANFIZ_noise,2,1.3,0.01,17,1,0.016001502515747088,0.012145380614468891,0.9988389092393144,1.0,0.4590100176090879,0.18080908734722212,0,0.0,0.11492040403288029
MANFIZ_noise,2,1.3,0.01,17,2,0.014206817320462962,0.01121403959739084,0.9985204644110499,1.0,0.4397206994145217,0.2566601033653525,0,0.0,0.1171437670265241
MANFIZ_validation,2,1.3,0.01,17,1,0.016001502515747088,0.012145380614468891,0.9988389092393144,1.0,0.34988869327793004,0.13782499918895477,0,0.0,0.05558889307746287
MANFIZ_validation,2,1.3,0.01,17,2,0.014206817320462962,0.01121403959739084,0.9985204644110499,1.0,0.3330321635879528,0.19438718633050575,0,0.0,0.06783910385328584
MANFIZ_noise,2,1.3,0.02,17,1,0.024208491173302975,0.019914265122283885,0.9973472845917112,1.0,0.4590495198347769,0.18020865099280278,0,0.0,0.10486498077050108
MANFIZ_noise,2,1.3,0.02,17,2,0.022426131413639357,0.018579191825408715,0.9963217169326902,1.0,0.4397849775219116,0.2540523130526517,0,0.0,0.09745552421123796
MANFIZ_validation,2,1.3,0.02,17,1,0.024208491173302975,0.019914265122283885,0.9973472845917112,1.0,0.3499281955036186,0.13737099230329167,0,0.0,0.04553346981508366
MANFIZ_validation,2,1.3,0.02,17,2,0.022426131413639357,0.018579191825408715,0.9963217169326902,1.0,0.3330964416953417,0.1924211280684162,0,0.0,0.048150861037999704
MANFIZ_noise,2,1.3,0.005,18,1,0.013381133796094426,0.009035259543523305,0.9992349422076972,1.0,0.4563390762942399,0.14386038575326407,0,0.0,0.14091279621317043
MANFIZ_noise,2,1.3,0.005,18,2,0.012551462519223818,0.008767116380482326,0.9987555992659194,1.0,0.4348258497183421,0.23708881969735296,0,0.0,0.11969864354177558
MANFIZ_validation,2,1.3,0.005,18,1,0.013381133796094426,0.009035259543523305,0.9992349422076972,1.0,0.34703445795723703,0.1094022265128409,0,0.0,0.07974521027554188
MANFIZ_validation,2,1.3,0.005,18,2,0.012551462519223818,0.008767116380482326,0.9987555992659194,1.0,0.32824784402076773,0.1789771559291955,0,0.0,0.06924224648268218
MANFIZ_noise,2,1.3,0.01,18,1,0.01630883972354193,0.012320581825176227,0.9988640225616942,1.0,0.4563418488017934,0.1437372403186671,0,0.0,0.13446581352688244
MANFIZ_noise,2,1.3,0.01,18,2,0.015515080928603183,0.011953488950415795,0.9980992426785911,1.0,0.43482996374975674,0.235500653223841,0,0.0,0.11562467097286147
MANFIZ_validation,2,1.3,0.01,18,1,0.01630883972354193,0.012320581825176227,0.9988640225616942,1.0,0.34703723046479107,0.10930878666030047,0,0.0,0.07347318627145968
MANFIZ_validation,2,1.3,0.01,18,2,0.015515080928603183,0.011953488950415795,0.9980992426785911,1.0,0.32825195805218066,0.17777880318243514,0,0.0,0.06572239812811446
MANFIZ_noise,2,1.3,0.02,18,1,0.0247164071566045,0.020317971056514547,0.9973948108924818,1.0,0.45637409445296256,0.1434999809321865,0,0.0,0.11830954287115267
MANFIZ_noise,2,1.3,0.02,18,2,0.023854159030524076,0.019694799743630975,0.9955153945624673,1.0,0.4348703898686804,0.23240460207717953,0,0.0,0.09849377497657423
MANFIZ_validation,2,1.3,0.02,18,1,0.0247164071566045,0.020317971056514547,0.9973948108924818,1.0,0.34706947611595995,0.10913078505142329,0,0.0,0.05731691561572991
MANFIZ_validation,2,1.3,0.02,18,2,0.023854159030524076,0.019694799743630975,0.9955153945624673,1.0,0.3282923841711059,0.17544689793962298,0,0.0,0.04699698600141332
MANFIZ_noise,2,1.3,0.005,19,1,0.013426755120604615,0.009035027161955821,0.9991963533836228,1.0,0.4575534521515408,0.15876354843549417,0,0.0,0.11956815214852728
MANFIZ_noise,2,1.3,0.005,19,2,0.013494615695112643,0.009178049727049498,0.9986826291888773,1.0,0.43637648297274795,0.23767504842137563,0,0.0,0.12250070872374717
MANFIZ_validation,2,1.3,0.005,19,1,0.013426755120604615,0.009035027161955821,0.9991963533836228,1.0,0.34830428816510256,0.12085587916420307,0,0.0,0.06415126456573542
MANFIZ_validation,2,1.3,0.005,19,2,0.013494615695112643,0.009178049727049498,0.9986826291888773,1.0,0.32955991819537483,0.17949677072703746,0,0.0,0.0651455321552995
MANFIZ_noise,2,1.3,0.01,19,1,0.016359188783661063,0.012365856176873297,0.9988078771224551,1.0,0.4575807328338109,0.1579598009711979,0,0.0,0.11417887446537114
MANFIZ_noise,2,1.3,0.01,19,2,0.016266988226981582,0.012359929242646393,0.9980881748347062,1.0,0.4364117619780184,0.2375558468466805,0,0.0,0.11324939022043909
MANFIZ_validation,2,1.3,0.01,19,1,0.016359188783661063,0.012365856176873297,0.9988078771224551,1.0,0.3483315688473724,0.12024628953750045,0,0.0,0.057680559436269124
MANFIZ_validation,2,1.3,0.01,19,2,0.016266988226981582,0.012359929242646393,0.9980881748347062,1.0,0.32959519720064495,0.17941144810744494,0,0.0,0.05875072352541899
MANFIZ_noise,2,1.3,0.02,19,1,0.024658504715970732,0.02027418988491829,0.9972973224276545,1.0,0.45765460597944424,0.15638335463983824,0,0.0,0.0950905110597024
MANFIZ_noise,2,1.3,0.02,19,2,0.024300534736609345,0.019997102130930373,0.9957489341279795,1.0,0.43650567921190325,0.2352664466689348,0,0.0,0.09475451158534985
MANFIZ_validation,2,1.3,0.02,19,1,0.024658504715970732,0.02027418988491829,0.9972973224276545,1.0,0.3484054419930053,0.1190522526852684,0,0.0,0.037819161927638956
MANFIZ_validation,2,1.3,0.02,19,2,0.024300534736609345,0.019997102130930373,0.9957489341279795,1.0,0.32968911443453,0.17769479333803945,0,0.0,0.043876918448616006
MANFIZ_noise,2,1.3,0.005,20,1,0.014152043779345548,0.00932918576021367,0.999091748533141,1.0,0.45689118382268046,0.18356808426234703,0,0.0,0.13707540486995493
MANFIZ_noise,2,1.3,0.005,20,2,0.011895300395158664,0.008348644224518365,0.9989580576488326,1.0,0.4375102871020977,0.21745005005746212,0,0.0,0.12384230356075263
MANFIZ_validation,2,1.3,0.005,20,1,0.014152043779345548,0.00932918576021367,0.999091748533141,1.0,0.34777307251115847,0.13972700489594037,0,0.0,0.07971481139256165
MANFIZ_validation,2,1.3,0.005,20,2,0.011895300395158664,0.008348644224518365,0.9989580576488326,1.0,0.33071268806030124,0.16436982784948453,0,0.0,0.07306736360213001
MANFIZ_noise,2,1.3,0.01,20,1,0.01702428648771446,0.012611493152657667,0.9986856563839535,1.0,0.45691670541785095,0.18443802024892267,0,0.0,0.1281621700505054
MANFIZ_noise,2,1.3,0.01,20,2,0.015000215156751344,0.011607073790827547,0.9983447284062957,1.0,0.4375302084550359,0.2161142140810271,0,0.0,0.11513275068101457
MANFIZ_validation,2,1.3,0.01,20,1,0.01702428648771446,0.012611493152657667,0.9986856563839535,1.0,0.34779859410632774,0.14039163677254246,0,0.0,0.07080157657311212
MANFIZ_validation,2,1.3,0.01,20,2,0.015000215156751344,0.011607073790827547,0.9983447284062957,1.0,0.33073260941323984,0.16336247548871838,0,0.0,0.06435781072239198
MANFIZ_noise,2,1.3,0.02,20,1,0.02533627608602603,0.020567899394456274,0.9970909009287826,1.0,0.4569898934891448,0.1860423929606664,0,0.0,0.11033888557018573
MANFIZ_noise,2,1.3,0.02,20,2,0.02359446834845678,0.019678284891541022,0.9959170466363985,1.0,0.4375937399995473,0.21350309400098427,0,0.0,0.09772011570921242
MANFIZ_validation,2,1.3,0.02,20,1,0.02533627608602603,0.020567899394456274,0.9970909009287826,1.0,0.34787178217762227,0.14161997830123538,0,0.0,0.05297829209279245
MANFIZ_validation,2,1.3,0.02,20,2,0.02359446834845678,0.019678284891541022,0.9959170466363985,1.0,0.33079614095775195,0.1613962749515997,0,0.0,0.04694517575058982
MANFIZ_noise,3,1.0,0.005,1,1,0.005884253096468633,0.004839406294883721,0.9997024390157617,1.0,0.4574759899172804,0.32192552171771316,0,0.0,0.16368949005068034
MANFIZ_noise,3,1.0,0.005,1,2,0.00648193017959912,0.005242339721766908,0.9997704670336713,1.0,0.5058384193876393,0.24168025431871598,0,0.0,0.17817472583210409
MANFIZ_validation,3,1.0,0.005,1,1,0.005884253096468633,0.004839406294883721,0.9997024390157617,1.0,0.3303737471773935,0.23248376584998312,0,0.0,0.10256184528977828
MANFIZ_validation,3,1.0,0.005,1,2,0.00648193017959912,0.005242339721766908,0.9997704670336713,1.0,0.36893436083677233,0.17627002366068775,0,0.0,0.11022363303053061
MANFIZ_noise,3,1.0,0.01,1,1,0.010929976924093693,0.00909100171234174,0.9989726352304483,1.0,0.45747289765477367,0.3195972063631601,0,0.0,0.15385833178287234
MANFIZ_noise,3,1.0,0.01,1,2,0.011542059135752689,0.009526664746926192,0.9992726205704137,1.0,0.5058469668558656,0.24047007866307243,0,0.0,0.16912975411826306
MANFIZ_validation,3,1.0,0.01,1,1,0.010929976924093693,0.00909100171234174,0.9989726352304483,1.0,0.3303706549148875,0.23080173473980195,0,0.0,0.09147919765368284
MANFIZ_validation,3,1.0,0.01,1,2,0.011542059135752689,0.009526664746926192,0.9992726205704137,1.0,0.36894290830499915,0.175388479115988,0,0.0,0.10127612541560088
MANFIZ_noise,3,1.0,0.02,1,1,0.02145070530133886,0.01794947692971688,0.9960425868236471,1.0,0.4574876476110102,0.31297600460509634,0,0.0,0.13034758895855703
MANFIZ_noise,3,1.0,0.02,1,2,0.02232455304279979,0.018617207367479786,0.9972839981818636,1.0,0.5058907895802035,0.23809842456931246,0,0.0,0.14625676867820073
MANFIZ_validation,3,1.0,0.02,1,1,0.02145070530133886,0.01794947692971688,0.9960425868236471,1.0,0.3303854048711232,0.22602294190098415,0,0.0,0.06796845482936753
MANFIZ_validation,3,1.0,0.02,1,2,0.02232455304279979,0.018617207367479786,0.9972839981818636,1.0,0.36898673102933666,0.17366427923696606,0,0.0,0.07919597771024572
MANFIZ_noise,3,1.0,0.005,2,1,0.006008038878629057,0.004903171062652639,0.9996906574268062,1.0,0.45687095051819715,0.26613008589955234,0,0.0,0.16147667981832908
MANFIZ_noise,3,1.0,0.005,2,2,0.006553397220999491,0.005367435172137238,0.9997606436757094,1.0,0.5053313178502987,0.21423577842421052,0,0.0,0.17097946919698223
MANFIZ_validation,3,1.0,0.005,2,1,0.006008038878629057,0.004903171062652639,0.9996906574268062,1.0,0.329756837173812,0.19208534774096098,0,0.0,0.10058573589094662
MANFIZ_validation,3,1.0,0.005,2,2,0.006553397220999491,0.005367435172137238,0.9997606436757094,1.0,0.36825233805172336,0.15612099134219498,0,0.0,0.10239276613807059
MANFIZ_noise,3,1.0,0.01,2,1,0.011022513850350881,0.00918248224741582,0.9989587901905839,1.0,0.4568908599752666,0.2650595391858755,0,0.0,0.15772746627713496
MANFIZ_noise,3,1.0,0.01,2,2,0.011788411915356178,0.009845217246589707,0.9992263319632438,1.0,0.5053633397853904,0.21293655177954132,0,0.0,0.16351276185614017
MANFIZ_validation,3,1.0,0.01,2,1,0.011022513850350881,0.00918248224741582,0.9989587901905839,1.0,0.3297767466308816,0.19131587027354977,0,0.0,0.09530502286709053
MANFIZ_validation,3,1.0,0.01,2,2,0.011788411915356178,0.009845217246589707,0.9992263319632438,1.0,0.36828435998681625,0.15517786019704277,0,0.0,0.09518165710917888
MANFIZ_noise,3,1.0,0.02,2,1,0.021532775780085795,0.018057800829984334,0.9960314513263302,1.0,0.45694658464269244,0.2621222736236401,0,0.0,0.13835063733458036
MANFIZ_noise,3,1.0,0.02,2,2,0.02285586614011476,0.019222204328892937,0.9971003998576532,1.0,0.5054487954544818,0.21039419860683503,0,0.0,0.14364451132202494
MANFIZ_validation,3,1.0,0.02,2,1,0.021532775780085795,0.018057800829984334,0.9960314513263302,1.0,0.32983247129830817,0.18920469087042377,0,0.0,0.07592819392453591
MANFIZ_validation,3,1.0,0.02,2,2,0.02285586614011476,0.019222204328892937,0.9971003998576532,1.0,0.3683698156559059,0.15333476477312405,0,0.0,0.07531340657506368
MANFIZ_noise,3,1.0,0.005,3,1,0.006116847218837435,0.00507356997863699,0.9996656932029409,1.0,0.45789940663625384,0.26949345408473546,0,0.0,0.1545945126641404
MANFIZ_noise,3,1.0,0.005,3,2,0.006444834772219158,0.005298567208357574,0.9997763767443268,1.0,0.5069756514455281,0.24622742413264354,0,0.0,0.17112586010009245
MANFIZ_validation,3,1.0,0.005,3,1,0.006116847218837435,0.00507356997863699,0.9996656932029409,1.0,0.3307331295229094,0.19465064196116438,0,0.0,0.09353854293970827
MANFIZ_validation,3,1.0,0.005,3,2,0.006444834772219158,0.005298567208357574,0.9997763767443268,1.0,0.3698525682907114,0.1796296231178062,0,0.0,0.10367890805014
MANFIZ_noise,3,1.0,0.01,3,1,0.01131842736607523,0.009545834036523837,0.9988572840049512,1.0,0.45791433478484905,0.2682708947427443,0,0.0,0.1433790526232342
MANFIZ_noise,3,1.0,0.01,3,2,0.01160541601720841,0.009677483845724423,0.9992752307996453,1.0,0.5069990393095303,0.24471196519812152,0,0.0,0.16362682902446926
MANFIZ_validation,3,1.0,0.01,3,1,0.01131842736607523,0.009545834036523837,0.9988572840049512,1.0,0.3307480576715043,0.19377003650180347,0,0.0,0.08232308289880205
MANFIZ_validation,3,1.0,0.01,3,2,0.01160541601720841,0.009677483845724423,0.9992752307996453,1.0,0.36987595615471286,0.17852710773066074,0,0.0,0.09617987697451683
MANFIZ_noise,3,1.0,0.02,3,1,0.022162146570138878,0.018800019205428637,0.9956393046243289,1.0,0.45796456796142937,0.26580088620411435,0,0.0,0.12094831551132865
MANFIZ_noise,3,1.0,0.02,3,2,0.02251814932278118,0.018826246813629932,0.9972762244146359,1.0,0.5070690994271954,0.24142728949715006,0,0.0,0.1486314891321857
MANFIZ_validation,3,1.0,0.02,3,1,0.022162146570138878,0.018800019205428637,0.9956393046243289,1.0,0.33079829084808493,0.19199406463609356,0,0.0,0.059892345786896506
MANFIZ_validation,3,1.0,0.02,3,2,0.02251814932278118,0.018826246813629932,0.9972762244146359,1.0,0.3699460162723793,0.17613982802305012,0,0.0,0.0811845370822333
MANFIZ_noise,3,1.0,0.005,4,1,0.006103626274035175,0.0049812595996543765,0.9996942021488852,1.0,0.45730772626525495,0.2691174880727346,0,0.0,0.15726493036656955
MANFIZ_noise,3,1.0,0.005,4,2,0.006628739352434796,0.005390452987198234,0.9997670613356301,1.0,0.5056402695073876,0.21365444357297575,0,0.0,0.18415525683476625
MANFIZ_validation,3,1.0,0.005,4,1,0.006103626274035175,0.0049812595996543765,0.9996942021488852,1.0,0.33014682290431685,0.19428555122129845,0,0.0,0.09595557669017912
MANFIZ_validation,3,1.0,0.005,4,2,0.006628739352434796,0.005390452987198234,0.9997670613356301,1.0,0.36849650678529067,0.15570539148810075,0,0.0,0.1163235959384516
MANFIZ_noise,3,1.0,0.01,4,1,0.011316971995870482,0.009431145803560526,0.9989495404362034,1.0,0.45732374361903483,0.26733916050240203,0,0.0,0.1445483860438798
MANFIZ_noise,3,1.0,0.01,4,2,0.011906404211056548,0.009896263258089304,0.9992492199048539,1.0,0.5056643706657977,0.21256655963524132,0,0.0,0.17439038849586105
MANFIZ_validation,3,1.0,0.01,4,1,0.011316971995870482,0.009431145803560526,0.9989495404362034,1.0,0.33016284025809634,0.19300431647217528,0,0.0,0.08323903236748936
MANFIZ_validation,3,1.0,0.01,4,2,0.011906404211056548,0.009896263258089304,0.9992492199048539,1.0,0.3685206079437018,0.15491531998218108,0,0.0,0.1065587275995464
MANFIZ_noise,3,1.0,0.02,4,1,0.022190596934106528,0.018644155469971432,0.9959725269112274,1.0,0.45738305596471557,0.26365087216285593,0,0.0,0.11911530832333311
MANFIZ_noise,3,1.0,0.02,4,2,0.02313452694094052,0.019391485792177983,0.9971733969190696,1.0,0.5057449554535025,0.2104374698231155,0,0.0,0.15489880217914526
MANFIZ_validation,3,1.0,0.02,4,1,0.022190596934106528,0.018644155469971432,0.9959725269112274,1.0,0.33022215260377563,0.1903510797046176,0,0.0,0.05780595464694269
MANFIZ_validation,3,1.0,0.02,4,2,0.02313452694094052,0.019391485792177983,0.9971733969190696,1.0,0.3686011927314049,0.15337276533509756,0,0.0,0.0870671412828306
MANFIZ_noise,3,1.0,0.005,5,1,0.006057877678045108,0.0050283560247087146,0.9996559369016483,1.0,0.4589086559400185,0.30234698520648173,0,0.0,0.1601246982769312
MANFIZ_noise,3,1.0,0.005,5,2,0.006520344143483816,0.005326006455093295,0.9997794367547475,1.0,0.5083644246895866,0.27242136937768024,0,0.0,0.1779014101797119
MANFIZ_validation,3,1.0,0.005,5,1,0.006057877678045108,0.0050283560247087146,0.9996559369016483,1.0,0.33180986474662344,0.21860932664783858,0,0.0,0.09794388049629398
MANFIZ_validation,3,1.0,0.005,5,2,0.006520344143483816,0.005326006455093295,0.9997794367547475,1.0,0.3712988460295326,0.19897092552351783,0,0.0,0.1105078080409461
MANFIZ_noise,3,1.0,0.01,5,1,0.011228503879230784,0.009444493049593565,0.9988189657255047,1.0,0.45891412980448193,0.30053162790634136,0,0.0,0.14980811201068023
MANFIZ_noise,3,1.0,0.01,5,2,0.011793752277839098,0.009808600631171218,0.9992785901121819,1.0,0.5083696052594139,0.2714541984539002,0,0.0,0.1708002861011112
MANFIZ_validation,3,1.0,0.01,5,1,0.011228503879230784,0.009444493049593565,0.9988189657255047,1.0,0.3318153386110862,0.21729774134339522,0,0.0,0.08762729423004299
MANFIZ_validation,3,1.0,0.01,5,2,0.011793752277839098,0.009808600631171218,0.9992785901121819,1.0,0.3713040265993596,0.19826526975742784,0,0.0,0.10340668396234542
MANFIZ_noise,3,1.0,0.02,5,1,0.02199203265168832,0.018567062287869685,0.9954836586097193,1.0,0.45894242445671823,0.2969768872012013,0,0.0,0.12917536347505032
MANFIZ_noise,3,1.0,0.02,5,2,0.022911696009189724,0.019152518274084884,0.997280955711439,1.0,0.5084014643257021,0.2681479138490119,0,0.0,0.1525869286263325
MANFIZ_validation,3,1.0,0.02,5,1,0.02199203265168832,0.018567062287869685,0.9954836586097193,1.0,0.33184363326332167,0.21473257644624724,0,0.0,0.0669945456944131
MANFIZ_validation,3,1.0,0.02,5,2,0.022911696009189724,0.019152518274084884,0.997280955711439,1.0,0.37133588566564824,0.19585494941597648,0,0.0,0.08533926244957273
MANFIZ_noise,3,1.0,0.005,6,1,0.006082659314655314,0.005022681900489205,0.9996493824724644,1.0,0.4593320341648877,0.31660090566134796,0,0.0,0.1649599328539837
MANFIZ_noise,3,1.0,0.005,6,2,0.006616839250643562,0.0054779033944675655,0.9997774538584835,1.0,0.5096028787740667,0.25708114800830484,0,0.0,0.1864218212462882
MANFIZ_validation,3,1.0,0.005,6,1,0.006082659314655314,0.005022681900489205,0.9996493824724644,1.0,0.33222371161605063,0.22898975067360208,0,0.0,0.10266785774231872
MANFIZ_validation,3,1.0,0.005,6,2,0.006616839250643562,0.0054779033944675655,0.9997774538584835,1.0,0.37239232159703956,0.18786205795373667,0,0.0,0.11749494079682976
MANFIZ_noise,3,1.0,0.01,6,1,0.011223085114568552,0.009422393672147103,0.9988080125699721,1.0,0.45934664428471345,0.31396960861762396,0,0.0,0.15758482842461588
MANFIZ_noise,3,1.0,0.01,6,2,0.011956872341195121,0.010056476910920358,0.9992735135692102,1.0,0.5096156866402535,0.2555388983118924,0,0.0,0.17734826878107324
MANFIZ_validation,3,1.0,0.01,6,1,0.011223085114568552,0.009422393672147103,0.9988080125699721,1.0,0.33223832173587725,0.22708936081512812,0,0.0,0.09542160514551516
MANFIZ_validation,3,1.0,0.01,6,2,0.011956872341195121,0.010056476910920358,0.9992735135692102,1.0,0.3724051294632265,0.18673678813954658,0,0.0,0.1080467950621101
MANFIZ_noise,3,1.0,0.02,6,1,0.02195672955737676,0.018524726114878248,0.9954567903068917,1.0,0.4593927872683938,0.30808897179057226,0,0.0,0.1324476728674216
MANFIZ_noise,3,1.0,0.02,6,2,0.023213690092506685,0.019613296954770803,0.9972654398977066,1.0,0.5096626448940401,0.2519153299745647,0,0.0,0.15424418296362052
MANFIZ_validation,3,1.0,0.02,6,1,0.02195672955737676,0.018524726114878248,0.9954567903068917,1.0,0.3322844647195571,0.22284455027287778,0,0.0,0.0708431138446155
MANFIZ_validation,3,1.0,0.02,6,2,0.023213690092506685,0.019613296954770803,0.9972654398977066,1.0,0.37245208771701194,0.18409509018745776,0,0.0,0.0841432958138359
MANFIZ_noise,3,1.0,0.005,7,1,0.005966440710265825,0.004920639855182359,0.9996794055206794,1.0,0.45770537316879517,0.33120857411462623,0,0.0,0.1675661448936584
MANFIZ_noise,3,1.0,0.005,7,2,0.006628870933125233,0.005451255332667503,0.9997593175712837,1.0,0.5064552247022567,0.24643038399735054,0,0.0,0.1857507384901464
MANFIZ_validation,3,1.0,0.005,7,1,0.005966440710265825,0.004920639855182359,0.9996794055206794,1.0,0.33060403933840377,0.2392344483695342,0,0.0,0.10639671287961924
MANFIZ_validation,3,1.0,0.005,7,2,0.006628870933125233,0.005451255332667503,0.9997593175712837,1.0,0.36947835628086434,0.17978034143202232,0,0.0,0.11797613411029284
MANFIZ_noise,3,1.0,0.01,7,1,0.01098467343817853,0.009142344764161446,0.9989149274225811,1.0,0.4577150538976638,0.3276199830666707,0,0.0,0.1584768354800656
MANFIZ_noise,3,1.0,0.01,7,2,0.011858357810717065,0.009859864525436964,0.9992295694896081,1.0,0.5064582921414306,0.2452659540948393,0,0.0,0.17475677048453586
MANFIZ_validation,3,1.0,0.01,7,1,0.01098467343817853,0.009142344764161446,0.9989149274225811,1.0,0.3306137200672728,0.23664430620686158,0,0.0,0.09730740346602647
MANFIZ_validation,3,1.0,0.01,7,2,0.011858357810717065,0.009859864525436964,0.9992295694896081,1.0,0.3694814237200366,0.1789312472816775,0,0.0,0.10725145391052152
MANFIZ_noise,3,1.0,0.02,7,1,0.021465506288864577,0.017905247447062535,0.9958740507871379,1.0,0.4577519287832232,0.3206838444501982,0,0.0,0.13547477172231503
MANFIZ_noise,3,1.0,0.02,7,2,0.022909247804788486,0.019130840111319734,0.99712539607229,1.0,0.5064870542888388,0.24298069460096033,0,0.0,0.15279465479626414
MANFIZ_validation,3,1.0,0.02,7,1,0.021465506288864577,0.017905247447062535,0.9958740507871379,1.0,0.3306505949528316,0.23164141381353706,0,0.0,0.07390607698065693
MANFIZ_validation,3,1.0,0.02,7,2,0.022909247804788486,0.019130840111319734,0.99712539607229,1.0,0.36951018586744483,0.1772677916719267,0,0.0,0.08528933822224981
MANFIZ_noise,3,1.0,0.005,8,1,0.005953702541780113,0.004950194941566552,0.9996660515716269,1.0,0.45900253059205526,0.3061575662658621,0,0.0,0.1614565993990548
MANFIZ_noise,3,1.0,0.005,8,2,0.00634654911234751,0.005199191193042747,0.9997902845199955,1.0,0.5085703392666641,0.2779846243662426,0,0.0,0.18262449722991528
MANFIZ_validation,3,1.0,0.005,8,1,0.005953702541780113,0.004950194941566552,0.9996660515716269,1.0,0.3318750930249607,0.22136276820461007,0,0.0,0.10057456306741065
MANFIZ_validation,3,1.0,0.005,8,2,0.00634654911234751,0.005199191193042747,0.9997902845199955,1.0,0.3715583694912127,0.2030938609634301,0,0.0,0.11438286657660401
MANFIZ_noise,3,1.0,0.01,8,1,0.011000066570198532,0.009294082000684713,0.9988613647349529,1.0,0.45901190263830943,0.3042029150731722,0,0.0,0.15390167897581666
MANFIZ_noise,3,1.0,0.01,8,2,0.011549837724143667,0.009628042534885984,0.9993049557193654,1.0,0.5085702806406104,0.2769854452045873,0,0.0,0.17149161920752296
MANFIZ_validation,3,1.0,0.01,8,1,0.011000066570198532,0.009294082000684713,0.9988613647349529,1.0,0.3318844650712154,0.21995120641069388,0,0.0,0.09296201300602316
MANFIZ_validation,3,1.0,0.01,8,2,0.011549837724143667,0.009628042534885984,0.9993049557193654,1.0,0.37155831086516167,0.2023638581963831,0,0.0,0.10324998855421169
MANFIZ_noise,3,1.0,0.02,8,1,0.021498907583951767,0.018191061818329673,0.9956665747735197,1.0,0.459047667853075,0.3003789147932836,0,0.0,0.13779070413542516
MANFIZ_noise,3,1.0,0.02,8,2,0.022514367755856544,0.018916960060645045,0.997357265200414,1.0,0.5085936545125925,0.2737408765849797,0,0.0,0.14922693857395716
MANFIZ_validation,3,1.0,0.02,8,1,0.021498907583951767,0.018191061818329673,0.9956665747735197,1.0,0.33192023028597945,0.21719277877510174,0,0.0,0.07685103816563167
MANFIZ_validation,3,1.0,0.02,8,2,0.022514367755856544,0.018916960060645045,0.997357265200414,1.0,0.3715816847371419,0.19999678564678264,0,0.0,0.0809853079206459
MANFIZ_noise,3,1.0,0.005,9,1,0.006213514540981664,0.005139752218388491,0.9996644111493119,1.0,0.4585341419981452,0.29999932440413185,0,0.0,0.16589247091381756
MANFIZ_noise,3,1.0,0.005,9,2,0.0066070847764157165,0.005428302256739613,0.9997726284126189,1.0,0.5078372952461008,0.247468134515341,0,0.0,0.18125768755297364
MANFIZ_validation,3,1.0,0.005,9,1,0.006213514540981664,0.005139752218388491,0.9996644111493119,1.0,0.331383553356857,0.21681011950926835,0,0.0,0.10415713193960449
MANFIZ_validation,3,1.0,0.005,9,2,0.0066070847764157165,0.005428302256739613,0.9997726284126189,1.0,0.37058889982725185,0.18058725613663315,0,0.0,0.11342829018838868
MANFIZ_noise,3,1.0,0.01,9,1,0.011397664557275462,0.009605166924756818,0.9988727749978646,1.0,0.458572943547766,0.29844503453683685,0,0.0,0.161057798791571
MANFIZ_noise,3,1.0,0.01,9,2,0.01190563539921377,0.009974670043335116,0.9992628584217923,1.0,0.5078884071112858,0.24672237008615122,0,0.0,0.1720554009233909
MANFIZ_validation,3,1.0,0.01,9,1,0.011397664557275462,0.009605166924756818,0.9988727749978646,1.0,0.3314223549064777,0.21569383355047572,0,0.0,0.09932245981735792
MANFIZ_validation,3,1.0,0.01,9,2,0.01190563539921377,0.009974670043335116,0.9992628584217923,1.0,0.3706400116924364,0.18004975276681148,0,0.0,0.10422600355880592
MANFIZ_noise,3,1.0,0.02,9,1,0.022238545718010448,0.018867152680285926,0.9957290749455674,1.0,0.45866826692496176,0.2953964569860765,0,0.0,0.13873063759526422
MANFIZ_noise,3,1.0,0.02,9,2,0.023119831431911077,0.019440295601115765,0.9972308995389402,1.0,0.5080141176221028,0.24335393823584603,0,0.0,0.1526344305130302
MANFIZ_validation,3,1.0,0.02,9,1,0.022238545718010448,0.018867152680285926,0.9957290749455674,1.0,0.33151767828367373,0.21350757105956147,0,0.0,0.07770296231745466
MANFIZ_validation,3,1.0,0.02,9,2,0.023119831431911077,0.019440295601115765,0.9972308995389402,1.0,0.37076572220325427,0.17760785681183983,0,0.0,0.0852409716527398
MANFIZ_noise,3,1.0,0.005,10,1,0.006149272142058545,0.005102882446048771,0.9996778859707433,1.0,0.45757264661432506,0.29235268128342495,0,0.0,0.1633326279570989
MANFIZ_noise,3,1.0,0.005,10,2,0.006660517842372304,0.005453807216964744,0.9997637292755638,1.0,0.5061855931142366,0.2211765061464049,0,0.0,0.181268709376008
MANFIZ_validation,3,1.0,0.005,10,1,0.006149272142058545,0.005102882446048771,0.9996778859707433,1.0,0.33042433710683744,0.21111498169580048,0,0.0,0.10231103225881424
MANFIZ_validation,3,1.0,0.005,10,2,0.006660517842372304,0.005453807216964744,0.9997637292755638,1.0,0.369090600563832,0.16127319819978236,0,0.0,0.11404434841600815
MANFIZ_noise,3,1.0,0.01,10,1,0.01126806681690485,0.009511822708141363,0.9989198866423196,1.0,0.4575925752661624,0.2905892189068651,0,0.0,0.15632628186886607
MANFIZ_noise,3,1.0,0.01,10,2,0.01194063538548399,0.009938528713873683,0.9992410020034402,1.0,0.5062074229336444,0.2197839751185871,0,0.0,0.17374002100674762
MANFIZ_validation,3,1.0,0.01,10,1,0.01126806681690485,0.009511822708141363,0.9989198866423196,1.0,0.33044426575867575,0.20984505927180588,0,0.0,0.09488573076065375
MANFIZ_validation,3,1.0,0.01,10,2,0.01194063538548399,0.009938528713873683,0.9992410020034402,1.0,0.36911243038323827,0.16026038643440643,0,0.0,0.10680349107819959
MANFIZ_noise,3,1.0,0.02,10,1,0.021984577729227104,0.018630617809695108,0.9959047083102367,1.0,0.4576576410409568,0.28666236017451757,0,0.0,0.1351903338375866
MANFIZ_noise,3,1.0,0.02,10,2,0.023127101268986074,0.019364154014215883,0.9971578194660491,1.0,0.5062847423659722,0.21706564383563126,0,0.0,0.1497116096608201
MANFIZ_validation,3,1.0,0.02,10,1,0.021984577729227104,0.018630617809695108,0.9959047083102367,1.0,0.3305093315334697,0.20702065592434327,0,0.0,0.07295337539840054
MANFIZ_validation,3,1.0,0.02,10,2,0.023127101268986074,0.019364154014215883,0.9971578194660491,1.0,0.3691897498155649,0.15828723252991594,0,0.0,0.08160824172986611
MANFIZ_noise,3,1.0,0.005,11,1,0.00616500219397576,0.005096372373653619,0.9996699725348256,1.0,0.4579081090816047,0.29076413939463813,0,0.0,0.16114033195936725
MANFIZ_noise,3,1.0,0.005,11,2,0.006837123919282396,0.005583521330666031,0.9997485565629707,1.0,0.5069012966760825,0.21871893680808613,0,0.0,0.1796995385939314
MANFIZ_validation,3,1.0,0.005,11,1,0.00616500219397576,0.005096372373653619,0.9996699725348256,1.0,0.3307434703152531,0.21001667932784363,0,0.0,0.09984832491861256
MANFIZ_validation,3,1.0,0.005,11,2,0.006837123919282396,0.005583521330666031,0.9997485565629707,1.0,0.3696705296279167,0.1595062899615483,0,0.0,0.11217533640027608
MANFIZ_noise,3,1.0,0.01,11,1,0.01139174694580997,0.00953175000063891,0.9988741149992538,1.0,0.45792880302168737,0.2878917300591007,0,0.0,0.1524333128247587
MANFIZ_noise,3,1.0,0.01,11,2,0.01196752696791655,0.009941696673380488,0.9992302516322699,1.0,0.5069293655436405,0.2189739143496857,0,0.0,0.16867569520217296
MANFIZ_validation,3,1.0,0.01,11,1,0.01139174694580997,0.00953175000063891,0.9988741149992538,1.0,0.3307641642553346,0.20794557333077615,0,0.0,0.09111160955366196
MANFIZ_validation,3,1.0,0.01,11,2,0.01196752696791655,0.009941696673380488,0.9992302516322699,1.0,0.36969859849547393,0.15969552120013758,0,0.0,0.10115149300851763
MANFIZ_noise,3,1.0,0.02,11,1,0.022269759060092483,0.018729978458157697,0.9957103133512359,1.0,0.45798822923253585,0.28232573011314693,0,0.0,0.13116840784961278
MANFIZ_noise,3,1.0,0.02,11,2,0.022974132326563906,0.019192443040577382,0.9971701867726943,1.0,0.5070078277596646,0.21709619693993018,0,0.0,0.14664232899194882
MANFIZ_validation,3,1.0,0.02,11,1,0.022269759060092483,0.018729978458157697,0.9957103133512359,1.0,0.3308235904661828,0.20393539780166597,0,0.0,0.06984670457851604
MANFIZ_validation,3,1.0,0.02,11,2,0.022974132326563906,0.019192443040577382,0.9971701867726943,1.0,0.3697770607114973,0.15833521535715875,0,0.0,0.0791181267982935
MANFIZ_noise,3,1.0,0.005,12,1,0.006029169094526805,0.005032422146785159,0.9996638758694232,1.0,0.45800425207517176,0.3199882572223395,0,0.0,0.16535361479260655
MANFIZ_noise,3,1.0,0.005,12,2,0.0065243663930909315,0.005333776982754349,0.999777511129453,1.0,0.5075945027208273,0.24019537842760197,0,0.0,0.17713225892963524
MANFIZ_validation,3,1.0,0.005,12,1,0.006029169094526805,0.005032422146785159,0.9996638758694232,1.0,0.3308979182576183,0.23118442176466275,0,0.0,0.10363900447916531
MANFIZ_validation,3,1.0,0.005,12,2,0.0065243663930909315,0.005333776982754349,0.999777511129453,1.0,0.3703977712309593,0.17527343647866922,0,0.0,0.10920293458045142
MANFIZ_noise,3,1.0,0.01,12,1,0.011182909140080664,0.00946163439418559,0.9988435591291782,1.0,0.45801631997647974,0.31736024418208314,0,0.0,0.15671799346460025
MANFIZ_noise,3,1.0,0.01,12,2,0.011626480890919817,0.009647685000164786,0.9992940103582111,1.0,0.5076230440892578,0.2392210106395878,0,0.0,0.16324982961294504
MANFIZ_validation,3,1.0,0.01,12,1,0.011182909140080664,0.00946163439418559,0.9988435591291782,1.0,0.33090998615892603,0.2292880612094334,0,0.0,0.09538755071977918
MANFIZ_validation,3,1.0,0.01,12,2,0.011626480890919817,0.009647685000164786,0.9992940103582111,1.0,0.3704263125993903,0.17456606412836656,0,0.0,0.09532050526376122
MANFIZ_noise,3,1.0,0.02,12,1,0.021915424637747698,0.01863985269474626,0.9955642864527962,1.0,0.4580584967295694,0.3122443228519007,0,0.0,0.13592413731984632
MANFIZ_noise,3,1.0,0.02,12,2,0.022483298716562003,0.01876051882280694,0.997365887787129,1.0,0.5077025205460495,0.23693496751900955,0,0.0,0.13548865805442506
MANFIZ_validation,3,1.0,0.02,12,1,0.021915424637747698,0.01863985269474626,0.9955642864527962,1.0,0.3309521629120157,0.22559986277439006,0,0.0,0.07458550021690413
MANFIZ_validation,3,1.0,0.02,12,2,0.022483298716562003,0.01876051882280694,0.997365887787129,1.0,0.3705057890561819,0.1729079008731633,0,0.0,0.06755933370524127
MANFIZ_noise,3,1.0,0.005,13,1,0.00610268517059785,0.00499638633429153,0.9996632447052639,1.0,0.4576704268024448,0.29893101657481025,0,0.0,0.1598587626923532
MANFIZ_noise,3,1.0,0.005,13,2,0.006648876724015452,0.005443495529246872,0.9997639321936276,1.0,0.506662189099382,0.24268727847952884,0,0.0,0.175794417541499
MANFIZ_validation,3,1.0,0.005,13,1,0.00610268517059785,0.00499638633429153,0.9996632447052639,1.0,0.3305468887034894,0.215899284024368,0,0.0,0.09870756213824008
MANFIZ_validation,3,1.0,0.005,13,2,0.006648876724015452,0.005443495529246872,0.9997639321936276,1.0,0.36961951881993155,0.17704489702452833,0,0.0,0.10852744253665556
MANFIZ_noise,3,1.0,0.01,13,1,0.011167961246356278,0.009380307435477846,0.9988722461387547,1.0,0.4576843603809201,0.29727144176072406,0,0.0,0.15069577833659656
MANFIZ_noise,3,1.0,0.01,13,2,0.011760849493524224,0.009797752402544126,0.9992618370690739,1.0,0.5066799009816484,0.24218659129938067,0,0.0,0.16411306544951682
MANFIZ_validation,3,1.0,0.01,13,1,0.011167961246356278,0.009380307435477846,0.9988722461387547,1.0,0.33056082228196476,0.21470319009280847,0,0.0,0.08954457778248345
MANFIZ_validation,3,1.0,0.01,13,2,0.011760849493524224,0.009797752402544126,0.9992618370690739,1.0,0.3696372307021974,0.1766819262964022,0,0.0,0.0968460904446734
MANFIZ_noise,3,1.0,0.02,13,1,0.02180491816897763,0.0185082915134468,0.9957068847058993,1.0,0.45773288433366277,0.2940205293804585,0,0.0,0.13237023061062664
MANFIZ_noise,3,1.0,0.02,13,2,0.02268704843285727,0.018979665553107455,0.9972587484022867,1.0,0.5067408669612828,0.24098959133336917,0,0.0,0.14075070772626752
MANFIZ_validation,3,1.0,0.02,13,1,0.02180491816897763,0.0185082915134468,0.9957068847058993,1.0,0.3306093462347067,0.2123638880338731,0,0.0,0.07121903005651352
MANFIZ_validation,3,1.0,0.02,13,2,0.02268704843285727,0.018979665553107455,0.9972587484022867,1.0,0.3696981966818332,0.17581652308663243,0,0.0,0.07348373272142408
MANFIZ_noise,3,1.0,0.005,14,1,0.006030136000009214,0.005026283957336418,0.9996570994101848,1.0,0.45764536048553034,0.2932590917850612,0,0.0,0.1591440521008606
MANFIZ_noise,3,1.0,0.005,14,2,0.006492299817366488,0.005328489385771784,0.9997738060511114,1.0,0.50659182236381,0.23629690195603184,0,0.0,0.1753540687647613
MANFIZ_validation,3,1.0,0.005,14,1,0.006030136000009214,0.005026283957336418,0.9996570994101848,1.0,0.330526914239403,0.21180160676714832,0,0.0,0.09790525806740843
MANFIZ_validation,3,1.0,0.005,14,2,0.006492299817366488,0.005328489385771784,0.9997738060511114,1.0,0.36959253815515836,0.17239435754138888,0,0.0,0.10733926419656195
MANFIZ_noise,3,1.0,0.01,14,1,0.011177916895155805,0.009486651456493092,0.9988220119542432,1.0,0.45763797515794,0.290614878492601,0,0.0,0.1491575954443586
MANFIZ_noise,3,1.0,0.01,14,2,0.01167676759004824,0.009758570549405671,0.9992674522915507,1.0,0.5065747772114069,0.23650054962386435,0,0.0,0.1645781156620729
MANFIZ_validation,3,1.0,0.01,14,1,0.011177916895155805,0.009486651456493092,0.9988220119542432,1.0,0.3305195289118146,0.20989056404462195,0,0.0,0.08791880141090644
MANFIZ_validation,3,1.0,0.01,14,2,0.01167676759004824,0.009758570549405671,0.9992674522915507,1.0,0.369575493002755,0.17254078006766982,0,0.0,0.0965633110938735
MANFIZ_noise,3,1.0,0.02,14,1,0.0219195878082466,0.018711970693968866,0.9954786026289056,1.0,0.45764166587989774,0.2854782409569497,0,0.0,0.12922622429327185
MANFIZ_noise,3,1.0,0.02,14,2,0.02263679333932625,0.019038670592871593,0.9972426676109213,1.0,0.5065627434614093,0.2359801728229049,0,0.0,0.14302746531563654
MANFIZ_validation,3,1.0,0.02,14,1,0.0219195878082466,0.018711970693968866,0.9954786026289056,1.0,0.3305232196337714,0.2061813737065616,0,0.0,0.06798743025981967
MANFIZ_validation,3,1.0,0.02,14,2,0.02263679333932625,0.019038670592871593,0.9972426676109213,1.0,0.3695634592527572,0.1721596191373675,0,0.0,0.07501266074743718
MANFIZ_noise,3,1.0,0.005,15,1,0.006097945697545475,0.005038822663343647,0.9996435285801154,1.0,0.4587550890369903,0.3162891600438789,0,0.0,0.16513350117361522
MANFIZ_noise,3,1.0,0.005,15,2,0.006520274841628298,0.005376819421955077,0.9997770595406857,1.0,0.5087275720651427,0.27304613757213325,0,0.0,0.18266601915286365
MANFIZ_validation,3,1.0,0.005,15,1,0.006097945697545475,0.005038822663343647,0.9996435285801154,1.0,0.33161829400085135,0.22863456814155605,0,0.0,0.10228689035020903
MANFIZ_validation,3,1.0,0.005,15,2,0.006520274841628298,0.005376819421955077,0.9997770595406857,1.0,0.3715519650235625,0.19942074015211678,0,0.0,0.11491696549554342
MANFIZ_noise,3,1.0,0.01,15,1,0.011244337307950748,0.009425970700143067,0.9987888262426928,1.0,0.4587676204999457,0.31647281303252073,0,0.0,0.15969262521838612
MANFIZ_noise,3,1.0,0.01,15,2,0.01179220894607991,0.009818894057684066,0.9992708772930781,1.0,0.5087409520731495,0.27131627670790526,0,0.0,0.17391899345879436
MANFIZ_validation,3,1.0,0.01,15,1,0.011244337307950748,0.009425970700143067,0.9987888262426928,1.0,0.33163082546380646,0.2287697202964222,0,0.0,0.09684601439497995
MANFIZ_validation,3,1.0,0.01,15,2,0.01179220894607991,0.009818894057684066,0.9992708772930781,1.0,0.3715653450315677,0.19815925090527772,0,0.0,0.10663804662949034
MANFIZ_noise,3,1.0,0.02,15,1,0.021978641831532017,0.018531016821583913,0.9953857730579613,1.0,0.45880884808934297,0.3131802943377581,0,0.0,0.1395533828093281
MANFIZ_noise,3,1.0,0.02,15,2,0.022903253228691543,0.01914136028619964,0.9972523033341799,1.0,0.5087862840034763,0.2678292908215606,0,0.0,0.14559871166151328
MANFIZ_validation,3,1.0,0.02,15,1,0.021978641831532017,0.018531016821583913,0.9953857730579613,1.0,0.3316720530532053,0.22639744554051047,0,0.0,0.0782909555180577
MANFIZ_validation,3,1.0,0.02,15,2,0.022903253228691543,0.01914136028619964,0.9972523033341799,1.0,0.37161067696189576,0.19561892134604905,0,0.0,0.07831776483220926
MANFIZ_noise,3,1.0,0.005,16,1,0.006011282749551743,0.004981118511866657,0.9996643028293185,1.0,0.45739802572929983,0.3019544637590521,0,0.0,0.16704250592912664
MANFIZ_noise,3,1.0,0.005,16,2,0.006486433546818705,0.005317468341890702,0.9997769157394663,1.0,0.5066527541292206,0.25389637547273325,0,0.0,0.1815370609664082
MANFIZ_validation,3,1.0,0.005,16,1,0.006011282749551743,0.004981118511866657,0.9996643028293185,1.0,0.33027446222503193,0.2180329658735571,0,0.0,0.10552205290855858
MANFIZ_validation,3,1.0,0.005,16,2,0.006486433546818705,0.005317468341890702,0.9997769157394663,1.0,0.3695996622487055,0.18521564100085608,0,0.0,0.11404431405827839
MANFIZ_noise,3,1.0,0.01,16,1,0.011205223041569783,0.009456530694468066,0.9988362887979075,1.0,0.4574199130176728,0.3019656999913403,0,0.0,0.15661100551363824
MANFIZ_noise,3,1.0,0.01,16,2,0.011762492701679561,0.009845603865930419,0.9992667688439,1.0,0.5066774705030077,0.25273648358780526,0,0.0,0.16982793523241696
MANFIZ_validation,3,1.0,0.01,16,1,0.011205223041569783,0.009456530694468066,0.9988362887979075,1.0,0.3302963495134049,0.21804509499250035,0,0.0,0.09502705915882236
MANFIZ_validation,3,1.0,0.01,16,2,0.011762492701679561,0.009845603865930419,0.9992667688439,1.0,0.3696243786224929,0.1843728429618855,0,0.0,0.10233518832428717
MANFIZ_noise,3,1.0,0.02,16,1,0.022012894709356596,0.01867445616282558,0.9955357860903697,1.0,0.4574893072430731,0.299114341816167,0,0.0,0.1356210753479817
MANFIZ_noise,3,1.0,0.02,16,2,0.022869168098988348,0.019254878346744445,0.9972333100524597,1.0,0.5067591666585184,0.25046448275980693,0,0.0,0.1464114108645081
MANFIZ_validation,3,1.0,0.02,16,1,0.022012894709356596,0.01867445616282558,0.9955357860903697,1.0,0.3303657437388052,0.21599877949614615,0,0.0,0.07403712899316585
MANFIZ_validation,3,1.0,0.02,16,2,0.022869168098988348,0.019254878346744445,0.9972333100524597,1.0,0.36970607477800266,0.1827263262014728,0,0.0,0.0789186639563783
MANFIZ_noise,3,1.0,0.005,17,1,0.006133658141138101,0.005069563442683363,0.9996631255096348,1.0,0.4586859010040733,0.280239335272328,0,0.0,0.16782175816144626
MANFIZ_noise,3,1.0,0.005,17,2,0.006442399878101265,0.005262467175914976,0.9997800888037945,1.0,0.5077971265661313,0.28281092410243636,0,0.0,0.17646430909969768
MANFIZ_validation,3,1.0,0.005,17,1,0.006133658141138101,0.005069563442683363,0.9996631255096348,1.0,0.33156394314225424,0.2025727383882073,0,0.0,0.10668206146543208
MANFIZ_validation,3,1.0,0.005,17,2,0.006442399878101265,0.005262467175914976,0.9997800888037945,1.0,0.3708248303544233,0.2065260070726411,0,0.0,0.10925085164200399
MANFIZ_noise,3,1.0,0.01,17,1,0.011292613307978564,0.009464912057413026,0.9988583297135274,1.0,0.45869116148596967,0.279896169461373,0,0.0,0.15884754436900245
MANFIZ_noise,3,1.0,0.01,17,2,0.011595111955758788,0.009615584331448707,0.999287784373391,1.0,0.5078002587971256,0.28096711279860703,0,0.0,0.16840467763440295
MANFIZ_validation,3,1.0,0.01,17,1,0.011292613307978564,0.009464912057413026,0.9988583297135274,1.0,0.3315692036241517,0.2023255684829601,0,0.0,0.09700778273012611
MANFIZ_validation,3,1.0,0.01,17,2,0.011595111955758788,0.009615584331448707,0.999287784373391,1.0,0.3708279625854182,0.20518000963493127,0,0.0,0.10119122017670926
MANFIZ_noise,3,1.0,0.02,17,1,0.02205906689490186,0.018541291668247053,0.9956508844820428,1.0,0.4587174094987272,0.2767879504743922,0,0.0,0.13895062120127866
MANFIZ_noise,3,1.0,0.02,17,2,0.022481869947899146,0.018758270126303316,0.9973257293273601,1.0,0.507826183221232,0.2773614910240706,0,0.0,0.15228616824683755
MANFIZ_validation,3,1.0,0.02,17,1,0.02205906689490186,0.018541291668247053,0.9956508844820428,1.0,0.3315954516369087,0.20008315260043572,0,0.0,0.07711085956240231
MANFIZ_validation,3,1.0,0.02,17,2,0.022481869947899146,0.018758270126303316,0.9973257293273601,1.0,0.37085388700952393,0.20255077515021128,0,0.0,0.08507271078914386
MANFIZ_noise,3,1.0,0.005,18,1,0.005862036719768779,0.004848686945069411,0.9996901345304643,1.0,0.45883368157633486,0.28640888873482084,0,0.0,0.16128815608251248
MANFIZ_noise,3,1.0,0.005,18,2,0.0064593258043345834,0.0052410397379061115,0.9997761653658701,1.0,0.508236194786395,0.258773369513687,0,0.0,0.179438220546966
MANFIZ_validation,3,1.0,0.005,18,1,0.005862036719768779,0.004848686945069411,0.9996901345304643,1.0,0.33167563522646515,0.20703547694944807,0,0.0,0.10028456872412063
MANFIZ_validation,3,1.0,0.005,18,2,0.0064593258043345834,0.0052410397379061115,0.9997761653658701,1.0,0.37107842006777997,0.18893816320011,0,0.0,0.11170859914289213
MANFIZ_noise,3,1.0,0.01,18,1,0.010827377168606553,0.009046243109609086,0.9989438014719709,1.0,0.45883485820311165,0.28619523524307827,0,0.0,0.15397426871937256
MANFIZ_noise,3,1.0,0.01,18,2,0.011685733501412983,0.009679067293125888,0.9992674324431844,1.0,0.5082334987678635,0.2574842234644189,0,0.0,0.16899114909147184
MANFIZ_validation,3,1.0,0.01,18,1,0.010827377168606553,0.009046243109609086,0.9989438014719709,1.0,0.3316768118532406,0.20688123732524352,0,0.0,0.09297068136098068
MANFIZ_validation,3,1.0,0.01,18,2,0.011685733501412983,0.009679067293125888,0.9992674324431844,1.0,0.3710757240492486,0.18799655057164708,0,0.0,0.10108969147107996
MANFIZ_noise,3,1.0,0.02,18,1,0.021186728755290134,0.01777473006122719,0.995968018429094,1.0,0.4588590586406254,0.2843207492051058,0,0.0,0.13719656656163726
MANFIZ_noise,3,1.0,0.02,18,2,0.022682352939426366,0.018988503625913863,0.9972424236550704,1.0,0.5082542422324585,0.2549274837682245,0,0.0,0.13984816043938422
MANFIZ_validation,3,1.0,0.02,18,1,0.021186728755290134,0.01777473006122719,0.995968018429094,1.0,0.3317010122907539,0.20553038792781372,0,0.0,0.07579523713411723
MANFIZ_validation,3,1.0,0.02,18,2,0.022682352939426366,0.018988503625913863,0.9972424236550704,1.0,0.3710964675138421,0.18613261009499324,0,0.0,0.07194670281899235
MANFIZ_noise,3,1.0,0.005,19,1,0.006154286450328068,0.005123224906462306,0.9996434441455139,1.0,0.4586481415123845,0.3238824064322053,0,0.0,0.1566599220383847
MANFIZ_noise,3,1.0,0.005,19,2,0.0066998959390633505,0.005451116578569038,0.9997714902915822,1.0,0.5080699713082061,0.24609603454529008,0,0.0,0.18162925503641414
MANFIZ_validation,3,1.0,0.005,19,1,0.006154286450328068,0.005123224906462306,0.9996434441455139,1.0,0.3315373897695357,0.23412092604742352,0,0.0,0.09503353659641796
MANFIZ_validation,3,1.0,0.005,19,2,0.0066998959390633505,0.005451116578569038,0.9997714902915822,1.0,0.3710481397067085,0.1797261813606281,0,0.0,0.11454278661178391
MANFIZ_noise,3,1.0,0.01,19,1,0.011324327997174618,0.009510517430274538,0.9987924857289306,1.0,0.45865463609502083,0.32392648127355234,0,0.0,0.14694631406401532
MANFIZ_noise,3,1.0,0.01,19,2,0.01191137212539973,0.009879061663009671,0.9992781876147915,1.0,0.5080772196397801,0.24516080079850025,0,0.0,0.17208738696939974
MANFIZ_validation,3,1.0,0.01,19,1,0.011324327997174618,0.009510517430274538,0.9987924857289306,1.0,0.33154388435216975,0.2341540570925667,0,0.0,0.0853199286220486
MANFIZ_validation,3,1.0,0.01,19,2,0.01191137212539973,0.009879061663009671,0.9992781876147915,1.0,0.3710553880382815,0.1790441148622223,0,0.0,0.10415112391970449
MANFIZ_noise,3,1.0,0.02,19,1,0.022112184984219522,0.018608537830210103,0.9954007513684169,1.0,0.45868367215453304,0.3240259991467325,0,0.0,0.1275197524151213
MANFIZ_noise,3,1.0,0.02,19,2,0.02299192836235946,0.019202472085839084,0.9973160431338143,1.0,0.508112895088034,0.24332171784878065,0,0.0,0.15130462340982867
MANFIZ_validation,3,1.0,0.02,19,1,0.022112184984219522,0.018608537830210103,0.9954007513684169,1.0,0.33157292041168235,0.23423167936572822,0,0.0,0.06589336697315458
MANFIZ_validation,3,1.0,0.02,19,2,0.02299192836235946,0.019202472085839084,0.9973160431338143,1.0,0.37109106348653603,0.1777056160525718,0,0.0,0.08336836036013343
MANFIZ_noise,3,1.0,0.005,20,1,0.006056429251860262,0.00503010607815942,0.9996500383406175,1.0,0.45812625694716624,0.27746315538557303,0,0.0,0.15855437163635777
MANFIZ_noise,3,1.0,0.005,20,2,0.006508415436709352,0.0053177976256841624,0.999773917731131,1.0,0.5073986009918764,0.26100576240415335,0,0.0,0.1765281150516672
MANFIZ_validation,3,1.0,0.005,20,1,0.006056429251860262,0.00503010607815942,0.9996500383406175,1.0,0.3309650444594293,0.20044824797857014,0,0.0,0.09740717140412228
MANFIZ_validation,3,1.0,0.005,20,2,0.006508415436709352,0.0053177976256841624,0.999773917731131,1.0,0.3703272997418021,0.19049630609787196,0,0.0,0.10822418927521843
MANFIZ_noise,3,1.0,0.01,20,1,0.01126837447391284,0.009547387475106363,0.9987887401229417,1.0,0.45814044717011865,0.2782045493632091,0,0.0,0.14958781981303607
MANFIZ_noise,3,1.0,0.01,20,2,0.011731464895170941,0.00973823733171459,0.9992661608612191,1.0,0.5074236250045786,0.2592279747270182,0,0.0,0.16884678334472064
MANFIZ_validation,3,1.0,0.01,20,1,0.01126837447391284,0.009547387475106363,0.9987887401229417,1.0,0.33097923468238233,0.2009862464712715,0,0.0,0.08820008598662402
MANFIZ_validation,3,1.0,0.01,20,2,0.011731464895170941,0.00973823733171459,0.9992661608612191,1.0,0.37035232375450483,0.1892022327920955,0,0.0,0.10054285756827186
MANFIZ_noise,3,1.0,0.02,20,1,0.022131968585035775,0.018863512132022645,0.9953358035617929,1.0,0.4581853483834588,0.27656052701987555,0,0.0,0.1311736489780398
MANFIZ_noise,3,1.0,0.02,20,2,0.02278650611856238,0.01904966748859841,0.9972390274342974,1.0,0.507495385648364,0.25575552784047384,0,0.0,0.15163753211202893
MANFIZ_validation,3,1.0,0.02,20,1,0.022131968585035775,0.018863512132022645,0.9953358035617929,1.0,0.33102413589572194,0.19980606058795744,0,0.0,0.06978591515162773
MANFIZ_validation,3,1.0,0.02,20,2,0.02278650611856238,0.01904966748859841,0.9972390274342974,1.0,0.3704240843982904,0.18667757364744106,0,0.0,0.08408062701508434
MANFIZ_noise,3,1.15,0.005,1,1,0.006521293390940798,0.005276696263080882,0.9997103446756762,1.0,0.46472814203901663,0.28334753458280015,0,0.0,0.14353667416633317
MANFIZ_noise,3,1.15,0.005,1,2,0.007240365301162164,0.005778513825466961,0.9997738831882967,1.0,0.5183983332786424,0.21823936294516383,0,0.0,0.16339693980127587
MANFIZ_validation,3,1.15,0.005,1,1,0.006521293390940798,0.005276696263080882,0.9997103446756762,1.0,0.3376721925678145,0.20588076039781986,0,0.0,0.08287524157031767
MANFIZ_validation,3,1.15,0.005,1,2,0.007240365301162164,0.005778513825466961,0.9997738831882967,1.0,0.38129783783495613,0.1605217298735817,0,0.0,0.09534203787999943
MANFIZ_noise,3,1.15,0.01,1,1,0.011277057799065082,0.009336529043555551,0.9991332554241245,1.0,0.4647235219884102,0.28238349757778136,0,0.0,0.14018532963286562
MANFIZ_noise,3,1.15,0.01,1,2,0.011988798295011621,0.009832267934047803,0.9993803163425752,1.0,0.5184059643212994,0.21727585252276263,0,0.0,0.15403663163892653
MANFIZ_validation,3,1.15,0.01,1,1,0.011277057799065082,0.009336529043555551,0.9991332554241245,1.0,0.3376675725172066,0.20517952209095605,0,0.0,0.07946257963903178
MANFIZ_validation,3,1.15,0.01,1,2,0.011988798295011621,0.009832267934047803,0.9993803163425752,1.0,0.3813054688776128,0.1598138843376172,0,0.0,0.08598172971765008
MANFIZ_noise,3,1.15,0.02,1,1,0.021622410490626364,0.01804393965806163,0.9968125171399617,1.0,0.46473818778831855,0.2804893419883656,0,0.0,0.12005557940579109
MANFIZ_noise,3,1.15,0.02,1,2,0.022568796401603395,0.01876654862213162,0.9978073170553907,1.0,0.5184507040895128,0.21538646077040402,0,0.0,0.13531633657226852
MANFIZ_validation,3,1.15,0.02,1,1,0.021622410490626364,0.01804393965806163,0.9968125171399617,1.0,0.3376822383171158,0.2038056508277907,0,0.0,0.05913915309955188
MANFIZ_validation,3,1.15,0.02,1,2,0.022568796401603395,0.01876654862213162,0.9978073170553907,1.0,0.3813502086458248,0.15842908709812054,0,0.0,0.06726143465099207
MANFIZ_noise,3,1.15,0.005,2,1,0.006751218922261481,0.005415189001495438,0.9996911928027895,1.0,0.46400711601171457,0.23626914972090246,0,0.0,0.15008318621792713
MANFIZ_noise,3,1.15,0.005,2,2,0.007535116824144435,0.006005353360569633,0.999749903790396,1.0,0.5177515459611578,0.19687302483669203,0,0.0,0.14711192843146995
MANFIZ_validation,3,1.15,0.005,2,1,0.006751218922261481,0.005415189001495438,0.9996911928027895,1.0,0.3369066923837412,0.17155051075289662,0,0.0,0.08856512174440147
MANFIZ_validation,3,1.15,0.005,2,2,0.007535116824144435,0.006005353360569633,0.999749903790396,1.0,0.3804137140944718,0.14465084492235927,0,0.0,0.07760050759147892
MANFIZ_noise,3,1.15,0.01,2,1,0.011409028530579506,0.009415898677624268,0.9991179764733574,1.0,0.4640258960740499,0.235878363005756,0,0.0,0.14518742054652228
MANFIZ_noise,3,1.15,0.01,2,2,0.012362365453873514,0.010206924287422993,0.9993274421595857,1.0,0.5177816741454326,0.1958017644461865,0,0.0,0.1432325558448042
MANFIZ_validation,3,1.15,0.01,2,1,0.011409028530579506,0.009415898677624268,0.9991179764733574,1.0,0.3369254724460772,0.17126938295452188,0,0.0,0.0843084320920279
MANFIZ_validation,3,1.15,0.01,2,2,0.012362365453873514,0.010206924287422993,0.9993274421595857,1.0,0.3804438422787478,0.14386676723120675,0,0.0,0.07436868021638744
MANFIZ_noise,3,1.15,0.02,2,1,0.021695540383081642,0.018135423139228616,0.9968128110947717,1.0,0.4640781599283903,0.23412511353600127,0,0.0,0.1330275334992781
MANFIZ_noise,3,1.15,0.02,2,2,0.023165991079513153,0.019406089752028174,0.9976442033586815,1.0,0.5178614808067659,0.1937015185048668,0,0.0,0.12236255714665929
MANFIZ_validation,3,1.15,0.02,2,1,0.021695540383081642,0.018135423139228616,0.9968128110947717,1.0,0.33697773630041783,0.17000358470352048,0,0.0,0.07088695929967398
MANFIZ_validation,3,1.15,0.02,2,2,0.023165991079513153,0.019406089752028174,0.9976442033586815,1.0,0.3805236489400801,0.14233151404093267,0,0.0,0.05349868151824254
MANFIZ_noise,3,1.15,0.005,3,1,0.006855051670035817,0.005570392248162983,0.999665998733165,1.0,0.46525113439792576,0.23450514650404924,0,0.0,0.13134251816036882
MANFIZ_noise,3,1.15,0.005,3,2,0.007241393609161029,0.005834850781113482,0.9997775747346243,1.0,0.5197926602594635,0.22554965847730632,0,0.0,0.15633492413818134
MANFIZ_validation,3,1.15,0.005,3,1,0.006855051670035817,0.005570392248162983,0.999665998733165,1.0,0.3380874209791537,0.17040955803469843,0,0.0,0.0706185361885471
MANFIZ_validation,3,1.15,0.005,3,2,0.007241393609161029,0.005834850781113482,0.9997775747346243,1.0,0.382378002976208,0.16592236592465032,0,0.0,0.08883439766188549
MANFIZ_noise,3,1.15,0.01,3,1,0.01175080330695018,0.009812885043563022,0.9990199652524151,1.0,0.4652655829271079,0.23359419148015684,0,0.0,0.1201284200342029
MANFIZ_noise,3,1.15,0.01,3,2,0.01207083622708732,0.01003132787986893,0.9993822050294144,1.0,0.5198159892546956,0.22434232882134222,0,0.0,0.14891253538821808
MANFIZ_validation,3,1.15,0.01,3,1,0.01175080330695018,0.009812885043563022,0.9990199652524151,1.0,0.3381018695083346,0.16974957044717043,0,0.0,0.05940443806238119
MANFIZ_validation,3,1.15,0.01,3,2,0.01207083622708732,0.01003132787986893,0.9993822050294144,1.0,0.3824013319714402,0.16503687291700816,0,0.0,0.08141200891192224
MANFIZ_noise,3,1.15,0.02,3,1,0.02240914414626288,0.018958541910131275,0.9964498294018402,1.0,0.46531179289223445,0.23180214099418275,0,0.0,0.09770041133320359
MANFIZ_noise,3,1.15,0.02,3,2,0.022775433153516544,0.019059365706963354,0.9978036938628349,1.0,0.51988329752763,0.2218141024157673,0,0.0,0.13406829497567854
MANFIZ_validation,3,1.15,0.02,3,1,0.02240914414626288,0.018958541910131275,0.9964498294018402,1.0,0.3381480794734632,0.16845360464176615,0,0.0,0.036976429361381874
MANFIZ_validation,3,1.15,0.02,3,2,0.022775433153516544,0.019059365706963354,0.9978036938628349,1.0,0.38246864024437466,0.16318458111933512,0,0.0,0.06656776849938272
MANFIZ_noise,3,1.15,0.005,4,1,0.006830984768227005,0.005498705816941758,0.99970025237697,1.0,0.4645992888528589,0.23473970807906588,0,0.0,0.14468440059986612
MANFIZ_noise,3,1.15,0.005,4,2,0.0074374569907356405,0.005934984570592106,0.9997688358504805,1.0,0.5181766454162551,0.19445594254064286,0,0.0,0.17529760306073366
MANFIZ_validation,3,1.15,0.005,4,1,0.006830984768227005,0.005498705816941758,0.99970025237697,1.0,0.33745221751740057,0.17049839922539223,0,0.0,0.0836650043660082
MANFIZ_validation,3,1.15,0.005,4,2,0.0074374569907356405,0.005934984570592106,0.9997688358504805,1.0,0.38078092790508283,0.14289550656572428,0,0.0,0.1078115243882988
MANFIZ_noise,3,1.15,0.01,4,1,0.011723118355795417,0.009709181682040697,0.9991177350982585,1.0,0.4646151650120321,0.23386742763930407,0,0.0,0.13202188301139628
MANFIZ_noise,3,1.15,0.01,4,2,0.01235574377361396,0.010175359288146314,0.9993625363003453,1.0,0.5182009124957672,0.19357695116615117,0,0.0,0.16478692184322832
MANFIZ_validation,3,1.15,0.01,4,1,0.011723118355795417,0.009709181682040697,0.9991177350982585,1.0,0.3374680936765717,0.16986702312318125,0,0.0,0.07100248677753838
MANFIZ_validation,3,1.15,0.01,4,2,0.01235574377361396,0.010175359288146314,0.9993625363003453,1.0,0.3808051949845942,0.14225198538983969,0,0.0,0.09730084317079346
MANFIZ_noise,3,1.15,0.02,4,1,0.022402008305429027,0.0187777803941036,0.996785546700278,1.0,0.4646702008033322,0.23035961544473993,0,0.0,0.10669690916648408
MANFIZ_noise,3,1.15,0.02,4,2,0.023355473848370414,0.019486482470969905,0.9977274687379174,1.0,0.5182774597286732,0.19185320562479644,0,0.0,0.14377212651859728
MANFIZ_validation,3,1.15,0.02,4,1,0.022402008305429027,0.0187777803941036,0.996785546700278,1.0,0.3375231294678732,0.1673266290231342,0,0.0,0.045677512932626174
MANFIZ_validation,3,1.15,0.02,4,2,0.023355473848370414,0.019486482470969905,0.9977274687379174,1.0,0.38088174221750043,0.1409927864635285,0,0.0,0.07628604784616241
MANFIZ_noise,3,1.15,0.005,5,1,0.006733856272134548,0.005471176817440906,0.9996611977008446,1.0,0.466475579259065,0.2739075165983151,0,0.0,0.14553819309450006
MANFIZ_noise,3,1.15,0.005,5,2,0.007282879474918197,0.005872489157081547,0.9997825000951452,1.0,0.5214189073201558,0.248021196191418,0,0.0,0.1675077219878718
MANFIZ_validation,3,1.15,0.005,5,1,0.006733856272134548,0.005471176817440906,0.9996611977008446,1.0,0.3394107377505692,0.19929693303929535,0,0.0,0.08358877254898558
MANFIZ_validation,3,1.15,0.005,5,2,0.007282879474918197,0.005872489157081547,0.9997825000951452,1.0,0.3841364823745401,0.18272062735308123,0,0.0,0.10014783377151618
MANFIZ_noise,3,1.15,0.01,5,1,0.011627943291335846,0.009709418970336189,0.9989904900182295,1.0,0.4664802429982264,0.2724406474541683,0,0.0,0.13618471357255674
MANFIZ_noise,3,1.15,0.01,5,2,0.012233346193998414,0.01012211551022872,0.99938643233966,1.0,0.5214230414320261,0.24718066773139952,0,0.0,0.16047878019810777
MANFIZ_validation,3,1.15,0.01,5,1,0.011627943291335846,0.009709418970336189,0.9989904900182295,1.0,0.3394154014897304,0.1982303712230964,0,0.0,0.07321497239872067
MANFIZ_validation,3,1.15,0.01,5,2,0.012233346193998414,0.01012211551022872,0.99938643233966,1.0,0.38414061648641,0.18210191445527146,0,0.0,0.09311889198175213
MANFIZ_noise,3,1.15,0.02,5,1,0.022222662181276023,0.01872486281145321,0.9963222179771191,1.0,0.4665048221813491,0.26927054626464225,0,0.0,0.11543730812464903
MANFIZ_noise,3,1.15,0.02,5,2,0.02314440937923147,0.019313895410836047,0.9978060487879739,1.0,0.5214497150340428,0.24412464925076852,0,0.0,0.1437487957961414
MANFIZ_validation,3,1.15,0.02,5,1,0.022222662181276023,0.01872486281145321,0.9963222179771191,1.0,0.33943998067285364,0.19592764034560742,0,0.0,0.05246756695081295
MANFIZ_validation,3,1.15,0.02,5,2,0.02314440937923147,0.019313895410836047,0.9978060487879739,1.0,0.38416729008842637,0.17985378501996613,0,0.0,0.07659262573516809
MANFIZ_noise,3,1.15,0.005,6,1,0.006777449813109555,0.005448339999142881,0.9996506191132073,1.0,0.4668962367269349,0.27547183736999525,0,0.0,0.1428878522746832
MANFIZ_noise,3,1.15,0.005,6,2,0.007297219608299119,0.0059053664978695,0.9997861795242418,1.0,0.5228548451782801,0.23277097206166408,0,0.0,0.17654544341377149
MANFIZ_validation,3,1.15,0.005,6,1,0.006777449813109555,0.005448339999142881,0.9996506191132073,1.0,0.3398162252157177,0.20049379833202152,0,0.0,0.07966242172831584
MANFIZ_validation,3,1.15,0.005,6,2,0.007297219608299119,0.0059053664978695,0.9997861795242418,1.0,0.38536592482500825,0.17156195787068448,0,0.0,0.10664278392123097
MANFIZ_noise,3,1.15,0.01,6,1,0.011598033943089031,0.009678205083586423,0.9989780555414829,1.0,0.46690991162710904,0.27354914825753734,0,0.0,0.1363716838117373
MANFIZ_noise,3,1.15,0.01,6,2,0.012330563420164132,0.010280971122344069,0.9993896104926079,1.0,0.5228652642270719,0.2316011392742361,0,0.0,0.16844525113692724
MANFIZ_validation,3,1.15,0.01,6,1,0.011598033943089031,0.009678205083586423,0.9989780555414829,1.0,0.33982990011589154,0.19909660817692695,0,0.0,0.07314625326536993
MANFIZ_validation,3,1.15,0.01,6,2,0.012330563420164132,0.010280971122344069,0.9993896104926079,1.0,0.38537634387379954,0.17070095567058047,0,0.0,0.09854259164438672
MANFIZ_noise,3,1.15,0.02,6,1,0.022138044246640228,0.018661765969752237,0.9962895869093016,1.0,0.46695097094999727,0.2691461519825256,0,0.0,0.1233400382453888
MANFIZ_noise,3,1.15,0.02,6,2,0.023391406491782205,0.019716803065327262,0.9978056865881355,1.0,0.5229038109072317,0.22874035808040952,0,0.0,0.14668286704219433
MANFIZ_validation,3,1.15,0.02,6,1,0.022138044246640228,0.018661765969752237,0.9962895869093016,1.0,0.3398709594387798,0.1958984274461485,0,0.0,0.060114607699021425
MANFIZ_validation,3,1.15,0.02,6,2,0.023391406491782205,0.019716803065327262,0.9978056865881355,1.0,0.38541489055395933,0.16859685899377572,0,0.0,0.07516643718831956
MANFIZ_noise,3,1.15,0.005,7,1,0.006610357445786804,0.005379878051467159,0.9996844897461632,1.0,0.464955898675278,0.3099800081105065,0,0.0,0.15113361823701393
MANFIZ_noise,3,1.15,0.005,7,2,0.007448527843004275,0.006046077344424917,0.9997602863113622,1.0,0.5190470237351755,0.22408560233838584,0,0.0,0.1748548747723745
MANFIZ_validation,3,1.15,0.005,7,1,0.006610357445786804,0.005379878051467159,0.9996844897461632,1.0,0.3378803872563936,0.22526042895794077,0,0.0,0.09037154892792212
MANFIZ_validation,3,1.15,0.005,7,2,0.007448527843004275,0.006046077344424917,0.9997602863113622,1.0,0.3818370457785977,0.16484861772767395,0,0.0,0.10707913035437483
MANFIZ_noise,3,1.15,0.01,7,1,0.011347050078254877,0.00940960188978279,0.9990715052228251,1.0,0.46496306267646803,0.30690057786407077,0,0.0,0.14206362882199397
MANFIZ_noise,3,1.15,0.01,7,2,0.012357977985447051,0.010223260018197731,0.9993399474657312,1.0,0.5190479346729143,0.2231448144024417,0,0.0,0.16777501256860866
MANFIZ_validation,3,1.15,0.01,7,1,0.011347050078254877,0.00940960188978279,0.9990715052228251,1.0,0.33788755125758446,0.2230239196574285,0,0.0,0.08130155951290216
MANFIZ_validation,3,1.15,0.01,7,2,0.012357977985447051,0.010223260018197731,0.9993399474657312,1.0,0.3818379567163355,0.16415663042175005,0,0.0,0.09987379877692357
MANFIZ_noise,3,1.15,0.02,7,1,0.021656921799630875,0.018005362753995526,0.9966297938909332,1.0,0.4649938403893801,0.3008965260539102,0,0.0,0.12392380120588936
MANFIZ_noise,3,1.15,0.02,7,2,0.023197956042471504,0.01934106832902199,0.9976742788352903,1.0,0.5190707165128294,0.2212956852680086,0,0.0,0.1462552388397901
MANFIZ_validation,3,1.15,0.02,7,1,0.021656921799630875,0.018005362753995526,0.9966297938909332,1.0,0.33791832897049373,0.21866623263658652,0,0.0,0.06316173189679755
MANFIZ_validation,3,1.15,0.02,7,2,0.023197956042471504,0.01934106832902199,0.9976742788352903,1.0,0.38186073855625163,0.1627988848676748,0,0.0,0.07827456978966035
MANFIZ_noise,3,1.15,0.005,8,1,0.0065393826973826775,0.005369277298979061,0.9996759837886847,1.0,0.46653362189457004,0.27537840005455794,0,0.0,0.15317432450566118
MANFIZ_noise,3,1.15,0.005,8,2,0.0070672017293973615,0.005703401276182575,0.9997946900142515,1.0,0.5216036310598009,0.25325602582208684,0,0.0,0.16468991384559165
MANFIZ_validation,3,1.15,0.005,8,1,0.0065393826973826775,0.005369277298979061,0.9996759837886847,1.0,0.33944032748776826,0.2003596952304988,0,0.0,0.09221536210403494
MANFIZ_validation,3,1.15,0.005,8,2,0.0070672017293973615,0.005703401276182575,0.9997946900142515,1.0,0.384388938152759,0.18663369855908618,0,0.0,0.09568454460138037
MANFIZ_noise,3,1.15,0.01,8,1,0.011330871107313328,0.00952435702285437,0.9990281815619994,1.0,0.4665401302913371,0.27432373152356876,0,0.0,0.14829886028400782
MANFIZ_noise,3,1.15,0.01,8,2,0.011962449503081344,0.009875257160908235,0.9994113545348223,1.0,0.5216002969632523,0.2525174244018105,0,0.0,0.15299046483680034
MANFIZ_validation,3,1.15,0.01,8,1,0.011330871107313328,0.00952435702285437,0.9990281815619994,1.0,0.33944683588453717,0.19959338249330388,0,0.0,0.0872996026746782
MANFIZ_validation,3,1.15,0.01,8,2,0.011962449503081344,0.009875257160908235,0.9994113545348223,1.0,0.38438560405621236,0.1860889713416847,0,0.0,0.08398509559258907
MANFIZ_noise,3,1.15,0.02,8,1,0.021675897704264216,0.018339289753359456,0.9964544641739297,1.0,0.46657159300922624,0.2712593854545265,0,0.0,0.13682270212696476
MANFIZ_noise,3,1.15,0.02,8,2,0.022733218627241654,0.019041953879718524,0.9978725180768182,1.0,0.5216184343575326,0.2509228618950823,0,0.0,0.1295920242849926
MANFIZ_validation,3,1.15,0.02,8,1,0.021675897704264216,0.018339289753359456,0.9964544641739297,1.0,0.3394782986024257,0.1973687983447832,0,0.0,0.07572555401263538
MANFIZ_validation,3,1.15,0.02,8,2,0.022733218627241654,0.019041953879718524,0.9978725180768182,1.0,0.3844037414504902,0.18491617737156257,0,0.0,0.06058665504078134
MANFIZ_noise,3,1.15,0.005,9,1,0.007042014694211637,0.005685911803511107,0.9996567521799693,1.0,0.46601515916701386,0.2657114890376345,0,0.0,0.1490807097750905
MANFIZ_noise,3,1.15,0.005,9,2,0.007440152394782654,0.006002380927013631,0.9997725471531924,1.0,0.5208427283050131,0.22564711641847027,0,0.0,0.17521768575157848
MANFIZ_validation,3,1.15,0.005,9,1,0.007042014694211637,0.005685911803511107,0.9996567521799693,1.0,0.3388667606193414,0.19321429738566806,0,0.0,0.08774115386571543
MANFIZ_validation,3,1.15,0.005,9,2,0.007440152394782654,0.006002380927013631,0.9997725471531924,1.0,0.38328603899088226,0.16605279244889767,0,0.0,0.1085063848986624
MANFIZ_noise,3,1.15,0.01,9,1,0.011866752010180458,0.009902794452524644,0.9990267576997679,1.0,0.46605356994375385,0.26451324123409614,0,0.0,0.13876170424933976
MANFIZ_noise,3,1.15,0.01,9,2,0.012396773273371764,0.010303413257469534,0.999369379085783,1.0,0.5208942632105527,0.2250444756507208,0,0.0,0.16473982317432917
MANFIZ_validation,3,1.15,0.01,9,1,0.011866752010180458,0.009902794452524644,0.9990267576997679,1.0,0.33890517139607973,0.19234892969019168,0,0.0,0.07829840831273863
MANFIZ_validation,3,1.15,0.01,9,2,0.012396773273371764,0.010303413257469534,0.999369379085783,1.0,0.3833375738964232,0.16561519181075962,0,0.0,0.09802852232141308
MANFIZ_noise,3,1.15,0.02,9,1,0.02248264901142365,0.019001963442356173,0.9965207065193948,1.0,0.4661471427890192,0.2621588775241133,0,0.0,0.1151781002109745
MANFIZ_noise,3,1.15,0.02,9,2,0.023393081204960465,0.01965850248729564,0.997761753232086,1.0,0.5210179225665901,0.2231531380162784,0,0.0,0.14326738584100526
MANFIZ_validation,3,1.15,0.02,9,1,0.02248264901142365,0.019001963442356173,0.9965207065193948,1.0,0.33899874424134535,0.1906512388784904,0,0.0,0.05471480427437336
MANFIZ_validation,3,1.15,0.02,9,2,0.023393081204960465,0.01965850248729564,0.997761753232086,1.0,0.38346123325246023,0.16423730125510608,0,0.0,0.07543389644840229
MANFIZ_noise,3,1.15,0.005,10,1,0.006836179189724387,0.005544037471008401,0.9996861872140446,1.0,0.46502892672177837,0.2552398229380938,0,0.0,0.14085741843490251
MANFIZ_noise,3,1.15,0.005,10,2,0.00752887540856032,0.006044827246136659,0.999761956797246,1.0,0.5189656564387297,0.20334128052111752,0,0.0,0.1687547551385868
MANFIZ_validation,3,1.15,0.005,10,1,0.006836179189724387,0.005544037471008401,0.9996861872140446,1.0,0.3378772786440885,0.18545026302744044,0,0.0,0.08044849927935928
MANFIZ_validation,3,1.15,0.005,10,2,0.00752887540856032,0.006044827246136659,0.999761956797246,1.0,0.381619169976254,0.14952613864061928,0,0.0,0.10090979752016573
MANFIZ_noise,3,1.15,0.01,10,1,0.011650667565164351,0.009766410733406629,0.9990895542929386,1.0,0.46504950020162067,0.2539178214023497,0,0.0,0.1395407461422565
MANFIZ_noise,3,1.15,0.01,10,2,0.012444643172382324,0.010257191486036115,0.9993498834630712,1.0,0.5189868872202676,0.20219296164797187,0,0.0,0.16332398651546226
MANFIZ_validation,3,1.15,0.01,10,1,0.011650667565164351,0.009766410733406629,0.9990895542929386,1.0,0.33789785212393125,0.18449280438027432,0,0.0,0.07913182698671326
MANFIZ_validation,3,1.15,0.01,10,2,0.012444643172382324,0.010257191486036115,0.9993498834630712,1.0,0.38164040075779143,0.14868391632597547,0,0.0,0.09547902889704117
MANFIZ_noise,3,1.15,0.02,10,1,0.02217858264694267,0.018756554310607687,0.996711390854929,1.0,0.46511110059629274,0.25132587463644024,0,0.0,0.12418471560651434
MANFIZ_noise,3,1.15,0.02,10,2,0.023394116344091078,0.0195124706281621,0.9977058755193882,1.0,0.519058214534699,0.1999461917863141,0,0.0,0.14693171612073783
MANFIZ_validation,3,1.15,0.02,10,1,0.02217858264694267,0.018756554310607687,0.996711390854929,1.0,0.3379594525186033,0.18261863646555912,0,0.0,0.0636409863012965
MANFIZ_validation,3,1.15,0.02,10,2,0.023394116344091078,0.0195124706281621,0.9977058755193882,1.0,0.3817117280722239,0.147039010752641,0,0.0,0.07841345875579231
MANFIZ_noise,3,1.15,0.005,11,1,0.006844573594104993,0.005529790889477144,0.9996757826850212,1.0,0.4652464612643919,0.26055932648066743,0,0.0,0.1418261730810022
MANFIZ_noise,3,1.15,0.005,11,2,0.007745295518169607,0.006220248094719492,0.9997452931312539,1.0,0.5196582585997658,0.19900916680102354,0,0.0,0.1712281431217767
MANFIZ_validation,3,1.15,0.005,11,1,0.006844573594104993,0.005529790889477144,0.9996757826850212,1.0,0.3381098478632067,0.18935700015062254,0,0.0,0.0809959569506436
MANFIZ_validation,3,1.15,0.005,11,2,0.007745295518169607,0.006220248094719492,0.9997452931312539,1.0,0.3821227810309804,0.14633835796928032,0,0.0,0.10374790855890774
MANFIZ_noise,3,1.15,0.01,11,1,0.011777103535838286,0.009784358788331822,0.999040753556685,1.0,0.46526695245981653,0.2582874982479126,0,0.0,0.13591957616165024
MANFIZ_noise,3,1.15,0.01,11,2,0.012512601642590526,0.010330303673511333,0.999335692536294,1.0,0.5196867029487535,0.19921616628996036,0,0.0,0.16362981428141266
MANFIZ_validation,3,1.15,0.01,11,1,0.011777103535838286,0.009784358788331822,0.999040753556685,1.0,0.3381303390586316,0.18770909667115288,0,0.0,0.07255330529202282
MANFIZ_validation,3,1.15,0.01,11,2,0.012512601642590526,0.010330303673511333,0.999335692536294,1.0,0.3821512253799674,0.1464934577529781,0,0.0,0.09614957971854374
MANFIZ_noise,3,1.15,0.02,11,1,0.022477673673228327,0.018844347841699843,0.9965141067150147,1.0,0.4653248689831976,0.25387046752063497,0,0.0,0.12169791560743048
MANFIZ_noise,3,1.15,0.02,11,2,0.0232745280106929,0.01937864394496418,0.9977060981666542,1.0,0.5197644307113344,0.1981850364099756,0,0.0,0.14296546624948875
MANFIZ_validation,3,1.15,0.02,11,1,0.022477673673228327,0.018844347841699843,0.9965141067150147,1.0,0.33818825558201226,0.18450767684564398,0,0.0,0.05187634727697099
MANFIZ_validation,3,1.15,0.02,11,2,0.0232745280106929,0.01937864394496418,0.9977060981666542,1.0,0.3822289531425476,0.14574306073970972,0,0.0,0.07538324489919103
MANFIZ_noise,3,1.15,0.005,12,1,0.006611617271745963,0.005407185491128655,0.9996754753416894,1.0,0.46523510386890987,0.29054645664453704,0,0.0,0.1477170505773463
MANFIZ_noise,3,1.15,0.005,12,2,0.007287951907395055,0.005880201214510278,0.9997811601495297,1.0,0.5204494281322054,0.21859930736171412,0,0.0,0.16931792653908262
MANFIZ_validation,3,1.15,0.005,12,1,0.006611617271745963,0.005407185491128655,0.9996754753416894,1.0,0.3381550007186121,0.21118298348163259,0,0.0,0.0856917293532298
MANFIZ_validation,3,1.15,0.005,12,2,0.007287951907395055,0.005880201214510278,0.9997811601495297,1.0,0.38292116073708427,0.16083464787669438,0,0.0,0.09765196340722547
MANFIZ_noise,3,1.15,0.01,12,1,0.011501495812330688,0.009647446440718804,0.9990178165702619,1.0,0.46524614983782114,0.28841166071569957,0,0.0,0.1409005330887842
MANFIZ_noise,3,1.15,0.01,12,2,0.012081769220041281,0.009959345280629198,0.9993989744362707,1.0,0.520478479907316,0.21785553697819596,0,0.0,0.15845470878703333
MANFIZ_validation,3,1.15,0.01,12,1,0.011501495812330688,0.009647446440718804,0.9990178165702619,1.0,0.3381660466875237,0.2096331826857881,0,0.0,0.0788752118646677
MANFIZ_validation,3,1.15,0.01,12,2,0.012081769220041281,0.009959345280629198,0.9993989744362707,1.0,0.38295021251219435,0.1602906314159516,0,0.0,0.08950580183462917
MANFIZ_noise,3,1.15,0.02,12,1,0.02207645136854459,0.018721035656414434,0.9963845921018465,1.0,0.465286464844304,0.28424375881124736,0,0.0,0.12726777362609432
MANFIZ_noise,3,1.15,0.02,12,2,0.022739436650522207,0.018946279611401086,0.9978749673870233,1.0,0.5205585971818164,0.21604367387342926,0,0.0,0.13017140340303895
MANFIZ_validation,3,1.15,0.02,12,1,0.02207645136854459,0.018721035656414434,0.9963845921018465,1.0,0.33820636169400675,0.20661045348471327,0,0.0,0.06524245240197782
MANFIZ_validation,3,1.15,0.02,12,2,0.022739436650522207,0.018946279611401086,0.9978749673870233,1.0,0.3830303297866949,0.15896631061337765,0,0.0,0.062036851977042604
MANFIZ_noise,3,1.15,0.005,13,1,0.00682264007490853,0.005468061376170014,0.9996633596283544,1.0,0.46489943493831254,0.2649230466967576,0,0.0,0.13155801729699962
MANFIZ_noise,3,1.15,0.005,13,2,0.007553832465210183,0.00608686706834836,0.9997593496098167,1.0,0.5192906555215536,0.22290066361922478,0,0.0,0.16156932451088601
MANFIZ_validation,3,1.15,0.005,13,1,0.00682264007490853,0.005468061376170014,0.9996633596283544,1.0,0.33779426815313973,0.1924921390530527,0,0.0,0.07079349474723642
MANFIZ_validation,3,1.15,0.005,13,2,0.007553832465210183,0.00608686706834836,0.9997593496098167,1.0,0.38200498216413875,0.16397207060218796,0,0.0,0.09449615639119308
MANFIZ_noise,3,1.15,0.01,13,1,0.011565197833953642,0.009559949079605275,0.9990326145273652,1.0,0.46491162826327287,0.26414423812474913,0,0.0,0.1224594381537181
MANFIZ_noise,3,1.15,0.01,13,2,0.012278411452225609,0.010157516744949094,0.9993644897092709,1.0,0.519306283276059,0.22247957236232252,0,0.0,0.14981738479649165
MANFIZ_validation,3,1.15,0.01,13,1,0.011565197833953642,0.009559949079605275,0.9990326145273652,1.0,0.3378064614781006,0.19192815360217413,0,0.0,0.0616949156039549
MANFIZ_validation,3,1.15,0.01,13,2,0.012278411452225609,0.010157516744949094,0.9993644897092709,1.0,0.38202060991864434,0.1636640739105263,0,0.0,0.08274421667679871
MANFIZ_noise,3,1.15,0.02,13,1,0.02199910238854601,0.01856926980057763,0.9965030064797068,1.0,0.4649567773517082,0.26161504797464025,0,0.0,0.10426230468064798
MANFIZ_noise,3,1.15,0.02,13,2,0.02294907346137274,0.019173768349260333,0.9977835209090788,1.0,0.5193614427325621,0.22149313117930924,0,0.0,0.12631416516000207
MANFIZ_validation,3,1.15,0.02,13,1,0.02199910238854601,0.01856926980057763,0.9965030064797068,1.0,0.33785161056653606,0.19009738025565975,0,0.0,0.043497782130884774
MANFIZ_validation,3,1.15,0.02,13,2,0.02294907346137274,0.019173768349260333,0.9977835209090788,1.0,0.38207576937514687,0.16294463073998827,0,0.0,0.059240997040309135
MANFIZ_noise,3,1.15,0.005,14,1,0.006679434849753208,0.005467217348547906,0.9996632715874099,1.0,0.46499498509636583,0.2636631672844076,0,0.0,0.1471555753922511
MANFIZ_noise,3,1.15,0.005,14,2,0.007237475551447885,0.0058724495657609625,0.9997778806282487,1.0,0.5193231489107644,0.21418961727188246,0,0.0,0.16636333072041504
MANFIZ_validation,3,1.15,0.005,14,1,0.006679434849753208,0.005467217348547906,0.9996632715874099,1.0,0.3379109008310893,0.1916034822495738,0,0.0,0.08628975653379632
MANFIZ_validation,3,1.15,0.005,14,2,0.007237475551447885,0.0058724495657609625,0.9997778806282487,1.0,0.38211675686045726,0.15760021881708544,0,0.0,0.09878308918231882
MANFIZ_noise,3,1.15,0.01,14,1,0.011532560060891367,0.009754435225762071,0.9989963599805416,1.0,0.46498402846149695,0.26155490817208815,0,0.0,0.13724715337083296
MANFIZ_noise,3,1.15,0.01,14,2,0.012109405573740836,0.010051454747086856,0.9993775143526589,1.0,0.519301390880931,0.21435021955163008,0,0.0,0.15462407779577728
MANFIZ_validation,3,1.15,0.01,14,1,0.011532560060891367,0.009754435225762071,0.9989963599805416,1.0,0.33789994419621955,0.19006973028303525,0,0.0,0.07638133451237819
MANFIZ_validation,3,1.15,0.01,14,2,0.012109405573740836,0.010051454747086856,0.9993775143526589,1.0,0.38209499883062253,0.15771601680093109,0,0.0,0.08704383625768107
MANFIZ_noise,3,1.15,0.02,14,1,0.022095864969371538,0.018850419976139166,0.9963212236505378,1.0,0.46497978250906746,0.25744743959495164,0,0.0,0.11743301491099986
MANFIZ_noise,3,1.15,0.02,14,2,0.02287236105472851,0.01918566990992678,0.9977757875551321,1.0,0.5192797376904055,0.21399268282053288,0,0.0,0.1311608346747597
MANFIZ_validation,3,1.15,0.02,14,1,0.022095864969371538,0.018850419976139166,0.9963212236505378,1.0,0.337895698243791,0.1870842252400856,0,0.0,0.05656719605254509
MANFIZ_validation,3,1.15,0.02,14,2,0.02287236105472851,0.01918566990992678,0.9977757875551321,1.0,0.3820733456400976,0.15745058844658227,0,0.0,0.06358059313666346
MANFIZ_noise,3,1.15,0.005,15,1,0.006831005749918206,0.005501846067334512,0.9996403478639913,1.0,0.4662023205295093,0.28373462493666574,0,0.0,0.13997961351471444
MANFIZ_noise,3,1.15,0.005,15,2,0.00729136237596306,0.005928131163235327,0.9997796035799491,1.0,0.521820947444831,0.2486663611596505,0,0.0,0.17266582048210494
MANFIZ_validation,3,1.15,0.005,15,1,0.006831005749918206,0.005501846067334512,0.9996403478639913,1.0,0.33908879693091587,0.20637227311125908,0,0.0,0.07623129561431688
MANFIZ_validation,3,1.15,0.005,15,2,0.00729136237596306,0.005928131163235327,0.9997796035799491,1.0,0.3843823067429981,0.18317192895373244,0,0.0,0.1049160809422523
MANFIZ_noise,3,1.15,0.01,15,1,0.011662506843426334,0.009703561662724087,0.9989523228526551,1.0,0.46621492774751544,0.28214086696857565,0,0.0,0.13450356062421245
MANFIZ_noise,3,1.15,0.01,15,2,0.012249968704653422,0.010141698357464408,0.9993779476785265,1.0,0.521834209139661,0.2470983784580299,0,0.0,0.1615618726234504
MANFIZ_validation,3,1.15,0.01,15,1,0.011662506843426334,0.009703561662724087,0.9989523228526551,1.0,0.3391014041489223,0.20521514533882956,0,0.0,0.07075524272381489
MANFIZ_validation,3,1.15,0.01,15,2,0.012249968704653422,0.010141698357464408,0.9993779476785265,1.0,0.3843955684378274,0.1820185798168301,0,0.0,0.09426000357008213
MANFIZ_noise,3,1.15,0.02,15,1,0.02220469385193255,0.01866919463336975,0.9962111433666827,1.0,0.46625537281779705,0.2790158335679177,0,0.0,0.12355145484320848
MANFIZ_noise,3,1.15,0.02,15,2,0.023164524616238556,0.01934629781903887,0.9977773418258614,1.0,0.5218784389036998,0.24382879885147213,0,0.0,0.13310021494016505
MANFIZ_validation,3,1.15,0.02,15,1,0.02220469385193255,0.01866919463336975,0.9962111433666827,1.0,0.3391418492192032,0.20294875142305097,0,0.0,0.05980313694281092
MANFIZ_validation,3,1.15,0.02,15,2,0.023164524616238556,0.01934629781903887,0.9977773418258614,1.0,0.38443979820186597,0.1796155718239211,0,0.0,0.06579834588679678
MANFIZ_noise,3,1.15,0.005,16,1,0.006587820122459536,0.005389286000279375,0.9996786495560058,1.0,0.46467751531450874,0.2650946058282144,0,0.0,0.14785141362867504
MANFIZ_noise,3,1.15,0.005,16,2,0.007218621263529558,0.005832423803549183,0.9997815872301389,1.0,0.5193925843831059,0.23145660858792122,0,0.0,0.17504675895806115
MANFIZ_validation,3,1.15,0.005,16,1,0.006587820122459536,0.005389286000279375,0.9996786495560058,1.0,0.3375839997955825,0.1925888264663529,0,0.0,0.08719373462213545
MANFIZ_validation,3,1.15,0.005,16,2,0.007218621263529558,0.005832423803549183,0.9997815872301389,1.0,0.3821362736374943,0.17029116043235754,0,0.0,0.1076206605183517
MANFIZ_noise,3,1.15,0.01,16,1,0.01151545400286949,0.009682526713182473,0.9990200507890145,1.0,0.4646996764568558,0.26538952449776515,0,0.0,0.14623624729429346
MANFIZ_noise,3,1.15,0.01,16,2,0.012183240428898581,0.010127244820650898,0.9993781100192975,1.0,0.519417041275659,0.2304986774355012,0,0.0,0.16561177729593682
MANFIZ_validation,3,1.15,0.01,16,1,0.01151545400286949,0.009682526713182473,0.9990200507890145,1.0,0.3376061609379301,0.19280654379184128,0,0.0,0.08508323367888967
MANFIZ_validation,3,1.15,0.01,16,2,0.012183240428898581,0.010127244820650898,0.9993781100192975,1.0,0.38216073053004634,0.16958924323819372,0,0.0,0.09819242481670529
MANFIZ_noise,3,1.15,0.02,16,1,0.02216648409997754,0.018820578205845588,0.9963871367324374,1.0,0.4647644583935334,0.2636697309726896,0,0.0,0.1252980478236974
MANFIZ_noise,3,1.15,0.02,16,2,0.023094432985158175,0.01941852110768751,0.9977686876885918,1.0,0.5194938734950421,0.2286179461575426,0,0.0,0.14209029202113455
MANFIZ_validation,3,1.15,0.02,16,1,0.02216648409997754,0.018820578205845588,0.9963871367324374,1.0,0.3376709428746058,0.19156715849742037,0,0.0,0.06392205080357707
MANFIZ_validation,3,1.15,0.02,16,2,0.023094432985158175,0.01941852110768751,0.9977686876885918,1.0,0.38223756274942916,0.1682144313890033,0,0.0,0.07467093954190303
MANFIZ_noise,3,1.15,0.005,17,1,0.006735768926618684,0.005487209471903027,0.9996742337933712,1.0,0.46607666536849157,0.2502027680218054,0,0.0,0.15062250831487078
MANFIZ_noise,3,1.15,0.005,17,2,0.0071959544018113265,0.005774578220749105,0.9997835341441258,1.0,0.5206057789723146,0.25758930927983226,0,0.0,0.16541451424130543
MANFIZ_validation,3,1.15,0.005,17,1,0.006735768926618684,0.005487209471903027,0.9996742337933712,1.0,0.3389822967490153,0.18197501668515503,0,0.0,0.08955192574190451
MANFIZ_validation,3,1.15,0.005,17,2,0.0071959544018113265,0.005774578220749105,0.9997835341441258,1.0,0.383416079022385,0.1897095402150922,0,0.0,0.0983963879765351
MANFIZ_noise,3,1.15,0.01,17,1,0.011631838604524943,0.009706327222196382,0.9990285530833707,1.0,0.46608054527057957,0.2499330815915964,0,0.0,0.14623046513311902
MANFIZ_noise,3,1.15,0.01,17,2,0.012053767028913236,0.009907853510398905,0.9993927073925386,1.0,0.5206073832430049,0.2565812177267797,0,0.0,0.15914926786558098
MANFIZ_validation,3,1.15,0.01,17,1,0.011631838604524943,0.009706327222196382,0.9990285530833707,1.0,0.3389861766511045,0.18177943835475477,0,0.0,0.08510963147415229
MANFIZ_validation,3,1.15,0.01,17,2,0.012053767028913236,0.009907853510398905,0.9993927073925386,1.0,0.383417683293077,0.18896730865493405,0,0.0,0.09216318701199509
MANFIZ_noise,3,1.15,0.02,17,1,0.022237422088996768,0.018693771084420406,0.9964533803090414,1.0,0.4661037164435592,0.24899540529139774,0,0.0,0.1329485802583469
MANFIZ_noise,3,1.15,0.02,17,2,0.022753930007912832,0.01893061251864364,0.997837897679838,1.0,0.520629115943814,0.2541080269040053,0,0.0,0.14296923996774152
MANFIZ_validation,3,1.15,0.02,17,1,0.022237422088996768,0.018693771084420406,0.9964533803090414,1.0,0.3390093478240826,0.18110083009658076,0,0.0,0.07148305364120765
MANFIZ_validation,3,1.15,0.02,17,2,0.022753930007912832,0.01893061251864364,0.997837897679838,1.0,0.383439415993885,0.18714864469075398,0,0.0,0.07598315911415564
MANFIZ_noise,3,1.15,0.005,18,1,0.00653767630837576,0.005307460488715946,0.9996908934278372,1.0,0.4662623012841358,0.25323432820548486,0,0.0,0.14492455400135348
MANFIZ_noise,3,1.15,0.005,18,2,0.007221828166579238,0.005783504588646061,0.9997791714258953,1.0,0.5212387398554794,0.23934536812250282,0,0.0,0.1694073174102691
MANFIZ_validation,3,1.15,0.005,18,1,0.00653767630837576,0.005307460488715946,0.9996908934278372,1.0,0.3391357552975475,0.1841899182642673,0,0.0,0.08435931875816546
MANFIZ_validation,3,1.15,0.005,18,2,0.007221828166579238,0.005783504588646061,0.9997791714258953,1.0,0.38378394540290905,0.17622809409261173,0,0.0,0.101560800893987
MANFIZ_noise,3,1.15,0.01,18,1,0.011229198660306838,0.00933817456025988,0.9990886937338381,1.0,0.4662615457137484,0.2533305352615115,0,0.0,0.13783854856322425
MANFIZ_noise,3,1.15,0.01,18,2,0.012142846031918023,0.009944182092439838,0.9993756982538885,1.0,0.5212335534082215,0.23802503969480696,0,0.0,0.15968310867271723
MANFIZ_validation,3,1.15,0.01,18,1,0.011229198660306838,0.00933817456025988,0.9990886937338381,1.0,0.33913499972716066,0.18425978251172107,0,0.0,0.07727331332003623
MANFIZ_validation,3,1.15,0.01,18,2,0.012142846031918023,0.009944182092439838,0.9993756982538885,1.0,0.3837787589556514,0.1752553221816472,0,0.0,0.09183659215643514
MANFIZ_noise,3,1.15,0.02,18,1,0.02141777214539451,0.017941252955758685,0.9966926410991999,1.0,0.46628283586363256,0.2516274352769528,0,0.0,0.12366805958140203
MANFIZ_noise,3,1.15,0.02,18,2,0.022947990798623977,0.01910937361323974,0.9977718120579844,1.0,0.5212507412637757,0.23531057593338991,0,0.0,0.13145880853023958
MANFIZ_validation,3,1.15,0.02,18,1,0.02141777214539451,0.017941252955758685,0.9966926410991999,1.0,0.3391562898770449,0.18302416648415104,0,0.0,0.06310282433821403
MANFIZ_validation,3,1.15,0.02,18,2,0.022947990798623977,0.01910937361323974,0.9977718120579844,1.0,0.38379594681120527,0.17325873737097278,0,0.0,0.06322806698240693
MANFIZ_noise,3,1.15,0.005,19,1,0.006788563335527838,0.005541213474230521,0.9996527689818417,1.0,0.46612482816697715,0.2984845002246145,0,0.0,0.13738961183340234
MANFIZ_noise,3,1.15,0.005,19,2,0.007503436362176665,0.005990711410990856,0.9997738879000156,1.0,0.5210674626338421,0.22247440732600915,0,0.0,0.17162132048704906
MANFIZ_validation,3,1.15,0.005,19,1,0.006788563335527838,0.005541213474230521,0.9996527689818417,1.0,0.3390769055042674,0.2171289632332018,0,0.0,0.07607734946242542
MANFIZ_validation,3,1.15,0.005,19,2,0.007503436362176665,0.005990711410990856,0.9997738879000156,1.0,0.3838265753201234,0.16387818465710177,0,0.0,0.10355437359530548
MANFIZ_noise,3,1.15,0.01,19,1,0.011675769214746376,0.009714268241111842,0.9989725347037802,1.0,0.4661295980243963,0.2994835216725313,0,0.0,0.12765270502477055
MANFIZ_noise,3,1.15,0.01,19,2,0.012390872643054994,0.0101804009843848,0.9993837026391298,1.0,0.5210722113267918,0.22172805493619496,0,0.0,0.16112777251270505
MANFIZ_validation,3,1.15,0.01,19,1,0.011675769214746376,0.009714268241111842,0.9989725347037802,1.0,0.33908167536168593,0.21785652467111688,0,0.0,0.06634044265379364
MANFIZ_validation,3,1.15,0.01,19,2,0.012390872643054994,0.0101804009843848,0.9993837026391298,1.0,0.3838313240130738,0.16332894183763852,0,0.0,0.09306082562096146
MANFIZ_noise,3,1.15,0.02,19,1,0.022289460441083268,0.01870214974363566,0.996257565119021,1.0,0.46615646253162407,0.29797722828738327,0,0.0,0.1081820413594698
MANFIZ_noise,3,1.15,0.02,19,2,0.0232613749535794,0.019362949453620888,0.9978315231339611,1.0,0.5211062489542008,0.22026068589050277,0,0.0,0.14014157126259885
MANFIZ_validation,3,1.15,0.02,19,1,0.022289460441083268,0.01870214974363566,0.996257565119021,1.0,0.33910853986891476,0.21676546593380291,0,0.0,0.04686977898849287
MANFIZ_validation,3,1.15,0.02,19,2,0.0232613749535794,0.019362949453620888,0.9978315231339611,1.0,0.3838653616404805,0.1622518402230274,0,0.0,0.07207462437085525
MANFIZ_noise,3,1.15,0.005,20,1,0.006707284371271948,0.005430825704872663,0.9996552258105793,1.0,0.46554659228571765,0.24576008207891706,0,0.0,0.13103693116217782
MANFIZ_noise,3,1.15,0.005,20,2,0.007321923389245446,0.005849837624215815,0.9997738580097334,1.0,0.5203084357643982,0.24022802352857925,0,0.0,0.1583328457855169
MANFIZ_validation,3,1.15,0.005,20,1,0.006707284371271948,0.005430825704872663,0.9996552258105793,1.0,0.338408238080543,0.17864428124911313,0,0.0,0.07041310199269303
MANFIZ_validation,3,1.15,0.005,20,2,0.007321923389245446,0.005849837624215815,0.9997738580097334,1.0,0.38302420407925575,0.17684346665336678,0,0.0,0.08957410552955396
MANFIZ_noise,3,1.15,0.01,20,1,0.011612758445149175,0.00972499212670447,0.9989665780344695,1.0,0.465560631086729,0.24606776105653946,0,0.0,0.12417978051473685
MANFIZ_noise,3,1.15,0.01,20,2,0.01219025886105047,0.010046823608370404,0.9993736678870374,1.0,0.5203337027139547,0.23875937593364427,0,0.0,0.15061426028507438
MANFIZ_validation,3,1.15,0.01,20,1,0.011612758445149175,0.00972499212670447,0.9989665780344695,1.0,0.3384222768815567,0.17886996108222844,0,0.0,0.06355595134525205
MANFIZ_validation,3,1.15,0.01,20,2,0.01219025886105047,0.010046823608370404,0.9993736678870374,1.0,0.38304947102881365,0.17576538320991472,0,0.0,0.08185552002911145
MANFIZ_noise,3,1.15,0.02,20,1,0.022293606637580166,0.018947728322552065,0.9961964437097343,1.0,0.4656044733193796,0.24534725799235166,0,0.0,0.11046608634989716
MANFIZ_noise,3,1.15,0.02,20,2,0.023016339766536602,0.019154103379633372,0.9977722320620952,1.0,0.5204043378132932,0.23588482830749058,0,0.0,0.13517740942867376
MANFIZ_validation,3,1.15,0.02,20,1,0.022293606637580166,0.018947728322552065,0.9961964437097343,1.0,0.3384661191142065,0.1783525266756213,0,0.0,0.04984225718041235
MANFIZ_validation,3,1.15,0.02,20,2,0.023016339766536602,0.019154103379633372,0.9977722320620952,1.0,0.38312010612814973,0.17365770015470017,0,0.0,0.06641866917271083
MANFIZ_noise,3,1.3,0.005,1,1,0.008676992134747728,0.00637812329542571,0.9995826620399327,1.0,0.4714385814241495,0.25013783255404715,0,0.0,0.10128918433696452
MANFIZ_noise,3,1.3,0.005,1,2,0.008745820056208789,0.006822374073954444,0.9997293725051577,1.0,0.5303098531976695,0.2004481304600518,0,0.0,0.14410312308977147
MANFIZ_validation,3,1.3,0.005,1,1,0.008676992134747728,0.00637812329542571,0.9995826620399327,1.0,0.34439056683971453,0.18272817146427356,0,0.0,0.04079294216080637
MANFIZ_validation,3,1.3,0.005,1,2,0.008745820056208789,0.006822374073954444,0.9997293725051577,1.0,0.3929572784149616,0.14853118669018775,0,0.0,0.07576689889406782
MANFIZ_noise,3,1.3,0.01,1,1,0.01262253371130789,0.010095171861417358,0.9991162759980076,1.0,0.47143833135364593,0.2493989253336552,0,0.0,0.10224438413957262
MANFIZ_noise,3,1.3,0.01,1,2,0.012959438491778578,0.010492505495969773,0.9994060023258001,1.0,0.5303225351028671,0.19965534382825886,0,0.0,0.1347864024648869
MANFIZ_validation,3,1.3,0.01,1,1,0.01262253371130789,0.010095171861417358,0.9991162759980076,1.0,0.3443903167692108,0.18218835674846323,0,0.0,0.04174814196341446
MANFIZ_validation,3,1.3,0.01,1,2,0.012959438491778578,0.010492505495969773,0.9994060023258001,1.0,0.3929699603201591,0.14794497187768937,0,0.0,0.06645017826918326
MANFIZ_noise,3,1.3,0.02,1,1,0.02232897099570381,0.01849804060430549,0.9972333221411323,1.0,0.47145850194309047,0.24792256219716227,0,0.0,0.08783347602235153
MANFIZ_noise,3,1.3,0.02,1,2,0.023112716240048955,0.019120433029169454,0.99811299491943,1.0,0.5303754587317654,0.19809884138657027,0,0.0,0.11615303316709027
MANFIZ_validation,3,1.3,0.02,1,1,0.02232897099570381,0.01849804060430549,0.9972333221411323,1.0,0.34441048735865604,0.18111271749605315,0,0.0,0.026384049361574402
MANFIZ_validation,3,1.3,0.02,1,2,0.023112716240048955,0.019120433029169454,0.99811299491943,1.0,0.39302288394905616,0.14679672044948908,0,0.0,0.047816808971386626
MANFIZ_noise,3,1.3,0.005,2,1,0.009234508326903104,0.0066622135553917996,0.9995311404729215,1.0,0.4706361431002592,0.21314102740577123,0,0.0,0.10325680694157655
MANFIZ_noise,3,1.3,0.005,2,2,0.009653591474587848,0.007320565900949424,0.9996629630260724,1.0,0.5295383436690554,0.1842378881335442,0,0.0,0.116481571776299
MANFIZ_validation,3,1.3,0.005,2,1,0.009234508326903104,0.0066622135553917996,0.9995311404729215,1.0,0.3434910464990829,0.1555597368132897,0,0.0,0.04187146070425202
MANFIZ_validation,3,1.3,0.005,2,2,0.009653591474587848,0.007320565900949424,0.9996629630260724,1.0,0.3918661580805768,0.13633874535984805,0,0.0,0.04471869456992192
MANFIZ_noise,3,1.3,0.01,2,1,0.012975048082611825,0.010289205490079119,0.9990741647606259,1.0,0.47065311174757646,0.21282743629274312,0,0.0,0.10390979605678094
MANFIZ_noise,3,1.3,0.01,2,2,0.013754038482495628,0.011056764362568337,0.999316393137178,1.0,0.5295661258836392,0.18332003091478014,0,0.0,0.11572124139279913
MANFIZ_validation,3,1.3,0.01,2,1,0.012975048082611825,0.010289205490079119,0.9990741647606259,1.0,0.343508015146402,0.15533293711404844,0,0.0,0.042524449819456425
MANFIZ_validation,3,1.3,0.01,2,2,0.013754038482495628,0.011056764362568337,0.999316393137178,1.0,0.39189394029516184,0.13566201790257598,0,0.0,0.043958364186422044
MANFIZ_noise,3,1.3,0.02,2,1,0.022491565246865453,0.018663478051279995,0.9972189891745094,1.0,0.4707019026565445,0.21159726910774623,0,0.0,0.10179668769393113
MANFIZ_noise,3,1.3,0.02,2,2,0.02394484799692397,0.01988938483780307,0.997932597605434,1.0,0.5296400452631829,0.18151805432352897,0,0.0,0.09669940792801901
MANFIZ_validation,3,1.3,0.02,2,1,0.022491565246865453,0.018663478051279995,0.9972189891745094,1.0,0.34355680605536976,0.15444101996277562,0,0.0,0.04037672377716546
MANFIZ_validation,3,1.3,0.02,2,2,0.02394484799692397,0.01988938483780307,0.997932597605434,1.0,0.3919678596747056,0.13433509018404358,0,0.0,0.025564863137757618
MANFIZ_noise,3,1.3,0.005,3,1,0.009302325844052136,0.006794104993815086,0.9994977448038477,1.0,0.47208310315078145,0.20754795714503405,0,0.0,0.08842208380683905
MANFIZ_noise,3,1.3,0.005,3,2,0.008835384476049713,0.006834112820384078,0.9997290393113737,1.0,0.5319942099700103,0.2096896792480985,0,0.0,0.138366367507688
MANFIZ_validation,3,1.3,0.005,3,1,0.009302325844052136,0.006794104993815086,0.9994977448038477,1.0,0.34486668295136774,0.15161816861528152,0,0.0,0.02798511897114514
MANFIZ_validation,3,1.3,0.005,3,2,0.008835384476049713,0.006834112820384078,0.9997290393113737,1.0,0.39419060208679063,0.15537330926750792,0,0.0,0.0695915144981246
MANFIZ_noise,3,1.3,0.01,3,1,0.013356940518969506,0.010671936725838957,0.9989657781937676,1.0,0.4720972522323843,0.2068449705535941,0,0.0,0.07720694211884158
MANFIZ_noise,3,1.3,0.01,3,2,0.013088511344494434,0.010714334921391988,0.9994055748385436,1.0,0.5320176469666348,0.2085738764016738,0,0.0,0.13200472628032878
MANFIZ_validation,3,1.3,0.01,3,1,0.013356940518969506,0.010671936725838957,0.9989657781937676,1.0,0.34488083203297143,0.15110629263151118,0,0.0,0.016769977283147663
MANFIZ_validation,3,1.3,0.01,3,2,0.013088511344494434,0.010714334921391988,0.9994055748385436,1.0,0.3942140390834154,0.15454891530834022,0,0.0,0.06412530271703351
MANFIZ_noise,3,1.3,0.02,3,1,0.023331679515321814,0.019485856012570683,0.9968549568317148,1.0,0.472141300294337,0.20546016589563254,0,0.0,0.05477672570699635
MANFIZ_noise,3,1.3,0.02,3,2,0.023341133675681087,0.01948663656058573,0.998111737696292,1.0,0.5320829810765234,0.20638496761708716,0,0.0,0.1173400868075169
MANFIZ_validation,3,1.3,0.02,3,1,0.023331679515321814,0.019485856012570683,0.9968549568317148,0.9994350282485875,0.34492488009492356,0.15009981766402183,1,0.005660239128697564,-0.005660239128697564
MANFIZ_validation,3,1.3,0.02,3,2,0.023341133675681087,0.01948663656058573,0.998111737696292,1.0,0.3942793731933032,0.15293354338067489,0,0.0,0.04971835698090288
MANFIZ_noise,3,1.3,0.005,4,1,0.009197715463937637,0.006708690287336627,0.9995637136811462,1.0,0.47146652517364773,0.2074609274635422,0,0.0,0.10155901655853558
MANFIZ_noise,3,1.3,0.005,4,2,0.009254191865548154,0.007049964410426377,0.9997070544805,1.0,0.5301719175798064,0.18013695813882025,0,0.0,0.1580893319790892
MANFIZ_validation,3,1.3,0.005,4,1,0.009197715463937637,0.006708690287336627,0.9995637136811462,1.0,0.34428770154828986,0.1514980217337639,0,0.0,0.041480425703712506
MANFIZ_validation,3,1.3,0.005,4,2,0.009254191865548154,0.007049964410426377,0.9997070544805,1.0,0.39245826504480874,0.13334587464446168,0,0.0,0.09044519272480413
MANFIZ_noise,3,1.3,0.01,4,1,0.013239553841945481,0.010600791133360288,0.9990965002782223,1.0,0.4714820873827275,0.2070729709525702,0,0.0,0.10154905091288174
MANFIZ_noise,3,1.3,0.01,4,2,0.013494208744900853,0.010891235773608758,0.9993775482624687,1.0,0.5301949439757551,0.17939958425968386,0,0.0,0.14752368375761674
MANFIZ_validation,3,1.3,0.01,4,1,0.013239553841945481,0.010600791133360288,0.9990965002782223,1.0,0.3443032637573694,0.1512165608044196,0,0.0,0.041470460058058684
MANFIZ_validation,3,1.3,0.01,4,2,0.013494208744900853,0.010891235773608758,0.9993775482624687,1.0,0.3924812914407574,0.1328020595333996,0,0.0,0.07987954450333165
MANFIZ_noise,3,1.3,0.02,4,1,0.02323285150387072,0.01936841736433355,0.9972229547712175,1.0,0.47153219311072764,0.2041645064347056,0,0.0,0.09724629757478437
MANFIZ_noise,3,1.3,0.02,4,2,0.02394985510112071,0.019838131135418602,0.9980429978819022,1.0,0.5302654326654692,0.1779511883316611,0,0.0,0.1263958081251152
MANFIZ_validation,3,1.3,0.02,4,1,0.02323285150387072,0.01936841736433355,0.9972229547712175,1.0,0.34435336948536976,0.1490984852090449,0,0.0,0.03640790708656251
MANFIZ_validation,3,1.3,0.02,4,2,0.02394985510112071,0.019838131135418602,0.9980429978819022,1.0,0.39255178013047165,0.13173601644140384,0,0.0,0.05875166887083012
MANFIZ_noise,3,1.3,0.005,5,1,0.008952048971435467,0.006504451730754328,0.9995100746260025,1.0,0.4735030129942618,0.25024783935532613,0,0.0,0.11312334232924778
MANFIZ_noise,3,1.3,0.005,5,2,0.008885772383217843,0.006960576040260802,0.9997341113474645,1.0,0.5338275677962807,0.22996213414880262,0,0.0,0.15372029020352304
MANFIZ_validation,3,1.3,0.005,5,1,0.008952048971435467,0.006504451730754328,0.9995100746260025,1.0,0.34641589400756717,0.18308189518276183,0,0.0,0.05225717281362681
MANFIZ_validation,3,1.3,0.005,5,2,0.008885772383217843,0.006960576040260802,0.9997341113474645,1.0,0.3962455685344203,0.17069458769869056,0,0.0,0.08360680965965417
MANFIZ_noise,3,1.3,0.01,5,1,0.013092575667811787,0.010475423115622051,0.998952709912847,1.0,0.47350609645009045,0.2488979425636009,0,0.0,0.10679837923286423
MANFIZ_noise,3,1.3,0.01,5,2,0.013248069761067524,0.010780524220870611,0.9994090430180395,1.0,0.5338292955637252,0.22900327954039737,0,0.0,0.14721187174928654
MANFIZ_validation,3,1.3,0.01,5,1,0.013092575667811787,0.010475423115622051,0.998952709912847,1.0,0.34641897746339784,0.18209474260636985,0,0.0,0.04550783002579217
MANFIZ_validation,3,1.3,0.01,5,2,0.013248069761067524,0.010780524220870611,0.9994090430180395,1.0,0.39624729630186617,0.16998304723295338,0,0.0,0.07709839120541769
MANFIZ_noise,3,1.3,0.02,5,1,0.023086994514643494,0.019240840060075894,0.9967504778179517,1.0,0.4735264318480755,0.2462487920693378,0,0.0,0.08850710340829293
MANFIZ_noise,3,1.3,0.02,5,2,0.023696941395359748,0.019736325321062047,0.9981107410693115,1.0,0.533850823505651,0.22613482486212974,0,0.0,0.1331187626207489
MANFIZ_validation,3,1.3,0.02,5,1,0.023086994514643494,0.019240840060075894,0.9967504778179517,1.0,0.34643931286138385,0.18015945167938968,0,0.0,0.02463303197394806
MANFIZ_validation,3,1.3,0.02,5,2,0.023696941395359748,0.019736325321062047,0.9981107410693115,1.0,0.3962688242437914,0.1678562197960968,0,0.0,0.06408264292546509
MANFIZ_noise,3,1.3,0.005,6,1,0.009154521249837295,0.006500806696502368,0.9994738936721068,1.0,0.47389389969197376,0.24328209330346093,0,0.0,0.1004469749638261
MANFIZ_noise,3,1.3,0.005,6,2,0.008785647570862953,0.0068657230228729065,0.9997456706931642,1.0,0.5354206201141513,0.21419637762973076,0,0.0,0.15560273701418417
MANFIZ_validation,3,1.3,0.005,6,1,0.009154521249837295,0.006500806696502368,0.9994738936721068,1.0,0.34679742262309005,0.17803479424999932,0,0.0,0.037766861236272625
MANFIZ_validation,3,1.3,0.005,6,2,0.008785647570862953,0.0068657230228729065,0.9997456706931642,1.0,0.39758779635360897,0.15905600675329554,0,0.0,0.08813467080013598
MANFIZ_noise,3,1.3,0.01,6,1,0.013098287972169075,0.010415350556067423,0.9989240488658336,1.0,0.473906143193279,0.24226126635932452,0,0.0,0.0932273170034576
MANFIZ_noise,3,1.3,0.01,6,2,0.013234482920516853,0.010826639146527166,0.9994229776367286,1.0,0.535429847842102,0.21322840521108694,0,0.0,0.15060363658566392
MANFIZ_validation,3,1.3,0.01,6,1,0.013098287972169075,0.010415350556067423,0.9989240488658336,1.0,0.3468096661243943,0.17728942768037503,0,0.0,0.031163479655991977
MANFIZ_validation,3,1.3,0.01,6,2,0.013234482920516853,0.010826639146527166,0.9994229776367286,1.0,0.3975970240815588,0.15833816456677288,0,0.0,0.08313557037161573
MANFIZ_noise,3,1.3,0.02,6,1,0.02292895171329434,0.01910828715477382,0.9967126779335229,1.0,0.4739447823492066,0.2388747595652573,0,0.0,0.07878832423428886
MANFIZ_noise,3,1.3,0.02,6,2,0.02384679845172884,0.01999015412387012,0.9981281202830093,1.0,0.5354649337126167,0.2109810130219964,0,0.0,0.13616662039885208
MANFIZ_validation,3,1.3,0.02,6,1,0.02292895171329434,0.01910828715477382,0.9967126779335229,1.0,0.3468483052803221,0.17481636809835557,0,0.0,0.017957369504413845
MANFIZ_validation,3,1.3,0.02,6,2,0.02384679845172884,0.01999015412387012,0.9981281202830093,1.0,0.39763210995207554,0.15667286517923115,0,0.0,0.06303987468508476
MANFIZ_noise,3,1.3,0.005,7,1,0.008625498113019298,0.006447785997807795,0.9995572197805008,1.0,0.4716480044300057,0.28296181061201786,0,0.0,0.11583337284474429
MANFIZ_noise,3,1.3,0.005,7,2,0.009140925251099925,0.007254485970718235,0.9997040926856273,1.0,0.5309378472721736,0.2065824926337648,0,0.0,0.15790192052176985
MANFIZ_validation,3,1.3,0.005,7,1,0.008625498113019298,0.006447785997807795,0.9995572197805008,1.0,0.3445500914882585,0.20671033656100748,0,0.0,0.05536277917467944
MANFIZ_validation,3,1.3,0.005,7,2,0.009140925251099925,0.007254485970718235,0.9997040926856273,1.0,0.3934427857566203,0.15308456876442889,0,0.0,0.09051725987159903
MANFIZ_noise,3,1.3,0.01,7,1,0.012639005809215828,0.01015876588308825,0.9990503495748451,1.0,0.4716524381101068,0.28313141470518,0,0.0,0.11002529356783913
MANFIZ_noise,3,1.3,0.01,7,2,0.013478470461822259,0.01099284358562871,0.9993564295811919,1.0,0.5309360103297747,0.20555896529128667,0,0.0,0.15069037432876675
MANFIZ_validation,3,1.3,0.01,7,1,0.012639005809215828,0.01015876588308825,0.9990503495748451,1.0,0.3445545251683589,0.2068349536045758,0,0.0,0.049649727892213946
MANFIZ_validation,3,1.3,0.01,7,2,0.013478470461822259,0.01099284358562871,0.9993564295811919,1.0,0.3934409488142231,0.15232591643433746,0,0.0,0.08330571367859593
MANFIZ_noise,3,1.3,0.02,7,1,0.022378390562144,0.018548991411649767,0.9970320246989858,1.0,0.4716778522910611,0.2805452288803885,0,0.0,0.09193933329210319
MANFIZ_noise,3,1.3,0.02,7,2,0.023853402367418765,0.019786254218775147,0.9979841525911982,1.0,0.5309537378117529,0.20355022273759882,0,0.0,0.13467609173886186
MANFIZ_validation,3,1.3,0.02,7,1,0.022378390562144,0.018548991411649767,0.9970320246989858,1.0,0.3445799393493146,0.20494975009488245,0,0.0,0.031563767616478014
MANFIZ_validation,3,1.3,0.02,7,2,0.023853402367418765,0.019786254218775147,0.9979841525911982,1.0,0.3934586762961998,0.15083913247923547,0,0.0,0.06634192434035202
MANFIZ_noise,3,1.3,0.005,8,1,0.008608115385785578,0.0064636370418284786,0.9995357562898411,1.0,0.4735214815062925,0.25110408931420364,0,0.0,0.11825773749130594
MANFIZ_noise,3,1.3,0.005,8,2,0.008560649758699277,0.006685731903877589,0.9997528922384822,1.0,0.533998593979936,0.23416645079225903,0,0.0,0.1460379300443126
MANFIZ_validation,3,1.3,0.005,8,1,0.008608115385785578,0.0064636370418284786,0.9995357562898411,1.0,0.34641607279633985,0.1837012593528386,0,0.0,0.05284589973889693
MANFIZ_validation,3,1.3,0.005,8,2,0.008560649758699277,0.006685731903877589,0.9997528922384822,1.0,0.39650558700495603,0.17387369007143944,0,0.0,0.07455067742823857
MANFIZ_noise,3,1.3,0.01,8,1,0.012633796274459461,0.010338828614512473,0.9990008742676103,1.0,0.47352694864086875,0.25030910451355354,0,0.0,0.11346334571080213
MANFIZ_noise,3,1.3,0.01,8,2,0.01290746481889075,0.010500417457189586,0.9994378576952944,1.0,0.5339937003282966,0.2336127765650591,0,0.0,0.13367360691285152
MANFIZ_validation,3,1.3,0.01,8,1,0.012633796274459461,0.010338828614512473,0.9990008742676103,1.0,0.34642153993091607,0.18312044476707937,0,0.0,0.04805150795839311
MANFIZ_validation,3,1.3,0.01,8,2,0.01290746481889075,0.010500417457189586,0.9994378576952944,1.0,0.3965006933533185,0.17346202366674518,0,0.0,0.062186354296777505
MANFIZ_noise,3,1.3,0.02,8,1,0.022382733146684985,0.01885431497029282,0.9968721791388587,1.0,0.4735553374719519,0.2482318602084201,0,0.0,0.10387456214979393
MANFIZ_noise,3,1.3,0.02,8,2,0.023256029010746186,0.019314255184966052,0.9981735833324061,1.0,0.5340063266140954,0.23218996196666866,0,0.0,0.10894602662839756
MANFIZ_validation,3,1.3,0.02,8,1,0.022382733146684985,0.01885431497029282,0.9968721791388587,1.0,0.34644992876199854,0.18160477452280685,0,0.0,0.03846272439738492
MANFIZ_validation,3,1.3,0.02,8,2,0.023256029010746186,0.019314255184966052,0.9981735833324061,1.0,0.3965133196391175,0.17240696976389358,0,0.0,0.03745877401232353
MANFIZ_noise,3,1.3,0.005,9,1,0.009641048967690797,0.006973947186643202,0.9994737342472213,1.0,0.47294932952121527,0.2365926412968729,0,0.0,0.11080722254021463
MANFIZ_noise,3,1.3,0.005,9,2,0.009029290748619394,0.007078151672803519,0.9997255202697835,1.0,0.533194685256541,0.20923067814663301,0,0.0,0.1616535266488564
MANFIZ_validation,3,1.3,0.005,9,1,0.009641048967690797,0.006973947186643202,0.9994737342472213,1.0,0.345760978346,0.17296673875631635,0,0.0,0.050871861358834286
MANFIZ_validation,3,1.3,0.005,9,2,0.009029290748619394,0.007078151672803519,0.9997255202697835,1.0,0.39525524470501655,0.1551019265146163,0,0.0,0.09370194169885387
MANFIZ_noise,3,1.3,0.01,9,1,0.013566457095829362,0.010828799298086797,0.9989593478100237,1.0,0.4729869561383145,0.23526803026888177,0,0.0,0.09872982594412505
MANFIZ_noise,3,1.3,0.01,9,2,0.013425110617814975,0.010977440511011956,0.999393920305184,1.0,0.5332452576218842,0.20851366156476436,0,0.0,0.15307869017254583
MANFIZ_validation,3,1.3,0.01,9,1,0.013566457095829362,0.010828799298086797,0.9989593478100237,1.0,0.3457986049630965,0.1720033831875996,0,0.0,0.0387944647627447
MANFIZ_validation,3,1.3,0.01,9,2,0.013425110617814975,0.010977440511011956,0.999393920305184,1.0,0.3953058170703598,0.15457552069528033,0,0.0,0.08656389130559171
MANFIZ_noise,3,1.3,0.02,9,1,0.02342251726698633,0.01960631767718402,0.9969089527326229,1.0,0.4730789896440203,0.23267167978191422,0,0.0,0.07457514777600144
MANFIZ_noise,3,1.3,0.02,9,2,0.02397898080238938,0.02003949734778309,0.998071940753396,1.0,0.5333663140242888,0.20690995208839685,0,0.0,0.13176942918495713
MANFIZ_validation,3,1.3,0.02,9,1,0.02342251726698633,0.01960631767718402,0.9969089527326229,1.0,0.34589063846880397,0.17011737497354038,0,0.0,0.014639786594621118
MANFIZ_validation,3,1.3,0.02,9,2,0.02397898080238938,0.02003949734778309,0.998071940753396,1.0,0.39542687347276434,0.15339880546147194,0,0.0,0.06338799440518883
MANFIZ_noise,3,1.3,0.005,10,1,0.009149487514693634,0.0066523293567722335,0.9995454418738204,1.0,0.4720514732076337,0.22554739476961036,0,0.0,0.09920215221429887
MANFIZ_noise,3,1.3,0.005,10,2,0.009346280735952695,0.007237454407506155,0.9996996073918187,1.0,0.5312212408742225,0.19042313516875367,0,0.0,0.14567300891539453
MANFIZ_validation,3,1.3,0.005,10,1,0.009149487514693634,0.0066523293567722335,0.9995454418738204,1.0,0.3448505583839344,0.16477047407524967,0,0.0,0.03926918145523303
MANFIZ_validation,3,1.3,0.005,10,2,0.009346280735952695,0.007237454407506155,0.9996996073918187,1.0,0.3935507541588398,0.14107336583835425,0,0.0,0.07746372925357181
MANFIZ_noise,3,1.3,0.01,10,1,0.013135525754258212,0.010601727480373403,0.999064001093909,1.0,0.4720721254605398,0.22455664465472008,0,0.0,0.09804345298207279
MANFIZ_noise,3,1.3,0.01,10,2,0.013615558199837617,0.011044621624125834,0.99936270631754,1.0,0.5312429788175561,0.18943950408276444,0,0.0,0.1402664518168032
MANFIZ_validation,3,1.3,0.01,10,1,0.013135525754258212,0.010601727480373403,0.999064001093909,1.0,0.34487121063684045,0.16404934272081592,0,0.0,0.03811048222300696
MANFIZ_validation,3,1.3,0.01,10,2,0.013615558199837617,0.011044621624125834,0.99936270631754,1.0,0.3935724921021732,0.14034665999803983,0,0.0,0.07205717215498046
MANFIZ_noise,3,1.3,0.02,10,1,0.022988549642995907,0.01930363774871948,0.99714090546257,1.0,0.47212902098030624,0.22260863467682812,0,0.0,0.09019438351072517
MANFIZ_noise,3,1.3,0.02,10,2,0.02403756348200467,0.019914012904183077,0.9980160483573648,1.0,0.5313078651356129,0.18751020742550195,0,0.0,0.12945444957986307
MANFIZ_validation,3,1.3,0.02,10,1,0.022988549642995907,0.01930363774871948,0.99714090546257,1.0,0.3449281061566084,0.16263345687531774,0,0.0,0.03014742964687238
MANFIZ_validation,3,1.3,0.02,10,2,0.02403756348200467,0.019914012904183077,0.9980160483573648,1.0,0.39363737842023055,0.1389232708971256,0,0.0,0.06124516991804031
MANFIZ_noise,3,1.3,0.005,11,1,0.00932093067194695,0.006623417647390408,0.9995075289542878,1.0,0.4720420726089943,0.23566765455233749,0,0.0,0.09452753407062667
MANFIZ_noise,3,1.3,0.005,11,2,0.009487268278840628,0.007339910673519924,0.9996865981380002,1.0,0.5317562761611438,0.1840427204422809,0,0.0,0.15053199996204503
MANFIZ_validation,3,1.3,0.005,11,1,0.00932093067194695,0.006623417647390408,0.9995075289542878,1.0,0.3448946196574995,0.17218911363803444,0,0.0,0.023930522418513303
MANFIZ_validation,3,1.3,0.005,11,2,0.009487268278840628,0.007339910673519924,0.9996865981380002,1.0,0.39385078706871995,0.13631314485603682,0,0.0,0.08285172228979797
MANFIZ_noise,3,1.3,0.01,11,1,0.013372012795425612,0.010581765808739403,0.9989869670127691,1.0,0.47206283458088016,0.23388850051990995,0,0.0,0.0858292837933203
MANFIZ_noise,3,1.3,0.01,11,2,0.0136592911347977,0.011136756086251616,0.9993507227873434,1.0,0.5317850233294737,0.18421655773376625,0,0.0,0.14316075886742635
MANFIZ_validation,3,1.3,0.01,11,1,0.013372012795425612,0.010581765808739403,0.9989869670127691,1.0,0.34491538162938645,0.1708919565489071,0,0.0,0.013358331966786097
MANFIZ_validation,3,1.3,0.01,11,2,0.0136592911347977,0.011136756086251616,0.9993507227873434,1.0,0.39387953423704974,0.13644448184087643,0,0.0,0.07548048119517932
MANFIZ_noise,3,1.3,0.02,11,1,0.023361524006223405,0.019367529304183177,0.9969140430709844,1.0,0.47211961103402117,0.23041747935677045,0,0.0,0.06469146403014527
MANFIZ_noise,3,1.3,0.02,11,2,0.02392100451526019,0.019813066322959,0.9980120166542479,1.0,0.5318610570527901,0.18376391117613788,0,0.0,0.12841827744517925
MANFIZ_validation,3,1.3,0.02,11,1,0.023361524006223405,0.019367529304183177,0.9969140430709844,0.9994350282485875,0.34497215808252685,0.16836329874022807,1,0.007779487796388929,-0.007779487796388929
MANFIZ_validation,3,1.3,0.02,11,2,0.02392100451526019,0.019813066322959,0.9980120166542479,1.0,0.3939555679603644,0.13611603075279824,0,0.0,0.060737999772932205
MANFIZ_noise,3,1.3,0.005,12,1,0.008413102991007558,0.00635912643870723,0.9995663455340238,1.0,0.4718797369909179,0.26069444047001367,0,0.0,0.11323054500475538
MANFIZ_noise,3,1.3,0.005,12,2,0.008678194260229791,0.0068870816326464055,0.99974592667378,1.0,0.5326081951692637,0.20216855240569717,0,0.0,0.15759825257951443
MANFIZ_validation,3,1.3,0.005,12,1,0.008413102991007558,0.00635912643870723,0.9995663455340238,1.0,0.3447803762378748,0.1904771920098436,0,0.0,0.04976660012959602
MANFIZ_validation,3,1.3,0.005,12,2,0.008678194260229791,0.0068870816326464055,0.99974592667378,1.0,0.3946674887732634,0.14980872545816767,0,0.0,0.08659501738631617
MANFIZ_noise,3,1.3,0.01,12,1,0.012603252945503634,0.010270745817780319,0.9990266666531736,1.0,0.4718883754488999,0.25920472354468416,0,0.0,0.10622163241982499
MANFIZ_noise,3,1.3,0.01,12,2,0.012979453132474552,0.010609666041773788,0.9994319835321342,1.0,0.5326364162926972,0.20170909242527046,0,0.0,0.14896079381949284
MANFIZ_validation,3,1.3,0.01,12,1,0.012603252945503634,0.010270745817780319,0.9990266666531736,1.0,0.3447890146958556,0.18939000383399177,0,0.0,0.04275768754466562
MANFIZ_validation,3,1.3,0.01,12,2,0.012979453132474552,0.010609666041773788,0.9994319835321342,1.0,0.3946957098966962,0.14947102937787246,0,0.0,0.07795755862629458
MANFIZ_noise,3,1.3,0.02,12,1,0.022650740894339785,0.019064547428572606,0.9968581338375395,1.0,0.4719230973582658,0.2553685667430304,0,0.0,0.09220393665326856
MANFIZ_noise,3,1.3,0.02,12,2,0.023250549206966065,0.019304350184686066,0.9981803060342417,1.0,0.5327138029669148,0.20018993263368573,0,0.0,0.12778420497251045
MANFIZ_validation,3,1.3,0.02,12,1,0.022650740894339785,0.019064547428572606,0.9968581338375395,1.0,0.34482373660522203,0.1865921458152369,0,0.0,0.02873999177810921
MANFIZ_validation,3,1.3,0.02,12,2,0.023250549206966065,0.019304350184686066,0.9981803060342417,1.0,0.3947730965709137,0.1483528287946971,0,0.0,0.059359741774616254
MANFIZ_noise,3,1.3,0.005,13,1,0.009004346047521785,0.006542744586846259,0.999518023445951,1.0,0.47161615005978197,0.2344678486413952,0,0.0,0.08164732400549804
MANFIZ_noise,3,1.3,0.005,13,2,0.009260808488778772,0.00723209716309366,0.9997032116915402,1.0,0.5313113289602435,0.20868789808692384,0,0.0,0.14113809107797115
MANFIZ_validation,3,1.3,0.005,13,1,0.009004346047521785,0.006542744586846259,0.999518023445951,1.0,0.3444855261552497,0.1712638131571236,0,0.0,0.02122120620049192
MANFIZ_validation,3,1.3,0.005,13,2,0.009260808488778772,0.00723209716309366,0.9997032116915402,1.0,0.39371099905467083,0.15464138701354535,0,0.0,0.07390913608579153
MANFIZ_noise,3,1.3,0.01,13,1,0.012954415024358148,0.010240258428292643,0.9990022655254769,1.0,0.4716254008073658,0.23406742624167914,0,0.0,0.07260652666458789
MANFIZ_noise,3,1.3,0.01,13,2,0.013369422331336079,0.010898810519482034,0.9993817025674671,1.0,0.5313218263917105,0.20822420814902765,0,0.0,0.13086814419907838
MANFIZ_validation,3,1.3,0.01,13,1,0.012954415024358148,0.010240258428292643,0.9990022655254769,1.0,0.3444947769028334,0.1709725677313187,0,0.0,0.01218040885958177
MANFIZ_validation,3,1.3,0.01,13,2,0.013369422331336079,0.010898810519482034,0.9993817025674671,1.0,0.3937214964861364,0.15429885008457273,0,0.0,0.06363918920689876
MANFIZ_noise,3,1.3,0.02,13,1,0.022740897548906406,0.018873626184432318,0.996927290956202,1.0,0.4716615079022252,0.23225498949660733,0,0.0,0.05452504793017282
MANFIZ_noise,3,1.3,0.02,13,2,0.023529774464698856,0.01959455686628834,0.9980873912021779,1.0,0.531364516552416,0.20717006537489152,0,0.0,0.10930766382390206
MANFIZ_validation,3,1.3,0.02,13,1,0.022740897548906406,0.018873626184432318,0.996927290956202,0.9988700564971752,0.3445308839976931,0.16965348137064618,2,0.005901069874833298,-0.005901069874833298
MANFIZ_validation,3,1.3,0.02,13,2,0.023529774464698856,0.01959455686628834,0.9980873912021779,1.0,0.39376418664684254,0.1535220168994298,0,0.0,0.0424312633453216
MANFIZ_noise,3,1.3,0.005,14,1,0.00895138550378296,0.006557474133411354,0.9995026223318596,1.0,0.4718223923415547,0.24061306998809395,0,0.0,0.10737999918871705
MANFIZ_noise,3,1.3,0.005,14,2,0.008788779858157512,0.006960834903881419,0.9997310345629336,1.0,0.5314389722912214,0.1975810622657675,0,0.0,0.14909577094026008
MANFIZ_validation,3,1.3,0.005,14,1,0.00895138550378296,0.006557474133411354,0.9995026223318596,1.0,0.3447467002935855,0.17580887060963524,0,0.0,0.04676278696569794
MANFIZ_validation,3,1.3,0.005,14,2,0.008788779858157512,0.006960834903881419,0.9997310345629336,1.0,0.3939810418674156,0.1464762594077891,0,0.0,0.08155981304514626
MANFIZ_noise,3,1.3,0.01,14,1,0.012955560481529823,0.01049133391214843,0.9989582704586796,1.0,0.47180951352435274,0.23887987547995168,0,0.0,0.10371619814656258
MANFIZ_noise,3,1.3,0.01,14,2,0.013095389258010213,0.010752389082682327,0.9994022498834464,1.0,0.5314142270268932,0.1977128584023152,0,0.0,0.13737358538790223
MANFIZ_validation,3,1.3,0.01,14,1,0.012955560481529823,0.01049133391214843,0.9989582704586796,1.0,0.3447338214763842,0.17454072032770912,0,0.0,0.043166784852435525
MANFIZ_validation,3,1.3,0.01,14,2,0.013095389258010213,0.010752389082682327,0.9994022498834464,1.0,0.3939562966030873,0.1465715848872915,0,0.0,0.0698376274927884
MANFIZ_noise,3,1.3,0.02,14,1,0.022844351254682753,0.019327815660696624,0.9967650723419305,1.0,0.47180001674083955,0.2354951729520216,0,0.0,0.08661934342146349
MANFIZ_noise,3,1.3,0.02,14,2,0.023417348142436213,0.019534843207330208,0.9980856478837624,1.0,0.5313842871955987,0.19742277529214708,0,0.0,0.1139429163848801
MANFIZ_validation,3,1.3,0.02,14,1,0.022844351254682753,0.019327815660696624,0.9967650723419305,1.0,0.3447243246928701,0.17206636622251137,0,0.0,0.026069930127336452
MANFIZ_validation,3,1.3,0.02,14,2,0.023417348142436213,0.019534843207330208,0.9980856478837624,1.0,0.3939263567717937,0.1463536587147625,0,0.0,0.04640695848976628
MANFIZ_noise,3,1.3,0.005,15,1,0.009355844372396602,0.00672354690591822,0.9994424211427027,1.0,0.4730926423826165,0.2514518578632057,0,0.0,0.09511941924801473
MANFIZ_noise,3,1.3,0.005,15,2,0.00889104863461294,0.0069979912832323354,0.9997308727065211,1.0,0.5342696471667273,0.22963062191767594,0,0.0,0.15762337830138856
MANFIZ_validation,3,1.3,0.005,15,1,0.009355844372396602,0.00672354690591822,0.9994424211427027,1.0,0.34596704592643895,0.18388376538583137,0,0.0,0.030400124629384837
MANFIZ_validation,3,1.3,0.005,15,2,0.00889104863461294,0.0069979912832323354,0.9997308727065211,1.0,0.3964983503515366,0.17041612463554923,0,0.0,0.08936766821230722
MANFIZ_noise,3,1.3,0.01,15,1,0.013295500109110958,0.010583357554066232,0.9988745814672932,1.0,0.4731055346078102,0.25021839467002055,0,0.0,0.08960049425917824
MANFIZ_noise,3,1.3,0.01,15,2,0.013281830955720612,0.010835641457828544,0.9993994543015369,1.0,0.5342834614924469,0.22823867528350444,0,0.0,0.1459785667493837
MANFIZ_validation,3,1.3,0.01,15,1,0.013295500109110958,0.010583357554066232,0.9988745814672932,1.0,0.3459799381516331,0.18298358057488998,0,0.0,0.02488119964054837
MANFIZ_validation,3,1.3,0.01,15,2,0.013281830955720612,0.010835641457828544,0.9993994543015369,1.0,0.3965121646772555,0.16938463890859354,0,0.0,0.07858534669543378
MANFIZ_noise,3,1.3,0.02,15,1,0.02310479657192539,0.01921986150599173,0.9966081532158816,1.0,0.4731445804856874,0.24779456115148463,0,0.0,0.07856380899610732
MANFIZ_noise,3,1.3,0.02,15,2,0.0237550401690497,0.019787893869635843,0.9980801106383838,1.0,0.5343275016512516,0.22551193675938444,0,0.0,0.11736089085078188
MANFIZ_validation,3,1.3,0.02,15,1,0.02310479657192539,0.01921986150599173,0.9966081532158816,1.0,0.34601898402951003,0.181216536834598,0,0.0,0.01384451437747744
MANFIZ_validation,3,1.3,0.02,15,2,0.0237550401690497,0.019787893869635843,0.9980801106383838,1.0,0.3965562048360624,0.16736581499205735,0,0.0,0.04996767079683195
MANFIZ_noise,3,1.3,0.005,16,1,0.008724501089060555,0.006430050098159859,0.9995388085129903,1.0,0.47150092740002947,0.23686520836445427,0,0.0,0.10631282214942897
MANFIZ_noise,3,1.3,0.005,16,2,0.0088752542309009,0.006980689264729299,0.9997289021258816,1.0,0.5315622707104449,0.21483794698714795,0,0.0,0.15521989571347627
MANFIZ_validation,3,1.3,0.005,16,1,0.008724501089060555,0.006430050098159859,0.9995388085129903,1.0,0.344392309831921,0.17301038340958427,0,0.0,0.04607817365305797
MANFIZ_validation,3,1.3,0.005,16,2,0.0088752542309009,0.006980689264729299,0.9997289021258816,1.0,0.39405547069718727,0.1592627486719299,0,0.0,0.08784436921067504
MANFIZ_noise,3,1.3,0.01,16,1,0.012857958814336878,0.010417208236574165,0.9989999726259291,1.0,0.47152173151835947,0.2369863789491258,0,0.0,0.10473663019423826
MANFIZ_noise,3,1.3,0.01,16,2,0.013229304731346665,0.010844513046997626,0.9993978876282171,1.0,0.5315866579968197,0.21407117009164744,0,0.0,0.14866086012227067
MANFIZ_validation,3,1.3,0.01,16,1,0.012857958814336878,0.010417208236574165,0.9989999726259291,1.0,0.344413113950251,0.173101707263485,0,0.0,0.04450198169786726
MANFIZ_validation,3,1.3,0.01,16,2,0.013229304731346665,0.010844513046997626,0.9993978876282171,1.0,0.3940798579835623,0.15869686539159933,0,0.0,0.08128533361946946
MANFIZ_noise,3,1.3,0.02,16,1,0.022897278096536213,0.019298256741809624,0.996842225363043,1.0,0.47158204837850815,0.2349062309032144,0,0.0,0.10158587756877502
MANFIZ_noise,3,1.3,0.02,16,2,0.023665247106453315,0.019780306274290338,0.9980756925790056,1.0,0.5316611423752817,0.21248613136555286,0,0.0,0.13435662878779525
MANFIZ_validation,3,1.3,0.02,16,1,0.022897278096536213,0.019298256741809624,0.996842225363043,1.0,0.34447343081039905,0.17159040628497735,0,0.0,0.041351229072404
MANFIZ_validation,3,1.3,0.02,16,2,0.023665247106453315,0.019780306274290338,0.9980756925790056,1.0,0.39415434236202357,0.15752953280592036,0,0.0,0.06757359899138332
MANFIZ_noise,3,1.3,0.005,17,1,0.00869740646946428,0.006533012903974412,0.9995521708859175,1.0,0.4729096624439947,0.22689783071228542,0,0.0,0.11297501410163269
MANFIZ_noise,3,1.3,0.005,17,2,0.008712321909456533,0.006796885309737856,0.9997399110881997,1.0,0.5327147676891923,0.23730565134066597,0,0.0,0.15266692262024537
MANFIZ_validation,3,1.3,0.005,17,1,0.00869740646946428,0.006533012903974412,0.9995521708859175,1.0,0.34579856640772294,0.165911062539608,0,0.0,0.05210367086352609
MANFIZ_validation,3,1.3,0.005,17,2,0.008712321909456533,0.006796885309737856,0.9997399110881997,1.0,0.39525427583967154,0.17607184756710365,0,0.0,0.08583952306940465
MANFIZ_noise,3,1.3,0.01,17,1,0.012867675661396193,0.010381350706660365,0.9990196669570858,1.0,0.4729130034837029,0.22667913824650418,0,0.0,0.11093905435623094
MANFIZ_noise,3,1.3,0.01,17,2,0.013044152210957533,0.010545665202368578,0.9994170301419727,1.0,0.5327154749573868,0.23610078619764732,0,0.0,0.14661026212482506
MANFIZ_validation,3,1.3,0.01,17,1,0.012867675661396193,0.010381350706660365,0.9990196669570858,1.0,0.34580190744743056,0.16575158180627658,0,0.0,0.05001848330125637
MANFIZ_validation,3,1.3,0.01,17,2,0.013044152210957533,0.010545665202368578,0.9994170301419727,1.0,0.395254983107866,0.17517796393613283,0,0.0,0.07978286257398434
MANFIZ_noise,3,1.3,0.02,17,1,0.022910228716631623,0.019099588685089756,0.9968944692857303,1.0,0.47293470175165286,0.2260520966805844,0,0.0,0.09928175105454998
MANFIZ_noise,3,1.3,0.02,17,2,0.023334464711530337,0.019292908201637336,0.9981357223907116,1.0,0.5327359841480637,0.23373577856390512,0,0.0,0.1305507777629904
MANFIZ_validation,3,1.3,0.02,17,1,0.022910228716631623,0.019099588685089756,0.9968944692857303,1.0,0.34582360571538,0.1652958661397872,0,0.0,0.03836117999957539
MANFIZ_validation,3,1.3,0.02,17,2,0.023334464711530337,0.019292908201637336,0.9981357223907116,1.0,0.39527549229854175,0.17342553851956904,0,0.0,0.06207653768894961
MANFIZ_noise,3,1.3,0.005,18,1,0.008744770563021979,0.006349125245970899,0.9995439117006178,1.0,0.4731531228325572,0.22706265021149968,0,0.0,0.11684501706529521
MANFIZ_noise,3,1.3,0.005,18,2,0.008843076023367128,0.00696417551063171,0.9997285137341528,1.0,0.533601916217482,0.22290792469814455,0,0.0,0.15691464424800317
MANFIZ_validation,3,1.3,0.005,18,1,0.008744770563021979,0.006349125245970899,0.9995439117006178,1.0,0.3459845980474742,0.166035424842417,0,0.0,0.05619118768958828
MANFIZ_validation,3,1.3,0.005,18,2,0.008843076023367128,0.00696417551063171,0.9997285137341528,1.0,0.39575046766806915,0.16532158668308639,0,0.0,0.08888453146711332
MANFIZ_noise,3,1.3,0.01,18,1,0.012687342177326533,0.010093830032118776,0.9990404680388728,1.0,0.47315228163908635,0.22700189518321068,0,0.0,0.11001788987076397
MANFIZ_noise,3,1.3,0.01,18,2,0.013193321349111203,0.010671318550756021,0.9993957095411344,1.0,0.5335962374703461,0.22178834513570184,0,0.0,0.1468419325689653
MANFIZ_validation,3,1.3,0.01,18,1,0.012687342177326533,0.010093830032118776,0.9990404680388728,1.0,0.3459837568540034,0.16599089036703474,0,0.0,0.049364060495057024
MANFIZ_validation,3,1.3,0.01,18,2,0.013193321349111203,0.010671318550756021,0.9993957095411344,1.0,0.39574478892093323,0.1644906310564628,0,0.0,0.07881181978807544
MANFIZ_noise,3,1.3,0.02,18,1,0.022269577793082952,0.018458627497498322,0.9970494228333463,1.0,0.47316963849916416,0.22565243265087717,0,0.0,0.09636596613362772
MANFIZ_noise,3,1.3,0.02,18,2,0.023553773247465274,0.019455921087005588,0.998075027692273,1.0,0.5336090623032236,0.21927190366124227,0,0.0,0.12233258023797686
MANFIZ_validation,3,1.3,0.02,18,1,0.022269577793082952,0.018458627497498322,0.9970494228333463,1.0,0.346001113714081,0.16500634583643742,0,0.0,0.03571213675792079
MANFIZ_validation,3,1.3,0.02,18,2,0.023553773247465274,0.019455921087005588,0.998075027692273,1.0,0.3957576137538104,0.16262565890778802,0,0.0,0.05350663071327638
MANFIZ_noise,3,1.3,0.005,19,1,0.008841702195985209,0.006604744877879228,0.9995156318777705,1.0,0.4730757521157297,0.2734161730685091,0,0.0,0.09999350508843344
MANFIZ_noise,3,1.3,0.005,19,2,0.009116687505112514,0.007129058513810309,0.999726461206711,1.0,0.5334229568639226,0.20447950215449562,0,0.0,0.15542480073808712
MANFIZ_validation,3,1.3,0.005,19,1,0.008841702195985209,0.006604744877879228,0.9995156318777705,1.0,0.34606085074491105,0.20000736253410703,0,0.0,0.03898401347832903
MANFIZ_validation,3,1.3,0.005,19,2,0.009116687505112514,0.007129058513810309,0.999726461206711,1.0,0.395911147244717,0.1517664608249452,0,0.0,0.08717233017823332
MANFIZ_noise,3,1.3,0.01,19,1,0.012956013524573526,0.010450616842952952,0.9989595909129604,1.0,0.473079810823935,0.2719788984784376,0,0.0,0.0921908791255264
MANFIZ_noise,3,1.3,0.01,19,2,0.013438619826799178,0.010890155434805615,0.9994058807189886,1.0,0.5334284900926548,0.20386384352228104,0,0.0,0.14482067177320193
MANFIZ_validation,3,1.3,0.01,19,1,0.012956013524573526,0.010450616842952952,0.9989595909129604,1.0,0.34606490945311524,0.19895660461851292,0,0.0,0.031155813087146225
MANFIZ_validation,3,1.3,0.01,19,2,0.013438619826799178,0.010890155434805615,0.9994058807189886,1.0,0.3959166804734499,0.15131005878947473,0,0.0,0.07656820121334815
MANFIZ_noise,3,1.3,0.02,19,1,0.022963281313459587,0.019092111087620774,0.9967324160547554,1.0,0.47310293812457993,0.268433515154125,0,0.0,0.07267712627926404
MANFIZ_noise,3,1.3,0.02,19,2,0.023855862678375597,0.019742910859037975,0.9981302942403254,1.0,0.5334593492617273,0.20265113827037795,0,0.0,0.12361266959336781
MANFIZ_validation,3,1.3,0.02,19,1,0.022963281313459587,0.019092111087620774,0.9967324160547554,1.0,0.3460880367537621,0.19636662715913852,0,0.0,0.01164206024088385
MANFIZ_validation,3,1.3,0.02,19,2,0.023855862678375597,0.019742910859037975,0.9981302942403254,1.0,0.39594753964252266,0.15041299719455403,0,0.0,0.05536019903351404
MANFIZ_noise,3,1.3,0.005,20,1,0.008938675484900873,0.006401787963892471,0.9994944895857267,1.0,0.47245906848236785,0.22063601598601287,0,0.0,0.08251000848800594
MANFIZ_noise,3,1.3,0.005,20,2,0.009018839747418359,0.006883688945996356,0.9997182818541184,1.0,0.532627555029738,0.22387621099767185,0,0.0,0.13522123873780884
MANFIZ_validation,3,1.3,0.005,20,1,0.008938675484900873,0.006401787963892471,0.9994944895857267,1.0,0.3452924555852501,0.16124984539946463,0,0.0,0.022167470339908596
MANFIZ_validation,3,1.3,0.005,20,2,0.009018839747418359,0.006883688945996356,0.9997182818541184,1.0,0.39504624448597997,0.16604746703246173,0,0.0,0.06537447039359083
MANFIZ_noise,3,1.3,0.01,20,1,0.013009983740166604,0.01039785739270776,0.998929156881437,1.0,0.47247358712768117,0.22088123502345186,0,0.0,0.07565735017289502
MANFIZ_noise,3,1.3,0.01,20,2,0.0132635918469176,0.010715733536703582,0.9993911182316573,1.0,0.5326537033683596,0.22335231763236002,0,0.0,0.12745485838719894
MANFIZ_validation,3,1.3,0.01,20,1,0.013009983740166604,0.01039785739270776,0.998929156881437,1.0,0.345306974230563,0.16143088843111633,0,0.0,0.015314812024797689
MANFIZ_validation,3,1.3,0.01,20,2,0.0132635918469176,0.010715733536703582,0.9993911182316573,1.0,0.39507239282460277,0.16566173108706259,0,0.0,0.05760809004298097
MANFIZ_noise,3,1.3,0.02,20,1,0.023034264325251845,0.019337286351125277,0.9966466573084879,1.0,0.47251749521048825,0.22073294503701676,0,0.0,0.06195219598193119
MANFIZ_noise,3,1.3,0.02,20,2,0.023589145546282653,0.019521394124073384,0.9980777866218239,1.0,0.5327249841734455,0.2216544979479114,0,0.0,0.11192209768597877
MANFIZ_validation,3,1.3,0.02,20,1,0.023034264325251845,0.019337286351125277,0.9966466573084879,1.0,0.34535088231337063,0.16132803144189367,0,0.0,0.0016096578338338496
MANFIZ_validation,3,1.3,0.02,20,2,0.023589145546282653,0.019521394124073384,0.9980777866218239,1.0,0.3951436736296876,0.16441010877606138,0,0.0,0.04207532934176078
